frame,stamp_s,wall_s
0,15.776,1790276319.284
1,15.840,1790276319.393
2,15.908,1790276319.561
3,15.972,1790276319.655
4,16.040,1790276319.773
5,16.236,1790276320.168
6,16.368,1790276320.438
7,16.568,1790276320.801
8,16.632,1790276320.917
9,16.700,1790276321.007
10,16.764,1790276321.180
11,16.832,1790276321.297
12,16.896,1790276321.390
13,17.096,1790276321.917
14,17.160,1790276322.093
15,17.292,1790276322.318
16,17.360,1790276322.506
17,17.424,1790276322.629
18,17.624,1790276323.035
19,17.688,1790276323.138
20,17.756,1790276323.319
21,17.888,1790276323.548
22,18.020,1790276323.830
23,18.084,1790276323.919
24,18.216,1790276324.201
25,18.284,1790276324.289
26,18.348,1790276324.410
27,18.416,1790276324.590
28,18.480,1790276324.678
29,18.548,1790276324.791
30,18.680,1790276325.037
31,18.812,1790276325.323
32,18.876,1790276325.410
33,19.008,1790276325.687
34,19.076,1790276325.789
35,19.140,1790276325.899
36,19.208,1790276326.064
37,19.340,1790276326.277
38,19.404,1790276326.447
39,19.536,1790276326.673
40,19.604,1790276326.848
41,19.668,1790276326.960
42,19.800,1790276327.182
43,19.868,1790276327.348
44,19.932,1790276327.465
45,20.000,1790276327.553
46,20.064,1790276327.720
47,20.196,1790276327.937
48,20.328,1790276328.227
49,20.396,1790276328.312
50,20.460,1790276328.477
51,20.528,1790276328.588
52,20.924,1790276329.313
53,21.056,1790276329.570
54,21.252,1790276329.906
55,21.320,1790276330.072
56,21.384,1790276330.175
57,21.452,1790276330.294
58,21.716,1790276330.865
59,21.780,1790276330.959
60,21.848,1790276331.083
61,21.912,1790276331.247
62,21.980,1790276331.347
63,22.044,1790276331.466
64,22.176,1790276331.759
65,22.440,1790276332.273
66,22.508,1790276332.455
67,22.704,1790276332.857
68,22.772,1790276332.954
69,22.836,1790276333.072
70,22.968,1790276333.339
71,23.036,1790276333.455
72,23.100,1790276333.559
73,23.168,1790276333.751
74,23.232,1790276333.867
75,23.300,1790276333.966
76,23.364,1790276334.131
77,23.432,1790276334.238
78,23.496,1790276334.317
79,23.696,1790276334.671
80,23.828,1790276334.945
81,23.892,1790276335.029
82,23.960,1790276335.202
83,24.024,1790276335.315
84,24.092,1790276335.396
85,24.156,1790276335.569
86,24.224,1790276335.701
87,24.288,1790276335.791
88,24.552,1790276336.316
89,24.684,1790276336.571
90,24.752,1790276336.689
91,24.816,1790276336.858
92,24.884,1790276336.953
93,25.016,1790276337.260
94,25.080,1790276337.357
95,25.212,1790276337.658
96,25.280,1790276337.750
97,25.344,1790276337.865
98,25.412,1790276338.063
99,25.476,1790276338.161
100,25.544,1790276338.295
101,25.608,1790276338.484
102,25.676,1790276338.595
103,25.740,1790276338.709
104,25.808,1790276338.877
105,25.872,1790276338.985
106,26.004,1790276339.284
107,26.072,1790276339.381
108,26.204,1790276339.679
109,26.336,1790276339.916
110,26.532,1790276340.290
111,26.600,1790276340.389
112,26.664,1790276340.554
113,26.864,1790276340.942
114,26.996,1790276341.154
115,27.060,1790276341.330
116,27.128,1790276341.464
117,27.260,1790276341.750
118,27.324,1790276341.883
119,27.392,1790276341.977
120,27.656,1790276342.551
121,27.720,1790276342.681
122,27.852,1790276342.912
123,27.920,1790276343.086
124,27.984,1790276343.177
125,28.052,1790276343.299
126,28.184,1790276343.548
127,28.248,1790276343.669
128,28.316,1790276343.850
129,28.448,1790276344.060
130,28.512,1790276344.251
131,28.580,1790276344.351
132,28.644,1790276344.481
133,28.712,1790276344.668
134,28.776,1790276344.764
135,28.844,1790276344.888
136,28.908,1790276345.065
137,28.976,1790276345.178
138,29.040,1790276345.308
139,29.108,1790276345.483
140,29.172,1790276345.584
141,29.240,1790276345.703
142,29.436,1790276346.115
143,29.504,1790276346.276
144,29.636,1790276346.495
145,29.700,1790276346.595
146,29.768,1790276346.758
147,29.832,1790276346.883
148,29.900,1790276346.985
149,30.032,1790276347.282
150,30.096,1790276347.368
151,30.164,1790276347.534
152,30.228,1790276347.661
153,30.296,1790276347.752
154,30.360,1790276347.936
155,30.428,1790276348.065
156,30.492,1790276348.150
157,30.560,1790276348.323
158,30.692,1790276348.532
159,30.756,1790276348.694
160,30.824,1790276348.808
161,30.888,1790276348.903
162,30.956,1790276349.076
163,31.088,1790276349.305
164,31.220,1790276349.599
165,31.284,1790276349.690
166,31.416,1790276349.975
167,31.484,1790276350.088
168,31.548,1790276350.208
169,31.880,1790276350.860
170,32.012,1790276351.151
171,32.076,1790276351.254
172,32.144,1790276351.377
173,32.208,1790276351.563
174,32.276,1790276351.671
175,32.340,1790276351.800
176,32.408,1790276351.987
177,32.540,1790276352.233
178,32.604,1790276352.408
179,32.736,1790276352.615
180,32.804,1790276352.791
181,32.868,1790276352.900
182,32.936,1790276353.016
183,33.000,1790276353.106
184,33.068,1790276353.292
185,33.200,1790276353.499
186,33.264,1790276353.659
187,33.332,1790276353.785
188,33.396,1790276353.880
189,33.660,1790276354.456
190,33.792,1790276354.678
191,33.860,1790276354.857
192,33.924,1790276355.005
193,33.992,1790276355.105
194,34.124,1790276355.394
195,34.256,1790276355.669
196,34.388,1790276355.884
197,34.452,1790276355.999
198,34.584,1790276356.242
199,34.716,1790276356.526
200,34.784,1790276356.619
201,34.848,1790276356.731
202,34.980,1790276357.000
203,35.112,1790276357.276
204,35.244,1790276357.501
205,35.312,1790276357.674
206,35.376,1790276357.769
207,35.444,1790276357.883
208,35.508,1790276358.061
209,35.576,1790276358.165
210,35.640,1790276358.272
211,35.708,1790276358.452
212,35.840,1790276358.704
213,36.036,1790276359.129
214,36.104,1790276359.296
215,36.236,1790276359.526
216,36.300,1790276359.628
217,36.368,1790276359.782
218,36.432,1790276359.916
219,36.500,1790276360.002
220,36.564,1790276360.153
221,36.632,1790276360.272
222,36.696,1790276360.364
223,36.764,1790276360.539
224,36.896,1790276360.750
225,36.960,1790276360.947
226,37.028,1790276361.085
227,37.092,1790276361.172
228,37.160,1790276361.337
229,37.224,1790276361.446
230,37.292,1790276361.538
231,37.356,1790276361.698
232,37.424,1790276361.821
233,37.556,1790276362.080
234,37.884,1790276362.664
235,37.952,1790276362.782
236,38.084,1790276363.067
237,38.216,1790276363.357
238,38.280,1790276363.452
239,38.348,1790276363.573
240,38.480,1790276363.846
241,38.544,1790276363.963
242,38.612,1790276364.134
243,38.744,1790276364.347
244,38.808,1790276364.527
245,39.008,1790276364.891
246,39.072,1790276365.010
247,39.140,1790276365.144
248,39.204,1790276365.333
249,39.272,1790276365.432
250,39.336,1790276365.544
251,39.404,1790276365.727
252,39.468,1790276365.821
253,39.536,1790276365.944
254,39.600,1790276366.052
255,39.732,1790276366.348
256,39.800,1790276366.446
257,39.864,1790276366.611
258,39.932,1790276366.727
259,39.996,1790276366.828
260,40.064,1790276367.006
261,40.128,1790276367.123
262,40.196,1790276367.215
263,40.260,1790276367.377
264,40.328,1790276367.503
265,40.460,1790276367.757
266,40.524,1790276367.882
267,40.592,1790276367.977
268,40.724,1790276368.308
269,40.788,1790276368.411
270,40.856,1790276368.598
271,40.988,1790276368.822
272,41.052,1790276368.927
273,41.120,1790276369.106
274,41.184,1790276369.212
275,41.252,1790276369.335
276,41.316,1790276369.510
277,41.384,1790276369.614
278,41.448,1790276369.733
279,41.516,1790276369.917
280,41.580,1790276370.023
281,41.648,1790276370.142
282,41.780,1790276370.406
283,41.844,1790276370.517
284,41.912,1790276370.686
285,41.976,1790276370.790
286,42.044,1790276370.933
287,42.108,1790276371.100
288,42.308,1790276371.464
289,42.372,1790276371.573
290,42.440,1790276371.685
291,42.636,1790276372.076
292,42.704,1790276372.254
293,42.836,1790276372.496
294,42.900,1790276372.608
295,42.968,1790276372.800
296,43.032,1790276372.922
297,43.100,1790276373.014
298,43.164,1790276373.185
299,43.232,1790276373.311
300,43.296,1790276373.407
301,43.428,1790276373.704
302,43.560,1790276373.966
303,43.692,1790276374.177
304,43.892,1790276374.548
305,44.088,1790276374.920
306,44.156,1790276375.085
307,44.288,1790276375.325
308,44.352,1790276375.442
309,44.484,1790276375.700
310,44.552,1790276375.828
311,44.616,1790276376.005
312,44.684,1790276376.112
313,44.748,1790276376.245
314,44.880,1790276376.517
315,44.948,1790276376.631
316,45.080,1790276376.887
317,45.144,1790276377.001
318,45.276,1790276377.261
319,45.344,1790276377.380
320,45.408,1790276377.549
321,45.476,1790276377.652
322,45.540,1790276377.766
323,45.740,1790276378.162
324,45.872,1790276378.414
325,45.936,1790276378.531
326,46.004,1790276378.700
327,46.200,1790276379.009
328,46.332,1790276379.303
329,46.596,1790276379.773
330,46.664,1790276379.946
331,46.728,1790276380.080
332,46.796,1790276380.162
333,46.928,1790276380.464
334,46.992,1790276380.564
335,47.060,1790276380.723
336,47.124,1790276380.836
337,47.192,1790276380.923
338,47.256,1790276381.093
339,47.456,1790276381.460
340,47.520,1790276381.591
341,47.588,1790276381.689
342,47.720,1790276381.964
343,47.852,1790276382.169
344,48.048,1790276382.548
345,48.116,1790276382.745
346,48.180,1790276382.837
347,48.248,1790276382.950
348,48.380,1790276383.209
349,48.444,1790276383.327
350,48.512,1790276383.498
351,48.972,1790276384.376
352,49.040,1790276384.480
353,49.104,1790276384.636
354,49.172,1790276384.734
355,49.236,1790276384.844
356,49.304,1790276385.000
357,49.436,1790276385.230
358,49.500,1790276385.320
359,49.632,1790276385.607
360,49.700,1790276385.707
361,49.832,1790276385.986
362,49.964,1790276386.248
363,50.028,1790276386.361
364,50.228,1790276386.729
365,50.292,1790276386.816
366,50.360,1790276387.011
367,50.624,1790276387.505
368,50.688,1790276387.585
369,50.756,1790276387.742
370,50.888,1790276387.960
371,50.952,1790276388.071
372,51.020,1790276388.227
373,51.152,1790276388.437
374,51.216,1790276388.594
375,51.284,1790276388.689
376,51.348,1790276388.802
377,51.416,1790276388.970
378,51.480,1790276389.078
379,51.548,1790276389.197
380,51.612,1790276389.364
381,51.680,1790276389.462
382,51.744,1790276389.586
383,51.812,1790276389.777
384,51.876,1790276389.880
385,51.944,1790276390.006
386,52.008,1790276390.197
387,52.076,1790276390.303
388,52.208,1790276390.611
389,52.340,1790276390.850
390,52.404,1790276391.041
391,52.472,1790276391.138
392,52.536,1790276391.258
393,52.604,1790276391.438
394,52.668,1790276391.548
395,52.736,1790276391.680
396,52.800,1790276391.775
397,52.932,1790276392.054
398,53.000,1790276392.163
399,53.064,1790276392.327
400,53.132,1790276392.450
401,53.196,1790276392.535
402,53.264,1790276392.702
403,53.328,1790276392.837
404,53.396,1790276392.926
405,53.460,1790276393.106
406,53.528,1790276393.227
407,53.592,1790276393.327
408,53.660,1790276393.487
409,53.724,1790276393.611
410,53.792,1790276393.697
411,53.856,1790276393.869
412,53.988,1790276394.076
413,54.120,1790276394.362
414,54.188,1790276394.456
415,54.252,1790276394.580
416,54.320,1790276394.741
417,54.384,1790276394.828
418,54.452,1790276394.955
419,54.584,1790276395.231
420,54.648,1790276395.352
421,54.780,1790276395.612
422,54.848,1790276395.730
423,54.980,1790276395.993
424,55.044,1790276396.118
425,55.112,1790276396.271
426,55.176,1790276396.374
427,55.244,1790276396.495
428,55.308,1790276396.664
429,55.440,1790276396.872
430,55.508,1790276397.066
431,55.572,1790276397.163
432,55.640,1790276397.272
433,55.704,1790276397.444
434,55.836,1790276397.667
435,56.036,1790276398.061
436,56.100,1790276398.166
437,56.232,1790276398.476
438,56.432,1790276398.861
439,56.496,1790276398.957
440,56.564,1790276399.123
441,56.696,1790276399.331
442,56.760,1790276399.503
443,56.828,1790276399.626
444,56.892,1790276399.718
445,56.960,1790276399.915
446,57.024,1790276400.024
447,57.092,1790276400.117
448,57.156,1790276400.288
449,57.224,1790276400.410
450,57.288,1790276400.502
451,57.356,1790276400.706
452,57.420,1790276400.826
453,57.488,1790276400.911
454,57.552,1790276401.034
455,57.620,1790276401.194
456,57.752,1790276401.435
457,57.816,1790276401.620
458,57.884,1790276401.711
459,58.016,1790276402.002
460,58.080,1790276402.104
461,58.148,1790276402.244
462,58.212,1790276402.419
463,58.280,1790276402.512
464,58.344,1790276402.633
465,58.412,1790276402.798
466,58.544,1790276403.012
467,58.608,1790276403.185
468,58.740,1790276403.381
469,58.872,1790276403.651
470,58.940,1790276403.766
471,59.072,1790276404.058
472,59.136,1790276404.179
473,59.204,1790276404.367
474,59.468,1790276404.829
475,59.664,1790276405.199
476,59.732,1790276405.314
477,59.796,1790276405.400
478,59.864,1790276405.578
479,59.928,1790276405.690
480,60.128,1790276406.069
481,60.192,1790276406.158
482,60.260,1790276406.341
483,60.392,1790276406.579
484,60.588,1790276406.989
485,60.656,1790276407.168
486,60.720,1790276407.294
487,60.852,1790276407.501
488,60.984,1790276407.758
489,61.184,1790276408.128
490,61.248,1790276408.264
491,61.380,1790276408.543
492,61.448,1790276408.646
493,61.512,1790276408.811
494,61.580,1790276408.911
495,61.644,1790276409.031
496,61.776,1790276409.295
497,61.908,1790276409.566
498,61.976,1790276409.668
499,62.040,1790276409.791
500,62.108,1790276409.948
501,62.172,1790276410.050
502,62.240,1790276410.164
503,62.304,1790276410.326
504,62.372,1790276410.429
505,62.504,1790276410.736
506,62.900,1790276411.460
507,62.964,1790276411.609
508,63.032,1790276411.727
509,63.096,1790276411.814
510,63.228,1790276412.084
511,63.296,1790276412.167
512,63.360,1790276412.326
513,63.428,1790276412.449
514,63.492,1790276412.534
515,63.560,1790276412.690
516,63.624,1790276412.815
517,63.692,1790276412.904
518,63.756,1790276413.075
519,63.824,1790276413.199
520,63.888,1790276413.287
521,64.020,1790276413.563
522,64.088,1790276413.654
523,64.152,1790276413.771
524,64.220,1790276413.929
525,64.284,1790276414.033
526,64.352,1790276414.145
527,64.548,1790276414.487
528,64.616,1790276414.646
529,64.812,1790276415.020
530,64.880,1790276415.123
531,65.012,1790276415.400
532,65.144,1790276415.621
533,65.276,1790276415.888
534,65.340,1790276416.000
535,65.408,1790276416.180
536,65.472,1790276416.282
537,65.540,1790276416.406
538,65.604,1790276416.601
539,65.672,1790276416.710
540,65.736,1790276416.842
541,65.804,1790276417.023
542,65.868,1790276417.121
543,65.936,1790276417.241
544,66.000,1790276417.333
545,66.132,1790276417.618
546,66.332,1790276417.988
547,66.396,1790276418.076
548,66.464,1790276418.252
549,66.528,1790276418.371
550,66.660,1790276418.636
551,66.728,1790276418.761
552,66.792,1790276418.848
553,66.924,1790276419.138
554,66.992,1790276419.220
555,67.056,1790276419.397
556,67.124,1790276419.523
557,67.188,1790276419.608
558,67.256,1790276419.776
559,67.452,1790276420.107
560,67.652,1790276420.477
561,67.716,1790276420.646
562,67.916,1790276421.025
563,67.980,1790276421.132
564,68.048,1790276421.249
565,68.112,1790276421.415
566,68.180,1790276421.508
567,68.244,1790276421.621
568,68.312,1790276421.813
569,68.376,1790276421.919
570,68.444,1790276422.039
571,68.508,1790276422.212
572,68.576,1790276422.317
573,68.640,1790276422.438
574,68.772,1790276422.717
575,68.972,1790276423.110
576,69.236,1790276423.637
577,69.300,1790276423.743
578,69.432,1790276424.055
579,69.564,1790276424.294
580,69.632,1790276424.409
581,69.696,1790276424.491
582,69.764,1790276424.668
583,69.828,1790276424.801
584,69.896,1790276424.887
585,70.028,1790276425.185
586,70.160,1790276425.463
587,70.224,1790276425.586
588,70.292,1790276425.687
589,70.356,1790276425.868
590,70.424,1790276426.016
591,70.488,1790276426.118
592,70.556,1790276426.331
593,70.620,1790276426.480
594,70.688,1790276426.598
595,70.752,1790276426.738
596,70.820,1790276426.922
597,70.884,1790276427.019
598,71.016,1790276427.326
599,71.084,1790276427.416
600,71.216,1790276427.716
601,71.280,1790276427.814
602,71.348,1790276427.936
603,71.412,1790276428.116
604,71.544,1790276428.334
605,71.612,1790276428.510
606,71.676,1790276428.609
607,71.744,1790276428.732
608,71.876,1790276428.996
609,71.940,1790276429.127
610,72.072,1790276429.420
611,72.140,1790276429.538
612,72.272,1790276429.806
613,72.336,1790276429.924
614,72.404,1790276430.105
615,72.468,1790276430.210
616,72.536,1790276430.331
617,72.668,1790276430.587
618,72.732,1790276430.707
619,72.932,1790276431.096
620,73.196,1790276431.599
621,73.260,1790276431.797
622,73.328,1790276431.926
623,73.392,1790276432.028
624,73.460,1790276432.231
625,73.524,1790276432.367
626,73.592,1790276432.462
627,73.656,1790276432.655
628,73.724,1790276432.779
629,73.788,1790276432.872
630,73.856,1790276433.030
631,74.052,1790276433.361
632,74.184,1790276433.603
633,74.316,1790276433.899
634,74.384,1790276433.986
635,74.448,1790276434.111
636,74.516,1790276434.295
637,74.648,1790276434.502
638,74.780,1790276434.813
639,74.844,1790276434.938
640,74.912,1790276435.131
641,74.976,1790276435.245
642,75.044,1790276435.366
643,75.108,1790276435.555
644,75.176,1790276435.661
645,75.240,1790276435.776
646,75.308,1790276435.944
647,75.372,1790276436.045
648,75.440,1790276436.175
649,75.572,1790276436.452
650,75.704,1790276436.716
651,75.768,1790276436.822
652,75.836,1790276436.943
653,75.968,1790276437.204
654,76.032,1790276437.324
655,76.100,1790276437.426
656,76.164,1790276437.583
657,76.232,1790276437.703
658,76.296,1790276437.800
659,76.364,1790276437.976
660,76.428,1790276438.096
661,76.496,1790276438.192
662,76.560,1790276438.358
663,76.628,1790276438.480
664,76.692,1790276438.570
665,76.760,1790276438.737
666,76.824,1790276438.857
667,76.892,1790276438.950
668,76.956,1790276439.114
669,77.156,1790276439.496
670,77.220,1790276439.617
671,77.288,1790276439.708
672,77.352,1790276439.835
673,77.420,1790276440.004
674,77.552,1790276440.215
675,77.616,1790276440.367
676,77.748,1790276440.594
677,77.816,1790276440.766
678,77.880,1790276440.857
679,77.948,1790276440.982
680,78.212,1790276441.525
681,78.344,1790276441.735
682,78.408,1790276441.906
683,78.476,1790276442.003
684,78.540,1790276442.125
685,78.672,1790276442.394
686,78.740,1790276442.506
687,78.804,1790276442.680
688,79.004,1790276443.067
689,79.068,1790276443.162
690,79.136,1790276443.284
691,79.200,1790276443.387
692,79.268,1790276443.563
693,79.464,1790276443.996
694,79.532,1790276444.124
695,79.596,1790276444.215
696,79.664,1790276444.393
697,79.728,1790276444.511
698,79.796,1790276444.597
699,80.060,1790276445.138
700,80.324,1790276445.635
701,80.388,1790276445.724
702,80.456,1790276445.890
703,80.520,1790276446.013
704,80.720,1790276446.384
705,80.784,1790276446.486
706,80.916,1790276446.778
707,80.984,1790276446.880
708,81.116,1790276447.192
709,81.248,1790276447.414
710,81.312,1790276447.578
711,81.444,1790276447.781
712,81.512,1790276447.949
713,81.644,1790276448.151
714,81.708,1790276448.316
715,81.776,1790276448.413
716,81.840,1790276448.522
717,81.908,1790276448.692
718,82.104,1790276449.069
719,82.368,1790276449.559
720,82.436,1790276449.677
721,82.632,1790276450.043
722,82.700,1790276450.127
723,82.764,1790276450.304
724,82.832,1790276450.430
725,82.896,1790276450.536
726,82.964,1790276450.713
727,83.096,1790276450.921
728,83.160,1790276451.102
729,83.228,1790276451.221
730,83.292,1790276451.318
731,83.360,1790276451.491
732,83.424,1790276451.610
733,83.492,1790276451.706
734,83.556,1790276451.875
735,83.688,1790276452.097
736,83.756,1790276452.268
737,83.888,1790276452.492
738,83.952,1790276452.638
739,84.020,1790276452.829
740,84.084,1790276452.935
741,84.152,1790276453.072
742,84.216,1790276453.239
743,84.284,1790276453.335
744,84.348,1790276453.444
745,84.416,1790276453.606
746,84.480,1790276453.697
747,84.548,1790276453.793
748,84.680,1790276454.027
749,84.744,1790276454.137
750,84.876,1790276454.379
751,84.944,1790276454.506
752,85.140,1790276454.854
753,85.208,1790276455.006
754,85.272,1790276455.105
755,85.340,1790276455.214
756,85.536,1790276455.602
757,85.604,1790276455.766
758,85.668,1790276455.863
759,85.736,1790276455.980
760,85.800,1790276456.071
761,85.868,1790276456.228
762,85.932,1790276456.339
763,86.000,1790276456.432
764,86.064,1790276456.588
765,86.132,1790276456.712
766,86.196,1790276456.815
767,86.264,1790276457.027
768,86.328,1790276457.171
769,86.396,1790276457.266
770,86.460,1790276457.448
771,86.592,1790276457.680
772,86.792,1790276458.094
773,87.056,1790276458.682
774,87.120,1790276458.798
775,87.252,1790276459.002
776,87.384,1790276459.240
777,87.452,1790276459.358
778,87.516,1790276459.518
779,87.584,1790276459.618
780,87.648,1790276459.725
781,87.716,1790276459.893
782,87.780,1790276459.982
783,87.848,1790276460.105
784,87.912,1790276460.302
785,87.980,1790276460.409
786,88.044,1790276460.526
787,88.112,1790276460.704
788,88.176,1790276460.795
789,88.244,1790276460.916
790,88.376,1790276461.195
791,88.440,1790276461.333
792,88.508,1790276461.505
793,88.572,1790276461.618
794,88.704,1790276461.891
795,88.772,1790276461.997
796,88.836,1790276462.114
797,88.904,1790276462.269
798,89.168,1790276462.721
799,89.300,1790276462.915
800,89.364,1790276463.065
801,89.432,1790276463.182
802,89.496,1790276463.279
803,89.564,1790276463.449
804,89.760,1790276463.830
805,89.828,1790276463.954
806,89.892,1790276464.039
807,90.024,1790276464.343
808,90.092,1790276464.451
809,90.156,1790276464.608
810,90.224,1790276464.742
811,90.356,1790276465.017
812,90.420,1790276465.163
813,90.488,1790276465.264
814,90.552,1790276465.382
815,90.684,1790276465.622
816,90.752,1790276465.742
817,90.816,1790276465.901
818,90.884,1790276465.990
819,90.948,1790276466.103
820,91.016,1790276466.266
821,91.080,1790276466.356
822,91.148,1790276466.476
823,91.344,1790276466.867
824,91.476,1790276467.144
825,91.608,1790276467.420
826,91.676,1790276467.523
827,91.740,1790276467.630
828,91.808,1790276467.794
829,91.940,1790276467.997
830,92.072,1790276468.264
831,92.204,1790276468.528
832,92.268,1790276468.634
833,92.336,1790276468.753
834,92.400,1790276468.840
835,92.468,1790276469.009
836,92.532,1790276469.119
837,92.600,1790276469.217
838,92.664,1790276469.387
839,92.796,1790276469.599
840,92.864,1790276469.765
841,92.928,1790276469.898
842,93.128,1790276470.332
843,93.192,1790276470.451
844,93.260,1790276470.645
845,93.324,1790276470.771
846,93.456,1790276471.053
847,93.524,1790276471.180
848,93.588,1790276471.276
849,93.656,1790276471.439
850,93.788,1790276471.647
851,93.984,1790276472.024
852,94.052,1790276472.140
853,94.116,1790276472.295
854,94.184,1790276472.391
855,94.248,1790276472.514
856,94.316,1790276472.681
857,94.380,1790276472.767
858,94.448,1790276472.885
859,94.512,1790276473.060
860,94.580,1790276473.146
861,94.712,1790276473.426
862,94.976,1790276473.892
863,95.040,1790276474.002
864,95.108,1790276474.165
865,95.172,1790276474.264
866,95.240,1790276474.378
867,95.304,1790276474.537
868,95.436,1790276474.745
869,95.504,1790276474.904
870,95.700,1790276475.207
871,95.768,1790276475.374
872,95.832,1790276475.494
873,95.964,1790276475.747
874,96.032,1790276475.874
875,96.228,1790276476.259
876,96.296,1790276476.349
877,96.428,1790276476.649
878,96.492,1790276476.743
879,96.624,1790276477.034
880,96.692,1790276477.129
881,96.756,1790276477.292
882,96.824,1790276477.411
883,96.888,1790276477.494
884,96.956,1790276477.663
885,97.020,1790276477.790
886,97.088,1790276477.892
887,97.152,1790276478.004
888,97.284,1790276478.269
889,97.352,1790276478.388
890,97.416,1790276478.551
891,97.548,1790276478.769
892,97.616,1790276478.930
893,97.748,1790276479.167
894,97.812,1790276479.352
895,97.880,1790276479.458
896,97.944,1790276479.570
897,98.012,1790276479.752
898,98.076,1790276479.839
899,98.144,1790276479.962
900,98.276,1790276480.244
901,98.340,1790276480.360
902,98.472,1790276480.632
903,98.672,1790276481.027
904,98.804,1790276481.324
905,98.868,1790276481.419
906,99.000,1790276481.627
907,99.068,1790276481.799
908,99.132,1790276481.908
909,99.200,1790276481.994
910,99.332,1790276482.254
911,99.396,1790276482.331
912,99.464,1790276482.506
913,99.660,1790276482.866
914,99.728,1790276482.987
915,99.792,1790276483.084
916,99.924,1790276483.374
917,99.992,1790276483.466
918,100.056,1790276483.618
919,100.188,1790276483.825
920,100.452,1790276484.325
921,100.520,1790276484.486
922,100.584,1790276484.573
923,100.652,1790276484.687
924,100.716,1790276484.832
925,100.784,1790276484.925
926,100.980,1790276485.296
927,101.048,1790276485.404
928,101.180,1790276485.666
929,101.244,1790276485.787
930,101.312,1790276485.945
931,101.376,1790276486.039
932,101.508,1790276486.320
933,101.576,1790276486.419
934,101.708,1790276486.698
935,101.772,1790276486.788
936,101.840,1790276486.904
937,101.904,1790276487.087
938,102.104,1790276487.472
939,102.236,1790276487.687
940,102.300,1790276487.767
941,102.368,1790276487.924
942,102.564,1790276488.275
943,102.632,1790276488.393
944,102.696,1790276488.482
945,102.764,1790276488.675
946,102.828,1790276488.789
947,102.896,1790276488.877
948,102.960,1790276489.054
949,103.028,1790276489.174
950,103.092,1790276489.254
951,103.160,1790276489.433
952,103.224,1790276489.556
953,103.292,1790276489.650
954,103.356,1790276489.810
955,103.424,1790276489.952
956,103.488,1790276490.045
957,103.620,1790276490.350
958,103.752,1790276490.553
959,103.820,1790276490.733
960,103.952,1790276490.943
961,104.016,1790276491.098
962,104.084,1790276491.192
963,104.148,1790276491.312
964,104.280,1790276491.581
965,104.348,1790276491.709
966,104.412,1790276491.884
967,104.480,1790276491.986
968,104.544,1790276492.099
969,104.744,1790276492.469
970,105.008,1790276493.040
971,105.072,1790276493.150
972,105.140,1790276493.276
973,105.204,1790276493.458
974,105.272,1790276493.568
975,105.336,1790276493.678
976,105.468,1790276493.960
977,105.536,1790276494.076
978,105.600,1790276494.161
979,105.732,1790276494.443
980,105.800,1790276494.532
981,105.864,1790276494.689
982,105.932,1790276494.819
983,105.996,1790276494.917
984,106.064,1790276495.096
985,106.128,1790276495.220
986,106.196,1790276495.322
987,106.260,1790276495.508
988,106.328,1790276495.652
989,106.392,1790276495.762
990,106.524,1790276496.076
991,106.592,1790276496.173
992,106.656,1790276496.361
993,107.120,1790276497.231
994,107.184,1790276497.326
995,107.384,1790276497.692
996,107.448,1790276497.805
997,107.648,1790276498.183
998,107.712,1790276498.343
999,107.780,1790276498.438
1000,107.844,1790276498.561
1001,107.976,1790276498.821
1002,108.044,1790276498.938
1003,108.108,1790276499.129
1004,108.176,1790276499.215
1005,108.240,1790276499.328
1006,108.308,1790276499.508
1007,108.372,1790276499.607
1008,108.440,1790276499.724
1009,108.504,1790276499.877
1010,108.572,1790276499.980
1011,108.704,1790276500.269
1012,108.768,1790276500.381
1013,108.836,1790276500.505
1014,109.032,1790276500.872
1015,109.100,1790276500.966
1016,109.232,1790276501.239
1017,109.296,1790276501.322
1018,109.428,1790276501.619
1019,109.496,1790276501.707
1020,109.560,1790276501.872
1021,109.628,1790276501.989
1022,109.692,1790276502.076
1023,109.824,1790276502.355
1024,110.088,1790276502.838
1025,110.156,1790276503.005
1026,110.220,1790276503.132
1027,110.288,1790276503.224
1028,110.352,1790276503.334
1029,110.420,1790276503.493
1030,110.484,1790276503.579
1031,110.552,1790276503.685
1032,110.616,1790276503.831
1033,110.684,1790276503.926
1034,110.748,1790276504.053
1035,110.816,1790276504.227
1036,110.880,1790276504.324
1037,110.948,1790276504.435
1038,111.080,1790276504.683
1039,111.212,1790276504.947
1040,111.276,1790276505.033
1041,111.408,1790276505.336
1042,111.476,1790276505.441
1043,111.540,1790276505.552
1044,111.608,1790276505.715
1045,111.672,1790276505.822
1046,111.740,1790276505.937
1047,111.872,1790276506.233
1048,111.936,1790276506.364
1049,112.004,1790276506.573
1050,112.068,1790276506.689
1051,112.136,1790276506.837
1052,112.200,1790276506.935
1053,112.268,1790276507.133
1054,112.596,1790276507.760
1055,112.664,1790276507.940
1056,112.728,1790276508.081
1057,112.796,1790276508.188
1058,112.860,1790276508.397
1059,112.992,1790276508.637
1060,113.124,1790276508.962
1061,113.256,1790276509.253
1062,113.324,1790276509.382
1063,113.456,1790276509.679
1064,113.588,1790276509.901
1065,113.652,1790276510.029
1066,113.720,1790276510.219
1067,113.852,1790276510.449
1068,113.916,1790276510.619
1069,113.984,1790276510.731
1070,114.048,1790276510.846
1071,114.180,1790276511.118
1072,114.248,1790276511.232
1073,114.380,1790276511.495
1074,114.512,1790276511.775
1075,114.776,1790276512.255
1076,114.972,1790276512.627
1077,115.040,1790276512.737
1078,115.104,1790276512.900
1079,115.236,1790276513.133
1080,115.304,1790276513.317
1081,115.368,1790276513.421
1082,115.500,1790276513.654
1083,115.568,1790276513.822
1084,115.632,1790276513.948
1085,115.700,1790276514.054
1086,115.764,1790276514.258
1087,115.832,1790276514.390
1088,115.896,1790276514.498
1089,115.964,1790276514.683
1090,116.096,1790276514.917
1091,116.292,1790276515.322
1092,116.492,1790276515.748
1093,116.688,1790276516.173
1094,116.820,1790276516.501
1095,116.888,1790276516.609
1096,116.952,1790276516.736
1097,117.020,1790276516.912
1098,117.084,1790276517.002
1099,117.152,1790276517.128
1100,117.216,1790276517.288
1101,117.284,1790276517.391
1102,117.348,1790276517.511
1103,117.416,1790276517.684
1104,117.480,1790276517.782
1105,117.612,1790276518.100
1106,117.680,1790276518.192
1107,117.812,1790276518.494
1108,117.876,1790276518.607
1109,117.944,1790276518.729
1110,118.008,1790276518.924
1111,118.208,1790276519.333
1112,118.340,1790276519.558
1113,118.404,1790276519.740
1114,118.472,1790276519.837
1115,118.604,1790276520.123
1116,118.800,1790276520.428
1117,118.868,1790276520.582
1118,118.932,1790276520.693
1119,119.000,1790276520.787
1120,119.132,1790276521.056
1121,119.196,1790276521.140
1122,119.264,1790276521.313
1123,119.328,1790276521.435
1124,119.396,1790276521.521
1125,119.528,1790276521.821
1126,119.592,1790276521.912
1127,119.660,1790276522.076
1128,119.724,1790276522.192
1129,119.792,1790276522.294
1130,119.856,1790276522.462
1131,119.924,1790276522.583
1132,119.988,1790276522.691
1133,120.056,1790276522.847
1134,120.188,1790276523.067
1135,120.252,1790276523.183
1136,120.320,1790276523.339
1137,120.384,1790276523.431
1138,120.780,1790276524.164
1139,120.848,1790276524.273
1140,120.912,1790276524.432
1141,120.980,1790276524.526
1142,121.044,1790276524.649
1143,121.112,1790276524.831
1144,121.176,1790276524.923
1145,121.244,1790276525.043
1146,121.376,1790276525.310
1147,121.440,1790276525.418
1148,121.572,1790276525.676
1149,121.640,1790276525.791
1150,121.704,1790276525.956
1151,121.836,1790276526.176
1152,121.968,1790276526.442
1153,122.036,1790276526.560
1154,122.100,1790276526.645
1155,122.168,1790276526.801
1156,122.232,1790276526.920
1157,122.432,1790276527.281
1158,122.496,1790276527.366
1159,122.628,1790276527.663
1160,122.696,1790276527.762
1161,122.760,1790276527.930
1162,122.828,1790276528.049
1163,122.892,1790276528.141
1164,122.960,1790276528.302
1165,123.024,1790276528.432
1166,123.156,1790276528.703
1167,123.224,1790276528.834
1168,123.288,1790276528.928
1169,123.356,1790276529.100
1170,123.420,1790276529.226
1171,123.488,1790276529.319
1172,123.552,1790276529.446
1173,123.620,1790276529.613
1174,123.752,1790276529.826
1175,123.816,1790276530.002
1176,123.884,1790276530.102
1177,123.948,1790276530.220
1178,124.016,1790276530.393
1179,124.080,1790276530.487
1180,124.212,1790276530.773
1181,124.280,1790276530.868
1182,124.344,1790276530.986
1183,124.412,1790276531.148
1184,124.544,1790276531.349
1185,124.608,1790276531.509
1186,124.676,1790276531.603
1187,124.808,1790276531.876
1188,124.872,1790276531.984
1189,124.940,1790276532.106
1190,125.004,1790276532.268
1191,125.072,1790276532.360
1192,125.204,1790276532.659
1193,125.268,1790276532.768
1194,125.336,1790276532.891
1195,125.400,1790276532.993
1196,125.468,1790276533.156
1197,125.532,1790276533.275
1198,125.600,1790276533.357
1199,125.664,1790276533.542
1200,125.732,1790276533.675
1201,125.796,1790276533.759
1202,125.864,1790276533.917
1203,125.928,1790276534.033
1204,125.996,1790276534.135
1205,126.060,1790276534.309
1206,126.128,1790276534.440
1207,126.192,1790276534.527
1208,126.260,1790276534.706
1209,126.392,1790276534.920
1210,126.524,1790276535.208
1211,126.588,1790276535.291
1212,126.656,1790276535.466
1213,126.720,1790276535.594
1214,126.788,1790276535.686
1215,126.852,1790276535.801
1216,126.984,1790276536.063
1217,127.052,1790276536.183
1218,127.116,1790276536.332
1219,127.184,1790276536.424
1220,127.248,1790276536.524
1221,127.380,1790276536.849
1222,127.512,1790276537.115
1223,127.580,1790276537.201
1224,127.644,1790276537.304
1225,127.712,1790276537.422
1226,127.776,1790276537.496
1227,127.844,1790276537.578
1228,127.908,1790276537.699
1229,127.976,1790276537.775
1230,128.040,1790276537.852
1231,128.108,1790276537.970
1232,128.240,1790276538.147
1233,128.304,1790276538.280
1234,128.436,1790276538.468
1235,128.568,1790276538.696
1236,128.636,1790276538.793
1237,128.700,1790276538.854
1238,128.768,1790276538.998
1239,128.964,1790276539.279
1240,129.032,1790276539.364
1241,129.096,1790276539.424
1242,129.164,1790276539.532
1243,129.228,1790276539.632
1244,129.296,1790276539.696
1245,129.360,1790276539.804
1246,129.428,1790276539.902
1247,129.492,1790276539.967
1248,129.624,1790276540.180
1249,129.824,1790276540.483
1250,129.888,1790276540.562
1251,129.956,1790276540.695
1252,130.020,1790276540.810
1253,130.088,1790276540.885
1254,130.152,1790276540.980
1255,130.284,1790276541.190
1256,130.352,1790276541.274
1257,130.416,1790276541.379
1258,130.484,1790276541.451
1259,130.616,1790276541.653
1260,130.680,1790276541.723
1261,130.748,1790276541.801
1262,130.812,1790276541.918
1263,130.880,1790276541.999
1264,130.944,1790276542.081
1265,131.012,1790276542.198
1266,131.144,1790276542.347
1267,131.208,1790276542.470
1268,131.276,1790276542.537
1269,131.340,1790276542.616
1270,131.408,1790276542.733
1271,131.540,1790276542.894
1272,131.604,1790276543.014
1273,131.672,1790276543.094
1274,131.736,1790276543.181
1275,131.868,1790276543.383
1276,131.936,1790276543.468
1277,132.068,1790276543.641
1278,132.132,1790276543.729
1279,132.200,1790276543.795
1280,132.264,1790276543.907
1281,132.332,1790276543.994
1282,132.464,1790276544.188
1283,132.596,1790276544.335
1284,132.728,1790276544.532
1285,132.792,1790276544.599
1286,132.860,1790276544.716
1287,132.924,1790276544.807
1288,132.992,1790276544.872
1289,133.124,1790276545.097
1290,133.188,1790276545.160
1291,133.256,1790276545.272
1292,133.388,1790276545.435
1293,133.452,1790276545.516
1294,133.520,1790276545.635
1295,133.652,1790276545.777
1296,133.716,1790276545.892
1297,133.784,1790276545.965
1298,133.848,1790276546.040
1299,134.048,1790276546.315
1300,134.180,1790276546.504
1301,134.244,1790276546.584
1302,134.376,1790276546.775
1303,134.576,1790276547.046
1304,134.640,1790276547.128
1305,134.708,1790276547.242
1306,134.840,1790276547.402
1307,134.904,1790276547.515
1308,134.972,1790276547.593
1309,135.036,1790276547.676
1310,135.104,1790276547.795
1311,135.168,1790276547.877
1312,135.236,1790276547.967
1313,135.368,1790276548.132
1314,135.432,1790276548.218
1315,135.564,1790276548.393
1316,135.632,1790276548.479
1317,135.696,1790276548.541
1318,135.828,1790276548.736
1319,135.896,1790276548.799
1320,135.960,1790276548.911
1321,136.028,1790276549.006
1322,136.092,1790276549.067
1323,136.160,1790276549.194
1324,136.224,1790276549.281
1325,136.292,1790276549.347
1326,136.356,1790276549.465
1327,136.424,1790276549.570
1328,136.488,1790276549.630
1329,136.620,1790276549.832
1330,136.688,1790276549.906
1331,136.820,1790276550.083
1332,136.884,1790276550.144
1333,136.952,1790276550.233
1334,137.016,1790276550.340
1335,137.084,1790276550.408
1336,137.148,1790276550.490
1337,137.216,1790276550.606
1338,137.280,1790276550.680
1339,137.412,1790276550.879
1340,137.480,1790276550.952
1341,137.544,1790276551.033
1342,137.612,1790276551.150
1343,137.676,1790276551.227
1344,137.744,1790276551.316
1345,137.808,1790276551.438
1346,137.876,1790276551.508
1347,137.940,1790276551.588
1348,138.072,1790276551.793
1349,138.140,1790276551.875
1350,138.272,1790276552.067
1351,138.336,1790276552.151
1352,138.404,1790276552.265
1353,138.468,1790276552.352
1354,138.600,1790276552.514
1355,138.732,1790276552.722
1356,138.800,1790276552.788
1357,138.864,1790276552.902
1358,138.932,1790276552.989
1359,138.996,1790276553.052
1360,139.128,1790276553.267
1361,139.196,1790276553.333
1362,139.328,1790276553.538
1363,139.392,1790276553.603
1364,139.460,1790276553.721
1365,139.524,1790276553.818
1366,139.592,1790276553.883
1367,139.656,1790276554.005
1368,139.724,1790276554.108
1369,139.788,1790276554.171
1370,139.920,1790276554.393
1371,139.988,1790276554.460
1372,140.052,1790276554.535
1373,140.120,1790276554.646
1374,140.184,1790276554.720
1375,140.252,1790276554.800
1376,140.316,1790276554.915
1377,140.384,1790276554.980
1378,140.448,1790276555.066
1379,140.516,1790276555.181
1380,140.580,1790276555.248
1381,140.648,1790276555.331
1382,140.780,1790276555.512
1383,140.844,1790276555.597
1384,140.912,1790276555.717
1385,140.976,1790276555.787
1386,141.044,1790276555.867
1387,141.108,1790276555.986
1388,141.176,1790276556.070
1389,141.240,1790276556.141
1390,141.308,1790276556.254
1391,141.372,1790276556.329
1392,141.440,1790276556.415
1393,141.504,1790276556.528
1394,141.572,1790276556.608
1395,141.636,1790276556.685
1396,141.768,1790276556.878
1397,141.836,1790276556.960
1398,141.900,1790276557.024
1399,141.968,1790276557.147
1400,142.032,1790276557.223
1401,142.296,1790276557.550
1402,142.364,1790276557.660
1403,142.496,1790276557.813
1404,142.560,1790276557.919
1405,142.628,1790276558.003
1406,142.692,1790276558.064
1407,142.760,1790276558.184
1408,142.824,1790276558.275
1409,142.892,1790276558.337
1410,142.956,1790276558.442
1411,143.024,1790276558.530
1412,143.088,1790276558.593
1413,143.220,1790276558.800
1414,143.288,1790276558.866
1415,143.352,1790276558.940
1416,143.420,1790276559.046
1417,143.484,1790276559.106
1418,143.552,1790276559.185
1419,143.616,1790276559.304
1420,143.684,1790276559.370
1421,143.748,1790276559.442
1422,143.816,1790276559.554
1423,143.880,1790276559.632
1424,143.948,1790276559.701
1425,144.012,1790276559.812
1426,144.144,1790276559.969
1427,144.212,1790276560.083
1428,144.276,1790276560.154
1429,144.344,1790276560.231
1430,144.476,1790276560.422
1431,144.540,1790276560.497
1432,144.608,1790276560.611
1433,144.672,1790276560.686
1434,144.740,1790276560.770
1435,144.804,1790276560.881
1436,144.872,1790276560.959
1437,144.936,1790276561.040
1438,145.004,1790276561.155
1439,145.068,1790276561.230
1440,145.136,1790276561.313
1441,145.200,1790276561.376
1442,145.268,1790276561.472
1443,145.400,1790276561.629
1444,145.596,1790276561.890
1445,145.664,1790276561.998
1446,145.728,1790276562.084
1447,145.796,1790276562.148
1448,145.860,1790276562.244
1449,145.928,1790276562.342
1450,145.992,1790276562.407
1451,146.124,1790276562.609
1452,146.192,1790276562.673
1453,146.256,1790276562.782
1454,146.324,1790276562.873
1455,146.388,1790276562.937
1456,146.520,1790276563.136
1457,146.588,1790276563.201
1458,146.652,1790276563.269
1459,146.720,1790276563.377
1460,146.784,1790276563.442
1461,146.852,1790276563.512
1462,146.916,1790276563.616
1463,146.984,1790276563.682
1464,147.048,1790276563.755
1465,147.116,1790276563.867
1466,147.180,1790276563.931
1467,147.248,1790276564.012
1468,147.312,1790276564.129
1469,147.380,1790276564.198
1470,147.444,1790276564.269
1471,147.512,1790276564.383
1472,147.576,1790276564.455
1473,147.644,1790276564.533
1474,147.708,1790276564.650
1475,147.840,1790276564.798
1476,147.908,1790276564.918
1477,147.972,1790276564.992
1478,148.040,1790276565.066
1479,148.104,1790276565.178
1480,148.172,1790276565.254
1481,148.236,1790276565.335
1482,148.304,1790276565.451
1483,148.368,1790276565.534
1484,148.436,1790276565.615
1485,148.500,1790276565.682
1486,148.568,1790276565.786
1487,148.632,1790276565.872
1488,148.700,1790276565.936
1489,148.764,1790276566.046
1490,148.832,1790276566.132
1491,148.896,1790276566.193
1492,148.964,1790276566.298
1493,149.028,1790276566.387
1494,149.096,1790276566.452
1495,149.160,1790276566.554
1496,149.228,1790276566.637
1497,149.292,1790276566.698
1498,149.360,1790276566.814
1499,149.424,1790276566.900
1500,149.492,1790276566.966
1501,149.556,1790276567.081
1502,149.624,1790276567.177
1503,149.688,1790276567.239
1504,149.756,1790276567.350
1505,149.820,1790276567.438
1506,149.888,1790276567.503
1507,149.952,1790276567.587
1508,150.020,1790276567.693
1509,150.084,1790276567.758
1510,150.216,1790276567.950
1511,150.284,1790276568.019
1512,150.348,1790276568.091
1513,150.416,1790276568.209
1514,150.480,1790276568.272
1515,150.612,1790276568.466
1516,150.680,1790276568.549
1517,150.744,1790276568.626
1518,150.812,1790276568.740
1519,150.876,1790276568.811
1520,150.944,1790276568.896
1521,151.008,1790276569.007
1522,151.140,1790276569.162
1523,151.208,1790276569.271
1524,151.340,1790276569.419
1525,151.404,1790276569.531
1526,151.472,1790276569.610
1527,151.536,1790276569.688
1528,151.604,1790276569.803
1529,151.668,1790276569.875
1530,151.736,1790276569.958
1531,151.800,1790276570.023
1532,151.868,1790276570.133
1533,151.932,1790276570.211
1534,152.000,1790276570.277
1535,152.064,1790276570.373
1536,152.132,1790276570.461
1537,152.196,1790276570.521
1538,152.264,1790276570.622
1539,152.396,1790276570.771
1540,152.460,1790276570.899
1541,152.528,1790276570.985
1542,152.592,1790276571.048
1543,152.660,1790276571.151
1544,152.724,1790276571.242
1545,152.792,1790276571.307
1546,152.856,1790276571.417
1547,152.924,1790276571.514
1548,152.988,1790276571.576
1549,153.056,1790276571.681
1550,153.120,1790276571.784
1551,153.188,1790276571.853
1552,153.320,1790276572.045
1553,153.384,1790276572.105
1554,153.452,1790276572.185
1555,153.516,1790276572.292
1556,153.584,1790276572.357
1557,153.648,1790276572.436
1558,153.716,1790276572.554
1559,153.780,1790276572.630
1560,153.848,1790276572.712
1561,153.912,1790276572.840
1562,153.980,1790276572.935
1563,154.044,1790276573.014
1564,154.112,1790276573.139
1565,154.176,1790276573.216
1566,154.244,1790276573.298
1567,154.376,1790276573.503
1568,154.440,1790276573.585
1569,154.508,1790276573.711
1570,154.572,1790276573.790
1571,154.772,1790276574.103
1572,154.836,1790276574.191
1573,154.904,1790276574.310
1574,154.968,1790276574.399
1575,155.036,1790276574.493
1576,155.100,1790276574.559
1577,155.168,1790276574.680
1578,155.232,1790276574.781
1579,155.300,1790276574.847
1580,155.364,1790276574.982
1581,155.432,1790276575.078
1582,155.496,1790276575.144
1583,155.564,1790276575.265
1584,155.628,1790276575.354
1585,155.696,1790276575.420
1586,155.760,1790276575.539
1587,155.828,1790276575.640
1588,155.892,1790276575.718
1589,155.960,1790276575.833
1590,156.024,1790276575.922
1591,156.092,1790276575.993
1592,156.224,1790276576.215
1593,156.288,1790276576.280
1594,156.356,1790276576.392
1595,156.420,1790276576.491
1596,156.488,1790276576.558
1597,156.684,1790276576.824
1598,156.752,1790276576.906
1599,156.816,1790276577.029
1600,156.884,1790276577.114
1601,156.948,1790276577.202
1602,157.016,1790276577.327
1603,157.080,1790276577.415
1604,157.148,1790276577.505
1605,157.212,1790276577.637
1606,157.280,1790276577.714
1607,157.344,1790276577.795
1608,157.412,1790276577.915
1609,157.476,1790276577.988
1610,157.608,1790276578.203
1611,157.740,1790276578.359
1612,157.808,1790276578.476
1613,157.872,1790276578.558
1614,157.940,1790276578.643
1615,158.004,1790276578.756
1616,158.072,1790276578.835
1617,158.136,1790276578.912
1618,158.336,1790276579.207
1619,158.400,1790276579.266
1620,158.468,1790276579.372
1621,158.532,1790276579.455
1622,158.600,1790276579.518
1623,158.664,1790276579.647
1624,158.732,1790276579.728
1625,158.796,1790276579.793
1626,158.864,1790276579.896
1627,158.928,1790276579.995
1628,158.996,1790276580.063
1629,159.060,1790276580.185
1630,159.128,1790276580.277
1631,159.260,1790276580.454
1632,159.324,1790276580.542
1633,159.392,1790276580.609
1634,159.456,1790276580.710
1635,159.524,1790276580.805
1636,159.588,1790276580.874
1637,159.720,1790276581.079
1638,159.788,1790276581.162
1639,159.852,1790276581.242
1640,159.920,1790276581.349
1641,159.984,1790276581.413
1642,160.052,1790276581.492
1643,160.116,1790276581.598
1644,160.184,1790276581.666
1645,160.248,1790276581.747
1646,160.380,1790276581.932
1647,160.448,1790276582.014
1648,160.512,1790276582.129
1649,160.580,1790276582.211
1650,160.644,1790276582.286
1651,160.712,1790276582.400
1652,160.776,1790276582.469
1653,160.844,1790276582.542
1654,160.908,1790276582.661
1655,160.976,1790276582.745
1656,161.040,1790276582.822
1657,161.108,1790276582.943
1658,161.172,1790276583.029
1659,161.240,1790276583.109
1660,161.304,1790276583.237
1661,161.372,1790276583.318
1662,161.436,1790276583.396
1663,161.504,1790276583.511
1664,161.568,1790276583.595
1665,161.636,1790276583.679
1666,161.700,1790276583.739
1667,161.768,1790276583.844
1668,161.832,1790276583.931
1669,161.900,1790276583.997
1670,161.964,1790276584.104
1671,162.032,1790276584.201
1672,162.096,1790276584.268
1673,162.164,1790276584.369
1674,162.228,1790276584.451
1675,162.296,1790276584.518
1676,162.360,1790276584.616
1677,162.428,1790276584.708
1678,162.492,1790276584.771
1679,162.560,1790276584.869
1680,162.624,1790276584.965
1681,162.756,1790276585.149
1682,162.824,1790276585.244
1683,162.888,1790276585.301
1684,162.956,1790276585.407
1685,163.020,1790276585.502
1686,163.088,1790276585.567
1687,163.152,1790276585.637
1688,163.220,1790276585.742
1689,163.284,1790276585.811
1690,163.352,1790276585.882
1691,163.416,1790276585.995
1692,163.484,1790276586.067
1693,163.616,1790276586.256
1694,163.680,1790276586.321
1695,163.748,1790276586.394
1696,163.880,1790276586.587
1697,163.944,1790276586.673
1698,164.012,1790276586.790
1699,164.076,1790276586.873
1700,164.144,1790276586.953
1701,164.208,1790276587.068
1702,164.276,1790276587.154
1703,164.340,1790276587.233
1704,164.408,1790276587.350
1705,164.472,1790276587.424
1706,164.540,1790276587.513
1707,164.604,1790276587.628
1708,164.672,1790276587.710
1709,164.736,1790276587.788
1710,164.804,1790276587.900
1711,164.868,1790276587.984
1712,164.936,1790276588.066
1713,165.000,1790276588.126
1714,165.068,1790276588.228
1715,165.200,1790276588.370
1716,165.264,1790276588.478
1717,165.332,1790276588.561
1718,165.396,1790276588.624
1719,165.464,1790276588.730
1720,165.528,1790276588.821
1721,165.596,1790276588.883
1722,165.660,1790276588.982
1723,165.792,1790276589.140
1724,165.860,1790276589.246
1725,165.924,1790276589.347
1726,165.992,1790276589.411
1727,166.056,1790276589.520
1728,166.124,1790276589.626
1729,166.188,1790276589.690
1730,166.256,1790276589.790
1731,166.388,1790276589.949
1732,166.452,1790276590.033
1733,166.520,1790276590.148
1734,166.584,1790276590.214
1735,166.652,1790276590.296
1736,166.716,1790276590.406
1737,166.784,1790276590.472
1738,166.848,1790276590.549
1739,166.916,1790276590.667
1740,166.980,1790276590.738
1741,167.048,1790276590.809
1742,167.112,1790276590.921
1743,167.180,1790276591.001
1744,167.244,1790276591.078
1745,167.312,1790276591.195
1746,167.376,1790276591.275
1747,167.444,1790276591.357
1748,167.508,1790276591.471
1749,167.576,1790276591.551
1750,167.640,1790276591.627
1751,167.708,1790276591.741
1752,167.772,1790276591.815
1753,167.840,1790276591.892
1754,167.904,1790276592.003
1755,167.972,1790276592.085
1756,168.036,1790276592.166
1757,168.104,1790276592.274
1758,168.236,1790276592.441
1759,168.300,1790276592.504
1760,168.368,1790276592.606
1761,168.432,1790276592.687
1762,168.564,1790276592.856
1763,168.632,1790276592.946
1764,168.696,1790276593.005
1765,168.764,1790276593.116
1766,168.828,1790276593.199
1767,168.896,1790276593.262
1768,168.960,1790276593.368
1769,169.028,1790276593.471
1770,169.092,1790276593.529
1771,169.160,1790276593.634
1772,169.224,1790276593.725
1773,169.292,1790276593.795
1774,169.356,1790276593.903
1775,169.424,1790276594.000
1776,169.488,1790276594.065
1777,169.556,1790276594.177
1778,169.620,1790276594.274
1779,169.688,1790276594.344
1780,169.752,1790276594.419
1781,169.952,1790276594.673
1782,170.084,1790276594.839
1783,170.148,1790276594.915
1784,170.216,1790276595.036
1785,170.348,1790276595.193
1786,170.412,1790276595.304
1787,170.480,1790276595.377
1788,170.612,1790276595.577
1789,170.676,1790276595.657
1790,170.808,1790276595.838
1791,170.876,1790276595.923
1792,170.940,1790276596.010
1793,171.008,1790276596.120
1794,171.072,1790276596.192
1795,171.204,1790276596.398
1796,171.272,1790276596.481
1797,171.336,1790276596.569
1798,171.404,1790276596.686
1799,171.468,1790276596.764
1800,171.536,1790276596.848
1801,171.600,1790276596.912
1802,171.668,1790276597.024
1803,171.732,1790276597.119
1804,171.800,1790276597.181
1805,171.932,1790276597.382
1806,171.996,1790276597.444
1807,172.064,1790276597.556
1808,172.128,1790276597.643
1809,172.196,1790276597.712
1810,172.260,1790276597.822
1811,172.328,1790276597.921
1812,172.392,1790276597.981
1813,172.460,1790276598.087
1814,172.524,1790276598.172
1815,172.592,1790276598.240
1816,172.656,1790276598.347
1817,172.724,1790276598.444
1818,172.788,1790276598.508
1819,172.856,1790276598.629
1820,172.988,1790276598.800
1821,173.052,1790276598.876
1822,173.184,1790276599.076
1823,173.252,1790276599.157
1824,173.384,1790276599.357
1825,173.448,1790276599.441
1826,173.516,1790276599.567
1827,173.648,1790276599.731
1828,173.712,1790276599.846
1829,173.780,1790276599.927
1830,173.844,1790276600.004
1831,173.912,1790276600.125
1832,173.976,1790276600.199
1833,174.044,1790276600.281
1834,174.108,1790276600.392
1835,174.176,1790276600.474
1836,174.240,1790276600.549
1837,174.308,1790276600.670
1838,174.372,1790276600.749
1839,174.440,1790276600.831
1840,174.504,1790276600.963
1841,174.572,1790276601.056
1842,174.636,1790276601.154
1843,174.704,1790276601.281
1844,174.768,1790276601.368
1845,174.836,1790276601.465
1846,174.968,1790276601.656
1847,175.032,1790276601.749
1848,175.100,1790276601.814
1849,175.164,1790276601.927
1850,175.232,1790276602.025
1851,175.296,1790276602.088
1852,175.364,1790276602.197
1853,175.428,1790276602.277
1854,175.496,1790276602.344
1855,175.560,1790276602.452
1856,175.692,1790276602.598
1857,175.760,1790276602.703
1858,175.824,1790276602.791
1859,175.892,1790276602.856
1860,175.956,1790276602.962
1861,176.024,1790276603.063
1862,176.088,1790276603.124
1863,176.156,1790276603.235
1864,176.288,1790276603.404
1865,176.352,1790276603.481
1866,176.420,1790276603.603
1867,176.484,1790276603.669
1868,176.552,1790276603.749
1869,176.616,1790276603.863
1870,176.684,1790276603.933
1871,176.748,1790276604.010
1872,176.880,1790276604.204
1873,176.948,1790276604.288
1874,177.080,1790276604.485
1875,177.144,1790276604.562
1876,177.276,1790276604.761
1877,177.344,1790276604.831
1878,177.476,1790276605.031
1879,177.540,1790276605.118
1880,177.608,1790276605.240
1881,177.672,1790276605.316
1882,177.740,1790276605.394
1883,177.804,1790276605.511
1884,177.872,1790276605.589
1885,177.936,1790276605.667
1886,178.068,1790276605.868
1887,178.136,1790276605.946
1888,178.200,1790276606.012
1889,178.268,1790276606.130
1890,178.332,1790276606.218
1891,178.400,1790276606.282
1892,178.532,1790276606.484
1893,178.596,1790276606.543
1894,178.664,1790276606.656
1895,178.728,1790276606.742
1896,178.796,1790276606.808
1897,178.860,1790276606.933
1898,178.928,1790276607.024
1899,178.992,1790276607.100
1900,179.124,1790276607.289
1901,179.192,1790276607.354
1902,179.256,1790276607.460
1903,179.324,1790276607.557
1904,179.388,1790276607.618
1905,179.456,1790276607.740
1906,179.520,1790276607.831
1907,179.588,1790276607.897
1908,179.652,1790276607.983
1909,179.720,1790276608.101
1910,179.784,1790276608.161
1911,179.852,1790276608.239
1912,179.984,1790276608.418
1913,180.048,1790276608.493
1914,180.116,1790276608.615
1915,180.248,1790276608.767
1916,180.312,1790276608.888
1917,180.380,1790276608.963
1918,180.444,1790276609.040
1919,180.512,1790276609.159
1920,180.576,1790276609.230
1921,180.644,1790276609.305
1922,180.708,1790276609.421
1923,180.776,1790276609.501
1924,180.840,1790276609.583
1925,180.908,1790276609.697
1926,180.972,1790276609.776
1927,181.040,1790276609.856
1928,181.104,1790276609.978
1929,181.172,1790276610.065
1930,181.236,1790276610.152
1931,181.304,1790276610.264
1932,181.368,1790276610.344
1933,181.436,1790276610.433
1934,181.500,1790276610.497
1935,181.568,1790276610.604
1936,181.632,1790276610.685
1937,181.700,1790276610.749
1938,181.764,1790276610.853
1939,181.832,1790276610.947
1940,181.896,1790276611.011
1941,181.964,1790276611.131
1942,182.028,1790276611.223
1943,182.096,1790276611.288
1944,182.160,1790276611.404
1945,182.292,1790276611.558
1946,182.360,1790276611.673
1947,182.424,1790276611.763
1948,182.492,1790276611.833
1949,182.556,1790276611.942
1950,182.624,1790276612.055
1951,182.688,1790276612.120
1952,182.756,1790276612.244
1953,182.820,1790276612.334
1954,182.888,1790276612.402
1955,182.952,1790276612.476
1956,183.084,1790276612.648
1957,183.152,1790276612.737
1958,183.216,1790276612.854
1959,183.284,1790276612.931
1960,183.348,1790276613.011
1961,183.416,1790276613.130
1962,183.548,1790276613.278
1963,183.612,1790276613.398
1964,183.680,1790276613.475
1965,183.744,1790276613.549
1966,183.812,1790276613.661
1967,183.876,1790276613.738
1968,183.944,1790276613.824
1969,184.008,1790276613.946
1970,184.076,1790276614.022
1971,184.140,1790276614.111
1972,184.208,1790276614.221
1973,184.272,1790276614.297
1974,184.340,1790276614.379
1975,184.404,1790276614.492
1976,184.472,1790276614.569
1977,184.536,1790276614.654
1978,184.604,1790276614.767
1979,184.668,1790276614.847
1980,184.736,1790276614.933
1981,184.800,1790276615.003
1982,184.868,1790276615.116
1983,184.932,1790276615.198
1984,185.064,1790276615.378
1985,185.132,1790276615.460
1986,185.196,1790276615.528
1987,185.264,1790276615.643
1988,185.328,1790276615.734
1989,185.396,1790276615.797
1990,185.460,1790276615.913
1991,185.528,1790276616.002
1992,185.592,1790276616.064
1993,185.660,1790276616.179
1994,185.724,1790276616.268
1995,185.792,1790276616.332
1996,185.856,1790276616.446
1997,185.988,1790276616.598
1998,186.056,1790276616.718
1999,186.120,1790276616.816
2000,186.252,1790276616.962
2001,186.320,1790276617.076
2002,186.384,1790276617.142
2003,186.452,1790276617.215
2004,186.516,1790276617.323
2005,186.584,1790276617.395
2006,186.648,1790276617.468
2007,186.716,1790276617.580
2008,186.780,1790276617.653
2009,186.848,1790276617.724
2010,186.912,1790276617.844
2011,186.980,1790276617.909
2012,187.044,1790276617.981
2013,187.112,1790276618.098
2014,187.176,1790276618.173
2015,187.244,1790276618.247
2016,187.308,1790276618.360
2017,187.376,1790276618.442
2018,187.440,1790276618.520
2019,187.508,1790276618.635
2020,187.572,1790276618.708
2021,187.640,1790276618.789
2022,187.704,1790276618.908
2023,187.772,1790276618.997
2024,187.836,1790276619.080
2025,187.904,1790276619.201
2026,187.968,1790276619.277
2027,188.036,1790276619.365
2028,188.100,1790276619.426
2029,188.232,1790276619.614
2030,188.300,1790276619.680
2031,188.364,1790276619.787
2032,188.432,1790276619.881
2033,188.496,1790276619.941
2034,188.564,1790276620.051
2035,188.696,1790276620.209
2036,188.760,1790276620.326
2037,188.828,1790276620.414
2038,188.892,1790276620.481
2039,189.092,1790276620.764
2040,189.156,1790276620.874
2041,189.288,1790276621.030
2042,189.420,1790276621.241
2043,189.488,1790276621.311
2044,189.552,1790276621.391
2045,189.684,1790276621.564
2046,189.752,1790276621.645
2047,189.816,1790276621.759
2048,189.884,1790276621.834
2049,189.948,1790276621.919
2050,190.016,1790276622.035
2051,190.080,1790276622.114
2052,190.148,1790276622.193
2053,190.280,1790276622.384
2054,190.412,1790276622.578
2055,190.476,1790276622.649
2056,190.544,1790276622.728
2057,190.608,1790276622.840
2058,190.676,1790276622.918
2059,190.740,1790276623.006
2060,190.940,1790276623.286
2061,191.004,1790276623.401
2062,191.072,1790276623.484
2063,191.136,1790276623.567
2064,191.204,1790276623.685
2065,191.268,1790276623.768
2066,191.336,1790276623.854
2067,191.400,1790276623.915
2068,191.468,1790276624.025
2069,191.600,1790276624.178
2070,191.664,1790276624.286
2071,191.732,1790276624.381
2072,191.796,1790276624.442
2073,191.928,1790276624.668
2074,191.996,1790276624.733
2075,192.060,1790276624.841
2076,192.128,1790276624.942
2077,192.192,1790276625.004
2078,192.260,1790276625.125
2079,192.324,1790276625.213
2080,192.392,1790276625.279
2081,192.588,1790276625.559
2082,192.656,1790276625.684
2083,192.720,1790276625.788
2084,192.788,1790276625.861
2085,192.852,1790276625.949
2086,192.920,1790276626.080
2087,192.984,1790276626.159
2088,193.116,1790276626.371
2089,193.184,1790276626.453
2090,193.316,1790276626.671
2091,193.380,1790276626.749
2092,193.448,1790276626.841
2093,193.512,1790276626.977
2094,193.580,1790276627.063
2095,193.644,1790276627.150
2096,193.712,1790276627.284
2097,193.776,1790276627.364
2098,193.844,1790276627.463
2099,193.908,1790276627.595
2100,193.976,1790276627.679
2101,194.040,1790276627.773
2102,194.108,1790276627.906
2103,194.172,1790276627.986
2104,194.240,1790276628.079
2105,194.304,1790276628.208
2106,194.372,1790276628.302
2107,194.436,1790276628.402
2108,194.504,1790276628.534
2109,194.568,1790276628.626
2110,194.636,1790276628.717
2111,194.832,1790276629.001
2112,194.900,1790276629.082
2113,194.964,1790276629.209
2114,195.032,1790276629.309
2115,195.096,1790276629.382
2116,195.164,1790276629.518
2117,195.228,1790276629.617
2118,195.296,1790276629.691
2119,195.428,1790276629.936
2120,195.492,1790276630.005
2121,195.560,1790276630.148
2122,195.624,1790276630.259
2123,195.692,1790276630.327
2124,195.756,1790276630.463
2125,195.824,1790276630.572
2126,195.888,1790276630.642
2127,195.956,1790276630.778
2128,196.020,1790276630.882
2129,196.088,1790276630.955
2130,196.152,1790276631.043
2131,196.220,1790276631.177
2132,196.284,1790276631.245
2133,196.352,1790276631.331
2134,196.416,1790276631.457
2135,196.484,1790276631.539
2136,196.548,1790276631.625
2137,196.616,1790276631.760
2138,196.680,1790276631.836
2139,196.748,1790276631.915
2140,196.812,1790276632.033
2141,196.880,1790276632.110
2142,196.944,1790276632.182
2143,197.012,1790276632.300
2144,197.144,1790276632.453
2145,197.208,1790276632.568
2146,197.276,1790276632.645
2147,197.340,1790276632.718
2148,197.408,1790276632.843
2149,197.540,1790276633.022
2150,197.604,1790276633.150
2151,197.672,1790276633.239
2152,197.736,1790276633.331
2153,197.804,1790276633.451
2154,197.868,1790276633.539
2155,197.936,1790276633.634
2156,198.000,1790276633.702
2157,198.068,1790276633.823
2158,198.132,1790276633.915
2159,198.200,1790276633.979
2160,198.264,1790276634.095
2161,198.332,1790276634.187
2162,198.396,1790276634.246
2163,198.464,1790276634.363
2164,198.528,1790276634.452
2165,198.596,1790276634.516
2166,198.660,1790276634.640
2167,198.728,1790276634.733
2168,198.792,1790276634.800
2169,198.860,1790276634.919
2170,198.924,1790276635.018
2171,198.992,1790276635.093
2172,199.056,1790276635.221
2173,199.124,1790276635.328
2174,199.188,1790276635.392
2175,199.256,1790276635.508
2176,199.320,1790276635.614
2177,199.388,1790276635.688
2178,199.520,1790276635.876
2179,199.584,1790276635.943
2180,199.652,1790276636.024
2181,199.716,1790276636.144
2182,199.784,1790276636.223
2183,199.916,1790276636.442
2184,199.980,1790276636.511
2185,200.048,1790276636.591
2186,200.180,1790276636.804
2187,200.244,1790276636.880
2188,200.312,1790276636.998
2189,200.376,1790276637.069
2190,200.444,1790276637.144
2191,200.508,1790276637.262
2192,200.576,1790276637.338
2193,200.640,1790276637.417
2194,200.708,1790276637.537
2195,200.772,1790276637.615
2196,200.840,1790276637.701
2197,200.904,1790276637.815
2198,200.972,1790276637.896
2199,201.036,1790276637.975
2200,201.104,1790276638.089
2201,201.168,1790276638.167
2202,201.236,1790276638.250
2203,201.432,1790276638.496
2204,201.500,1790276638.562
2205,201.564,1790276638.662
2206,201.632,1790276638.760
2207,201.696,1790276638.819
2208,201.764,1790276638.947
2209,201.828,1790276639.037
2210,201.896,1790276639.102
2211,201.960,1790276639.229
2212,202.028,1790276639.323
2213,202.092,1790276639.392
2214,202.160,1790276639.507
2215,202.224,1790276639.613
2216,202.292,1790276639.682
2217,202.424,1790276639.913
2218,202.488,1790276639.977
2219,202.556,1790276640.092
2220,202.688,1790276640.257
2221,202.752,1790276640.332
2222,202.820,1790276640.461
2223,202.884,1790276640.530
2224,203.016,1790276640.736
2225,203.148,1790276640.919
2226,203.216,1790276641.039
2227,203.280,1790276641.111
2228,203.348,1790276641.189
2229,203.412,1790276641.306
2230,203.480,1790276641.388
2231,203.544,1790276641.459
2232,203.612,1790276641.578
2233,203.676,1790276641.667
2234,203.876,1790276641.962
2235,203.940,1790276642.053
2236,204.008,1790276642.177
2237,204.140,1790276642.344
2238,204.204,1790276642.473
2239,204.272,1790276642.560
2240,204.336,1790276642.645
2241,204.404,1790276642.757
2242,204.468,1790276642.838
2243,204.536,1790276642.922
2244,204.600,1790276642.985
2245,204.668,1790276643.095
2246,204.732,1790276643.181
2247,204.800,1790276643.243
2248,204.864,1790276643.363
2249,204.932,1790276643.451
2250,204.996,1790276643.518
2251,205.064,1790276643.638
2252,205.128,1790276643.725
2253,205.260,1790276643.919
2254,205.328,1790276644.018
2255,205.460,1790276644.204
2256,205.592,1790276644.362
2257,205.656,1790276644.478
2258,205.724,1790276644.568
2259,205.788,1790276644.640
2260,205.856,1790276644.759
2261,205.920,1790276644.855
2262,205.988,1790276644.923
2263,206.052,1790276645.021
2264,206.184,1790276645.199
2265,206.252,1790276645.272
2266,206.316,1790276645.383
2267,206.448,1790276645.528
2268,206.516,1790276645.644
2269,206.580,1790276645.710
2270,206.648,1790276645.792
2271,206.712,1790276645.912
2272,206.912,1790276646.177
2273,207.044,1790276646.327
2274,207.108,1790276646.440
2275,207.176,1790276646.514
2276,207.240,1790276646.594
2277,207.308,1790276646.709
2278,207.372,1790276646.784
2279,207.440,1790276646.863
2280,207.504,1790276646.984
2281,207.572,1790276647.067
2282,207.636,1790276647.147
2283,207.704,1790276647.257
2284,207.836,1790276647.438
2285,207.900,1790276647.494
2286,207.968,1790276647.599
2287,208.032,1790276647.686
2288,208.100,1790276647.750
2289,208.164,1790276647.856
2290,208.232,1790276647.941
2291,208.296,1790276648.003
2292,208.364,1790276648.121
2293,208.496,1790276648.274
2294,208.560,1790276648.387
2295,208.628,1790276648.487
2296,208.692,1790276648.550
2297,208.760,1790276648.680
2298,208.824,1790276648.778
2299,208.892,1790276648.853
2300,209.024,1790276649.086
2301,209.088,1790276649.155
2302,209.156,1790276649.275
2303,209.220,1790276649.366
2304,209.352,1790276649.514
2305,209.420,1790276649.623
2306,209.484,1790276649.687
2307,209.552,1790276649.765
2308,209.616,1790276649.877
2309,209.684,1790276649.948
2310,209.748,1790276650.026
2311,209.816,1790276650.152
2312,209.880,1790276650.219
2313,209.948,1790276650.296
2314,210.012,1790276650.415
2315,210.080,1790276650.498
2316,210.144,1790276650.586
2317,210.212,1790276650.707
2318,210.276,1790276650.778
2319,210.344,1790276650.858
2320,210.408,1790276650.972
2321,210.476,1790276651.052
2322,210.540,1790276651.138
2323,210.608,1790276651.264
2324,210.672,1790276651.356
2325,210.740,1790276651.449
2326,210.804,1790276651.567
2327,210.872,1790276651.653
2328,210.936,1790276651.739
2329,211.004,1790276651.868
2330,211.068,1790276651.953
2331,211.136,1790276652.043
2332,211.200,1790276652.111
2333,211.268,1790276652.233
2334,211.332,1790276652.317
2335,211.400,1790276652.382
2336,211.464,1790276652.500
2337,211.532,1790276652.590
2338,211.596,1790276652.652
2339,211.664,1790276652.772
2340,211.728,1790276652.856
2341,211.796,1790276652.924
2342,211.860,1790276653.039
2343,211.928,1790276653.143
2344,211.992,1790276653.204
2345,212.060,1790276653.318
2346,212.124,1790276653.413
2347,212.192,1790276653.482
2348,212.256,1790276653.606
2349,212.324,1790276653.704
2350,212.388,1790276653.774
2351,212.456,1790276653.885
2352,212.588,1790276654.048
2353,212.652,1790276654.140
2354,212.720,1790276654.264
2355,212.784,1790276654.331
2356,212.852,1790276654.411
2357,212.916,1790276654.527
2358,212.984,1790276654.600
2359,213.048,1790276654.681
2360,213.116,1790276654.801
2361,213.180,1790276654.865
2362,213.248,1790276654.942
2363,213.312,1790276655.057
2364,213.380,1790276655.138
2365,213.444,1790276655.214
2366,213.512,1790276655.333
2367,213.576,1790276655.415
2368,213.644,1790276655.497
2369,213.708,1790276655.612
2370,213.776,1790276655.696
2371,213.840,1790276655.781
2372,213.908,1790276655.897
2373,213.972,1790276655.978
2374,214.040,1790276656.072
2375,214.104,1790276656.198
2376,214.172,1790276656.283
2377,214.236,1790276656.366
2378,214.304,1790276656.475
2379,214.368,1790276656.561
2380,214.436,1790276656.642
2381,214.500,1790276656.702
2382,214.568,1790276656.806
2383,214.632,1790276656.898
2384,214.700,1790276656.963
2385,214.764,1790276657.087
2386,214.832,1790276657.193
2387,214.896,1790276657.254
2388,214.964,1790276657.379
2389,215.028,1790276657.475
2390,215.096,1790276657.539
2391,215.160,1790276657.659
2392,215.228,1790276657.758
2393,215.292,1790276657.818
2394,215.360,1790276657.929
2395,215.424,1790276658.026
2396,215.492,1790276658.092
2397,215.556,1790276658.207
2398,215.624,1790276658.299
2399,215.688,1790276658.359
2400,215.756,1790276658.473
2401,215.820,1790276658.579
2402,215.888,1790276658.649
2403,215.952,1790276658.727
2404,216.020,1790276658.831
2405,216.084,1790276658.894
2406,216.152,1790276658.974
2407,216.216,1790276659.094
2408,216.284,1790276659.167
2409,216.348,1790276659.254
2410,216.416,1790276659.377
2411,216.480,1790276659.442
2412,216.548,1790276659.523
2413,216.612,1790276659.637
2414,216.680,1790276659.704
2415,216.744,1790276659.786
2416,216.812,1790276659.908
2417,216.876,1790276659.994
2418,216.944,1790276660.081
2419,217.008,1790276660.205
2420,217.076,1790276660.297
2421,217.140,1790276660.377
2422,217.208,1790276660.496
2423,217.272,1790276660.570
2424,217.340,1790276660.658
2425,217.404,1790276660.774
2426,217.536,1790276660.936
2427,217.604,1790276661.048
2428,217.668,1790276661.138
2429,217.736,1790276661.223
2430,217.800,1790276661.288
2431,217.868,1790276661.396
2432,217.932,1790276661.488
2433,218.000,1790276661.551
2434,218.132,1790276661.745
2435,218.196,1790276661.805
2436,218.264,1790276661.914
2437,218.328,1790276662.009
2438,218.396,1790276662.076
2439,218.460,1790276662.195
2440,218.528,1790276662.290
2441,218.592,1790276662.360
2442,218.660,1790276662.485
2443,218.724,1790276662.584
2444,218.792,1790276662.665
2445,218.856,1790276662.795
2446,218.988,1790276662.986
2447,219.056,1790276663.116
2448,219.120,1790276663.220
2449,219.188,1790276663.296
2450,219.252,1790276663.390
2451,219.320,1790276663.512
2452,219.384,1790276663.590
2453,219.452,1790276663.673
2454,219.516,1790276663.806
2455,219.584,1790276663.889
2456,219.648,1790276663.970
2457,219.716,1790276664.104
2458,219.780,1790276664.183
2459,219.848,1790276664.271
2460,219.912,1790276664.402
2461,220.112,1790276664.694
2462,220.176,1790276664.778
2463,220.244,1790276664.860
2464,220.308,1790276664.984
2465,220.376,1790276665.070
2466,220.440,1790276665.159
2467,220.508,1790276665.288
2468,220.572,1790276665.375
2469,220.640,1790276665.466
2470,220.772,1790276665.703
2471,220.836,1790276665.798
2472,220.904,1790276665.933
2473,220.968,1790276666.020
2474,221.036,1790276666.103
2475,221.168,1790276666.282
2476,221.232,1790276666.364
2477,221.300,1790276666.427
2478,221.432,1790276666.641
2479,221.496,1790276666.709
2480,221.564,1790276666.843
2481,221.628,1790276666.942
2482,221.696,1790276667.017
2483,221.760,1790276667.155
2484,221.828,1790276667.262
2485,221.960,1790276667.482
2486,222.024,1790276667.584
2487,222.092,1790276667.658
2488,222.156,1790276667.789
2489,222.224,1790276667.889
2490,222.288,1790276667.958
2491,222.356,1790276668.080
2492,222.420,1790276668.181
2493,222.488,1790276668.247
2494,222.552,1790276668.325
2495,222.684,1790276668.511
2496,222.752,1790276668.597
2497,222.816,1790276668.705
2498,222.884,1790276668.772
2499,223.016,1790276668.970
2500,223.080,1790276669.039
2501,223.148,1790276669.116
2502,223.212,1790276669.237
2503,223.280,1790276669.310
2504,223.344,1790276669.393
2505,223.412,1790276669.509
2506,223.544,1790276669.681
2507,223.608,1790276669.795
2508,223.676,1790276669.877
2509,223.740,1790276669.963
2510,223.808,1790276670.078
2511,223.872,1790276670.160
2512,223.940,1790276670.251
2513,224.004,1790276670.366
2514,224.072,1790276670.451
2515,224.136,1790276670.542
2516,224.204,1790276670.669
2517,224.268,1790276670.756
2518,224.400,1790276670.913
2519,224.468,1790276671.025
2520,224.532,1790276671.125
2521,224.600,1790276671.191
2522,224.664,1790276671.307
2523,224.732,1790276671.395
2524,224.796,1790276671.457
2525,224.864,1790276671.567
2526,224.928,1790276671.663
2527,224.996,1790276671.729
2528,225.060,1790276671.851
2529,225.128,1790276671.947
2530,225.192,1790276672.012
2531,225.260,1790276672.130
2532,225.324,1790276672.225
2533,225.392,1790276672.291
2534,225.524,1790276672.501
2535,225.588,1790276672.563
2536,225.656,1790276672.689
2537,225.720,1790276672.786
2538,225.788,1790276672.861
2539,225.920,1790276673.060
2540,225.984,1790276673.122
2541,226.052,1790276673.196
2542,226.116,1790276673.304
2543,226.184,1790276673.373
2544,226.248,1790276673.449
2545,226.316,1790276673.572
2546,226.380,1790276673.641
2547,226.448,1790276673.720
2548,226.580,1790276673.918
2549,226.644,1790276674.003
2550,226.712,1790276674.129
2551,226.776,1790276674.208
2552,226.844,1790276674.288
2553,226.908,1790276674.408
2554,227.040,1790276674.574
2555,227.108,1790276674.696
2556,227.172,1790276674.777
2557,227.240,1790276674.871
2558,227.304,1790276674.986
2559,227.372,1790276675.062
2560,227.436,1790276675.155
2561,227.504,1790276675.274
2562,227.568,1790276675.360
2563,227.636,1790276675.455
2564,227.700,1790276675.515
2565,227.768,1790276675.624
2566,227.832,1790276675.712
2567,227.900,1790276675.778
2568,227.964,1790276675.895
2569,228.032,1790276675.984
2570,228.096,1790276676.043
2571,228.164,1790276676.154
2572,228.228,1790276676.245
2573,228.360,1790276676.431
2574,228.428,1790276676.530
2575,228.492,1790276676.591
2576,228.560,1790276676.706
2577,228.624,1790276676.807
2578,228.692,1790276676.872
2579,228.756,1790276676.992
2580,228.824,1790276677.090
2581,228.888,1790276677.149
2582,228.956,1790276677.266
2583,229.020,1790276677.363
2584,229.088,1790276677.431
2585,229.152,1790276677.510
2586,229.284,1790276677.697
2587,229.352,1790276677.776
2588,229.416,1790276677.902
2589,229.548,1790276678.049
2590,229.616,1790276678.175
2591,229.680,1790276678.246
2592,229.748,1790276678.333
2593,229.812,1790276678.452
2594,229.880,1790276678.527
2595,229.944,1790276678.610
2596,230.012,1790276678.729
2597,230.208,1790276679.023
2598,230.276,1790276679.111
2599,230.340,1790276679.199
2600,230.408,1790276679.311
2601,230.472,1790276679.396
2602,230.604,1790276679.596
2603,230.672,1790276679.679
2604,230.736,1790276679.756
2605,230.804,1790276679.875
2606,230.868,1790276679.959
2607,230.936,1790276680.039
2608,231.068,1790276680.227
2609,231.132,1790276680.308
2610,231.200,1790276680.374
2611,231.264,1790276680.480
2612,231.332,1790276680.568
2613,231.396,1790276680.627
2614,231.464,1790276680.742
2615,231.528,1790276680.827
2616,231.596,1790276680.893
2617,231.660,1790276681.022
2618,231.728,1790276681.117
2619,231.792,1790276681.177
2620,231.924,1790276681.392
2621,231.992,1790276681.460
2622,232.056,1790276681.583
2623,232.124,1790276681.679
2624,232.188,1790276681.749
2625,232.256,1790276681.863
2626,232.388,1790276682.035
2627,232.452,1790276682.125
2628,232.520,1790276682.234
2629,232.584,1790276682.300
2630,232.652,1790276682.373
2631,232.716,1790276682.483
2632,232.784,1790276682.551
2633,232.848,1790276682.627
2634,232.916,1790276682.747
2635,232.980,1790276682.815
2636,233.112,1790276683.015
2637,233.180,1790276683.084
2638,233.244,1790276683.168
2639,233.444,1790276683.440
2640,233.508,1790276683.555
2641,233.576,1790276683.633
2642,233.640,1790276683.712
2643,233.772,1790276683.906
2644,233.840,1790276683.991
2645,233.904,1790276684.107
2646,233.972,1790276684.188
2647,234.104,1790276684.391
2648,234.168,1790276684.475
2649,234.368,1790276684.728
2650,234.432,1790276684.809
2651,234.500,1790276684.874
2652,234.696,1790276685.174
2653,234.764,1790276685.315
2654,234.828,1790276685.413
2655,234.960,1790276685.619
2656,235.028,1790276685.729
2657,235.092,1790276685.800
2658,235.160,1790276685.932
2659,235.224,1790276686.041
2660,235.292,1790276686.121
2661,235.356,1790276686.236
2662,235.424,1790276686.333
2663,235.488,1790276686.403
2664,235.556,1790276686.514
2665,235.620,1790276686.615
2666,235.688,1790276686.682
2667,235.752,1790276686.771
2668,235.820,1790276686.896
2669,235.884,1790276686.971
2670,235.952,1790276687.054
2671,236.084,1790276687.257
2672,236.148,1790276687.339
2673,236.216,1790276687.467
2674,236.280,1790276687.548
2675,236.412,1790276687.774
2676,236.480,1790276687.859
2677,236.544,1790276687.950
2678,236.612,1790276688.078
2679,236.676,1790276688.161
2680,236.744,1790276688.256
2681,236.808,1790276688.374
2682,236.876,1790276688.458
2683,236.940,1790276688.538
2684,237.008,1790276688.651
2685,237.072,1790276688.731
2686,237.140,1790276688.815
2687,237.204,1790276688.928
2688,237.272,1790276689.006
2689,237.336,1790276689.096
2690,237.404,1790276689.211
2691,237.468,1790276689.295
2692,237.536,1790276689.376
2693,237.600,1790276689.439
2694,237.668,1790276689.549
2695,237.732,1790276689.634
2696,237.800,1790276689.699
2697,237.864,1790276689.810
2698,237.932,1790276689.899
2699,237.996,1790276689.959
2700,238.064,1790276690.075
2701,238.128,1790276690.159
2702,238.196,1790276690.223
2703,238.260,1790276690.332
2704,238.392,1790276690.492
2705,238.460,1790276690.600
2706,238.524,1790276690.701
2707,238.592,1790276690.765
2708,238.656,1790276690.873
2709,238.724,1790276690.968
2710,238.788,1790276691.030
2711,238.856,1790276691.137
2712,238.920,1790276691.237
2713,238.988,1790276691.307
2714,239.052,1790276691.377
2715,239.120,1790276691.482
2716,239.184,1790276691.546
2717,239.252,1790276691.619
2718,239.316,1790276691.731
2719,239.384,1790276691.805
2720,239.448,1790276691.884
2721,239.516,1790276691.997
2722,239.580,1790276692.065
2723,239.648,1790276692.144
2724,239.712,1790276692.265
2725,239.780,1790276692.336
2726,239.844,1790276692.414
2727,239.912,1790276692.532
2728,239.976,1790276692.615
2729,240.044,1790276692.699
2730,240.108,1790276692.825
2731,240.176,1790276692.918
2732,240.240,1790276693.007
2733,240.308,1790276693.147
2734,240.372,1790276693.236
2735,240.440,1790276693.325
2736,240.504,1790276693.451
2737,240.572,1790276693.547
2738,240.636,1790276693.636
2739,240.704,1790276693.765
2740,240.768,1790276693.852
2741,240.836,1790276693.939
2742,240.900,1790276694.003
2743,240.968,1790276694.124
2744,241.100,1790276694.276
2745,241.232,1790276694.472
2746,241.296,1790276694.534
2747,241.560,1790276694.936
2748,241.628,1790276695.042
2749,241.692,1790276695.114
2750,241.760,1790276695.249
2751,241.824,1790276695.354
2752,241.892,1790276695.430
2753,241.956,1790276695.563
2754,242.024,1790276695.668
2755,242.088,1790276695.747
2756,242.156,1790276695.873
2757,242.220,1790276695.976
2758,242.288,1790276696.058
2759,242.352,1790276696.147
2760,242.484,1790276696.332
2761,242.552,1790276696.416
2762,242.616,1790276696.520
2763,242.684,1790276696.587
2764,242.816,1790276696.779
2765,242.948,1790276696.927
2766,243.012,1790276697.047
2767,243.080,1790276697.126
2768,243.144,1790276697.197
2769,243.212,1790276697.313
2770,243.344,1790276697.475
2771,243.408,1790276697.592
2772,243.476,1790276697.671
2773,243.540,1790276697.761
2774,243.608,1790276697.877
2775,243.672,1790276697.961
2776,243.740,1790276698.054
2777,243.804,1790276698.174
2778,243.872,1790276698.254
2779,243.936,1790276698.336
2780,244.004,1790276698.455
2781,244.068,1790276698.537
2782,244.136,1790276698.627
2783,244.200,1790276698.689
2784,244.268,1790276698.802
2785,244.332,1790276698.885
2786,244.400,1790276698.953
2787,244.464,1790276699.057
2788,244.532,1790276699.142
2789,244.596,1790276699.204
2790,244.664,1790276699.319
2791,244.728,1790276699.415
2792,244.796,1790276699.479
2793,244.860,1790276699.593
2794,244.928,1790276699.681
2795,244.992,1790276699.741
2796,245.060,1790276699.857
2797,245.124,1790276699.958
2798,245.192,1790276700.022
2799,245.256,1790276700.138
2800,245.324,1790276700.233
2801,245.388,1790276700.301
2802,245.456,1790276700.423
2803,245.520,1790276700.520
2804,245.588,1790276700.588
2805,245.652,1790276700.671
2806,245.720,1790276700.779
2807,245.784,1790276700.845
2808,245.852,1790276700.918
2809,245.916,1790276701.024
2810,245.984,1790276701.103
2811,246.048,1790276701.178
2812,246.116,1790276701.302
2813,246.180,1790276701.368
2814,246.248,1790276701.449
2815,246.312,1790276701.577
2816,246.380,1790276701.647
2817,246.444,1790276701.721
2818,246.512,1790276701.843
2819,246.576,1790276701.918
2820,246.708,1790276702.120
2821,246.776,1790276702.208
2822,246.840,1790276702.292
2823,246.908,1790276702.415
2824,246.972,1790276702.501
2825,247.040,1790276702.592
2826,247.104,1790276702.721
2827,247.172,1790276702.805
2828,247.236,1790276702.887
2829,247.304,1790276703.000
2830,247.368,1790276703.085
2831,247.436,1790276703.165
2832,247.500,1790276703.230
2833,247.700,1790276703.510
2834,247.764,1790276703.632
2835,247.896,1790276703.786
2836,247.964,1790276703.900
2837,248.096,1790276704.065
2838,248.160,1790276704.196
2839,248.228,1790276704.290
2840,248.292,1790276704.349
2841,248.424,1790276704.567
2842,248.492,1790276704.640
2843,248.556,1790276704.762
2844,248.624,1790276704.863
2845,248.688,1790276704.925
2846,248.820,1790276705.128
2847,248.888,1790276705.194
2848,249.020,1790276705.387
2849,249.084,1790276705.457
2850,249.216,1790276705.641
2851,249.284,1790276705.711
2852,249.348,1790276705.796
2853,249.416,1790276705.911
2854,249.548,1790276706.054
2855,249.612,1790276706.168
2856,249.744,1790276706.326
2857,249.812,1790276706.452
2858,249.876,1790276706.523
2859,249.944,1790276706.603
2860,250.076,1790276706.811
2861,250.140,1790276706.890
2862,250.208,1790276707.018
2863,250.272,1790276707.108
2864,250.340,1790276707.186
2865,250.404,1790276707.298
2866,250.472,1790276707.383
2867,250.536,1790276707.467
2868,250.604,1790276707.581
2869,250.668,1790276707.667
2870,250.736,1790276707.758
2871,250.800,1790276707.820
2872,250.868,1790276707.925
2873,250.932,1790276708.009
2874,251.000,1790276708.071
2875,251.064,1790276708.182
2876,251.132,1790276708.277
2877,251.196,1790276708.339
2878,251.264,1790276708.453
2879,251.328,1790276708.540
2880,251.396,1790276708.605
2881,251.460,1790276708.721
2882,251.592,1790276708.884
2883,251.660,1790276709.003
2884,251.724,1790276709.097
2885,251.792,1790276709.165
2886,251.856,1790276709.280
2887,251.924,1790276709.381
2888,251.988,1790276709.451
2889,252.056,1790276709.578
2890,252.120,1790276709.674
2891,252.188,1790276709.737
2892,252.252,1790276709.816
2893,252.320,1790276709.939
2894,252.384,1790276710.005
2895,252.452,1790276710.099
2896,252.516,1790276710.221
2897,252.584,1790276710.291
2898,252.648,1790276710.366
2899,252.716,1790276710.484
2900,252.780,1790276710.550
2901,252.848,1790276710.635
2902,252.912,1790276710.757
2903,252.980,1790276710.832
2904,253.044,1790276710.923
2905,253.112,1790276711.045
2906,253.176,1790276711.117
2907,253.244,1790276711.200
2908,253.308,1790276711.327
2909,253.376,1790276711.404
2910,253.440,1790276711.485
2911,253.508,1790276711.603
2912,253.572,1790276711.682
2913,253.640,1790276711.762
2914,253.704,1790276711.885
2915,253.772,1790276711.971
2916,253.836,1790276712.063
2917,253.904,1790276712.184
2918,253.968,1790276712.266
2919,254.036,1790276712.347
2920,254.100,1790276712.410
2921,254.168,1790276712.522
2922,254.232,1790276712.611
2923,254.300,1790276712.677
2924,254.364,1790276712.795
2925,254.496,1790276712.958
2926,254.564,1790276713.080
2927,254.628,1790276713.165
2928,254.696,1790276713.231
2929,254.760,1790276713.351
2930,254.828,1790276713.444
2931,254.892,1790276713.505
2932,254.960,1790276713.614
2933,255.024,1790276713.703
2934,255.092,1790276713.770
2935,255.156,1790276713.890
2936,255.224,1790276713.988
2937,255.288,1790276714.051
2938,255.356,1790276714.165
2939,255.420,1790276714.259
2940,255.488,1790276714.325
2941,255.552,1790276714.405
2942,255.620,1790276714.515
2943,255.684,1790276714.587
2944,255.752,1790276714.666
2945,255.816,1790276714.776
2946,255.884,1790276714.853
2947,255.948,1790276714.933
2948,256.016,1790276715.057
2949,256.080,1790276715.130
2950,256.148,1790276715.210
2951,256.212,1790276715.328
2952,256.280,1790276715.403
2953,256.344,1790276715.487
2954,256.412,1790276715.609
2955,256.476,1790276715.694
2956,256.544,1790276715.774
2957,256.608,1790276715.893
2958,256.676,1790276715.972
2959,256.740,1790276716.056
2960,256.808,1790276716.169
2961,256.872,1790276716.247
2962,256.940,1790276716.335
2963,257.004,1790276716.452
2964,257.072,1790276716.539
2965,257.204,1790276716.735
2966,257.336,1790276716.907
2967,257.400,1790276716.971
2968,257.468,1790276717.095
2969,257.664,1790276717.348
2970,257.732,1790276717.439
2971,257.796,1790276717.508
2972,257.864,1790276717.626
2973,257.928,1790276717.720
2974,257.996,1790276717.785
2975,258.060,1790276717.906
2976,258.128,1790276718.000
2977,258.192,1790276718.063
2978,258.260,1790276718.177
2979,258.324,1790276718.267
2980,258.392,1790276718.336
2981,258.456,1790276718.441
2982,258.524,1790276718.540
2983,258.588,1790276718.604
2984,258.656,1790276718.718
2985,258.720,1790276718.817
2986,258.788,1790276718.885
2987,258.852,1790276718.970
2988,258.920,1790276719.086
2989,258.984,1790276719.158
2990,259.052,1790276719.241
2991,259.116,1790276719.351
2992,259.184,1790276719.428
2993,259.248,1790276719.501
2994,259.316,1790276719.618
2995,259.380,1790276719.693
2996,259.512,1790276719.898
2997,259.580,1790276719.984
2998,259.644,1790276720.076
2999,259.712,1790276720.220
3000,259.844,1790276720.391
3001,259.908,1790276720.521
3002,259.976,1790276720.610
3003,260.040,1790276720.700
3004,260.108,1790276720.827
3005,260.172,1790276720.915
3006,260.240,1790276720.995
3007,260.304,1790276721.110
3008,260.372,1790276721.198
3009,260.436,1790276721.277
3010,260.504,1790276721.394
3011,260.568,1790276721.481
3012,260.636,1790276721.578
3013,260.700,1790276721.648
3014,260.768,1790276721.768
3015,260.832,1790276721.849
3016,260.900,1790276721.917
3017,260.964,1790276722.030
3018,261.032,1790276722.127
3019,261.096,1790276722.187
3020,261.164,1790276722.305
3021,261.228,1790276722.397
3022,261.296,1790276722.471
3023,261.360,1790276722.596
3024,261.492,1790276722.753
3025,261.624,1790276722.963
3026,261.692,1790276723.031
3027,261.756,1790276723.143
3028,261.824,1790276723.243
3029,261.888,1790276723.313
3030,261.956,1790276723.431
3031,262.020,1790276723.540
3032,262.088,1790276723.622
3033,262.152,1790276723.708
3034,262.220,1790276723.838
3035,262.284,1790276723.917
3036,262.352,1790276724.002
3037,262.416,1790276724.142
3038,262.484,1790276724.218
3039,262.548,1790276724.315
3040,262.616,1790276724.433
3041,262.680,1790276724.505
3042,262.748,1790276724.581
3043,262.812,1790276724.703
3044,262.880,1790276724.779
3045,262.944,1790276724.861
3046,263.012,1790276724.981
3047,263.076,1790276725.064
3048,263.144,1790276725.157
3049,263.208,1790276725.286
3050,263.276,1790276725.361
3051,263.340,1790276725.446
3052,263.408,1790276725.563
3053,263.472,1790276725.645
3054,263.540,1790276725.731
3055,263.604,1790276725.848
3056,263.672,1790276725.935
3057,263.736,1790276726.023
3058,263.804,1790276726.140
3059,263.868,1790276726.219
3060,263.936,1790276726.311
3061,264.000,1790276726.375
3062,264.068,1790276726.483
3063,264.132,1790276726.560
3064,264.200,1790276726.628
3065,264.264,1790276726.738
3066,264.332,1790276726.828
3067,264.396,1790276726.888
3068,264.464,1790276726.998
3069,264.660,1790276727.278
3070,264.728,1790276727.365
3071,264.792,1790276727.427
3072,264.860,1790276727.538
3073,264.924,1790276727.628
3074,264.992,1790276727.693
3075,265.056,1790276727.806
3076,265.124,1790276727.909
3077,265.188,1790276727.980
3078,265.320,1790276728.186
3079,265.388,1790276728.253
3080,265.452,1790276728.335
3081,265.520,1790276728.458
3082,265.584,1790276728.532
3083,265.652,1790276728.616
3084,265.716,1790276728.733
3085,265.784,1790276728.800
3086,265.848,1790276728.876
3087,265.916,1790276728.994
3088,265.980,1790276729.067
3089,266.048,1790276729.139
3090,266.112,1790276729.257
3091,266.180,1790276729.334
3092,266.244,1790276729.417
3093,266.312,1790276729.532
3094,266.376,1790276729.604
3095,266.444,1790276729.689
3096,266.508,1790276729.803
3097,266.576,1790276729.890
3098,266.708,1790276730.092
3099,266.840,1790276730.254
3100,266.904,1790276730.369
3101,267.036,1790276730.546
3102,267.104,1790276730.663
3103,267.168,1790276730.751
3104,267.236,1790276730.836
3105,267.300,1790276730.899
3106,267.368,1790276731.007
3107,267.432,1790276731.093
3108,267.500,1790276731.158
3109,267.632,1790276731.366
3110,267.696,1790276731.427
3111,267.764,1790276731.549
3112,267.828,1790276731.648
3113,267.896,1790276731.708
3114,267.960,1790276731.830
3115,268.028,1790276731.920
3116,268.092,1790276731.984
3117,268.160,1790276732.101
3118,268.224,1790276732.192
3119,268.292,1790276732.253
3120,268.356,1790276732.362
3121,268.424,1790276732.462
3122,268.488,1790276732.526
3123,268.556,1790276732.635
3124,268.620,1790276732.733
3125,268.688,1790276732.797
3126,268.752,1790276732.875
3127,268.820,1790276732.985
3128,268.884,1790276733.051
3129,268.952,1790276733.141
3130,269.016,1790276733.253
3131,269.084,1790276733.324
3132,269.148,1790276733.393
3133,269.216,1790276733.518
3134,269.280,1790276733.596
3135,269.348,1790276733.681
3136,269.480,1790276733.885
3137,269.544,1790276733.963
3138,269.612,1790276734.094
3139,269.676,1790276734.174
3140,269.744,1790276734.266
3141,269.808,1790276734.389
3142,269.876,1790276734.474
3143,269.940,1790276734.555
3144,270.008,1790276734.685
3145,270.072,1790276734.768
3146,270.140,1790276734.856
3147,270.272,1790276735.062
3148,270.336,1790276735.146
3149,270.404,1790276735.256
3150,270.468,1790276735.338
3151,270.536,1790276735.428
3152,270.668,1790276735.597
3153,270.732,1790276735.691
3154,270.864,1790276735.862
3155,270.932,1790276735.953
3156,270.996,1790276736.015
3157,271.064,1790276736.144
3158,271.128,1790276736.230
3159,271.196,1790276736.294
3160,271.260,1790276736.396
3161,271.328,1790276736.487
3162,271.392,1790276736.549
3163,271.460,1790276736.670
3164,271.524,1790276736.756
3165,271.592,1790276736.824
3166,271.656,1790276736.944
3167,271.724,1790276737.038
3168,271.788,1790276737.106
3169,271.920,1790276737.316
3170,271.988,1790276737.379
3171,272.052,1790276737.456
3172,272.184,1790276737.645
3173,272.252,1790276737.727
3174,272.316,1790276737.843
3175,272.384,1790276737.912
3176,272.448,1790276737.985
3177,272.580,1790276738.178
3178,272.648,1790276738.265
3179,272.712,1790276738.378
3180,272.780,1790276738.453
3181,272.844,1790276738.528
3182,272.912,1790276738.643
3183,272.976,1790276738.727
3184,273.044,1790276738.809
3185,273.108,1790276738.924
3186,273.176,1790276739.000
3187,273.240,1790276739.081
3188,273.308,1790276739.199
3189,273.372,1790276739.278
3190,273.440,1790276739.364
3191,273.504,1790276739.475
3192,273.572,1790276739.559
3193,273.636,1790276739.644
3194,273.704,1790276739.761
3195,273.768,1790276739.852
3196,273.836,1790276739.935
3197,273.900,1790276739.995
3198,273.968,1790276740.103
3199,274.032,1790276740.193
3200,274.100,1790276740.259
3201,274.164,1790276740.366
3202,274.232,1790276740.454
3203,274.296,1790276740.515
3204,274.364,1790276740.625
3205,274.496,1790276740.788
3206,274.560,1790276740.908
3207,274.628,1790276740.996
3208,274.692,1790276741.065
3209,274.760,1790276741.180
3210,274.824,1790276741.273
3211,274.892,1790276741.339
3212,274.956,1790276741.449
3213,275.024,1790276741.551
3214,275.088,1790276741.618
3215,275.156,1790276741.733
3216,275.220,1790276741.839
3217,275.288,1790276741.908
3218,275.352,1790276741.988
3219,275.484,1790276742.174
3220,275.552,1790276742.254
3221,275.616,1790276742.368
3222,275.684,1790276742.437
3223,275.748,1790276742.517
3224,275.816,1790276742.637
3225,275.880,1790276742.708
3226,275.948,1790276742.796
3227,276.080,1790276742.993
3228,276.144,1790276743.069
3229,276.212,1790276743.185
3230,276.276,1790276743.258
3231,276.344,1790276743.346
3232,276.408,1790276743.465
3233,276.476,1790276743.543
3234,276.540,1790276743.622
3235,276.608,1790276743.737
3236,276.672,1790276743.826
3237,276.804,1790276744.030
3238,276.872,1790276744.117
3239,276.936,1790276744.199
3240,277.004,1790276744.314
3241,277.068,1790276744.394
3242,277.136,1790276744.477
3243,277.200,1790276744.537
3244,277.268,1790276744.640
3245,277.332,1790276744.721
3246,277.400,1790276744.784
3247,277.464,1790276744.904
3248,277.532,1790276744.992
3249,277.596,1790276745.052
3250,277.664,1790276745.174
3251,277.728,1790276745.262
3252,277.796,1790276745.328
3253,277.860,1790276745.445
3254,277.928,1790276745.535
3255,277.992,1790276745.594
3256,278.060,1790276745.710
3257,278.124,1790276745.802
3258,278.192,1790276745.867
3259,278.256,1790276745.987
3260,278.324,1790276746.093
3261,278.388,1790276746.161
3262,278.520,1790276746.378
3263,278.588,1790276746.454
3264,278.652,1790276746.537
3265,278.784,1790276746.723
3266,278.916,1790276746.928
3267,279.048,1790276747.079
3268,279.116,1790276747.203
3269,279.180,1790276747.266
3270,279.248,1790276747.346
3271,279.312,1790276747.461
3272,279.380,1790276747.536
3273,279.444,1790276747.618
3274,279.512,1790276747.736
3275,279.576,1790276747.808
3276,279.644,1790276747.894
3277,279.708,1790276748.015
3278,279.776,1790276748.091
3279,279.840,1790276748.171
3280,279.908,1790276748.286
3281,279.972,1790276748.368
3282,280.040,1790276748.453
3283,280.104,1790276748.575
3284,280.172,1790276748.655
3285,280.236,1790276748.733
3286,280.304,1790276748.849
3287,280.368,1790276748.929
3288,280.436,1790276749.030
3289,280.500,1790276749.095
3290,280.568,1790276749.207
3291,280.632,1790276749.290
3292,280.700,1790276749.356
3293,280.764,1790276749.461
3294,280.832,1790276749.551
3295,280.896,1790276749.616
3296,280.964,1790276749.728
3297,281.028,1790276749.816
3298,281.096,1790276749.884
3299,281.160,1790276749.999
3300,281.228,1790276750.098
3301,281.292,1790276750.167
3302,281.360,1790276750.292
3303,281.424,1790276750.381
3304,281.492,1790276750.448
3305,281.624,1790276750.658
3306,281.688,1790276750.720
3307,281.756,1790276750.824
3308,281.820,1790276750.917
3309,281.888,1790276750.981
3310,281.952,1790276751.059
3311,282.020,1790276751.178
3312,282.152,1790276751.324
3313,282.216,1790276751.448
3314,282.348,1790276751.583
3315,282.416,1790276751.699
3316,282.480,1790276751.769
3317,282.548,1790276751.847
3318,282.612,1790276751.969
3319,282.680,1790276752.047
3320,282.812,1790276752.247
3321,282.876,1790276752.317
3322,282.944,1790276752.397
3323,283.008,1790276752.516
3324,283.076,1790276752.598
3325,283.140,1790276752.685
3326,283.272,1790276752.884
3327,283.340,1790276752.980
3328,283.472,1790276753.188
3329,283.536,1790276753.274
3330,283.604,1790276753.387
3331,283.736,1790276753.553
3332,284.000,1790276753.900
3333,284.064,1790276754.009
3334,284.132,1790276754.107
3335,284.196,1790276754.178
3336,284.264,1790276754.295
3337,284.328,1790276754.391
3338,284.396,1790276754.467
3339,284.460,1790276754.574
3340,284.592,1790276754.738
3341,284.660,1790276754.862
3342,284.724,1790276754.956
3343,284.792,1790276755.022
3344,284.856,1790276755.145
3345,284.924,1790276755.248
3346,284.988,1790276755.311
3347,285.056,1790276755.426
3348,285.188,1790276755.586
3349,285.252,1790276755.675
3350,285.384,1790276755.854
3351,285.584,1790276756.114
3352,285.648,1790276756.192
3353,285.716,1790276756.321
3354,285.780,1790276756.392
3355,285.848,1790276756.468
3356,285.912,1790276756.584
3357,285.980,1790276756.661
3358,286.044,1790276756.739
3359,286.112,1790276756.848
3360,286.176,1790276756.929
3361,286.244,1790276757.010
3362,286.308,1790276757.133
3363,286.376,1790276757.209
3364,286.440,1790276757.300
3365,286.508,1790276757.410
3366,286.572,1790276757.487
3367,286.640,1790276757.566
3368,286.704,1790276757.680
3369,286.772,1790276757.764
3370,286.836,1790276757.848
3371,286.904,1790276757.960
3372,286.968,1790276758.042
3373,287.036,1790276758.130
3374,287.100,1790276758.191
3375,287.232,1790276758.384
3376,287.300,1790276758.450
3377,287.364,1790276758.561
3378,287.432,1790276758.646
3379,287.496,1790276758.709
3380,287.628,1790276758.920
3381,287.696,1790276758.982
3382,287.760,1790276759.096
3383,287.828,1790276759.198
3384,287.892,1790276759.263
3385,287.960,1790276759.384
3386,288.024,1790276759.476
3387,288.092,1790276759.541
3388,288.156,1790276759.648
3389,288.224,1790276759.748
3390,288.288,1790276759.809
3391,288.356,1790276759.924
3392,288.488,1790276760.083
3393,288.552,1790276760.159
3394,288.684,1790276760.342
3395,288.752,1790276760.416
3396,288.816,1790276760.516
3397,288.884,1790276760.588
3398,288.948,1790276760.659
3399,289.016,1790276760.774
3400,289.080,1790276760.847
3401,289.148,1790276760.925
3402,289.212,1790276761.040
3403,289.280,1790276761.123
3404,289.344,1790276761.203
3405,289.412,1790276761.319
3406,289.476,1790276761.412
3407,289.544,1790276761.485
3408,289.676,1790276761.677
3409,289.740,1790276761.761
3410,289.808,1790276761.869
3411,289.940,1790276762.035
3412,290.004,1790276762.153
3413,290.072,1790276762.237
3414,290.136,1790276762.317
3415,290.204,1790276762.457
3416,290.268,1790276762.538
3417,290.336,1790276762.618
3418,290.400,1790276762.682
3419,290.468,1790276762.795
3420,290.532,1790276762.889
3421,290.600,1790276762.957
3422,290.664,1790276763.077
3423,290.732,1790276763.163
3424,290.796,1790276763.226
3425,290.864,1790276763.333
3426,290.928,1790276763.423
3427,290.996,1790276763.485
3428,291.060,1790276763.599
3429,291.192,1790276763.754
3430,291.260,1790276763.863
3431,291.324,1790276763.956
3432,291.392,1790276764.019
3433,291.456,1790276764.142
3434,291.524,1790276764.247
3435,291.656,1790276764.418
3436,291.720,1790276764.516
3437,291.788,1790276764.593
3438,291.852,1790276764.677
3439,291.920,1790276764.789
3440,291.984,1790276764.859
3441,292.052,1790276764.940
3442,292.116,1790276765.049
3443,292.184,1790276765.127
3444,292.316,1790276765.314
3445,292.380,1790276765.389
3446,292.448,1790276765.464
3447,292.512,1790276765.586
3448,292.580,1790276765.657
3449,292.644,1790276765.734
3450,292.776,1790276765.920
3451,292.844,1790276766.007
3452,292.908,1790276766.118
3453,292.976,1790276766.195
3454,293.040,1790276766.276
3455,293.108,1790276766.389
3456,293.172,1790276766.468
3457,293.240,1790276766.557
3458,293.304,1790276766.671
3459,293.372,1790276766.754
3460,293.436,1790276766.832
3461,293.504,1790276766.947
3462,293.636,1790276767.116
3463,293.700,1790276767.178
3464,293.768,1790276767.285
3465,293.832,1790276767.373
3466,293.900,1790276767.440
3467,293.964,1790276767.547
3468,294.032,1790276767.632
3469,294.096,1790276767.697
3470,294.164,1790276767.805
3471,294.228,1790276767.893
3472,294.296,1790276767.960
3473,294.360,1790276768.079
3474,294.492,1790276768.240
3475,294.560,1790276768.350
3476,294.624,1790276768.442
3477,294.692,1790276768.510
3478,294.756,1790276768.622
3479,294.888,1790276768.787
3480,294.956,1790276768.903
3481,295.020,1790276769.001
3482,295.088,1790276769.081
3483,295.220,1790276769.292
3484,295.284,1790276769.364
3485,295.352,1790276769.441
3486,295.484,1790276769.634
3487,295.548,1790276769.711
3488,295.616,1790276769.827
3489,295.680,1790276769.896
3490,295.748,1790276769.974
3491,295.812,1790276770.094
3492,295.880,1790276770.164
3493,295.944,1790276770.237
3494,296.012,1790276770.354
3495,296.076,1790276770.434
3496,296.144,1790276770.512
3497,296.208,1790276770.629
3498,296.276,1790276770.703
3499,296.340,1790276770.784
3500,296.408,1790276770.898
3501,296.540,1790276771.067
3502,296.604,1790276771.180
3503,296.672,1790276771.257
3504,296.736,1790276771.361
3505,296.804,1790276771.474
3506,296.868,1790276771.551
3507,296.936,1790276771.643
3508,297.000,1790276771.706
3509,297.068,1790276771.822
3510,297.132,1790276771.909
3511,297.200,1790276771.974
3512,297.264,1790276772.076
3513,297.332,1790276772.166
3514,297.396,1790276772.227
3515,297.464,1790276772.337
3516,297.528,1790276772.432
3517,297.596,1790276772.500
3518,297.660,1790276772.618
3519,297.728,1790276772.720
3520,297.792,1790276772.784
3521,297.924,1790276772.998
3522,297.992,1790276773.061
3523,298.056,1790276773.184
3524,298.124,1790276773.278
3525,298.188,1790276773.345
3526,298.256,1790276773.461
3527,298.320,1790276773.559
3528,298.388,1790276773.625
3529,298.452,1790276773.702
3530,298.520,1790276773.818
3531,298.584,1790276773.887
3532,298.652,1790276773.974
3533,298.716,1790276774.085
3534,298.784,1790276774.155
3535,298.848,1790276774.235
3536,298.916,1790276774.356
3537,298.980,1790276774.425
3538,299.048,1790276774.501
3539,299.112,1790276774.622
3540,299.180,1790276774.696
3541,299.312,1790276774.892
3542,299.376,1790276774.962
3543,299.444,1790276775.042
3544,299.508,1790276775.182
3545,299.576,1790276775.256
3546,299.640,1790276775.340
3547,299.840,1790276775.640
3548,299.904,1790276775.754
3549,299.972,1790276775.852
3550,300.036,1790276775.935
3551,300.104,1790276776.044
3552,300.168,1790276776.128
3553,300.236,1790276776.210
3554,300.300,1790276776.274
3555,300.368,1790276776.390
3556,300.432,1790276776.482
3557,300.500,1790276776.547
3558,300.564,1790276776.662
3559,300.632,1790276776.757
3560,300.696,1790276776.815
3561,300.764,1790276776.946
3562,300.828,1790276777.040
3563,300.896,1790276777.106
3564,301.028,1790276777.324
3565,301.092,1790276777.388
3566,301.160,1790276777.492
3567,301.224,1790276777.590
3568,301.292,1790276777.658
3569,301.356,1790276777.770
3570,301.424,1790276777.865
3571,301.488,1790276777.940
3572,301.556,1790276778.050
3573,301.620,1790276778.145
3574,301.688,1790276778.226
3575,301.752,1790276778.300
3576,301.820,1790276778.407
3577,301.884,1790276778.484
3578,301.952,1790276778.563
3579,302.016,1790276778.679
3580,302.084,1790276778.753
3581,302.148,1790276778.830
3582,302.216,1790276778.956
3583,302.280,1790276779.031
3584,302.348,1790276779.117
3585,302.412,1790276779.236
3586,302.480,1790276779.313
3587,302.544,1790276779.397
3588,302.612,1790276779.515
3589,302.676,1790276779.593
3590,302.744,1790276779.679
3591,302.808,1790276779.805
3592,302.876,1790276779.888
3593,302.940,1790276779.968
3594,303.008,1790276780.097
3595,303.140,1790276780.264
3596,303.204,1790276780.378
3597,303.336,1790276780.551
3598,303.404,1790276780.670
3599,303.468,1790276780.756
3600,303.536,1790276780.840
3601,303.600,1790276780.904
3602,303.668,1790276781.023
3603,303.732,1790276781.104
3604,303.800,1790276781.170
3605,303.864,1790276781.282
3606,303.932,1790276781.379
3607,303.996,1790276781.440
3608,304.064,1790276781.561
3609,304.128,1790276781.648
3610,304.196,1790276781.715
3611,304.260,1790276781.835
3612,304.328,1790276781.929
3613,304.392,1790276781.996
3614,304.524,1790276782.210
3615,304.592,1790276782.277
3616,304.656,1790276782.398
3617,304.724,1790276782.492
3618,304.788,1790276782.559
3619,304.856,1790276782.675
3620,304.988,1790276782.842
3621,305.052,1790276782.916
3622,305.120,1790276783.029
3623,305.184,1790276783.103
3624,305.252,1790276783.178
3625,305.316,1790276783.288
3626,305.384,1790276783.365
3627,305.448,1790276783.438
3628,305.516,1790276783.553
3629,305.648,1790276783.700
3630,305.712,1790276783.810
3631,305.780,1790276783.886
3632,305.844,1790276783.962
3633,305.912,1790276784.083
3634,305.976,1790276784.157
3635,306.044,1790276784.235
3636,306.108,1790276784.358
3637,306.176,1790276784.438
3638,306.240,1790276784.522
3639,306.308,1790276784.644
3640,306.372,1790276784.724
3641,306.440,1790276784.805
3642,306.504,1790276784.915
3643,306.572,1790276784.999
3644,306.704,1790276785.200
3645,306.768,1790276785.279
3646,306.836,1790276785.365
3647,306.900,1790276785.424
3648,306.968,1790276785.541
3649,307.032,1790276785.629
3650,307.100,1790276785.692
3651,307.164,1790276785.793
3652,307.232,1790276785.887
3653,307.296,1790276785.948
3654,307.364,1790276786.056
3655,307.428,1790276786.157
3656,307.496,1790276786.221
3657,307.560,1790276786.335
3658,307.628,1790276786.437
3659,307.692,1790276786.499
3660,307.760,1790276786.612
3661,307.824,1790276786.707
3662,307.892,1790276786.773
3663,307.956,1790276786.884
3664,308.024,1790276786.981
3665,308.088,1790276787.039
3666,308.220,1790276787.263
3667,308.288,1790276787.340
3668,308.352,1790276787.420
3669,308.420,1790276787.527
3670,308.484,1790276787.599
3671,308.552,1790276787.683
3672,308.616,1790276787.800
3673,308.684,1790276787.867
3674,308.748,1790276787.946
3675,308.816,1790276788.061
3676,308.880,1790276788.133
3677,308.948,1790276788.216
3678,309.012,1790276788.331
3679,309.080,1790276788.405
3680,309.144,1790276788.483
3681,309.212,1790276788.606
3682,309.276,1790276788.683
3683,309.408,1790276788.889
3684,309.540,1790276789.052
3685,309.608,1790276789.171
3686,309.672,1790276789.265
3687,309.740,1790276789.346
3688,309.804,1790276789.465
3689,309.872,1790276789.546
3690,309.936,1790276789.629
3691,310.004,1790276789.745
3692,310.136,1790276789.918
3693,310.200,1790276789.981
3694,310.268,1790276790.090
3695,310.332,1790276790.177
3696,310.400,1790276790.257
3697,310.464,1790276790.383
3698,310.532,1790276790.471
3699,310.664,1790276790.657
3700,310.728,1790276790.757
3701,310.796,1790276790.823
3702,310.860,1790276790.935
3703,310.928,1790276791.033
3704,310.992,1790276791.094
3705,311.060,1790276791.218
3706,311.124,1790276791.305
3707,311.192,1790276791.369
3708,311.256,1790276791.473
3709,311.324,1790276791.590
3710,311.388,1790276791.652
3711,311.456,1790276791.761
3712,311.588,1790276791.928
3713,311.652,1790276792.001
3714,311.720,1790276792.109
3715,311.784,1790276792.187
3716,311.852,1790276792.260
3717,311.916,1790276792.378
3718,311.984,1790276792.452
3719,312.048,1790276792.523
3720,312.116,1790276792.632
3721,312.180,1790276792.705
3722,312.248,1790276792.776
3723,312.312,1790276792.890
3724,312.380,1790276792.965
3725,312.444,1790276793.041
3726,312.512,1790276793.161
3727,312.576,1790276793.238
3728,312.708,1790276793.438
3729,312.776,1790276793.516
3730,312.840,1790276793.601
3731,312.972,1790276793.797
3732,313.040,1790276793.873
3733,313.104,1790276793.988
3734,313.172,1790276794.072
3735,313.236,1790276794.160
3736,313.304,1790276794.275
3737,313.368,1790276794.357
3738,313.436,1790276794.443
3739,313.500,1790276794.504
3740,313.568,1790276794.616
3741,313.632,1790276794.708
3742,313.764,1790276794.875
3743,313.832,1790276794.962
3744,313.896,1790276795.025
3745,313.964,1790276795.142
3746,314.028,1790276795.228
3747,314.096,1790276795.293
3748,314.160,1790276795.407
3749,314.228,1790276795.492
3750,314.292,1790276795.553
3751,314.360,1790276795.664
3752,314.424,1790276795.753
3753,314.556,1790276795.938
3754,314.624,1790276796.034
3755,314.756,1790276796.211
3756,314.820,1790276796.311
3757,314.888,1790276796.379
3758,314.952,1790276796.460
3759,315.020,1790276796.564
3760,315.084,1790276796.637
3761,315.152,1790276796.714
3762,315.216,1790276796.828
3763,315.284,1790276796.900
3764,315.480,1790276797.180
3765,315.548,1790276797.259
3766,315.612,1790276797.380
3767,315.680,1790276797.450
3768,315.744,1790276797.532
3769,315.812,1790276797.655
3770,315.876,1790276797.732
3771,315.944,1790276797.809
3772,316.008,1790276797.922
3773,316.140,1790276798.076
3774,316.208,1790276798.194
3775,316.272,1790276798.273
3776,316.340,1790276798.350
3777,316.404,1790276798.471
3778,316.472,1790276798.557
3779,316.536,1790276798.636
3780,316.604,1790276798.752
3781,316.668,1790276798.840
3782,316.736,1790276798.923
3783,316.800,1790276798.984
3784,317.000,1790276799.260
3785,317.064,1790276799.366
3786,317.132,1790276799.469
3787,317.196,1790276799.537
3788,317.328,1790276799.741
3789,317.528,1790276800.011
3790,317.592,1790276800.083
3791,317.660,1790276800.196
3792,317.724,1790276800.290
3793,317.792,1790276800.356
3794,317.856,1790276800.463
3795,317.924,1790276800.561
3796,317.988,1790276800.629
3797,318.056,1790276800.745
3798,318.120,1790276800.837
3799,318.188,1790276800.909
3800,318.252,1790276800.995
3801,318.320,1790276801.102
3802,318.384,1790276801.176
3803,318.452,1790276801.249
3804,318.516,1790276801.362
3805,318.584,1790276801.439
3806,318.648,1790276801.511
3807,318.716,1790276801.641
3808,318.780,1790276801.714
3809,318.848,1790276801.793
3810,318.912,1790276801.911
3811,318.980,1790276801.987
3812,319.044,1790276802.056
3813,319.176,1790276802.244
3814,319.244,1790276802.325
3815,319.308,1790276802.439
3816,319.376,1790276802.514
3817,319.440,1790276802.598
3818,319.572,1790276802.799
3819,319.704,1790276802.998
3820,319.772,1790276803.089
3821,319.836,1790276803.168
3822,319.904,1790276803.281
3823,319.968,1790276803.361
3824,320.036,1790276803.450
3825,320.300,1790276803.783
3826,320.432,1790276803.981
3827,320.496,1790276804.045
3828,320.564,1790276804.160
3829,320.628,1790276804.249
3830,320.696,1790276804.315
3831,320.828,1790276804.520
3832,320.892,1790276804.582
3833,320.960,1790276804.690
3834,321.024,1790276804.790
3835,321.092,1790276804.859
3836,321.156,1790276804.980
3837,321.224,1790276805.083
3838,321.288,1790276805.142
3839,321.356,1790276805.254
3840,321.420,1790276805.357
3841,321.488,1790276805.423
3842,321.552,1790276805.493
3843,321.620,1790276805.603
3844,321.684,1790276805.671
3845,321.752,1790276805.743
3846,321.816,1790276805.849
3847,321.884,1790276805.925
3848,321.948,1790276805.998
3849,322.016,1790276806.118
3850,322.080,1790276806.189
3851,322.148,1790276806.271
3852,322.212,1790276806.389
3853,322.280,1790276806.463
3854,322.344,1790276806.540
3855,322.412,1790276806.653
3856,322.476,1790276806.728
3857,322.544,1790276806.827
3858,322.608,1790276806.943
3859,322.676,1790276807.022
3860,322.808,1790276807.215
3861,322.872,1790276807.289
3862,322.940,1790276807.375
3863,323.004,1790276807.491
3864,323.072,1790276807.579
3865,323.136,1790276807.656
3866,323.204,1790276807.767
3867,323.268,1790276807.854
3868,323.336,1790276807.944
3869,323.468,1790276808.120
3870,323.532,1790276808.208
3871,323.600,1790276808.274
3872,323.664,1790276808.377
3873,323.732,1790276808.466
3874,323.796,1790276808.525
3875,323.864,1790276808.643
3876,323.928,1790276808.732
3877,323.996,1790276808.799
3878,324.060,1790276808.926
3879,324.128,1790276809.016
3880,324.192,1790276809.079
3881,324.260,1790276809.189
3882,324.324,1790276809.288
3883,324.456,1790276809.461
3884,324.588,1790276809.621
3885,324.656,1790276809.737
3886,324.720,1790276809.831
3887,324.788,1790276809.902
3888,324.852,1790276809.982
3889,324.920,1790276810.093
3890,325.052,1790276810.234
3891,325.116,1790276810.346
3892,325.184,1790276810.418
3893,325.248,1790276810.493
3894,325.316,1790276810.612
3895,325.448,1790276810.753
3896,325.512,1790276810.865
3897,325.644,1790276811.014
3898,325.712,1790276811.127
3899,325.776,1790276811.201
3900,325.844,1790276811.278
3901,325.908,1790276811.391
3902,325.976,1790276811.475
3903,326.040,1790276811.557
3904,326.108,1790276811.679
3905,326.172,1790276811.760
3906,326.240,1790276811.849
3907,326.304,1790276811.981
3908,326.372,1790276812.063
3909,326.436,1790276812.152
3910,326.504,1790276812.266
3911,326.568,1790276812.348
3912,326.636,1790276812.432
3913,326.700,1790276812.496
3914,326.768,1790276812.611
3915,326.832,1790276812.695
3916,326.900,1790276812.759
3917,326.964,1790276812.872
3918,327.032,1790276812.961
3919,327.096,1790276813.023
3920,327.164,1790276813.141
3921,327.228,1790276813.235
3922,327.360,1790276813.417
3923,327.428,1790276813.512
3924,327.492,1790276813.580
3925,327.560,1790276813.701
3926,327.624,1790276813.797
3927,327.692,1790276813.864
3928,327.756,1790276813.986
3929,327.824,1790276814.094
3930,327.888,1790276814.154
3931,327.956,1790276814.278
3932,328.020,1790276814.374
3933,328.152,1790276814.516
3934,328.220,1790276814.632
3935,328.284,1790276814.715
3936,328.352,1790276814.799
3937,328.416,1790276814.906
3938,328.484,1790276814.976
3939,328.548,1790276815.053
3940,328.680,1790276815.241
3941,328.748,1790276815.312
3942,328.812,1790276815.441
3943,328.880,1790276815.515
3944,329.012,1790276815.703
3945,329.144,1790276815.870
3946,329.208,1790276815.989
3947,329.276,1790276816.071
3948,329.340,1790276816.151
3949,329.408,1790276816.267
3950,329.472,1790276816.349
3951,329.540,1790276816.436
3952,329.604,1790276816.561
3953,329.736,1790276816.726
3954,329.804,1790276816.837
3955,329.868,1790276816.924
3956,330.000,1790276817.089
3957,330.068,1790276817.223
3958,330.132,1790276817.312
3959,330.200,1790276817.374
3960,330.264,1790276817.477
3961,330.332,1790276817.575
3962,330.396,1790276817.635
3963,330.464,1790276817.758
3964,330.528,1790276817.848
3965,330.596,1790276817.913
3966,330.728,1790276818.133
3967,330.792,1790276818.206
3968,330.860,1790276818.322
3969,330.924,1790276818.411
3970,330.992,1790276818.483
3971,331.056,1790276818.601
3972,331.124,1790276818.703
3973,331.188,1790276818.767
3974,331.256,1790276818.875
3975,331.320,1790276818.970
3976,331.388,1790276819.040
3977,331.452,1790276819.128
3978,331.520,1790276819.247
3979,331.584,1790276819.310
3980,331.652,1790276819.392
3981,331.716,1790276819.503
3982,331.784,1790276819.572
3983,331.848,1790276819.648
3984,331.916,1790276819.761
3985,331.980,1790276819.829
3986,332.048,1790276819.916
3987,332.112,1790276820.029
3988,332.180,1790276820.108
3989,332.244,1790276820.184
3990,332.312,1790276820.317
3991,332.376,1790276820.388
3992,332.444,1790276820.463
3993,332.508,1790276820.575
3994,332.640,1790276820.739
3995,332.708,1790276820.847
3996,332.772,1790276820.925
3997,332.840,1790276821.010
3998,332.972,1790276821.206
3999,333.036,1790276821.300
4000,333.168,1790276821.499
4001,333.236,1790276821.586
4002,333.432,1790276821.843
4003,333.500,1790276821.918
4004,333.564,1790276822.042
4005,333.632,1790276822.139
4006,333.696,1790276822.201
4007,333.764,1790276822.325
4008,333.828,1790276822.413
4009,333.896,1790276822.480
4010,334.028,1790276822.681
4011,334.092,1790276822.742
4012,334.160,1790276822.864
4013,334.224,1790276822.951
4014,334.292,1790276823.018
4015,334.356,1790276823.122
4016,334.424,1790276823.235
4017,334.488,1790276823.299
4018,334.556,1790276823.427
4019,334.620,1790276823.530
4020,334.688,1790276823.597
4021,334.820,1790276823.786
4022,334.884,1790276823.855
4023,334.952,1790276823.933
4024,335.016,1790276824.050
4025,335.148,1790276824.197
4026,335.216,1790276824.320
4027,335.280,1790276824.391
4028,335.348,1790276824.460
4029,335.412,1790276824.572
4030,335.480,1790276824.647
4031,335.544,1790276824.725
4032,335.612,1790276824.844
4033,335.676,1790276824.918
4034,335.744,1790276825.005
4035,335.808,1790276825.125
4036,335.876,1790276825.201
4037,335.940,1790276825.283
4038,336.008,1790276825.409
4039,336.072,1790276825.481
4040,336.140,1790276825.557
4041,336.204,1790276825.670
4042,336.272,1790276825.756
4043,336.336,1790276825.838
4044,336.404,1790276825.951
4045,336.468,1790276826.039
4046,336.536,1790276826.122
4047,336.600,1790276826.185
4048,336.668,1790276826.299
4049,336.732,1790276826.387
4050,336.800,1790276826.449
4051,336.864,1790276826.559
4052,336.932,1790276826.649
4053,336.996,1790276826.710
4054,337.064,1790276826.843
4055,337.128,1790276826.940
4056,337.196,1790276827.008
4057,337.260,1790276827.125
4058,337.392,1790276827.279
4059,337.460,1790276827.390
4060,337.592,1790276827.561
4061,337.656,1790276827.678
4062,337.724,1790276827.777
4063,337.856,1790276827.953
4064,337.920,1790276828.048
4065,337.988,1790276828.119
4066,338.052,1790276828.198
4067,338.120,1790276828.308
4068,338.184,1790276828.375
4069,338.316,1790276828.552
4070,338.448,1790276828.695
4071,338.516,1790276828.809
4072,338.580,1790276828.880
4073,338.648,1790276828.956
4074,338.712,1790276829.066
4075,338.780,1790276829.149
4076,338.844,1790276829.234
4077,338.912,1790276829.349
4078,338.976,1790276829.427
4079,339.044,1790276829.513
4080,339.108,1790276829.624
4081,339.308,1790276829.901
4082,339.372,1790276829.975
4083,339.440,1790276830.058
4084,339.504,1790276830.173
4085,339.572,1790276830.255
4086,339.636,1790276830.344
4087,339.704,1790276830.456
4088,339.768,1790276830.548
4089,339.836,1790276830.631
4090,339.900,1790276830.692
4091,339.968,1790276830.799
4092,340.032,1790276830.885
4093,340.100,1790276830.949
4094,340.164,1790276831.063
4095,340.232,1790276831.150
4096,340.296,1790276831.213
4097,340.364,1790276831.324
4098,340.428,1790276831.409
4099,340.496,1790276831.476
4100,340.560,1790276831.592
4101,340.628,1790276831.685
4102,340.692,1790276831.749
4103,340.760,1790276831.859
4104,340.824,1790276831.957
4105,340.892,1790276832.026
4106,340.956,1790276832.140
4107,341.024,1790276832.240
4108,341.088,1790276832.310
4109,341.220,1790276832.525
4110,341.288,1790276832.599
4111,341.352,1790276832.670
4112,341.420,1790276832.779
4113,341.484,1790276832.836
4114,341.552,1790276832.924
4115,341.616,1790276833.029
4116,341.684,1790276833.111
4117,341.748,1790276833.194
4118,341.816,1790276833.320
4119,341.880,1790276833.405
4120,342.012,1790276833.624
4121,342.080,1790276833.704
4122,342.144,1790276833.778
4123,342.212,1790276833.893
4124,342.276,1790276833.963
4125,342.344,1790276834.047
4126,342.408,1790276834.171
4127,342.476,1790276834.257
4128,342.540,1790276834.334
4129,342.608,1790276834.453
4130,342.672,1790276834.526
4131,342.740,1790276834.607
4132,342.804,1790276834.733
4133,342.872,1790276834.809
4134,343.004,1790276835.015
4135,343.068,1790276835.103
4136,343.136,1790276835.204
4137,343.200,1790276835.268
4138,343.268,1790276835.407
4139,343.332,1790276835.501
4140,343.400,1790276835.572
4141,343.464,1790276835.709
4142,343.532,1790276835.810
4143,343.728,1790276836.119
4144,343.796,1790276836.184
4145,343.860,1790276836.309
4146,343.928,1790276836.415
4147,343.992,1790276836.490
4148,344.060,1790276836.613
4149,344.124,1790276836.709
4150,344.192,1790276836.772
4151,344.256,1790276836.880
4152,344.324,1790276836.977
4153,344.388,1790276837.039
4154,344.456,1790276837.145
4155,344.520,1790276837.246
4156,344.588,1790276837.311
4157,344.652,1790276837.393
4158,344.720,1790276837.505
4159,344.784,1790276837.581
4160,344.852,1790276837.655
4161,344.916,1790276837.760
4162,344.984,1790276837.834
4163,345.048,1790276837.899
4164,345.116,1790276838.013
4165,345.180,1790276838.091
4166,345.248,1790276838.164
4167,345.312,1790276838.281
4168,345.380,1790276838.357
4169,345.512,1790276838.549
4170,345.576,1790276838.629
4171,345.644,1790276838.714
4172,345.708,1790276838.831
4173,345.776,1790276838.908
4174,345.840,1790276838.993
4175,345.908,1790276839.105
4176,345.972,1790276839.186
4177,346.040,1790276839.267
4178,346.104,1790276839.378
4179,346.304,1790276839.656
4180,346.368,1790276839.742
4181,346.436,1790276839.828
4182,346.500,1790276839.888
4183,346.568,1790276839.995
4184,346.700,1790276840.148
4185,346.764,1790276840.267
4186,346.832,1790276840.369
4187,346.896,1790276840.429
4188,346.964,1790276840.538
4189,347.096,1790276840.694
4190,347.160,1790276840.798
4191,347.228,1790276840.896
4192,347.292,1790276840.960
4193,347.360,1790276841.060
4194,347.424,1790276841.148
4195,347.492,1790276841.215
4196,347.556,1790276841.326
4197,347.624,1790276841.429
4198,347.688,1790276841.495
4199,347.756,1790276841.597
4200,347.820,1790276841.692
4201,347.888,1790276841.763
4202,347.952,1790276841.842
4203,348.020,1790276841.958
4204,348.084,1790276842.030
4205,348.152,1790276842.116
4206,348.216,1790276842.222
4207,348.284,1790276842.295
4208,348.348,1790276842.373
4209,348.416,1790276842.499
4210,348.480,1790276842.572
4211,348.548,1790276842.645
4212,348.612,1790276842.758
4213,348.680,1790276842.841
4214,348.744,1790276842.918
4215,348.812,1790276843.029
4216,349.008,1790276843.303
4217,349.076,1790276843.377
4218,349.140,1790276843.459
4219,349.208,1790276843.574
4220,349.272,1790276843.662
4221,349.340,1790276843.752
4222,349.404,1790276843.864
4223,349.472,1790276843.938
4224,349.536,1790276844.020
4225,349.604,1790276844.149
4226,349.668,1790276844.233
4227,349.736,1790276844.326
4228,349.800,1790276844.387
4229,349.868,1790276844.500
4230,350.000,1790276844.649
4231,350.064,1790276844.759
4232,350.132,1790276844.848
4233,350.196,1790276844.909
4234,350.264,1790276845.028
4235,350.396,1790276845.179
4236,350.460,1790276845.286
4237,350.528,1790276845.372
4238,350.592,1790276845.435
4239,350.660,1790276845.544
4240,350.724,1790276845.632
4241,350.792,1790276845.697
4242,350.924,1790276845.901
4243,350.988,1790276845.962
4244,351.188,1790276846.248
4245,351.252,1790276846.321
4246,351.320,1790276846.433
4247,351.384,1790276846.494
4248,351.452,1790276846.569
4249,351.516,1790276846.672
4250,351.584,1790276846.744
4251,351.716,1790276846.935
4252,351.780,1790276847.005
4253,351.848,1790276847.095
4254,351.980,1790276847.288
4255,352.044,1790276847.369
4256,352.112,1790276847.485
4257,352.176,1790276847.557
4258,352.244,1790276847.643
4259,352.308,1790276847.750
4260,352.376,1790276847.831
4261,352.440,1790276847.919
4262,352.508,1790276848.033
4263,352.572,1790276848.127
4264,352.640,1790276848.203
4265,352.704,1790276848.316
4266,352.772,1790276848.395
4267,352.836,1790276848.479
4268,352.904,1790276848.600
4269,352.968,1790276848.681
4270,353.036,1790276848.766
4271,353.100,1790276848.825
4272,353.168,1790276848.929
4273,353.232,1790276849.017
4274,353.300,1790276849.085
4275,353.364,1790276849.206
4276,353.432,1790276849.305
4277,353.496,1790276849.364
4278,353.564,1790276849.475
4279,353.628,1790276849.563
4280,353.696,1790276849.628
4281,353.760,1790276849.740
4282,353.828,1790276849.843
4283,353.892,1790276849.908
4284,353.960,1790276850.017
4285,354.024,1790276850.113
4286,354.156,1790276850.295
4287,354.224,1790276850.393
4288,354.288,1790276850.456
4289,354.420,1790276850.673
4290,354.488,1790276850.744
4291,354.552,1790276850.823
4292,354.620,1790276850.926
4293,354.684,1790276850.996
4294,354.752,1790276851.070
4295,354.884,1790276851.248
4296,355.016,1790276851.437
4297,355.080,1790276851.512
4298,355.148,1790276851.589
4299,355.212,1790276851.704
4300,355.280,1790276851.775
4301,355.344,1790276851.848
4302,355.412,1790276851.971
4303,355.476,1790276852.052
4304,355.544,1790276852.139
4305,355.608,1790276852.266
4306,355.740,1790276852.433
4307,355.872,1790276852.635
4308,355.940,1790276852.725
4309,356.004,1790276852.851
4310,356.072,1790276852.942
4311,356.136,1790276853.020
4312,356.204,1790276853.142
4313,356.268,1790276853.222
4314,356.336,1790276853.323
4315,356.400,1790276853.385
4316,356.468,1790276853.519
4317,356.532,1790276853.624
4318,356.600,1790276853.688
4319,356.664,1790276853.805
4320,356.732,1790276853.903
4321,356.796,1790276853.981
4322,356.864,1790276854.112
4323,356.928,1790276854.213
4324,356.996,1790276854.293
4325,357.060,1790276854.417
4326,357.128,1790276854.528
4327,357.192,1790276854.590
4328,357.260,1790276854.726
4329,357.524,1790276855.145
4330,357.588,1790276855.224
4331,357.656,1790276855.371
4332,357.720,1790276855.478
4333,357.788,1790276855.564
4334,357.852,1790276855.649
4335,357.920,1790276855.776
4336,357.984,1790276855.860
4337,358.116,1790276856.078
4338,358.184,1790276856.160
4339,358.316,1790276856.394
4340,358.380,1790276856.472
4341,358.448,1790276856.554
4342,358.512,1790276856.684
4343,358.580,1790276856.763
4344,358.644,1790276856.856
4345,358.712,1790276856.982
4346,358.776,1790276857.062
4347,358.844,1790276857.155
4348,358.908,1790276857.287
4349,358.976,1790276857.371
4350,359.040,1790276857.454
4351,359.108,1790276857.586
4352,359.172,1790276857.671
4353,359.240,1790276857.760
4354,359.304,1790276857.891
4355,359.372,1790276857.976
4356,359.436,1790276858.060
4357,359.504,1790276858.198
4358,359.568,1790276858.292
4359,359.636,1790276858.392
4360,359.700,1790276858.470
4361,359.768,1790276858.600
4362,359.832,1790276858.699
4363,359.900,1790276858.769
4364,359.964,1790276858.897
4365,360.096,1790276859.059
4366,360.228,1790276859.295
4367,360.296,1790276859.366
4368,360.360,1790276859.497
4369,360.624,1790276859.909
4370,360.756,1790276860.107
4371,360.824,1790276860.208
4372,360.888,1790276860.286
4373,360.956,1790276860.409
4374,361.020,1790276860.525
4375,361.152,1790276860.687
4376,361.220,1790276860.811
4377,361.284,1790276860.891
4378,361.352,1790276860.975
4379,361.416,1790276861.099
4380,361.484,1790276861.172
4381,361.548,1790276861.254
4382,361.616,1790276861.384
4383,361.680,1790276861.463
4384,361.748,1790276861.551
4385,361.880,1790276861.741
4386,361.944,1790276861.816
4387,362.012,1790276861.930
4388,362.076,1790276862.010
4389,362.144,1790276862.092
4390,362.276,1790276862.292
4391,362.340,1790276862.367
4392,362.472,1790276862.570
4393,362.540,1790276862.647
4394,362.604,1790276862.753
4395,362.672,1790276862.838
4396,362.736,1790276862.922
4397,362.804,1790276863.038
4398,362.868,1790276863.120
4399,362.936,1790276863.204
4400,363.000,1790276863.263
4401,363.068,1790276863.371
4402,363.132,1790276863.454
4403,363.200,1790276863.518
4404,363.264,1790276863.639
4405,363.332,1790276863.749
4406,363.396,1790276863.811
4407,363.464,1790276863.936
4408,363.528,1790276864.031
4409,363.596,1790276864.099
4410,363.660,1790276864.218
4411,363.728,1790276864.322
4412,363.792,1790276864.400
4413,363.860,1790276864.524
4414,363.924,1790276864.634
4415,363.992,1790276864.701
4416,364.056,1790276864.821
4417,364.124,1790276864.932
4418,364.188,1790276865.008
4419,364.256,1790276865.138
4420,364.320,1790276865.240
4421,364.388,1790276865.325
4422,364.452,1790276865.408
4423,364.520,1790276865.529
4424,364.584,1790276865.606
4425,364.652,1790276865.696
4426,364.716,1790276865.823
4427,364.784,1790276865.899
4428,364.848,1790276865.987
4429,364.916,1790276866.106
4430,364.980,1790276866.183
4431,365.048,1790276866.264
4432,365.112,1790276866.392
4433,365.180,1790276866.477
4434,365.244,1790276866.560
4435,365.312,1790276866.693
4436,365.376,1790276866.764
4437,365.444,1790276866.853
4438,365.508,1790276866.972
4439,365.576,1790276867.052
4440,365.640,1790276867.137
4441,365.708,1790276867.268
4442,365.772,1790276867.358
4443,365.840,1790276867.450
4444,365.904,1790276867.589
4445,365.972,1790276867.681
4446,366.036,1790276867.780
4447,366.104,1790276867.920
4448,366.168,1790276868.007
4449,366.300,1790276868.179
4450,366.368,1790276868.293
4451,366.432,1790276868.377
4452,366.500,1790276868.440
4453,366.564,1790276868.545
4454,366.632,1790276868.635
4455,366.696,1790276868.694
4456,366.764,1790276868.814
4457,366.828,1790276868.897
4458,366.896,1790276868.965
4459,366.960,1790276869.081
4460,367.028,1790276869.169
4461,367.092,1790276869.229
4462,367.224,1790276869.432
4463,367.292,1790276869.498
4464,367.356,1790276869.607
4465,367.620,1790276870.000
4466,367.688,1790276870.066
4467,367.752,1790276870.147
4468,367.820,1790276870.255
4469,367.884,1790276870.330
4470,367.952,1790276870.407
4471,368.016,1790276870.512
4472,368.084,1790276870.586
4473,368.148,1790276870.661
4474,368.280,1790276870.861
4475,368.348,1790276870.934
4476,368.412,1790276871.054
4477,368.480,1790276871.129
4478,368.544,1790276871.207
4479,368.612,1790276871.321
4480,368.676,1790276871.401
4481,368.744,1790276871.479
4482,368.808,1790276871.595
4483,368.876,1790276871.679
4484,368.940,1790276871.764
4485,369.008,1790276871.885
4486,369.072,1790276871.963
4487,369.140,1790276872.041
4488,369.204,1790276872.165
4489,369.272,1790276872.247
4490,369.336,1790276872.332
4491,369.404,1790276872.448
4492,369.468,1790276872.527
4493,369.536,1790276872.607
4494,369.600,1790276872.668
4495,369.668,1790276872.781
4496,369.732,1790276872.867
4497,369.800,1790276872.932
4498,369.864,1790276873.037
4499,369.996,1790276873.184
4500,370.064,1790276873.297
4501,370.128,1790276873.381
4502,370.196,1790276873.446
4503,370.260,1790276873.564
4504,370.328,1790276873.664
4505,370.392,1790276873.729
4506,370.460,1790276873.847
4507,370.592,1790276874.035
4508,370.724,1790276874.273
4509,370.788,1790276874.336
4510,370.856,1790276874.453
4511,370.920,1790276874.555
4512,370.988,1790276874.621
4513,371.052,1790276874.702
4514,371.120,1790276874.814
4515,371.184,1790276874.883
4516,371.252,1790276874.959
4517,371.316,1790276875.067
4518,371.384,1790276875.137
4519,371.448,1790276875.223
4520,371.516,1790276875.340
4521,371.580,1790276875.408
4522,371.648,1790276875.493
4523,371.712,1790276875.610
4524,371.780,1790276875.712
4525,371.912,1790276875.912
4526,372.044,1790276876.076
4527,372.108,1790276876.191
4528,372.176,1790276876.275
4529,372.240,1790276876.355
4530,372.308,1790276876.476
4531,372.372,1790276876.553
4532,372.440,1790276876.633
4533,372.504,1790276876.752
4534,372.636,1790276876.917
4535,372.704,1790276877.037
4536,372.768,1790276877.120
4537,372.836,1790276877.209
4538,372.900,1790276877.275
4539,372.968,1790276877.384
4540,373.032,1790276877.465
4541,373.164,1790276877.653
4542,373.232,1790276877.743
4543,373.296,1790276877.807
4544,373.364,1790276877.923
4545,373.428,1790276878.023
4546,373.496,1790276878.099
4547,373.560,1790276878.222
4548,373.628,1790276878.321
4549,373.760,1790276878.517
4550,373.824,1790276878.609
4551,373.892,1790276878.678
4552,373.956,1790276878.792
4553,374.024,1790276878.893
4554,374.156,1790276879.067
4555,374.220,1790276879.158
4556,374.288,1790276879.223
4557,374.352,1790276879.306
4558,374.420,1790276879.425
4559,374.484,1790276879.488
4560,374.552,1790276879.566
4561,374.616,1790276879.677
4562,374.684,1790276879.757
4563,374.748,1790276879.844
4564,374.816,1790276879.965
4565,374.948,1790276880.119
4566,375.080,1790276880.312
4567,375.144,1790276880.392
4568,375.212,1790276880.511
4569,375.276,1790276880.588
4570,375.344,1790276880.667
4571,375.408,1790276880.788
4572,375.540,1790276880.961
4573,375.608,1790276881.090
4574,375.672,1790276881.191
4575,375.740,1790276881.276
4576,375.804,1790276881.401
4577,375.872,1790276881.493
4578,375.936,1790276881.588
4579,376.004,1790276881.713
4580,376.068,1790276881.796
4581,376.136,1790276881.881
4582,376.268,1790276882.049
4583,376.400,1790276882.208
4584,376.532,1790276882.397
4585,376.596,1790276882.459
4586,376.664,1790276882.566
4587,376.728,1790276882.656
4588,376.860,1790276882.835
4589,376.928,1790276882.921
4590,376.992,1790276882.982
4591,377.060,1790276883.122
4592,377.124,1790276883.228
4593,377.192,1790276883.305
4594,377.324,1790276883.542
4595,377.388,1790276883.611
4596,377.456,1790276883.745
4597,377.520,1790276883.851
4598,377.588,1790276883.923
4599,377.652,1790276883.998
4600,377.720,1790276884.123
4601,377.852,1790276884.277
4602,377.916,1790276884.383
4603,377.984,1790276884.459
4604,378.048,1790276884.549
4605,378.116,1790276884.667
4606,378.180,1790276884.737
4607,378.248,1790276884.809
4608,378.312,1790276884.919
4609,378.444,1790276885.081
4610,378.512,1790276885.205
4611,378.576,1790276885.288
4612,378.708,1790276885.470
4613,378.776,1790276885.546
4614,378.840,1790276885.635
4615,378.908,1790276885.750
4616,378.972,1790276885.833
4617,379.040,1790276885.920
4618,379.104,1790276886.027
4619,379.172,1790276886.108
4620,379.236,1790276886.186
4621,379.368,1790276886.385
4622,379.436,1790276886.469
4623,379.500,1790276886.530
4624,379.568,1790276886.638
4625,379.632,1790276886.723
4626,379.700,1790276886.787
4627,379.764,1790276886.895
4628,379.832,1790276886.983
4629,379.896,1790276887.048
4630,379.964,1790276887.164
4631,380.028,1790276887.247
4632,380.096,1790276887.316
4633,380.160,1790276887.431
4634,380.228,1790276887.522
4635,380.292,1790276887.584
4636,380.360,1790276887.692
4637,380.424,1790276887.789
4638,380.492,1790276887.854
4639,380.556,1790276887.974
4640,380.624,1790276888.074
4641,380.688,1790276888.139
4642,380.756,1790276888.251
4643,380.820,1790276888.345
4644,380.888,1790276888.416
4645,380.952,1790276888.494
4646,381.020,1790276888.597
4647,381.152,1790276888.738
4648,381.216,1790276888.846
4649,381.284,1790276888.915
4650,381.348,1790276888.989
4651,381.416,1790276889.105
4652,381.480,1790276889.169
4653,381.548,1790276889.252
4654,381.612,1790276889.365
4655,381.680,1790276889.439
4656,381.744,1790276889.516
4657,381.812,1790276889.629
4658,381.876,1790276889.705
4659,381.944,1790276889.778
4660,382.008,1790276889.898
4661,382.076,1790276889.974
4662,382.140,1790276890.054
4663,382.208,1790276890.163
4664,382.272,1790276890.241
4665,382.340,1790276890.317
4666,382.404,1790276890.428
4667,382.472,1790276890.508
4668,382.536,1790276890.587
4669,382.604,1790276890.707
4670,382.668,1790276890.785
4671,382.736,1790276890.870
4672,382.800,1790276890.931
4673,382.868,1790276891.038
4674,382.932,1790276891.119
4675,383.000,1790276891.185
4676,383.064,1790276891.292
4677,383.196,1790276891.462
4678,383.264,1790276891.569
4679,383.328,1790276891.652
4680,383.396,1790276891.718
4681,383.460,1790276891.821
4682,383.528,1790276891.920
4683,383.592,1790276891.982
4684,383.660,1790276892.095
4685,383.724,1790276892.189
4686,383.792,1790276892.258
4687,383.856,1790276892.364
4688,383.988,1790276892.527
4689,384.056,1790276892.645
4690,384.120,1790276892.744
4691,384.188,1790276892.817
4692,384.252,1790276892.892
4693,384.384,1790276893.096
4694,384.452,1790276893.178
4695,384.516,1790276893.290
4696,384.584,1790276893.382
4697,384.648,1790276893.471
4698,384.716,1790276893.608
4699,384.780,1790276893.695
4700,384.848,1790276893.777
4701,384.912,1790276893.913
4702,385.044,1790276894.098
4703,385.176,1790276894.320
4704,385.244,1790276894.414
4705,385.308,1790276894.543
4706,385.440,1790276894.731
4707,385.508,1790276894.860
4708,385.572,1790276894.954
4709,385.640,1790276895.049
4710,385.772,1790276895.284
4711,385.836,1790276895.375
4712,385.904,1790276895.515
4713,386.036,1790276895.717
4714,386.168,1790276895.922
4715,386.232,1790276896.015
4716,386.300,1790276896.082
4717,386.364,1790276896.220
4718,386.432,1790276896.310
4719,386.496,1790276896.377
4720,386.564,1790276896.507
4721,386.696,1790276896.655
4722,386.760,1790276896.769
4723,386.828,1790276896.863
4724,386.892,1790276896.924
4725,386.960,1790276897.039
4726,387.024,1790276897.134
4727,387.092,1790276897.206
4728,387.156,1790276897.317
4729,387.224,1790276897.420
4730,387.288,1790276897.489
4731,387.356,1790276897.618
4732,387.552,1790276897.862
4733,387.752,1790276898.109
4734,387.816,1790276898.222
4735,387.884,1790276898.289
4736,387.948,1790276898.359
4737,388.080,1790276898.538
4738,388.148,1790276898.622
4739,388.212,1790276898.741
4740,388.280,1790276898.812
4741,388.344,1790276898.895
4742,388.412,1790276899.020
4743,388.476,1790276899.099
4744,388.544,1790276899.193
4745,388.608,1790276899.318
4746,388.676,1790276899.404
4747,388.740,1790276899.489
4748,388.872,1790276899.715
4749,388.940,1790276899.808
4750,389.072,1790276900.020
4751,389.136,1790276900.112
4752,389.204,1790276900.236
4753,389.268,1790276900.326
4754,389.400,1790276900.478
4755,389.468,1790276900.589
4756,389.532,1790276900.688
4757,389.600,1790276900.758
4758,389.664,1790276900.870
4759,389.732,1790276900.955
4760,389.796,1790276901.019
4761,389.996,1790276901.297
4762,390.060,1790276901.416
4763,390.128,1790276901.512
4764,390.192,1790276901.574
4765,390.260,1790276901.700
4766,390.324,1790276901.800
4767,390.392,1790276901.870
4768,390.456,1790276901.999
4769,390.524,1790276902.101
4770,390.588,1790276902.170
4771,390.656,1790276902.292
4772,390.720,1790276902.390
4773,390.788,1790276902.461
4774,390.852,1790276902.544
4775,390.920,1790276902.674
4776,390.984,1790276902.740
4777,391.052,1790276902.825
4778,391.116,1790276902.938
4779,391.248,1790276903.094
4780,391.316,1790276903.218
4781,391.380,1790276903.289
4782,391.512,1790276903.504
4783,391.580,1790276903.584
4784,391.712,1790276903.809
4785,391.776,1790276903.883
4786,391.844,1790276903.967
4787,391.908,1790276904.083
4788,391.976,1790276904.165
4789,392.040,1790276904.254
4790,392.172,1790276904.455
4791,392.240,1790276904.538
4792,392.304,1790276904.663
4793,392.372,1790276904.745
4794,392.436,1790276904.828
4795,392.504,1790276904.951
4796,392.568,1790276905.033
4797,392.636,1790276905.116
4798,392.700,1790276905.183
4799,392.768,1790276905.305
4800,392.832,1790276905.387
4801,392.900,1790276905.455
4802,392.964,1790276905.562
4803,393.032,1790276905.655
4804,393.096,1790276905.724
4805,393.164,1790276905.847
4806,393.228,1790276905.937
4807,393.296,1790276906.006
4808,393.360,1790276906.123
4809,393.428,1790276906.213
4810,393.492,1790276906.282
4811,393.560,1790276906.392
4812,393.624,1790276906.489
4813,393.756,1790276906.671
4814,393.824,1790276906.767
4815,393.888,1790276906.831
4816,393.956,1790276906.962
4817,394.020,1790276907.068
4818,394.088,1790276907.140
4819,394.152,1790276907.230
4820,394.220,1790276907.349
4821,394.284,1790276907.425
4822,394.352,1790276907.516
4823,394.416,1790276907.644
4824,394.484,1790276907.725
4825,394.548,1790276907.813
4826,394.616,1790276907.944
4827,394.680,1790276908.014
4828,394.748,1790276908.093
4829,394.880,1790276908.288
4830,394.944,1790276908.376
4831,395.076,1790276908.580
4832,395.208,1790276908.797
4833,395.276,1790276908.878
4834,395.472,1790276909.163
4835,395.540,1790276909.247
4836,395.604,1790276909.364
4837,395.672,1790276909.445
4838,395.736,1790276909.528
4839,395.804,1790276909.657
4840,395.868,1790276909.741
4841,395.936,1790276909.828
4842,396.000,1790276909.893
4843,396.068,1790276910.007
4844,396.132,1790276910.107
4845,396.200,1790276910.181
4846,396.264,1790276910.311
4847,396.332,1790276910.403
4848,396.396,1790276910.469
4849,396.464,1790276910.613
4850,396.596,1790276910.775
4851,396.660,1790276910.891
4852,396.728,1790276910.985
4853,396.792,1790276911.056
4854,396.924,1790276911.262
4855,397.056,1790276911.455
4856,397.124,1790276911.556
4857,397.188,1790276911.617
4858,397.256,1790276911.736
4859,397.320,1790276911.826
4860,397.388,1790276911.897
4861,397.520,1790276912.122
4862,397.584,1790276912.189
4863,397.652,1790276912.266
4864,397.784,1790276912.459
4865,397.848,1790276912.544
4866,397.916,1790276912.673
4867,397.980,1790276912.747
4868,398.048,1790276912.824
4869,398.112,1790276912.943
4870,398.180,1790276913.016
4871,398.312,1790276913.219
4872,398.376,1790276913.293
4873,398.444,1790276913.371
4874,398.508,1790276913.489
4875,398.576,1790276913.574
4876,398.640,1790276913.662
4877,398.772,1790276913.859
4878,398.904,1790276914.065
4879,398.972,1790276914.153
4880,399.036,1790276914.233
4881,399.104,1790276914.354
4882,399.236,1790276914.528
4883,399.300,1790276914.594
4884,399.368,1790276914.705
4885,399.432,1790276914.798
4886,399.500,1790276914.862
4887,399.564,1790276914.977
4888,399.632,1790276915.065
4889,399.696,1790276915.125
4890,399.764,1790276915.254
4891,399.828,1790276915.351
4892,399.896,1790276915.415
4893,400.028,1790276915.644
4894,400.092,1790276915.706
4895,400.160,1790276915.833
4896,400.224,1790276915.930
4897,400.292,1790276916.002
4898,400.356,1790276916.138
4899,400.424,1790276916.243
4900,400.488,1790276916.319
4901,400.556,1790276916.452
4902,400.620,1790276916.563
4903,400.688,1790276916.639
4904,400.752,1790276916.731
4905,400.820,1790276916.874
4906,400.952,1790276917.061
4907,401.016,1790276917.182
4908,401.084,1790276917.269
4909,401.148,1790276917.365
4910,401.216,1790276917.490
4911,401.280,1790276917.558
4912,401.480,1790276917.841
4913,401.612,1790276918.045
4914,401.676,1790276918.119
4915,401.808,1790276918.335
4916,401.876,1790276918.419
4917,401.940,1790276918.512
4918,402.008,1790276918.658
4919,402.072,1790276918.737
4920,402.140,1790276918.821
4921,402.272,1790276919.036
4922,402.336,1790276919.121
4923,402.404,1790276919.250
4924,402.468,1790276919.345
4925,402.536,1790276919.437
4926,402.600,1790276919.514
4927,402.668,1790276919.646
4928,402.732,1790276919.741
4929,402.800,1790276919.803
4930,402.864,1790276919.932
4931,402.932,1790276920.029
4932,402.996,1790276920.090
4933,403.064,1790276920.226
4934,403.128,1790276920.320
4935,403.196,1790276920.392
4936,403.260,1790276920.524
4937,403.328,1790276920.629
4938,403.392,1790276920.699
4939,403.460,1790276920.822
4940,403.524,1790276920.912
4941,403.592,1790276920.977
4942,403.656,1790276921.089
4943,403.724,1790276921.189
4944,403.788,1790276921.252
4945,403.856,1790276921.369
4946,403.920,1790276921.463
4947,403.988,1790276921.530
4948,404.052,1790276921.603
4949,404.120,1790276921.710
4950,404.184,1790276921.772
4951,404.252,1790276921.852
4952,404.316,1790276921.952
4953,404.384,1790276922.023
4954,404.448,1790276922.100
4955,404.580,1790276922.292
4956,404.648,1790276922.374
4957,404.712,1790276922.492
4958,404.780,1790276922.570
4959,404.844,1790276922.656
4960,404.912,1790276922.776
4961,404.976,1790276922.853
4962,405.044,1790276922.937
4963,405.108,1790276923.053
4964,405.176,1790276923.129
4965,405.240,1790276923.208
4966,405.308,1790276923.318
4967,405.440,1790276923.476
4968,405.504,1790276923.585
4969,405.572,1790276923.670
4970,405.636,1790276923.754
4971,405.704,1790276923.875
4972,405.768,1790276923.954
4973,405.836,1790276924.038
4974,405.900,1790276924.100
4975,405.968,1790276924.217
4976,406.032,1790276924.307
4977,406.100,1790276924.373
4978,406.164,1790276924.493
4979,406.232,1790276924.585
4980,406.364,1790276924.767
4981,406.496,1790276924.929
4982,406.560,1790276925.058
4983,406.628,1790276925.158
4984,406.692,1790276925.221
4985,406.760,1790276925.337
4986,406.824,1790276925.428
4987,406.956,1790276925.608
4988,407.024,1790276925.704
4989,407.088,1790276925.771
4990,407.156,1790276925.891
4991,407.220,1790276926.004
4992,407.288,1790276926.078
4993,407.352,1790276926.164
4994,407.420,1790276926.279
4995,407.484,1790276926.343
4996,407.552,1790276926.426
4997,407.616,1790276926.540
4998,407.684,1790276926.629
4999,407.748,1790276926.706
5000,407.816,1790276926.816
5001,407.880,1790276926.895
5002,407.948,1790276926.985
5003,408.012,1790276927.099
5004,408.080,1790276927.179
5005,408.144,1790276927.261
5006,408.212,1790276927.372
5007,408.276,1790276927.445
5008,408.344,1790276927.526
5009,408.408,1790276927.649
5010,408.540,1790276927.811
5011,408.608,1790276927.926
5012,408.672,1790276928.007
5013,408.740,1790276928.085
5014,408.804,1790276928.199
5015,408.872,1790276928.284
5016,408.936,1790276928.368
5017,409.004,1790276928.484
5018,409.068,1790276928.579
5019,409.136,1790276928.668
5020,409.200,1790276928.729
5021,409.268,1790276928.855
5022,409.332,1790276928.950
5023,409.400,1790276929.012
5024,409.532,1790276929.215
5025,409.596,1790276929.275
5026,409.728,1790276929.486
5027,409.796,1790276929.550
5028,409.860,1790276929.676
5029,409.928,1790276929.782
5030,409.992,1790276929.843
5031,410.060,1790276929.957
5032,410.124,1790276930.049
5033,410.192,1790276930.114
5034,410.256,1790276930.229
5035,410.324,1790276930.325
5036,410.388,1790276930.389
5037,410.456,1790276930.499
5038,410.520,1790276930.601
5039,410.588,1790276930.673
5040,410.652,1790276930.751
5041,410.720,1790276930.861
5042,410.784,1790276930.926
5043,410.852,1790276931.003
5044,410.916,1790276931.115
5045,410.984,1790276931.175
5046,411.116,1790276931.363
5047,411.180,1790276931.437
5048,411.248,1790276931.510
5049,411.312,1790276931.625
5050,411.444,1790276931.784
5051,411.512,1790276931.896
5052,411.576,1790276931.970
5053,411.644,1790276932.055
5054,411.708,1790276932.175
5055,411.776,1790276932.253
5056,411.840,1790276932.330
5057,411.908,1790276932.439
5058,411.972,1790276932.520
5059,412.040,1790276932.604
5060,412.104,1790276932.722
5061,412.172,1790276932.805
5062,412.236,1790276932.888
5063,412.304,1790276932.999
5064,412.368,1790276933.080
5065,412.436,1790276933.166
5066,412.500,1790276933.228
5067,412.568,1790276933.333
5068,412.632,1790276933.417
5069,412.700,1790276933.483
5070,412.764,1790276933.583
5071,412.832,1790276933.674
5072,412.896,1790276933.736
5073,412.964,1790276933.858
5074,413.096,1790276934.024
5075,413.228,1790276934.216
5076,413.292,1790276934.279
5077,413.424,1790276934.487
5078,413.492,1790276934.552
5079,413.556,1790276934.664
5080,413.624,1790276934.762
5081,413.688,1790276934.824
5082,413.756,1790276934.940
5083,413.820,1790276935.034
5084,413.888,1790276935.105
5085,413.952,1790276935.186
5086,414.020,1790276935.298
5087,414.084,1790276935.376
5088,414.152,1790276935.450
5089,414.216,1790276935.564
5090,414.284,1790276935.636
5091,414.348,1790276935.708
5092,414.416,1790276935.823
5093,414.480,1790276935.898
5094,414.548,1790276935.976
5095,414.612,1790276936.093
5096,414.680,1790276936.178
5097,414.744,1790276936.252
5098,414.812,1790276936.383
5099,414.876,1790276936.456
5100,414.944,1790276936.534
5101,415.008,1790276936.650
5102,415.076,1790276936.730
5103,415.140,1790276936.819
5104,415.208,1790276936.958
5105,415.272,1790276937.032
5106,415.340,1790276937.114
5107,415.404,1790276937.229
5108,415.472,1790276937.312
5109,415.536,1790276937.393
5110,415.604,1790276937.508
5111,415.668,1790276937.586
5112,415.736,1790276937.675
5113,415.800,1790276937.737
5114,415.868,1790276937.860
5115,415.932,1790276937.940
5116,416.000,1790276938.005
5117,416.064,1790276938.110
5118,416.132,1790276938.202
5119,416.196,1790276938.265
5120,416.264,1790276938.379
5121,416.328,1790276938.467
5122,416.396,1790276938.536
5123,416.460,1790276938.642
5124,416.528,1790276938.736
5125,416.592,1790276938.798
5126,416.660,1790276938.908
5127,416.724,1790276939.007
5128,416.792,1790276939.075
5129,416.856,1790276939.176
5130,416.924,1790276939.268
5131,416.988,1790276939.338
5132,417.056,1790276939.447
5133,417.120,1790276939.539
5134,417.188,1790276939.609
5135,417.252,1790276939.686
5136,417.320,1790276939.793
5137,417.384,1790276939.863
5138,417.516,1790276940.058
5139,417.584,1790276940.129
5140,417.648,1790276940.208
5141,417.716,1790276940.319
5142,417.780,1790276940.386
5143,417.848,1790276940.465
5144,417.912,1790276940.582
5145,417.980,1790276940.656
5146,418.112,1790276940.848
5147,418.176,1790276940.917
5148,418.244,1790276940.998
5149,418.308,1790276941.118
5150,418.376,1790276941.201
5151,418.440,1790276941.282
5152,418.508,1790276941.399
5153,418.572,1790276941.470
5154,418.640,1790276941.550
5155,418.704,1790276941.667
5156,418.772,1790276941.754
5157,418.836,1790276941.831
5158,418.968,1790276942.023
5159,419.036,1790276942.110
5160,419.100,1790276942.170
5161,419.168,1790276942.276
5162,419.232,1790276942.363
5163,419.300,1790276942.429
5164,419.364,1790276942.532
5165,419.432,1790276942.614
5166,419.496,1790276942.674
5167,419.628,1790276942.880
5168,419.696,1790276942.942
5169,419.760,1790276943.066
5170,419.828,1790276943.154
5171,419.892,1790276943.216
5172,419.960,1790276943.334
5173,420.024,1790276943.444
5174,420.092,1790276943.506
5175,420.156,1790276943.616
5176,420.224,1790276943.720
5177,420.288,1790276943.787
5178,420.356,1790276943.895
5179,420.420,1790276943.992
5180,420.552,1790276944.138
5181,420.620,1790276944.249
5182,420.684,1790276944.328
5183,420.752,1790276944.411
5184,420.816,1790276944.519
5185,420.884,1790276944.588
5186,420.948,1790276944.668
5187,421.016,1790276944.783
5188,421.080,1790276944.848
5189,421.148,1790276944.919
5190,421.280,1790276945.117
5191,421.412,1790276945.313
5192,421.544,1790276945.482
5193,421.608,1790276945.604
5194,421.676,1790276945.677
5195,421.740,1790276945.747
5196,421.808,1790276945.864
5197,421.872,1790276945.949
5198,421.940,1790276946.036
5199,422.004,1790276946.148
5200,422.072,1790276946.235
5201,422.136,1790276946.312
5202,422.204,1790276946.431
5203,422.268,1790276946.516
5204,422.336,1790276946.623
5205,422.400,1790276946.680
5206,422.468,1790276946.786
5207,422.600,1790276946.929
5208,422.664,1790276947.032
5209,422.796,1790276947.192
5210,422.864,1790276947.302
5211,423.060,1790276947.597
5212,423.128,1790276947.688
5213,423.192,1790276947.747
5214,423.260,1790276947.857
5215,423.324,1790276947.950
5216,423.392,1790276948.019
5217,423.456,1790276948.123
5218,423.524,1790276948.224
5219,423.588,1790276948.289
5220,423.656,1790276948.393
5221,423.720,1790276948.493
5222,423.788,1790276948.556
5223,423.852,1790276948.636
5224,423.920,1790276948.736
5225,423.984,1790276948.812
5226,424.052,1790276948.884
5227,424.116,1790276948.992
5228,424.248,1790276949.146
5229,424.316,1790276949.265
5230,424.380,1790276949.334
5231,424.448,1790276949.404
5232,424.512,1790276949.521
5233,424.580,1790276949.594
5234,424.644,1790276949.668
5235,424.712,1790276949.787
5236,424.776,1790276949.858
5237,424.844,1790276949.933
5238,424.908,1790276950.049
5239,424.976,1790276950.124
5240,425.040,1790276950.206
5241,425.108,1790276950.320
5242,425.172,1790276950.405
5243,425.240,1790276950.491
5244,425.304,1790276950.604
5245,425.372,1790276950.688
5246,425.436,1790276950.770
5247,425.504,1790276950.886
5248,425.568,1790276950.974
5249,425.636,1790276951.063
5250,425.700,1790276951.126
5251,425.768,1790276951.238
5252,425.832,1790276951.317
5253,425.900,1790276951.384
5254,425.964,1790276951.488
5255,426.032,1790276951.573
5256,426.096,1790276951.635
5257,426.164,1790276951.750
5258,426.228,1790276951.834
5259,426.296,1790276951.896
5260,426.360,1790276952.008
5261,426.428,1790276952.109
5262,426.492,1790276952.172
5263,426.560,1790276952.287
5264,426.624,1790276952.369
5265,426.692,1790276952.434
5266,426.756,1790276952.552
5267,426.824,1790276952.654
5268,426.888,1790276952.723
5269,426.956,1790276952.836
5270,427.020,1790276952.927
5271,427.088,1790276952.994
5272,427.152,1790276953.075
5273,427.220,1790276953.176
5274,427.352,1790276953.320
5275,427.416,1790276953.441
5276,427.484,1790276953.521
5277,427.548,1790276953.596
5278,427.616,1790276953.727
5279,427.680,1790276953.801
5280,427.748,1790276953.885
5281,427.812,1790276954.007
5282,427.880,1790276954.097
5283,427.944,1790276954.178
5284,428.012,1790276954.309
5285,428.076,1790276954.402
5286,428.144,1790276954.486
5287,428.208,1790276954.624
5288,428.276,1790276954.713
5289,428.340,1790276954.802
5290,428.408,1790276954.932
5291,428.472,1790276955.018
5292,428.540,1790276955.119
5293,428.604,1790276955.255
5294,428.672,1790276955.356
5295,428.736,1790276955.447
5296,428.804,1790276955.587
5297,428.868,1790276955.678
5298,428.936,1790276955.770
5299,429.000,1790276955.833
5300,429.068,1790276955.955
5301,429.132,1790276956.041
5302,429.200,1790276956.115
5303,429.264,1790276956.235
5304,429.332,1790276956.334
5305,429.396,1790276956.409
5306,429.464,1790276956.536
5307,429.528,1790276956.645
5308,429.596,1790276956.708
5309,429.660,1790276956.820
5310,429.728,1790276956.925
5311,429.792,1790276956.987
5312,429.860,1790276957.107
5313,429.924,1790276957.205
5314,429.992,1790276957.271
5315,430.056,1790276957.383
5316,430.124,1790276957.489
5317,430.188,1790276957.556
5318,430.256,1790276957.692
5319,430.320,1790276957.802
5320,430.388,1790276957.888
5321,430.452,1790276957.984
5322,430.520,1790276958.123
5323,430.584,1790276958.203
5324,430.652,1790276958.290
5325,430.784,1790276958.506
5326,430.848,1790276958.596
5327,430.916,1790276958.740
5328,430.980,1790276958.816
5329,431.048,1790276958.909
5330,431.112,1790276959.030
5331,431.180,1790276959.109
5332,431.244,1790276959.192
5333,431.312,1790276959.318
5334,431.376,1790276959.396
5335,431.444,1790276959.483
5336,431.508,1790276959.603
5337,431.576,1790276959.693
5338,431.708,1790276959.888
5339,431.772,1790276959.965
5340,431.840,1790276960.045
5341,431.904,1790276960.175
5342,432.036,1790276960.341
5343,432.104,1790276960.454
5344,432.168,1790276960.544
5345,432.236,1790276960.629
5346,432.368,1790276960.800
5347,432.500,1790276960.957
5348,432.564,1790276961.067
5349,432.632,1790276961.162
5350,432.696,1790276961.228
5351,432.764,1790276961.335
5352,432.828,1790276961.418
5353,432.896,1790276961.486
5354,432.960,1790276961.618
5355,433.092,1790276961.788
5356,433.160,1790276961.914
5357,433.224,1790276962.004
5358,433.292,1790276962.070
5359,433.356,1790276962.178
5360,433.424,1790276962.273
5361,433.488,1790276962.338
5362,433.556,1790276962.453
5363,433.620,1790276962.549
5364,433.688,1790276962.640
5365,433.752,1790276962.723
5366,433.820,1790276962.825
5367,433.884,1790276962.885
5368,433.952,1790276962.966
5369,434.016,1790276963.083
5370,434.084,1790276963.151
5371,434.148,1790276963.224
5372,434.216,1790276963.338
5373,434.280,1790276963.414
5374,434.348,1790276963.490
5375,434.412,1790276963.606
5376,434.544,1790276963.759
5377,434.676,1790276963.949
5378,434.744,1790276964.024
5379,434.808,1790276964.145
5380,434.876,1790276964.226
5381,434.940,1790276964.317
5382,435.008,1790276964.446
5383,435.072,1790276964.522
5384,435.140,1790276964.603
5385,435.272,1790276964.807
5386,435.336,1790276964.891
5387,435.468,1790276965.079
5388,435.536,1790276965.161
5389,435.600,1790276965.222
5390,435.668,1790276965.348
5391,435.732,1790276965.440
5392,435.800,1790276965.506
5393,435.864,1790276965.618
5394,435.932,1790276965.710
5395,435.996,1790276965.769
5396,436.128,1790276965.968
5397,436.196,1790276966.035
5398,436.260,1790276966.146
5399,436.328,1790276966.246
5400,436.392,1790276966.321
5401,436.460,1790276966.441
5402,436.592,1790276966.604
5403,436.656,1790276966.728
5404,436.724,1790276966.822
5405,436.788,1790276966.887
5406,436.856,1790276967.017
5407,436.920,1790276967.115
5408,436.988,1790276967.183
5409,437.052,1790276967.266
5410,437.120,1790276967.378
5411,437.184,1790276967.448
5412,437.252,1790276967.523
5413,437.316,1790276967.640
5414,437.384,1790276967.703
5415,437.448,1790276967.792
5416,437.516,1790276967.910
5417,437.580,1790276967.979
5418,437.648,1790276968.058
5419,437.712,1790276968.177
5420,437.780,1790276968.253
5421,437.844,1790276968.330
5422,437.912,1790276968.478
5423,437.976,1790276968.551
5424,438.044,1790276968.634
5425,438.108,1790276968.752
5426,438.176,1790276968.830
5427,438.240,1790276968.911
5428,438.308,1790276969.032
5429,438.372,1790276969.109
5430,438.440,1790276969.190
5431,438.504,1790276969.309
5432,438.636,1790276969.471
5433,438.704,1790276969.583
5434,438.768,1790276969.667
5435,438.836,1790276969.753
5436,438.900,1790276969.819
5437,438.968,1790276969.942
5438,439.032,1790276970.027
5439,439.100,1790276970.095
5440,439.164,1790276970.207
5441,439.232,1790276970.291
5442,439.296,1790276970.352
5443,439.364,1790276970.468
5444,439.428,1790276970.553
5445,439.496,1790276970.620
5446,439.560,1790276970.739
5447,439.628,1790276970.838
5448,439.692,1790276970.912
5449,439.760,1790276971.030
5450,439.824,1790276971.129
5451,439.892,1790276971.195
5452,439.956,1790276971.311
5453,440.024,1790276971.408
5454,440.088,1790276971.474
5455,440.220,1790276971.686
5456,440.288,1790276971.751
5457,440.352,1790276971.826
5458,440.420,1790276971.943
5459,440.484,1790276972.003
5460,440.552,1790276972.090
5461,440.684,1790276972.267
5462,440.748,1790276972.347
5463,440.816,1790276972.464
5464,440.880,1790276972.533
5465,440.948,1790276972.613
5466,441.012,1790276972.733
5467,441.080,1790276972.808
5468,441.144,1790276972.881
5469,441.212,1790276973.006
5470,441.344,1790276973.161
5471,441.408,1790276973.277
5472,441.476,1790276973.354
5473,441.540,1790276973.437
5474,441.608,1790276973.557
5475,441.672,1790276973.633
5476,441.740,1790276973.717
5477,441.804,1790276973.828
5478,441.872,1790276973.918
5479,441.936,1790276974.015
5480,442.004,1790276974.134
5481,442.068,1790276974.215
5482,442.136,1790276974.301
5483,442.200,1790276974.364
5484,442.268,1790276974.469
5485,442.332,1790276974.556
5486,442.400,1790276974.621
5487,442.464,1790276974.727
5488,442.532,1790276974.818
5489,442.596,1790276974.878
5490,442.664,1790276974.998
5491,442.728,1790276975.084
5492,442.796,1790276975.146
5493,442.860,1790276975.267
5494,442.928,1790276975.366
5495,442.992,1790276975.426
5496,443.060,1790276975.547
5497,443.124,1790276975.646
5498,443.192,1790276975.711
5499,443.256,1790276975.830
5500,443.324,1790276975.937
5501,443.388,1790276975.996
5502,443.456,1790276976.118
5503,443.520,1790276976.214
5504,443.652,1790276976.371
5505,443.784,1790276976.559
5506,443.852,1790276976.643
5507,443.984,1790276976.838
5508,444.048,1790276976.918
5509,444.116,1790276977.037
5510,444.180,1790276977.110
5511,444.248,1790276977.199
5512,444.380,1790276977.398
5513,444.444,1790276977.477
5514,444.512,1790276977.594
5515,444.576,1790276977.669
5516,444.644,1790276977.748
5517,444.708,1790276977.868
5518,444.776,1790276977.949
5519,444.840,1790276978.025
5520,444.908,1790276978.148
5521,444.972,1790276978.231
5522,445.040,1790276978.313
5523,445.104,1790276978.426
5524,445.172,1790276978.511
5525,445.236,1790276978.599
5526,445.304,1790276978.721
5527,445.368,1790276978.807
5528,445.436,1790276978.888
5529,445.500,1790276978.949
5530,445.568,1790276979.073
5531,445.632,1790276979.167
5532,445.700,1790276979.231
5533,445.764,1790276979.351
5534,445.832,1790276979.437
5535,445.896,1790276979.498
5536,445.964,1790276979.613
5537,446.028,1790276979.698
5538,446.096,1790276979.761
5539,446.160,1790276979.886
5540,446.292,1790276980.039
5541,446.360,1790276980.166
5542,446.424,1790276980.254
5543,446.492,1790276980.325
5544,446.556,1790276980.445
5545,446.624,1790276980.550
5546,446.688,1790276980.626
5547,446.756,1790276980.766
5548,446.820,1790276980.867
5549,446.888,1790276980.944
5550,446.952,1790276981.026
5551,447.020,1790276981.153
5552,447.084,1790276981.228
5553,447.152,1790276981.309
5554,447.216,1790276981.428
5555,447.284,1790276981.503
5556,447.348,1790276981.579
5557,447.416,1790276981.693
5558,447.480,1790276981.767
5559,447.548,1790276981.843
5560,447.612,1790276981.958
5561,447.680,1790276982.022
5562,447.744,1790276982.096
5563,447.812,1790276982.215
5564,447.876,1790276982.284
5565,447.944,1790276982.362
5566,448.008,1790276982.475
5567,448.076,1790276982.559
5568,448.140,1790276982.648
5569,448.208,1790276982.777
5570,448.272,1790276982.863
5571,448.340,1790276982.961
5572,448.536,1790276983.286
5573,448.604,1790276983.413
5574,448.736,1790276983.589
5575,448.800,1790276983.651
5576,448.868,1790276983.756
5577,448.932,1790276983.840
5578,449.000,1790276983.905
5579,449.064,1790276984.010
5580,449.132,1790276984.099
5581,449.196,1790276984.161
5582,449.264,1790276984.281
5583,449.328,1790276984.366
5584,449.396,1790276984.433
5585,449.460,1790276984.546
5586,449.528,1790276984.632
5587,449.592,1790276984.695
5588,449.660,1790276984.809
5589,449.724,1790276984.904
5590,449.792,1790276984.971
5591,449.856,1790276985.080
5592,449.924,1790276985.177
5593,449.988,1790276985.245
5594,450.056,1790276985.362
5595,450.120,1790276985.462
5596,450.188,1790276985.535
5597,450.320,1790276985.715
5598,450.384,1790276985.788
5599,450.452,1790276985.858
5600,450.516,1790276985.963
5601,450.584,1790276986.033
5602,450.648,1790276986.112
5603,450.716,1790276986.221
5604,450.780,1790276986.289
5605,450.848,1790276986.371
5606,450.912,1790276986.486
5607,450.980,1790276986.572
5608,451.044,1790276986.656
5609,451.112,1790276986.773
5610,451.176,1790276986.854
5611,451.308,1790276987.056
5612,451.376,1790276987.135
5613,451.440,1790276987.213
5614,451.508,1790276987.322
5615,451.572,1790276987.408
5616,451.640,1790276987.488
5617,451.772,1790276987.696
5618,451.836,1790276987.784
5619,451.904,1790276987.901
5620,451.968,1790276987.988
5621,452.036,1790276988.068
5622,452.100,1790276988.131
5623,452.168,1790276988.240
5624,452.300,1790276988.379
5625,452.364,1790276988.488
5626,452.496,1790276988.643
5627,452.564,1790276988.758
5628,452.628,1790276988.839
5629,452.696,1790276988.906
5630,452.760,1790276989.018
5631,452.828,1790276989.103
5632,452.892,1790276989.174
5633,453.024,1790276989.394
5634,453.092,1790276989.464
5635,453.156,1790276989.571
5636,453.224,1790276989.668
5637,453.288,1790276989.741
5638,453.356,1790276989.847
5639,453.420,1790276989.941
5640,453.488,1790276990.022
5641,453.552,1790276990.098
5642,453.620,1790276990.203
5643,453.684,1790276990.280
5644,453.752,1790276990.363
5645,453.816,1790276990.473
5646,453.884,1790276990.545
5647,453.948,1790276990.630
5648,454.016,1790276990.748
5649,454.080,1790276990.824
5650,454.148,1790276990.898
5651,454.280,1790276991.090
5652,454.344,1790276991.168
5653,454.412,1790276991.280
5654,454.476,1790276991.355
5655,454.544,1790276991.431
5656,454.676,1790276991.627
5657,454.740,1790276991.707
5658,454.872,1790276991.887
5659,454.940,1790276991.970
5660,455.004,1790276992.075
5661,455.072,1790276992.164
5662,455.136,1790276992.243
5663,455.204,1790276992.351
5664,455.268,1790276992.432
5665,455.336,1790276992.521
5666,455.400,1790276992.580
5667,455.468,1790276992.686
5668,455.532,1790276992.775
5669,455.600,1790276992.838
5670,455.664,1790276992.948
5671,455.732,1790276993.035
5672,455.796,1790276993.092
5673,455.864,1790276993.211
5674,455.928,1790276993.302
5675,455.996,1790276993.368
5676,456.060,1790276993.482
5677,456.128,1790276993.572
5678,456.260,1790276993.747
5679,456.324,1790276993.839
5680,456.392,1790276993.904
5681,456.456,1790276994.013
5682,456.524,1790276994.099
5683,456.588,1790276994.169
5684,456.656,1790276994.268
5685,456.720,1790276994.361
5686,456.788,1790276994.427
5687,456.852,1790276994.500
5688,456.984,1790276994.675
5689,457.052,1790276994.753
5690,457.116,1790276994.861
5691,457.184,1790276994.937
5692,457.248,1790276995.013
5693,457.316,1790276995.123
5694,457.380,1790276995.198
5695,457.448,1790276995.270
5696,457.512,1790276995.387
5697,457.644,1790276995.534
5698,457.712,1790276995.666
5699,457.776,1790276995.736
5700,457.844,1790276995.818
5701,457.908,1790276995.933
5702,457.976,1790276996.008
5703,458.040,1790276996.090
5704,458.108,1790276996.198
5705,458.172,1790276996.273
5706,458.240,1790276996.357
5707,458.304,1790276996.469
5708,458.372,1790276996.553
5709,458.436,1790276996.643
5710,458.504,1790276996.763
5711,458.568,1790276996.841
5712,458.636,1790276996.928
5713,458.700,1790276996.991
5714,458.768,1790276997.106
5715,458.832,1790276997.197
5716,458.900,1790276997.259
5717,459.032,1790276997.456
5718,459.096,1790276997.519
5719,459.164,1790276997.640
5720,459.228,1790276997.739
5721,459.296,1790276997.802
5722,459.360,1790276997.912
5723,459.428,1790276998.001
5724,459.492,1790276998.064
5725,459.560,1790276998.173
5726,459.624,1790276998.272
5727,459.692,1790276998.341
5728,459.756,1790276998.449
5729,459.824,1790276998.546
5730,459.888,1790276998.614
5731,460.020,1790276998.841
5732,460.088,1790276998.911
5733,460.152,1790276998.989
5734,460.220,1790276999.086
5735,460.284,1790276999.157
5736,460.352,1790276999.233
5737,460.416,1790276999.339
5738,460.484,1790276999.405
5739,460.616,1790276999.593
5740,460.680,1790276999.674
5741,460.748,1790276999.749
5742,460.812,1790276999.859
5743,460.880,1790276999.935
5744,460.944,1790277000.011
5745,461.012,1790277000.128
5746,461.076,1790277000.202
5747,461.144,1790277000.275
5748,461.208,1790277000.386
5749,461.276,1790277000.463
5750,461.340,1790277000.534
5751,461.408,1790277000.645
5752,461.472,1790277000.722
5753,461.540,1790277000.819
5754,461.604,1790277000.932
5755,461.672,1790277001.020
5756,461.736,1790277001.104
5757,461.804,1790277001.214
5758,461.868,1790277001.299
5759,461.936,1790277001.378
5760,462.000,1790277001.443
5761,462.200,1790277001.688
5762,462.264,1790277001.799
5763,462.332,1790277001.881
5764,462.396,1790277001.944
5765,462.464,1790277002.056
5766,462.528,1790277002.143
5767,462.596,1790277002.208
5768,462.660,1790277002.317
5769,462.728,1790277002.419
5770,462.792,1790277002.480
5771,462.860,1790277002.596
5772,462.992,1790277002.764
5773,463.188,1790277003.042
5774,463.256,1790277003.141
5775,463.388,1790277003.305
5776,463.452,1790277003.385
5777,463.584,1790277003.557
5778,463.652,1790277003.637
5779,463.716,1790277003.745
5780,463.784,1790277003.818
5781,463.848,1790277003.901
5782,463.916,1790277004.016
5783,463.980,1790277004.092
5784,464.048,1790277004.165
5785,464.112,1790277004.279
5786,464.180,1790277004.350
5787,464.244,1790277004.425
5788,464.312,1790277004.540
5789,464.376,1790277004.625
5790,464.444,1790277004.709
5791,464.508,1790277004.825
5792,464.576,1790277004.903
5793,464.640,1790277004.984
5794,464.708,1790277005.092
5795,464.772,1790277005.171
5796,464.840,1790277005.252
5797,464.904,1790277005.365
5798,464.972,1790277005.442
5799,465.036,1790277005.527
5800,465.104,1790277005.644
5801,465.168,1790277005.729
5802,465.236,1790277005.820
5803,465.300,1790277005.879
5804,465.368,1790277005.992
5805,465.432,1790277006.075
5806,465.500,1790277006.141
5807,465.632,1790277006.330
5808,465.764,1790277006.503
5809,465.828,1790277006.592
5810,465.960,1790277006.756
5811,466.028,1790277006.847
5812,466.092,1790277006.911
5813,466.160,1790277007.034
5814,466.224,1790277007.124
5815,466.292,1790277007.191
5816,466.356,1790277007.306
5817,466.424,1790277007.407
5818,466.488,1790277007.480
5819,466.556,1790277007.589
5820,466.620,1790277007.693
5821,466.688,1790277007.760
5822,466.752,1790277007.847
5823,466.820,1790277007.959
5824,466.884,1790277008.034
5825,466.952,1790277008.108
5826,467.016,1790277008.213
5827,467.084,1790277008.286
5828,467.148,1790277008.358
5829,467.216,1790277008.470
5830,467.280,1790277008.539
5831,467.348,1790277008.617
5832,467.412,1790277008.731
5833,467.480,1790277008.807
5834,467.544,1790277008.886
5835,467.612,1790277009.001
5836,467.676,1790277009.078
5837,467.744,1790277009.168
5838,467.876,1790277009.355
5839,467.940,1790277009.432
5840,468.008,1790277009.539
5841,468.072,1790277009.613
5842,468.140,1790277009.696
5843,468.272,1790277009.888
5844,468.336,1790277009.979
5845,468.404,1790277010.105
5846,468.468,1790277010.186
5847,468.536,1790277010.263
5848,468.600,1790277010.326
5849,468.668,1790277010.434
5850,468.732,1790277010.512
5851,468.800,1790277010.578
5852,468.864,1790277010.689
5853,468.932,1790277010.778
5854,468.996,1790277010.845
5855,469.064,1790277010.963
5856,469.128,1790277011.046
5857,469.196,1790277011.118
5858,469.328,1790277011.316
5859,469.392,1790277011.378
5860,469.460,1790277011.497
5861,469.524,1790277011.594
5862,469.656,1790277011.776
5863,469.724,1790277011.878
5864,469.788,1790277011.939
5865,469.856,1790277012.044
5866,469.920,1790277012.158
5867,469.988,1790277012.225
5868,470.052,1790277012.304
5869,470.184,1790277012.488
5870,470.316,1790277012.673
5871,470.448,1790277012.820
5872,470.516,1790277012.940
5873,470.580,1790277013.008
5874,470.648,1790277013.082
5875,470.712,1790277013.208
5876,470.780,1790277013.274
5877,470.844,1790277013.344
5878,470.912,1790277013.465
5879,470.976,1790277013.529
5880,471.044,1790277013.608
5881,471.108,1790277013.718
5882,471.176,1790277013.800
5883,471.240,1790277013.883
5884,471.308,1790277013.997
5885,471.372,1790277014.080
5886,471.440,1790277014.158
5887,471.504,1790277014.273
5888,471.572,1790277014.359
5889,471.636,1790277014.446
5890,471.768,1790277014.641
5891,471.836,1790277014.728
5892,471.900,1790277014.788
5893,471.968,1790277014.887
5894,472.032,1790277014.966
5895,472.100,1790277015.031
5896,472.164,1790277015.144
5897,472.296,1790277015.304
5898,472.364,1790277015.409
5899,472.428,1790277015.495
5900,472.496,1790277015.562
5901,472.628,1790277015.766
5902,472.692,1790277015.827
5903,472.760,1790277015.950
5904,472.824,1790277016.051
5905,472.892,1790277016.118
5906,472.956,1790277016.249
5907,473.024,1790277016.351
5908,473.088,1790277016.427
5909,473.156,1790277016.567
5910,473.220,1790277016.681
5911,473.288,1790277016.754
5912,473.352,1790277016.832
5913,473.420,1790277016.963
5914,473.484,1790277017.045
5915,473.552,1790277017.134
5916,473.616,1790277017.254
5917,473.684,1790277017.345
5918,473.748,1790277017.421
5919,473.816,1790277017.537
5920,473.880,1790277017.618
5921,474.012,1790277017.833
5922,474.080,1790277017.909
5923,474.144,1790277017.992
5924,474.212,1790277018.104
5925,474.276,1790277018.174
5926,474.344,1790277018.260
5927,474.408,1790277018.379
5928,474.476,1790277018.459
5929,474.540,1790277018.546
5930,474.608,1790277018.663
5931,474.672,1790277018.737
5932,474.740,1790277018.821
5933,474.804,1790277018.926
5934,474.872,1790277019.007
5935,474.936,1790277019.090
5936,475.004,1790277019.204
5937,475.068,1790277019.293
5938,475.200,1790277019.444
5939,475.268,1790277019.541
5940,475.332,1790277019.639
5941,475.400,1790277019.706
5942,475.464,1790277019.818
5943,475.532,1790277019.907
5944,475.596,1790277019.968
5945,475.664,1790277020.073
5946,475.728,1790277020.158
5947,475.796,1790277020.223
5948,475.860,1790277020.329
5949,475.928,1790277020.423
5950,475.992,1790277020.488
5951,476.124,1790277020.688
5952,476.192,1790277020.754
5953,476.256,1790277020.870
5954,476.324,1790277020.963
5955,476.388,1790277021.030
5956,476.456,1790277021.131
5957,476.520,1790277021.223
5958,476.588,1790277021.294
5959,476.652,1790277021.364
5960,476.720,1790277021.493
5961,476.784,1790277021.559
5962,476.852,1790277021.645
5963,476.916,1790277021.746
5964,476.984,1790277021.826
5965,477.048,1790277021.897
5966,477.116,1790277022.024
5967,477.180,1790277022.092
5968,477.248,1790277022.173
5969,477.312,1790277022.291
5970,477.380,1790277022.366
5971,477.444,1790277022.452
5972,477.512,1790277022.575
5973,477.576,1790277022.657
5974,477.644,1790277022.738
5975,477.708,1790277022.847
5976,477.776,1790277022.924
5977,477.840,1790277023.001
5978,477.908,1790277023.117
5979,477.972,1790277023.206
5980,478.040,1790277023.285
5981,478.104,1790277023.403
5982,478.172,1790277023.495
5983,478.236,1790277023.583
5984,478.304,1790277023.723
5985,478.368,1790277023.816
5986,478.436,1790277023.914
5987,478.500,1790277023.976
5988,478.568,1790277024.091
5989,478.632,1790277024.188
5990,478.700,1790277024.251
5991,478.764,1790277024.370
5992,478.832,1790277024.469
5993,478.896,1790277024.542
5994,478.964,1790277024.681
5995,479.028,1790277024.778
5996,479.160,1790277024.984
5997,479.228,1790277025.091
5998,479.292,1790277025.162
5999,479.360,1790277025.285
6000,479.424,1790277025.382
6001,479.492,1790277025.452
6002,479.556,1790277025.585
6003,479.688,1790277025.758
6004,479.756,1790277025.881
6005,479.820,1790277025.982
6006,479.888,1790277026.050
6007,479.952,1790277026.132
6008,480.020,1790277026.258
6009,480.084,1790277026.341
6010,480.152,1790277026.426
6011,480.348,1790277026.711
6012,480.416,1790277026.846
6013,480.480,1790277026.920
6014,480.548,1790277027.004
6015,480.612,1790277027.131
6016,480.744,1790277027.302
6017,480.876,1790277027.511
6018,480.944,1790277027.604
6019,481.008,1790277027.743
6020,481.076,1790277027.830
6021,481.140,1790277027.917
6022,481.208,1790277028.055
6023,481.272,1790277028.143
6024,481.340,1790277028.233
6025,481.404,1790277028.362
6026,481.472,1790277028.455
6027,481.536,1790277028.541
6028,481.604,1790277028.683
6029,481.736,1790277028.870
6030,481.800,1790277028.934
6031,481.868,1790277029.066
6032,481.932,1790277029.163
6033,482.000,1790277029.228
6034,482.064,1790277029.355
6035,482.132,1790277029.456
6036,482.196,1790277029.524
6037,482.264,1790277029.662
6038,482.396,1790277029.815
6039,482.460,1790277029.934
6040,482.528,1790277030.039
6041,482.660,1790277030.238
6042,482.724,1790277030.335
6043,482.792,1790277030.405
6044,482.856,1790277030.530
6045,482.988,1790277030.712
6046,483.056,1790277030.835
6047,483.120,1790277030.934
6048,483.188,1790277031.009
6049,483.252,1790277031.100
6050,483.320,1790277031.223
6051,483.384,1790277031.296
6052,483.452,1790277031.380
6053,483.516,1790277031.504
6054,483.584,1790277031.592
6055,483.648,1790277031.681
6056,483.716,1790277031.817
6057,483.780,1790277031.895
6058,483.848,1790277031.980
6059,483.912,1790277032.106
6060,483.980,1790277032.187
6061,484.044,1790277032.273
6062,484.112,1790277032.409
6063,484.176,1790277032.488
6064,484.244,1790277032.573
6065,484.308,1790277032.714
6066,484.376,1790277032.811
6067,484.440,1790277032.894
6068,484.508,1790277033.020
6069,484.572,1790277033.101
6070,484.640,1790277033.203
6071,484.704,1790277033.323
6072,484.772,1790277033.415
6073,484.836,1790277033.505
6074,484.904,1790277033.637
6075,484.968,1790277033.718
6076,485.036,1790277033.824
6077,485.100,1790277033.886
6078,485.168,1790277034.020
6079,485.232,1790277034.111
6080,485.300,1790277034.182
6081,485.364,1790277034.309
6082,485.432,1790277034.410
6083,485.496,1790277034.481
6084,485.564,1790277034.609
6085,485.628,1790277034.710
6086,485.696,1790277034.774
6087,485.760,1790277034.909
6088,485.828,1790277035.007
6089,485.892,1790277035.072
6090,485.960,1790277035.191
6091,486.024,1790277035.289
6092,486.092,1790277035.356
6093,486.156,1790277035.477
6094,486.224,1790277035.574
6095,486.356,1790277035.784
6096,486.420,1790277035.890
6097,486.488,1790277035.966
6098,486.552,1790277036.057
6099,486.620,1790277036.178
6100,486.684,1790277036.262
6101,486.752,1790277036.354
6102,486.816,1790277036.480
6103,486.884,1790277036.563
6104,487.148,1790277036.955
6105,487.212,1790277037.086
6106,487.280,1790277037.171
6107,487.344,1790277037.252
6108,487.476,1790277037.462
6109,487.544,1790277037.561
6110,487.608,1790277037.686
6111,487.676,1790277037.773
6112,487.740,1790277037.860
6113,487.808,1790277037.997
6114,487.872,1790277038.088
6115,487.940,1790277038.182
6116,488.004,1790277038.316
6117,488.072,1790277038.407
6118,488.136,1790277038.500
6119,488.204,1790277038.640
6120,488.336,1790277038.830
6121,488.400,1790277038.900
6122,488.468,1790277039.023
6123,488.600,1790277039.193
6124,488.664,1790277039.328
6125,488.732,1790277039.427
6126,488.796,1790277039.494
6127,488.864,1790277039.630
6128,488.928,1790277039.722
6129,488.996,1790277039.790
6130,489.060,1790277039.928
6131,489.128,1790277040.038
6132,489.260,1790277040.242
6133,489.324,1790277040.349
6134,489.392,1790277040.424
6135,489.456,1790277040.541
6136,489.524,1790277040.647
6137,489.588,1790277040.720
6138,489.656,1790277040.848
6139,489.720,1790277040.957
6140,489.852,1790277041.129
6141,489.920,1790277041.258
6142,489.984,1790277041.332
6143,490.052,1790277041.407
6144,490.116,1790277041.526
6145,490.184,1790277041.606
6146,490.248,1790277041.685
6147,490.380,1790277041.873
6148,490.448,1790277041.944
6149,490.512,1790277042.061
6150,490.580,1790277042.136
6151,490.644,1790277042.213
6152,490.712,1790277042.322
6153,490.776,1790277042.396
6154,490.844,1790277042.472
6155,490.908,1790277042.583
6156,490.976,1790277042.668
6157,491.040,1790277042.745
6158,491.108,1790277042.853
6159,491.172,1790277042.929
6160,491.240,1790277043.012
6161,491.304,1790277043.127
6162,491.436,1790277043.303
6163,491.568,1790277043.508
6164,491.636,1790277043.598
6165,491.700,1790277043.661
6166,491.768,1790277043.782
6167,491.832,1790277043.871
6168,491.900,1790277043.941
6169,491.964,1790277044.061
6170,492.032,1790277044.153
6171,492.096,1790277044.224
6172,492.228,1790277044.440
6173,492.296,1790277044.506
6174,492.360,1790277044.628
6175,492.428,1790277044.731
6176,492.492,1790277044.793
6177,492.624,1790277045.014
6178,492.692,1790277045.087
6179,492.756,1790277045.225
6180,492.824,1790277045.328
6181,492.888,1790277045.398
6182,492.956,1790277045.519
6183,493.020,1790277045.625
6184,493.088,1790277045.700
6185,493.152,1790277045.784
6186,493.284,1790277045.958
6187,493.352,1790277046.039
6188,493.416,1790277046.162
6189,493.484,1790277046.227
6190,493.548,1790277046.309
6191,493.616,1790277046.434
6192,493.680,1790277046.508
6193,493.748,1790277046.583
6194,493.812,1790277046.700
6195,493.880,1790277046.776
6196,493.944,1790277046.859
6197,494.012,1790277046.991
6198,494.076,1790277047.072
6199,494.144,1790277047.158
6200,494.208,1790277047.281
6201,494.276,1790277047.370
6202,494.340,1790277047.457
6203,494.408,1790277047.598
6204,494.472,1790277047.681
6205,494.540,1790277047.768
6206,494.604,1790277047.882
6207,494.672,1790277047.966
6208,494.736,1790277048.052
6209,494.868,1790277048.252
6210,494.936,1790277048.331
6211,495.000,1790277048.395
6212,495.068,1790277048.505
6213,495.200,1790277048.650
6214,495.264,1790277048.759
6215,495.332,1790277048.850
6216,495.396,1790277048.908
6217,495.464,1790277049.025
6218,495.528,1790277049.111
6219,495.596,1790277049.176
6220,495.660,1790277049.298
6221,495.728,1790277049.389
6222,495.792,1790277049.448
6223,495.860,1790277049.552
6224,495.924,1790277049.648
6225,495.992,1790277049.717
6226,496.056,1790277049.840
6227,496.124,1790277049.935
6228,496.188,1790277049.996
6229,496.256,1790277050.119
6230,496.320,1790277050.215
6231,496.388,1790277050.283
6232,496.452,1790277050.357
6233,496.520,1790277050.471
6234,496.584,1790277050.533
6235,496.652,1790277050.616
6236,496.716,1790277050.737
6237,496.784,1790277050.807
6238,496.848,1790277050.896
6239,496.916,1790277051.010
6240,496.980,1790277051.089
6241,497.048,1790277051.168
6242,497.112,1790277051.287
6243,497.180,1790277051.361
6244,497.312,1790277051.566
6245,497.376,1790277051.645
6246,497.508,1790277051.851
6247,497.576,1790277051.929
6248,497.640,1790277052.024
6249,497.708,1790277052.152
6250,497.772,1790277052.232
6251,497.840,1790277052.311
6252,497.904,1790277052.436
6253,497.972,1790277052.518
6254,498.036,1790277052.609
6255,498.104,1790277052.735
6256,498.168,1790277052.818
6257,498.236,1790277052.907
6258,498.300,1790277052.969
6259,498.368,1790277053.085
6260,498.432,1790277053.165
6261,498.564,1790277053.337
6262,498.632,1790277053.432
6263,498.696,1790277053.492
6264,498.828,1790277053.690
6265,498.960,1790277053.880
6266,499.028,1790277053.968
6267,499.160,1790277054.156
6268,499.224,1790277054.264
6269,499.292,1790277054.328
6270,499.356,1790277054.450
6271,499.424,1790277054.545
6272,499.488,1790277054.612
6273,499.556,1790277054.727
6274,499.620,1790277054.823
6275,499.688,1790277054.895
6276,499.752,1790277054.968
6277,499.820,1790277055.087
6278,499.884,1790277055.150
6279,499.952,1790277055.234
6280,500.016,1790277055.335
6281,500.084,1790277055.406
6282,500.148,1790277055.504
6283,500.216,1790277055.629
6284,500.280,1790277055.705
6285,500.348,1790277055.792
6286,500.412,1790277055.912
6287,500.480,1790277055.987
6288,500.544,1790277056.063
6289,500.612,1790277056.180
6290,500.676,1790277056.250
6291,500.744,1790277056.335
6292,500.808,1790277056.456
6293,500.876,1790277056.532
6294,500.940,1790277056.617
6295,501.008,1790277056.740
6296,501.072,1790277056.818
6297,501.140,1790277056.900
6298,501.204,1790277057.019
6299,501.272,1790277057.101
6300,501.336,1790277057.185
6301,501.404,1790277057.303
6302,501.468,1790277057.385
6303,501.600,1790277057.537
6304,501.668,1790277057.649
6305,501.732,1790277057.735
6306,501.800,1790277057.800
6307,501.864,1790277057.906
6308,501.932,1790277057.989
6309,501.996,1790277058.050
6310,502.064,1790277058.159
6311,502.128,1790277058.244
6312,502.196,1790277058.307
6313,502.260,1790277058.414
6314,502.328,1790277058.503
6315,502.392,1790277058.566
6316,502.460,1790277058.679
6317,502.524,1790277058.764
6318,502.592,1790277058.831
6319,502.656,1790277058.943
6320,502.724,1790277059.044
6321,502.788,1790277059.112
6322,502.856,1790277059.221
6323,502.920,1790277059.317
6324,502.988,1790277059.382
6325,503.052,1790277059.460
6326,503.120,1790277059.569
6327,503.184,1790277059.639
6328,503.252,1790277059.727
6329,503.316,1790277059.835
6330,503.448,1790277059.979
6331,503.516,1790277060.095
6332,503.580,1790277060.165
6333,503.648,1790277060.240
6334,503.712,1790277060.361
6335,503.780,1790277060.436
6336,503.844,1790277060.515
6337,503.912,1790277060.639
6338,503.976,1790277060.711
6339,504.044,1790277060.785
6340,504.108,1790277060.909
6341,504.176,1790277060.987
6342,504.240,1790277061.071
6343,504.372,1790277061.282
6344,504.572,1790277061.591
6345,504.636,1790277061.678
6346,504.768,1790277061.892
6347,504.836,1790277061.986
6348,504.900,1790277062.049
6349,504.968,1790277062.160
6350,505.032,1790277062.242
6351,505.100,1790277062.307
6352,505.232,1790277062.512
6353,505.296,1790277062.574
6354,505.364,1790277062.699
6355,505.428,1790277062.784
6356,505.496,1790277062.849
6357,505.560,1790277062.957
6358,505.628,1790277063.048
6359,505.692,1790277063.106
6360,505.760,1790277063.220
6361,505.824,1790277063.326
6362,505.892,1790277063.398
6363,505.956,1790277063.527
6364,506.024,1790277063.635
6365,506.088,1790277063.711
6366,506.156,1790277063.838
6367,506.220,1790277063.947
6368,506.288,1790277064.020
6369,506.352,1790277064.107
6370,506.420,1790277064.229
6371,506.484,1790277064.294
6372,506.552,1790277064.374
6373,506.616,1790277064.474
6374,506.684,1790277064.550
6375,506.748,1790277064.628
6376,506.816,1790277064.750
6377,506.880,1790277064.819
6378,506.948,1790277064.892
6379,507.012,1790277065.003
6380,507.080,1790277065.083
6381,507.144,1790277065.167
6382,507.212,1790277065.282
6383,507.276,1790277065.354
6384,507.344,1790277065.434
6385,507.408,1790277065.548
6386,507.476,1790277065.630
6387,507.540,1790277065.713
6388,507.608,1790277065.842
6389,507.672,1790277065.923
6390,507.740,1790277066.012
6391,507.804,1790277066.137
6392,507.936,1790277066.297
6393,508.004,1790277066.416
6394,508.068,1790277066.503
6395,508.136,1790277066.586
6396,508.200,1790277066.651
6397,508.268,1790277066.774
6398,508.332,1790277066.877
6399,508.400,1790277066.940
6400,508.464,1790277067.048
6401,508.532,1790277067.137
6402,508.596,1790277067.198
6403,508.664,1790277067.317
6404,508.860,1790277067.584
6405,508.928,1790277067.691
6406,508.992,1790277067.754
6407,509.060,1790277067.868
6408,509.192,1790277068.017
6409,509.256,1790277068.125
6410,509.324,1790277068.228
6411,509.388,1790277068.295
6412,509.456,1790277068.401
6413,509.520,1790277068.496
6414,509.588,1790277068.564
6415,509.652,1790277068.641
6416,509.720,1790277068.757
6417,509.784,1790277068.827
6418,509.852,1790277068.910
6419,509.984,1790277069.081
6420,510.048,1790277069.152
6421,510.116,1790277069.272
6422,510.248,1790277069.436
6423,510.312,1790277069.546
6424,510.380,1790277069.629
6425,510.444,1790277069.710
6426,510.512,1790277069.831
6427,510.576,1790277069.915
6428,510.644,1790277069.997
6429,510.708,1790277070.110
6430,510.776,1790277070.191
6431,510.840,1790277070.268
6432,510.908,1790277070.380
6433,510.972,1790277070.466
6434,511.040,1790277070.545
6435,511.104,1790277070.663
6436,511.172,1790277070.741
6437,511.236,1790277070.822
6438,511.304,1790277070.934
6439,511.436,1790277071.101
6440,511.500,1790277071.160
6441,511.568,1790277071.267
6442,511.632,1790277071.355
6443,511.700,1790277071.420
6444,511.896,1790277071.702
6445,511.964,1790277071.807
6446,512.028,1790277071.901
6447,512.096,1790277071.967
6448,512.160,1790277072.086
6449,512.228,1790277072.182
6450,512.292,1790277072.245
6451,512.360,1790277072.358
6452,512.424,1790277072.452
6453,512.492,1790277072.516
6454,512.556,1790277072.634
6455,512.624,1790277072.736
6456,512.688,1790277072.805
6457,512.756,1790277072.919
6458,512.820,1790277073.028
6459,512.888,1790277073.091
6460,512.952,1790277073.178
6461,513.084,1790277073.349
6462,513.152,1790277073.429
6463,513.216,1790277073.536
6464,513.284,1790277073.606
6465,513.348,1790277073.683
6466,513.416,1790277073.793
6467,513.480,1790277073.864
6468,513.548,1790277073.949
6469,513.612,1790277074.067
6470,513.680,1790277074.147
6471,513.744,1790277074.232
6472,513.812,1790277074.353
6473,513.876,1790277074.426
6474,513.944,1790277074.505
6475,514.008,1790277074.626
6476,514.140,1790277074.786
6477,514.272,1790277074.972
6478,514.340,1790277075.053
6479,514.404,1790277075.173
6480,514.472,1790277075.261
6481,514.536,1790277075.350
6482,514.604,1790277075.461
6483,514.668,1790277075.544
6484,514.736,1790277075.638
6485,514.800,1790277075.700
6486,514.868,1790277075.808
6487,514.932,1790277075.896
6488,515.000,1790277075.961
6489,515.064,1790277076.068
6490,515.132,1790277076.165
6491,515.196,1790277076.224
6492,515.264,1790277076.352
6493,515.328,1790277076.440
6494,515.396,1790277076.506
6495,515.460,1790277076.627
6496,515.528,1790277076.717
6497,515.592,1790277076.777
6498,515.660,1790277076.887
6499,515.724,1790277076.986
6500,515.792,1790277077.052
6501,515.856,1790277077.181
6502,515.988,1790277077.351
6503,516.056,1790277077.461
6504,516.120,1790277077.553
6505,516.188,1790277077.620
6506,516.252,1790277077.702
6507,516.320,1790277077.812
6508,516.384,1790277077.883
6509,516.452,1790277077.962
6510,516.516,1790277078.062
6511,516.584,1790277078.132
6512,516.648,1790277078.221
6513,516.716,1790277078.341
6514,516.780,1790277078.414
6515,516.848,1790277078.485
6516,516.912,1790277078.600
6517,516.980,1790277078.687
6518,517.044,1790277078.758
6519,517.112,1790277078.875
6520,517.176,1790277078.950
6521,517.244,1790277079.030
6522,517.308,1790277079.144
6523,517.376,1790277079.238
6524,517.440,1790277079.313
6525,517.508,1790277079.421
6526,517.572,1790277079.496
6527,517.640,1790277079.582
6528,517.704,1790277079.701
6529,517.772,1790277079.782
6530,517.836,1790277079.870
6531,517.968,1790277080.071
6532,518.036,1790277080.160
6533,518.100,1790277080.222
6534,518.168,1790277080.339
6535,518.232,1790277080.424
6536,518.300,1790277080.488
6537,518.364,1790277080.593
6538,518.432,1790277080.681
6539,518.496,1790277080.744
6540,518.628,1790277080.938
6541,518.696,1790277081.011
6542,518.760,1790277081.118
6543,518.828,1790277081.221
6544,518.892,1790277081.287
6545,518.960,1790277081.397
6546,519.024,1790277081.496
6547,519.092,1790277081.565
6548,519.156,1790277081.669
6549,519.224,1790277081.767
6550,519.288,1790277081.830
6551,519.356,1790277081.930
6552,519.488,1790277082.090
6553,519.552,1790277082.158
6554,519.620,1790277082.262
6555,519.684,1790277082.337
6556,519.816,1790277082.517
6557,519.884,1790277082.585
6558,519.948,1790277082.660
6559,520.016,1790277082.774
6560,520.080,1790277082.840
6561,520.148,1790277082.914
6562,520.212,1790277083.029
6563,520.280,1790277083.102
6564,520.344,1790277083.175
6565,520.412,1790277083.285
6566,520.476,1790277083.365
6567,520.544,1790277083.448
6568,520.608,1790277083.557
6569,520.676,1790277083.642
6570,520.740,1790277083.714
6571,520.808,1790277083.822
6572,520.872,1790277083.902
6573,520.940,1790277083.984
6574,521.004,1790277084.094
6575,521.072,1790277084.174
6576,521.136,1790277084.254
6577,521.204,1790277084.375
6578,521.268,1790277084.450
6579,521.336,1790277084.544
6580,521.400,1790277084.612
6581,521.468,1790277084.719
6582,521.532,1790277084.809
6583,521.600,1790277084.878
6584,521.732,1790277085.065
6585,521.796,1790277085.127
6586,521.864,1790277085.245
6587,521.928,1790277085.348
6588,522.060,1790277085.548
6589,522.128,1790277085.651
6590,522.192,1790277085.717
6591,522.260,1790277085.846
6592,522.324,1790277085.953
6593,522.392,1790277086.024
6594,522.456,1790277086.146
6595,522.524,1790277086.241
6596,522.588,1790277086.303
6597,522.656,1790277086.408
6598,522.720,1790277086.506
6599,522.788,1790277086.574
6600,522.852,1790277086.650
6601,522.920,1790277086.749
6602,522.984,1790277086.815
6603,523.052,1790277086.890
6604,523.116,1790277086.994
6605,523.184,1790277087.068
6606,523.248,1790277087.141
6607,523.316,1790277087.259
6608,523.448,1790277087.406
6609,523.512,1790277087.517
6610,523.580,1790277087.592
6611,523.644,1790277087.671
6612,523.776,1790277087.871
6613,523.844,1790277087.956
6614,523.908,1790277088.068
6615,523.976,1790277088.148
6616,524.040,1790277088.226
6617,524.108,1790277088.338
6618,524.172,1790277088.413
6619,524.240,1790277088.504
6620,524.304,1790277088.620
6621,524.372,1790277088.701
6622,524.436,1790277088.783
6623,524.636,1790277089.067
6624,524.700,1790277089.129
6625,524.768,1790277089.243
6626,524.900,1790277089.383
6627,524.964,1790277089.494
6628,525.032,1790277089.583
6629,525.096,1790277089.646
6630,525.164,1790277089.750
6631,525.228,1790277089.845
6632,525.428,1790277090.124
6633,525.492,1790277090.184
6634,525.560,1790277090.293
6635,525.624,1790277090.384
6636,525.692,1790277090.449
6637,525.756,1790277090.561
6638,525.824,1790277090.660
6639,525.888,1790277090.727
6640,525.956,1790277090.839
6641,526.020,1790277090.937
6642,526.088,1790277091.001
6643,526.152,1790277091.086
6644,526.220,1790277091.205
6645,526.284,1790277091.276
6646,526.352,1790277091.358
6647,526.416,1790277091.463
6648,526.484,1790277091.535
6649,526.548,1790277091.617
6650,526.616,1790277091.732
6651,526.680,1790277091.795
6652,526.748,1790277091.878
6653,526.880,1790277092.066
6654,526.944,1790277092.149
6655,527.012,1790277092.271
6656,527.076,1790277092.345
6657,527.144,1790277092.435
6658,527.208,1790277092.566
6659,527.276,1790277092.661
6660,527.340,1790277092.746
6661,527.408,1790277092.882
6662,527.540,1790277093.069
6663,527.604,1790277093.195
6664,527.672,1790277093.281
6665,527.736,1790277093.361
6666,527.868,1790277093.562
6667,527.936,1790277093.654
6668,528.000,1790277093.713
6669,528.068,1790277093.814
6670,528.200,1790277093.964
6671,528.264,1790277094.075
6672,528.332,1790277094.162
6673,528.396,1790277094.223
6674,528.464,1790277094.326
6675,528.528,1790277094.408
6676,528.596,1790277094.473
6677,528.728,1790277094.677
6678,528.792,1790277094.737
6679,528.860,1790277094.839
6680,528.924,1790277094.941
6681,528.992,1790277095.001
6682,529.056,1790277095.118
6683,529.124,1790277095.212
6684,529.188,1790277095.272
6685,529.320,1790277095.483
6686,529.388,1790277095.553
6687,529.452,1790277095.628
6688,529.520,1790277095.738
6689,529.584,1790277095.797
6690,529.652,1790277095.881
6691,529.716,1790277095.981
6692,529.784,1790277096.050
6693,529.848,1790277096.122
6694,529.916,1790277096.240
6695,529.980,1790277096.312
6696,530.048,1790277096.388
6697,530.112,1790277096.505
6698,530.244,1790277096.671
6699,530.312,1790277096.798
6700,530.444,1790277096.956
6701,530.576,1790277097.138
6702,530.640,1790277097.224
6703,530.708,1790277097.335
6704,530.772,1790277097.414
6705,530.840,1790277097.498
6706,530.904,1790277097.616
6707,531.104,1790277097.924
6708,531.236,1790277098.098
6709,531.300,1790277098.158
6710,531.368,1790277098.262
6711,531.432,1790277098.345
6712,531.500,1790277098.410
6713,531.564,1790277098.514
6714,531.632,1790277098.605
6715,531.696,1790277098.672
6716,531.764,1790277098.778
6717,531.828,1790277098.867
6718,531.896,1790277098.933
6719,531.960,1790277099.038
6720,532.028,1790277099.131
6721,532.092,1790277099.197
6722,532.160,1790277099.318
6723,532.224,1790277099.402
6724,532.292,1790277099.469
6725,532.356,1790277099.595
6726,532.424,1790277099.694
6727,532.488,1790277099.757
6728,532.556,1790277099.865
6729,532.688,1790277100.028
6730,532.752,1790277100.114
6731,532.820,1790277100.218
6732,532.884,1790277100.280
6733,532.952,1790277100.358
6734,533.016,1790277100.469
6735,533.084,1790277100.539
6736,533.480,1790277101.075
6737,533.544,1790277101.149
6738,533.612,1790277101.262
6739,533.676,1790277101.336
6740,533.744,1790277101.411
6741,533.876,1790277101.616
6742,533.940,1790277101.711
6743,534.008,1790277101.829
6744,534.072,1790277101.929
6745,534.140,1790277102.017
6746,534.204,1790277102.155
6747,534.272,1790277102.243
6748,534.336,1790277102.335
6749,534.404,1790277102.467
6750,534.468,1790277102.546
6751,534.536,1790277102.651
6752,534.600,1790277102.711
6753,534.668,1790277102.831
6754,534.732,1790277102.924
6755,534.800,1790277102.983
6756,534.864,1790277103.091
6757,534.932,1790277103.193
6758,534.996,1790277103.257
6759,535.064,1790277103.372
6760,535.128,1790277103.459
6761,535.196,1790277103.524
6762,535.260,1790277103.645
6763,535.328,1790277103.746
6764,535.392,1790277103.810
6765,535.460,1790277103.941
6766,535.524,1790277104.042
6767,535.656,1790277104.242
6768,535.724,1790277104.350
6769,535.788,1790277104.430
6770,535.920,1790277104.680
6771,535.988,1790277104.761
6772,536.052,1790277104.852
6773,536.120,1790277104.975
6774,536.252,1790277105.137
6775,536.316,1790277105.250
6776,536.384,1790277105.319
6777,536.448,1790277105.396
6778,536.516,1790277105.517
6779,536.580,1790277105.590
6780,536.648,1790277105.673
6781,536.844,1790277105.967
6782,536.912,1790277106.102
6783,536.976,1790277106.189
6784,537.044,1790277106.280
6785,537.108,1790277106.406
6786,537.176,1790277106.492
6787,537.240,1790277106.576
6788,537.308,1790277106.708
6789,537.372,1790277106.790
6790,537.440,1790277106.880
6791,537.504,1790277107.002
6792,537.572,1790277107.091
6793,537.636,1790277107.171
6794,537.704,1790277107.280
6795,537.768,1790277107.356
6796,537.836,1790277107.450
6797,537.900,1790277107.520
6798,537.968,1790277107.629
6799,538.032,1790277107.724
6800,538.100,1790277107.790
6801,538.164,1790277107.907
6802,538.232,1790277107.999
6803,538.296,1790277108.065
6804,538.364,1790277108.179
6805,538.428,1790277108.264
6806,538.496,1790277108.329
6807,538.560,1790277108.449
6808,538.628,1790277108.543
6809,538.692,1790277108.605
6810,538.760,1790277108.730
6811,538.892,1790277108.885
6812,538.956,1790277108.998
6813,539.024,1790277109.094
6814,539.088,1790277109.157
6815,539.156,1790277109.270
6816,539.220,1790277109.371
6817,539.288,1790277109.442
6818,539.352,1790277109.521
6819,539.420,1790277109.642
6820,539.484,1790277109.705
6821,539.552,1790277109.781
6822,539.616,1790277109.887
6823,539.684,1790277109.955
6824,539.748,1790277110.034
6825,539.816,1790277110.156
6826,539.880,1790277110.228
6827,539.948,1790277110.315
6828,540.012,1790277110.432
6829,540.080,1790277110.509
6830,540.144,1790277110.586
6831,540.212,1790277110.711
6832,540.344,1790277110.876
6833,540.408,1790277111.000
6834,540.540,1790277111.155
6835,540.608,1790277111.275
6836,540.672,1790277111.357
6837,540.740,1790277111.437
6838,540.804,1790277111.557
6839,540.872,1790277111.638
6840,540.936,1790277111.716
6841,541.004,1790277111.829
6842,541.136,1790277112.005
6843,541.200,1790277112.066
6844,541.268,1790277112.170
6845,541.332,1790277112.264
6846,541.400,1790277112.331
6847,541.464,1790277112.438
6848,541.532,1790277112.518
6849,541.596,1790277112.580
6850,541.664,1790277112.703
6851,541.796,1790277112.861
6852,541.860,1790277112.981
6853,541.928,1790277113.075
6854,541.992,1790277113.138
6855,542.060,1790277113.251
6856,542.124,1790277113.350
6857,542.192,1790277113.413
6858,542.256,1790277113.531
6859,542.324,1790277113.636
6860,542.388,1790277113.708
6861,542.456,1790277113.824
6862,542.520,1790277113.928
6863,542.588,1790277113.997
6864,542.652,1790277114.077
6865,542.720,1790277114.198
6866,542.784,1790277114.273
6867,542.852,1790277114.357
6868,542.916,1790277114.472
6869,542.984,1790277114.547
6870,543.048,1790277114.628
6871,543.116,1790277114.752
6872,543.180,1790277114.817
6873,543.248,1790277114.890
6874,543.312,1790277115.014
6875,543.380,1790277115.095
6876,543.444,1790277115.174
6877,543.576,1790277115.367
6878,543.644,1790277115.451
6879,543.708,1790277115.575
6880,543.776,1790277115.657
6881,543.840,1790277115.740
6882,543.908,1790277115.859
6883,543.972,1790277115.941
6884,544.040,1790277116.025
6885,544.104,1790277116.144
6886,544.172,1790277116.229
6887,544.236,1790277116.315
6888,544.304,1790277116.437
6889,544.436,1790277116.599
6890,544.500,1790277116.660
6891,544.568,1790277116.774
6892,544.632,1790277116.868
6893,544.764,1790277117.043
6894,544.832,1790277117.121
6895,544.896,1790277117.184
6896,544.964,1790277117.290
6897,545.028,1790277117.380
6898,545.096,1790277117.445
6899,545.160,1790277117.550
6900,545.228,1790277117.651
6901,545.292,1790277117.722
6902,545.360,1790277117.840
6903,545.424,1790277117.931
6904,545.492,1790277117.996
6905,545.556,1790277118.119
6906,545.624,1790277118.213
6907,545.688,1790277118.283
6908,545.756,1790277118.407
6909,545.820,1790277118.495
6910,545.888,1790277118.560
6911,545.952,1790277118.642
6912,546.020,1790277118.768
6913,546.084,1790277118.846
6914,546.152,1790277118.923
6915,546.216,1790277119.041
6916,546.284,1790277119.118
6917,546.348,1790277119.207
6918,546.416,1790277119.336
6919,546.480,1790277119.418
6920,546.548,1790277119.510
6921,546.612,1790277119.632
6922,546.744,1790277119.792
6923,546.876,1790277119.995
6924,546.944,1790277120.079
6925,547.008,1790277120.210
6926,547.140,1790277120.388
6927,547.208,1790277120.516
6928,547.272,1790277120.608
6929,547.340,1790277120.699
6930,547.404,1790277120.834
6931,547.472,1790277120.918
6932,547.536,1790277121.011
6933,547.604,1790277121.138
6934,547.668,1790277121.229
6935,547.736,1790277121.325
6936,547.800,1790277121.395
6937,547.868,1790277121.535
6938,547.932,1790277121.633
6939,548.000,1790277121.699
6940,548.132,1790277121.919
6941,548.196,1790277121.980
6942,548.264,1790277122.098
6943,548.328,1790277122.194
6944,548.396,1790277122.258
6945,548.460,1790277122.381
6946,548.528,1790277122.481
6947,548.592,1790277122.558
6948,548.660,1790277122.689
6949,548.724,1790277122.788
6950,548.792,1790277122.854
6951,548.856,1790277122.982
6952,548.924,1790277123.086
6953,548.988,1790277123.160
6954,549.120,1790277123.397
6955,549.188,1790277123.475
6956,549.320,1790277123.681
6957,549.384,1790277123.758
6958,549.452,1790277123.844
6959,549.516,1790277123.970
6960,549.584,1790277124.046
6961,549.648,1790277124.129
6962,549.716,1790277124.247
6963,549.780,1790277124.325
6964,549.848,1790277124.409
6965,549.912,1790277124.527
6966,549.980,1790277124.605
6967,550.112,1790277124.822
6968,550.176,1790277124.903
6969,550.244,1790277124.985
6970,550.308,1790277125.118
6971,550.376,1790277125.201
6972,550.440,1790277125.286
6973,550.508,1790277125.410
6974,550.572,1790277125.491
6975,550.640,1790277125.584
6976,550.704,1790277125.728
6977,550.772,1790277125.815
6978,550.836,1790277125.910
6979,550.904,1790277126.037
6980,550.968,1790277126.123
6981,551.100,1790277126.284
6982,551.168,1790277126.408
6983,551.232,1790277126.499
6984,551.300,1790277126.568
6985,551.364,1790277126.694
6986,551.432,1790277126.786
6987,551.496,1790277126.855
6988,551.564,1790277126.990
6989,551.628,1790277127.082
6990,551.696,1790277127.153
6991,551.760,1790277127.275
6992,551.892,1790277127.441
6993,551.960,1790277127.563
6994,552.024,1790277127.671
6995,552.092,1790277127.734
6996,552.156,1790277127.856
6997,552.224,1790277127.958
6998,552.288,1790277128.026
6999,552.356,1790277128.134
7000,552.420,1790277128.235
7001,552.488,1790277128.297
7002,552.552,1790277128.370
7003,552.620,1790277128.482
7004,552.684,1790277128.548
7005,552.752,1790277128.632
7006,552.816,1790277128.756
7007,552.884,1790277128.820
7008,552.948,1790277128.893
7009,553.080,1790277129.076
7010,553.148,1790277129.157
7011,553.212,1790277129.293
7012,553.344,1790277129.468
7013,553.412,1790277129.595
7014,553.476,1790277129.681
7015,553.544,1790277129.766
7016,553.608,1790277129.889
7017,553.676,1790277129.972
7018,553.740,1790277130.058
7019,553.808,1790277130.167
7020,553.940,1790277130.322
7021,554.004,1790277130.437
7022,554.072,1790277130.519
7023,554.136,1790277130.606
7024,554.204,1790277130.723
7025,554.268,1790277130.814
7026,554.336,1790277130.897
7027,554.400,1790277130.958
7028,554.468,1790277131.064
7029,554.532,1790277131.153
7030,554.600,1790277131.217
7031,554.732,1790277131.433
7032,554.796,1790277131.495
7033,554.864,1790277131.612
7034,554.928,1790277131.698
7035,554.996,1790277131.762
7036,555.060,1790277131.879
7037,555.128,1790277131.972
7038,555.192,1790277132.040
7039,555.260,1790277132.154
7040,555.324,1790277132.253
7041,555.392,1790277132.316
7042,555.456,1790277132.427
7043,555.524,1790277132.526
7044,555.588,1790277132.594
7045,555.656,1790277132.713
7046,555.720,1790277132.812
7047,555.788,1790277132.891
7048,555.852,1790277132.965
7049,555.920,1790277133.067
7050,555.984,1790277133.136
7051,556.052,1790277133.213
7052,556.184,1790277133.388
7053,556.248,1790277133.456
7054,556.316,1790277133.567
7055,556.380,1790277133.650
7056,556.448,1790277133.731
7057,556.512,1790277133.847
7058,556.580,1790277133.927
7059,556.644,1790277134.004
7060,556.712,1790277134.116
7061,556.776,1790277134.192
7062,556.844,1790277134.267
7063,556.908,1790277134.384
7064,556.976,1790277134.460
7065,557.040,1790277134.538
7066,557.108,1790277134.660
7067,557.172,1790277134.736
7068,557.240,1790277134.827
7069,557.304,1790277134.954
7070,557.372,1790277135.029
7071,557.436,1790277135.112
7072,557.504,1790277135.235
7073,557.568,1790277135.316
7074,557.636,1790277135.407
7075,557.700,1790277135.468
7076,557.768,1790277135.576
7077,557.832,1790277135.672
7078,557.900,1790277135.741
7079,557.964,1790277135.841
7080,558.032,1790277135.938
7081,558.096,1790277135.996
7082,558.164,1790277136.108
7083,558.228,1790277136.196
7084,558.296,1790277136.264
7085,558.360,1790277136.376
7086,558.428,1790277136.478
7087,558.492,1790277136.546
7088,558.560,1790277136.663
7089,558.624,1790277136.754
7090,558.692,1790277136.818
7091,558.756,1790277136.924
7092,558.824,1790277137.026
7093,558.888,1790277137.090
7094,558.956,1790277137.200
7095,559.020,1790277137.305
7096,559.088,1790277137.379
7097,559.152,1790277137.454
7098,559.220,1790277137.564
7099,559.284,1790277137.637
7100,559.352,1790277137.720
7101,559.416,1790277137.837
7102,559.484,1790277137.916
7103,559.548,1790277138.001
7104,559.616,1790277138.140
7105,559.680,1790277138.227
7106,559.748,1790277138.314
7107,559.812,1790277138.448
7108,559.880,1790277138.531
7109,559.944,1790277138.620
7110,560.012,1790277138.746
7111,560.076,1790277138.816
7112,560.144,1790277138.894
7113,560.208,1790277139.007
7114,560.276,1790277139.091
7115,560.340,1790277139.174
7116,560.408,1790277139.285
7117,560.472,1790277139.362
7118,560.540,1790277139.447
7119,560.604,1790277139.556
7120,560.672,1790277139.646
7121,560.736,1790277139.723
7122,560.804,1790277139.832
7123,560.868,1790277139.913
7124,560.936,1790277139.995
7125,561.000,1790277140.059
7126,561.068,1790277140.169
7127,561.132,1790277140.256
7128,561.200,1790277140.325
7129,561.264,1790277140.429
7130,561.332,1790277140.513
7131,561.660,1790277140.955
7132,561.728,1790277141.053
7133,561.860,1790277141.228
7134,561.924,1790277141.326
7135,561.992,1790277141.393
7136,562.056,1790277141.489
7137,562.124,1790277141.588
7138,562.188,1790277141.659
7139,562.256,1790277141.767
7140,562.320,1790277141.858
7141,562.388,1790277141.923
7142,562.452,1790277142.000
7143,562.520,1790277142.112
7144,562.584,1790277142.177
7145,562.652,1790277142.244
7146,562.716,1790277142.355
7147,562.784,1790277142.420
7148,562.848,1790277142.492
7149,562.916,1790277142.607
7150,562.980,1790277142.682
7151,563.048,1790277142.759
7152,563.112,1790277142.875
7153,563.180,1790277142.949
7154,563.244,1790277143.034
7155,563.376,1790277143.231
7156,563.444,1790277143.309
7157,563.508,1790277143.423
7158,563.576,1790277143.501
7159,563.640,1790277143.583
7160,563.708,1790277143.696
7161,563.772,1790277143.774
7162,563.840,1790277143.854
7163,563.904,1790277143.961
7164,563.972,1790277144.043
7165,564.036,1790277144.128
7166,564.104,1790277144.254
7167,564.168,1790277144.346
7168,564.236,1790277144.436
7169,564.300,1790277144.495
7170,564.368,1790277144.608
7171,564.432,1790277144.702
7172,564.500,1790277144.765
7173,564.564,1790277144.883
7174,564.764,1790277145.151
7175,564.828,1790277145.239
7176,564.896,1790277145.300
7177,564.960,1790277145.408
7178,565.028,1790277145.499
7179,565.092,1790277145.561
7180,565.160,1790277145.670
7181,565.224,1790277145.756
7182,565.292,1790277145.822
7183,565.356,1790277145.948
7184,565.424,1790277146.041
7185,565.488,1790277146.102
7186,565.556,1790277146.215
7187,565.620,1790277146.315
7188,565.688,1790277146.379
7189,565.752,1790277146.453
7190,565.820,1790277146.571
7191,565.884,1790277146.655
7192,565.952,1790277146.728
7193,566.084,1790277146.909
7194,566.148,1790277146.980
7195,566.216,1790277147.095
7196,566.280,1790277147.171
7197,566.348,1790277147.244
7198,566.412,1790277147.362
7199,566.480,1790277147.431
7200,566.544,1790277147.504
7201,566.612,1790277147.620
7202,566.676,1790277147.697
7203,566.744,1790277147.784
7204,566.808,1790277147.894
7205,566.876,1790277147.969
7206,567.008,1790277148.162
7207,567.072,1790277148.243
7208,567.140,1790277148.325
7209,567.204,1790277148.445
7210,567.272,1790277148.534
7211,567.336,1790277148.615
7212,567.404,1790277148.725
7213,567.468,1790277148.808
7214,567.536,1790277148.901
7215,567.600,1790277148.961
7216,567.668,1790277149.073
7217,567.732,1790277149.150
7218,567.800,1790277149.214
7219,567.864,1790277149.314
7220,567.932,1790277149.410
7221,567.996,1790277149.471
7222,568.064,1790277149.584
7223,568.128,1790277149.672
7224,568.196,1790277149.738
7225,568.260,1790277149.844
7226,568.328,1790277149.936
7227,568.392,1790277149.999
7228,568.460,1790277150.107
7229,568.524,1790277150.205
7230,568.724,1790277150.489
7231,568.788,1790277150.556
7232,568.856,1790277150.674
7233,568.988,1790277150.836
7234,569.052,1790277150.922
7235,569.120,1790277151.037
7236,569.184,1790277151.110
7237,569.252,1790277151.191
7238,569.316,1790277151.310
7239,569.384,1790277151.392
7240,569.448,1790277151.484
7241,569.516,1790277151.612
7242,569.580,1790277151.696
7243,569.648,1790277151.781
7244,569.780,1790277151.994
7245,569.844,1790277152.081
7246,569.912,1790277152.202
7247,569.976,1790277152.276
7248,570.044,1790277152.364
7249,570.108,1790277152.477
7250,570.176,1790277152.558
7251,570.240,1790277152.639
7252,570.308,1790277152.760
7253,570.372,1790277152.837
7254,570.440,1790277152.920
7255,570.504,1790277153.038
7256,570.572,1790277153.120
7257,570.636,1790277153.205
7258,570.704,1790277153.320
7259,570.768,1790277153.405
7260,570.900,1790277153.576
7261,570.968,1790277153.703
7262,571.032,1790277153.795
7263,571.100,1790277153.873
7264,571.164,1790277154.006
7265,571.364,1790277154.301
7266,571.428,1790277154.401
7267,571.496,1790277154.469
7268,571.560,1790277154.589
7269,571.628,1790277154.687
7270,571.692,1790277154.747
7271,571.824,1790277154.946
7272,571.892,1790277155.010
7273,571.956,1790277155.127
7274,572.024,1790277155.217
7275,572.088,1790277155.280
7276,572.156,1790277155.397
7277,572.220,1790277155.495
7278,572.288,1790277155.562
7279,572.352,1790277155.654
7280,572.420,1790277155.763
7281,572.484,1790277155.832
7282,572.552,1790277155.919
7283,572.616,1790277156.036
7284,572.684,1790277156.104
7285,572.748,1790277156.191
7286,572.816,1790277156.310
7287,572.880,1790277156.384
7288,572.948,1790277156.472
7289,573.012,1790277156.593
7290,573.080,1790277156.667
7291,573.144,1790277156.754
7292,573.212,1790277156.868
7293,573.276,1790277156.948
7294,573.344,1790277157.024
7295,573.408,1790277157.141
7296,573.476,1790277157.214
7297,573.540,1790277157.293
7298,573.608,1790277157.412
7299,573.672,1790277157.488
7300,573.740,1790277157.571
7301,573.804,1790277157.698
7302,573.936,1790277157.859
7303,574.004,1790277157.983
7304,574.068,1790277158.060
7305,574.136,1790277158.147
7306,574.200,1790277158.216
7307,574.268,1790277158.328
7308,574.332,1790277158.410
7309,574.400,1790277158.476
7310,574.464,1790277158.582
7311,574.532,1790277158.672
7312,574.596,1790277158.733
7313,574.664,1790277158.852
7314,574.728,1790277158.942
7315,574.796,1790277159.008
7316,574.860,1790277159.120
7317,574.928,1790277159.214
7318,574.992,1790277159.276
7319,575.060,1790277159.393
7320,575.124,1790277159.484
7321,575.192,1790277159.549
7322,575.256,1790277159.659
7323,575.324,1790277159.759
7324,575.388,1790277159.829
7325,575.456,1790277159.941
7326,575.588,1790277160.104
7327,575.652,1790277160.183
7328,575.720,1790277160.296
7329,575.852,1790277160.446
7330,575.916,1790277160.557
7331,575.984,1790277160.640
7332,576.048,1790277160.732
7333,576.116,1790277160.852
7334,576.180,1790277160.917
7335,576.248,1790277161.000
7336,576.312,1790277161.117
7337,576.380,1790277161.194
7338,576.444,1790277161.273
7339,576.512,1790277161.395
7340,576.576,1790277161.462
7341,576.644,1790277161.538
7342,576.708,1790277161.657
7343,576.776,1790277161.730
7344,576.908,1790277161.931
7345,576.972,1790277162.005
7346,577.040,1790277162.087
7347,577.104,1790277162.205
7348,577.172,1790277162.293
7349,577.304,1790277162.492
7350,577.368,1790277162.582
7351,577.436,1790277162.684
7352,577.500,1790277162.750
7353,577.568,1790277162.872
7354,577.632,1790277162.974
7355,577.700,1790277163.040
7356,577.764,1790277163.170
7357,577.832,1790277163.266
7358,577.896,1790277163.334
7359,577.964,1790277163.460
7360,578.028,1790277163.557
7361,578.096,1790277163.625
7362,578.160,1790277163.759
7363,578.228,1790277163.868
7364,578.292,1790277163.932
7365,578.360,1790277164.059
7366,578.424,1790277164.154
7367,578.492,1790277164.232
7368,578.624,1790277164.466
7369,578.688,1790277164.543
7370,578.756,1790277164.669
7371,578.820,1790277164.768
7372,578.888,1790277164.852
7373,578.952,1790277164.938
7374,579.020,1790277165.064
7375,579.084,1790277165.137
7376,579.152,1790277165.228
7377,579.216,1790277165.351
7378,579.284,1790277165.435
7379,579.348,1790277165.533
7380,579.416,1790277165.661
7381,579.480,1790277165.739
7382,579.548,1790277165.826
7383,579.612,1790277165.959
7384,579.680,1790277166.048
7385,579.744,1790277166.143
7386,579.812,1790277166.272
7387,579.876,1790277166.357
7388,579.944,1790277166.437
7389,580.008,1790277166.559
7390,580.076,1790277166.648
7391,580.140,1790277166.732
7392,580.208,1790277166.864
7393,580.272,1790277166.955
7394,580.340,1790277167.048
7395,580.404,1790277167.161
7396,580.472,1790277167.245
7397,580.536,1790277167.331
7398,580.604,1790277167.442
7399,580.668,1790277167.521
7400,580.736,1790277167.614
7401,580.800,1790277167.676
7402,580.868,1790277167.792
7403,580.932,1790277167.884
7404,581.000,1790277167.950
7405,581.064,1790277168.066
7406,581.132,1790277168.156
7407,581.264,1790277168.333
7408,581.396,1790277168.485
7409,581.460,1790277168.610
7410,581.528,1790277168.704
7411,581.592,1790277168.767
7412,581.660,1790277168.879
7413,581.724,1790277168.976
7414,581.792,1790277169.057
7415,581.856,1790277169.176
7416,581.988,1790277169.340
7417,582.120,1790277169.569
7418,582.252,1790277169.728
7419,582.320,1790277169.853
7420,582.384,1790277169.919
7421,582.516,1790277170.115
7422,582.584,1790277170.195
7423,582.648,1790277170.280
7424,582.780,1790277170.479
7425,582.848,1790277170.559
7426,582.912,1790277170.685
7427,582.980,1790277170.759
7428,583.044,1790277170.841
7429,583.112,1790277170.965
7430,583.176,1790277171.039
7431,583.244,1790277171.131
7432,583.308,1790277171.251
7433,583.376,1790277171.328
7434,583.508,1790277171.534
7435,583.572,1790277171.617
7436,583.640,1790277171.713
7437,583.704,1790277171.836
7438,583.772,1790277171.920
7439,583.836,1790277172.002
7440,583.904,1790277172.117
7441,583.968,1790277172.201
7442,584.036,1790277172.293
7443,584.100,1790277172.356
7444,584.168,1790277172.490
7445,584.232,1790277172.582
7446,584.300,1790277172.651
7447,584.364,1790277172.778
7448,584.432,1790277172.873
7449,584.564,1790277173.081
7450,584.696,1790277173.252
7451,584.760,1790277173.358
7452,584.828,1790277173.452
7453,584.892,1790277173.518
7454,584.960,1790277173.632
7455,585.092,1790277173.792
7456,585.156,1790277173.917
7457,585.224,1790277174.014
7458,585.288,1790277174.086
7459,585.356,1790277174.217
7460,585.420,1790277174.315
7461,585.488,1790277174.388
7462,585.552,1790277174.468
7463,585.620,1790277174.582
7464,585.684,1790277174.652
7465,585.752,1790277174.728
7466,585.816,1790277174.834
7467,585.884,1790277174.905
7468,585.948,1790277174.982
7469,586.080,1790277175.184
7470,586.148,1790277175.257
7471,586.280,1790277175.441
7472,586.344,1790277175.519
7473,586.412,1790277175.636
7474,586.476,1790277175.710
7475,586.544,1790277175.785
7476,586.608,1790277175.900
7477,586.676,1790277175.982
7478,586.740,1790277176.055
7479,586.940,1790277176.339
7480,587.004,1790277176.465
7481,587.072,1790277176.549
7482,587.136,1790277176.628
7483,587.204,1790277176.746
7484,587.268,1790277176.835
7485,587.336,1790277176.921
7486,587.400,1790277176.982
7487,587.468,1790277177.092
7488,587.532,1790277177.179
7489,587.600,1790277177.245
7490,587.664,1790277177.347
7491,587.732,1790277177.433
7492,587.864,1790277177.613
7493,587.928,1790277177.704
7494,587.996,1790277177.769
7495,588.060,1790277177.883
7496,588.128,1790277177.979
7497,588.192,1790277178.039
7498,588.324,1790277178.257
7499,588.392,1790277178.321
7500,588.456,1790277178.442
7501,588.524,1790277178.545
7502,588.588,1790277178.609
7503,588.656,1790277178.730
7504,588.720,1790277178.828
7505,588.788,1790277178.899
7506,588.852,1790277178.976
7507,588.920,1790277179.081
7508,588.984,1790277179.141
7509,589.052,1790277179.216
7510,589.116,1790277179.330
7511,589.184,1790277179.393
7512,589.248,1790277179.474
7513,589.316,1790277179.598
7514,589.380,1790277179.677
7515,589.448,1790277179.760
7516,589.512,1790277179.879
7517,589.580,1790277179.950
7518,589.644,1790277180.034
7519,589.712,1790277180.154
7520,589.776,1790277180.230
7521,589.844,1790277180.313
7522,589.908,1790277180.431
7523,589.976,1790277180.509
7524,590.040,1790277180.589
7525,590.108,1790277180.710
7526,590.172,1790277180.785
7527,590.240,1790277180.867
7528,590.304,1790277180.986
7529,590.372,1790277181.067
7530,590.436,1790277181.150
7531,590.504,1790277181.275
7532,590.568,1790277181.357
7533,590.636,1790277181.440
7534,590.700,1790277181.506
7535,590.768,1790277181.617
7536,590.832,1790277181.717
7537,590.900,1790277181.786
7538,590.964,1790277181.901
7539,591.032,1790277181.991
7540,591.096,1790277182.054
7541,591.164,1790277182.187
7542,591.228,1790277182.286
7543,591.296,1790277182.360
7544,591.360,1790277182.490
7545,591.428,1790277182.586
7546,591.492,1790277182.652
7547,591.560,1790277182.777
7548,591.624,1790277182.873
7549,591.692,1790277182.949
7550,591.756,1790277183.067
7551,591.824,1790277183.172
7552,591.888,1790277183.238
7553,591.956,1790277183.353
7554,592.020,1790277183.454
7555,592.088,1790277183.523
7556,592.152,1790277183.609
7557,592.284,1790277183.797
7558,592.352,1790277183.885
7559,592.484,1790277184.062
7560,592.548,1790277184.143
7561,592.616,1790277184.276
7562,592.680,1790277184.357
7563,592.748,1790277184.442
7564,592.812,1790277184.576
7565,592.880,1790277184.653
7566,592.944,1790277184.739
7567,593.012,1790277184.866
7568,593.076,1790277184.952
7569,593.276,1790277185.240
7570,593.340,1790277185.314
7571,593.408,1790277185.433
7572,593.472,1790277185.515
7573,593.540,1790277185.597
7574,593.604,1790277185.712
7575,593.672,1790277185.793
7576,593.736,1790277185.873
7577,593.804,1790277185.989
7578,593.868,1790277186.072
7579,593.936,1790277186.164
7580,594.000,1790277186.226
7581,594.068,1790277186.352
7582,594.132,1790277186.448
7583,594.200,1790277186.522
7584,594.264,1790277186.653
7585,594.332,1790277186.756
7586,594.396,1790277186.829
7587,594.528,1790277187.057
7588,594.596,1790277187.133
7589,594.660,1790277187.252
7590,594.728,1790277187.356
7591,594.792,1790277187.424
7592,594.860,1790277187.545
7593,594.924,1790277187.636
7594,595.056,1790277187.815
7595,595.124,1790277187.907
7596,595.188,1790277187.974
7597,595.256,1790277188.098
7598,595.320,1790277188.191
7599,595.388,1790277188.258
7600,595.452,1790277188.337
7601,595.520,1790277188.445
7602,595.584,1790277188.511
7603,595.652,1790277188.600
7604,595.784,1790277188.790
7605,595.848,1790277188.868
7606,595.916,1790277188.988
7607,595.980,1790277189.067
7608,596.048,1790277189.135
7609,596.112,1790277189.263
7610,596.244,1790277189.421
7611,596.376,1790277189.625
7612,596.444,1790277189.705
7613,596.508,1790277189.824
7614,596.576,1790277189.901
7615,596.640,1790277189.987
7616,596.708,1790277190.103
7617,596.772,1790277190.180
7618,596.840,1790277190.260
7619,596.904,1790277190.372
7620,596.972,1790277190.454
7621,597.036,1790277190.540
7622,597.104,1790277190.662
7623,597.168,1790277190.742
7624,597.236,1790277190.825
7625,597.300,1790277190.886
7626,597.368,1790277190.991
7627,597.432,1790277191.074
7628,597.500,1790277191.138
7629,597.564,1790277191.248
7630,597.632,1790277191.333
7631,597.696,1790277191.395
7632,597.764,1790277191.505
7633,597.828,1790277191.590
7634,597.896,1790277191.654
7635,598.028,1790277191.868
7636,598.224,1790277192.127
7637,598.292,1790277192.192
7638,598.356,1790277192.300
7639,598.424,1790277192.393
7640,598.488,1790277192.452
7641,598.556,1790277192.563
7642,598.620,1790277192.663
7643,598.688,1790277192.739
7644,598.752,1790277192.813
7645,598.820,1790277192.916
7646,598.884,1790277192.992
7647,598.952,1790277193.072
7648,599.016,1790277193.190
7649,599.084,1790277193.254
7650,599.148,1790277193.329
7651,599.216,1790277193.450
7652,599.280,1790277193.514
7653,599.348,1790277193.586
7654,599.412,1790277193.704
7655,599.480,1790277193.780
7656,599.544,1790277193.866
7657,599.612,1790277193.979
7658,599.676,1790277194.058
7659,599.744,1790277194.141
7660,599.808,1790277194.253
7661,599.876,1790277194.332
7662,600.008,1790277194.525
7663,600.072,1790277194.602
7664,600.140,1790277194.689
7665,600.204,1790277194.830
7666,600.272,1790277194.916
7667,600.336,1790277194.995
7668,600.404,1790277195.106
7669,600.468,1790277195.186
7670,600.536,1790277195.270
7671,600.600,1790277195.333
7672,600.668,1790277195.444
7673,600.732,1790277195.521
7674,600.800,1790277195.587
7675,600.864,1790277195.698
7676,600.932,1790277195.789
7677,600.996,1790277195.849
7678,601.064,1790277195.956
7679,601.196,1790277196.109
7680,601.260,1790277196.221
7681,601.328,1790277196.311
7682,601.392,1790277196.380
7683,601.460,1790277196.507
7684,601.524,1790277196.599
7685,601.592,1790277196.669
7686,601.656,1790277196.785
7687,601.724,1790277196.883
7688,601.788,1790277196.941
7689,601.920,1790277197.136
7690,601.988,1790277197.203
7691,602.052,1790277197.286
7692,602.120,1790277197.404
7693,602.252,1790277197.553
7694,602.316,1790277197.683
7695,602.384,1790277197.748
7696,602.448,1790277197.819
7697,602.580,1790277198.020
7698,602.712,1790277198.213
7699,602.780,1790277198.290
7700,602.912,1790277198.484
7701,602.976,1790277198.552
7702,603.044,1790277198.629
7703,603.176,1790277198.817
7704,603.240,1790277198.903
7705,603.308,1790277199.022
7706,603.372,1790277199.094
7707,603.440,1790277199.179
7708,603.504,1790277199.295
7709,603.572,1790277199.381
7710,603.636,1790277199.467
7711,603.704,1790277199.580
7712,603.768,1790277199.665
7713,603.836,1790277199.744
7714,603.968,1790277199.918
7715,604.032,1790277199.996
7716,604.100,1790277200.061
7717,604.164,1790277200.169
7718,604.364,1790277200.420
7719,604.428,1790277200.506
7720,604.496,1790277200.573
7721,604.560,1790277200.680
7722,604.692,1790277200.837
7723,604.760,1790277200.948
7724,604.824,1790277201.043
7725,604.892,1790277201.110
7726,604.956,1790277201.223
7727,605.024,1790277201.316
7728,605.088,1790277201.389
7729,605.156,1790277201.499
7730,605.220,1790277201.592
7731,605.288,1790277201.664
7732,605.352,1790277201.754
7733,605.420,1790277201.854
7734,605.484,1790277201.921
7735,605.552,1790277201.998
7736,605.616,1790277202.101
7737,605.684,1790277202.171
7738,605.816,1790277202.358
7739,605.880,1790277202.419
7740,605.948,1790277202.497
7741,606.012,1790277202.622
7742,606.080,1790277202.701
7743,606.144,1790277202.774
7744,606.212,1790277202.893
7745,606.344,1790277203.044
7746,606.408,1790277203.156
7747,606.476,1790277203.228
7748,606.540,1790277203.314
7749,606.608,1790277203.429
7750,606.672,1790277203.506
7751,606.740,1790277203.589
7752,606.936,1790277203.869
7753,607.004,1790277203.981
7754,607.068,1790277204.069
7755,607.136,1790277204.156
7756,607.200,1790277204.225
7757,607.268,1790277204.333
7758,607.332,1790277204.421
7759,607.400,1790277204.487
7760,607.464,1790277204.600
7761,607.532,1790277204.685
7762,607.596,1790277204.747
7763,607.664,1790277204.858
7764,607.728,1790277204.955
7765,607.796,1790277205.020
7766,607.860,1790277205.133
7767,607.928,1790277205.228
7768,607.992,1790277205.301
7769,608.060,1790277205.409
7770,608.124,1790277205.504
7771,608.192,1790277205.569
7772,608.256,1790277205.680
7773,608.324,1790277205.778
7774,608.388,1790277205.849
7775,608.456,1790277205.950
7776,608.520,1790277206.047
7777,608.588,1790277206.115
7778,608.652,1790277206.200
7779,608.720,1790277206.316
7780,608.784,1790277206.375
7781,608.852,1790277206.461
7782,608.916,1790277206.563
7783,608.984,1790277206.633
7784,609.048,1790277206.709
7785,609.116,1790277206.820
7786,609.180,1790277206.898
7787,609.312,1790277207.091
7788,609.444,1790277207.262
7789,609.576,1790277207.450
7790,609.644,1790277207.533
7791,609.776,1790277207.723
7792,609.840,1790277207.800
7793,609.908,1790277207.916
7794,609.972,1790277207.996
7795,610.040,1790277208.079
7796,610.104,1790277208.191
7797,610.172,1790277208.277
7798,610.236,1790277208.360
7799,610.304,1790277208.477
7800,610.368,1790277208.561
7801,610.500,1790277208.709
7802,610.568,1790277208.808
7803,610.632,1790277208.891
7804,610.700,1790277208.956
7805,610.764,1790277209.061
7806,610.832,1790277209.148
7807,610.896,1790277209.212
7808,610.964,1790277209.318
7809,611.028,1790277209.406
7810,611.096,1790277209.472
7811,611.228,1790277209.692
7812,611.292,1790277209.766
7813,611.360,1790277209.872
7814,611.424,1790277209.956
7815,611.492,1790277210.026
7816,611.556,1790277210.144
7817,611.688,1790277210.304
7818,611.756,1790277210.416
7819,611.820,1790277210.520
7820,611.888,1790277210.584
7821,611.952,1790277210.662
7822,612.020,1790277210.777
7823,612.084,1790277210.841
7824,612.152,1790277210.915
7825,612.216,1790277211.021
7826,612.284,1790277211.098
7827,612.348,1790277211.188
7828,612.416,1790277211.306
7829,612.480,1790277211.373
7830,612.548,1790277211.446
7831,612.612,1790277211.568
7832,612.680,1790277211.644
7833,612.744,1790277211.723
7834,612.812,1790277211.839
7835,612.876,1790277211.910
7836,612.944,1790277211.986
7837,613.008,1790277212.100
7838,613.076,1790277212.175
7839,613.140,1790277212.253
7840,613.208,1790277212.375
7841,613.272,1790277212.450
7842,613.340,1790277212.532
7843,613.404,1790277212.647
7844,613.472,1790277212.729
7845,613.536,1790277212.811
7846,613.604,1790277212.936
7847,613.668,1790277213.021
7848,613.736,1790277213.104
7849,613.800,1790277213.164
7850,613.868,1790277213.269
7851,613.932,1790277213.358
7852,614.000,1790277213.420
7853,614.064,1790277213.523
7854,614.132,1790277213.612
7855,614.264,1790277213.803
7856,614.328,1790277213.888
7857,614.396,1790277213.958
7858,614.528,1790277214.167
7859,614.592,1790277214.231
7860,614.660,1790277214.360
7861,614.724,1790277214.452
7862,614.792,1790277214.518
7863,614.856,1790277214.639
7864,614.924,1790277214.744
7865,614.988,1790277214.812
7866,615.056,1790277214.931
7867,615.120,1790277215.026
7868,615.188,1790277215.088
7869,615.252,1790277215.161
7870,615.320,1790277215.262
7871,615.384,1790277215.323
7872,615.452,1790277215.404
7873,615.584,1790277215.592
7874,615.648,1790277215.667
7875,615.780,1790277215.853
7876,615.848,1790277215.941
7877,615.980,1790277216.131
7878,616.044,1790277216.205
7879,616.112,1790277216.324
7880,616.176,1790277216.404
7881,616.244,1790277216.491
7882,616.308,1790277216.615
7883,616.376,1790277216.703
7884,616.508,1790277216.907
7885,616.572,1790277216.986
7886,616.640,1790277217.070
7887,616.704,1790277217.188
7888,616.772,1790277217.270
7889,616.836,1790277217.355
7890,616.904,1790277217.471
7891,616.968,1790277217.550
7892,617.036,1790277217.636
7893,617.100,1790277217.694
7894,617.232,1790277217.890
7895,617.300,1790277217.956
7896,617.364,1790277218.057
7897,617.432,1790277218.142
7898,617.496,1790277218.206
7899,617.564,1790277218.314
7900,617.696,1790277218.474
7901,617.828,1790277218.692
7902,617.960,1790277218.869
7903,618.024,1790277218.967
7904,618.092,1790277219.030
7905,618.156,1790277219.141
7906,618.224,1790277219.243
7907,618.288,1790277219.301
7908,618.356,1790277219.414
7909,618.420,1790277219.513
7910,618.552,1790277219.651
7911,618.620,1790277219.762
7912,618.684,1790277219.828
7913,618.752,1790277219.908
7914,618.816,1790277220.021
7915,618.884,1790277220.089
7916,618.948,1790277220.159
7917,619.016,1790277220.275
7918,619.080,1790277220.346
7919,619.148,1790277220.417
7920,619.212,1790277220.529
7921,619.280,1790277220.607
7922,619.412,1790277220.795
7923,619.476,1790277220.871
7924,619.544,1790277220.947
7925,619.608,1790277221.064
7926,619.676,1790277221.137
7927,619.740,1790277221.217
7928,619.808,1790277221.336
7929,619.940,1790277221.494
7930,620.004,1790277221.617
7931,620.072,1790277221.705
7932,620.136,1790277221.790
7933,620.204,1790277221.907
7934,620.268,1790277221.987
7935,620.400,1790277222.136
7936,620.468,1790277222.252
7937,620.532,1790277222.336
7938,620.600,1790277222.403
7939,620.664,1790277222.518
7940,620.732,1790277222.603
7941,620.796,1790277222.669
7942,620.928,1790277222.889
7943,620.996,1790277222.954
7944,621.060,1790277223.067
7945,621.128,1790277223.168
7946,621.192,1790277223.226
7947,621.260,1790277223.338
7948,621.324,1790277223.428
7949,621.392,1790277223.491
7950,621.524,1790277223.711
7951,621.588,1790277223.773
7952,621.656,1790277223.888
7953,621.720,1790277223.986
7954,621.788,1790277224.054
7955,621.852,1790277224.127
7956,621.920,1790277224.245
7957,621.984,1790277224.310
7958,622.052,1790277224.388
7959,622.116,1790277224.500
7960,622.184,1790277224.579
7961,622.248,1790277224.650
7962,622.316,1790277224.768
7963,622.380,1790277224.837
7964,622.448,1790277224.925
7965,622.580,1790277225.133
7966,622.644,1790277225.224
7967,622.712,1790277225.355
7968,622.844,1790277225.521
7969,622.908,1790277225.652
7970,622.976,1790277225.743
7971,623.040,1790277225.825
7972,623.108,1790277225.955
7973,623.172,1790277226.038
7974,623.304,1790277226.239
7975,623.372,1790277226.325
7976,623.436,1790277226.405
7977,623.504,1790277226.519
7978,623.568,1790277226.602
7979,623.636,1790277226.694
7980,623.700,1790277226.766
7981,623.832,1790277226.975
7982,623.900,1790277227.047
7983,623.964,1790277227.172
7984,624.032,1790277227.264
7985,624.096,1790277227.326
7986,624.164,1790277227.455
7987,624.228,1790277227.546
7988,624.296,1790277227.609
7989,624.360,1790277227.732
7990,624.428,1790277227.844
7991,624.492,1790277227.904
7992,624.560,1790277228.022
7993,624.624,1790277228.110
7994,624.756,1790277228.297
7995,624.824,1790277228.391
7996,625.020,1790277228.664
7997,625.088,1790277228.732
7998,625.152,1790277228.817
7999,625.220,1790277228.934
8000,625.352,1790277229.072
8001,625.416,1790277229.182
8002,625.548,1790277229.334
8003,625.616,1790277229.446
8004,625.680,1790277229.517
8005,625.748,1790277229.596
8006,625.944,1790277229.871
8007,626.012,1790277229.986
8008,626.144,1790277230.154
8009,626.208,1790277230.271
8010,626.276,1790277230.347
8011,626.408,1790277230.550
8012,626.472,1790277230.640
8013,626.540,1790277230.735
8014,626.604,1790277230.856
8015,626.672,1790277230.940
8016,626.736,1790277231.023
8017,626.804,1790277231.156
8018,626.936,1790277231.318
8019,627.000,1790277231.382
8020,627.068,1790277231.502
8021,627.132,1790277231.585
8022,627.200,1790277231.653
8023,627.264,1790277231.769
8024,627.332,1790277231.863
8025,627.396,1790277231.927
8026,627.596,1790277232.201
8027,627.660,1790277232.335
8028,627.728,1790277232.430
8029,627.792,1790277232.493
8030,627.860,1790277232.605
8031,627.924,1790277232.699
8032,627.992,1790277232.766
8033,628.056,1790277232.878
8034,628.124,1790277232.975
8035,628.188,1790277233.036
8036,628.256,1790277233.156
8037,628.320,1790277233.253
8038,628.388,1790277233.318
8039,628.452,1790277233.398
8040,628.520,1790277233.514
8041,628.584,1790277233.587
8042,628.652,1790277233.669
8043,628.716,1790277233.779
8044,628.784,1790277233.852
8045,628.916,1790277234.048
8046,628.980,1790277234.113
8047,629.048,1790277234.190
8048,629.112,1790277234.309
8049,629.180,1790277234.383
8050,629.244,1790277234.477
8051,629.312,1790277234.590
8052,629.376,1790277234.667
8053,629.508,1790277234.878
8054,629.576,1790277234.960
8055,629.640,1790277235.044
8056,629.708,1790277235.159
8057,629.772,1790277235.237
8058,629.840,1790277235.315
8059,629.904,1790277235.435
8060,629.972,1790277235.516
8061,630.036,1790277235.603
8062,630.104,1790277235.725
8063,630.168,1790277235.805
8064,630.236,1790277235.893
8065,630.300,1790277235.961
8066,630.368,1790277236.093
8067,630.432,1790277236.175
8068,630.500,1790277236.241
8069,630.564,1790277236.355
8070,630.632,1790277236.449
8071,630.696,1790277236.514
8072,630.764,1790277236.644
8073,630.828,1790277236.736
8074,630.896,1790277236.810
8075,630.960,1790277236.931
8076,631.028,1790277237.042
8077,631.092,1790277237.115
8078,631.224,1790277237.359
8079,631.292,1790277237.430
8080,631.424,1790277237.680
8081,631.488,1790277237.749
8082,631.556,1790277237.889
8083,631.688,1790277238.062
8084,631.752,1790277238.158
8085,631.884,1790277238.376
8086,631.952,1790277238.468
8087,632.016,1790277238.600
8088,632.084,1790277238.687
8089,632.148,1790277238.771
8090,632.280,1790277238.978
8091,632.348,1790277239.068
8092,632.480,1790277239.281
8093,632.544,1790277239.364
8094,632.612,1790277239.494
8095,632.676,1790277239.575
8096,632.744,1790277239.666
8097,632.808,1790277239.805
8098,632.876,1790277239.896
8099,632.940,1790277239.987
8100,633.008,1790277240.121
8101,633.072,1790277240.205
8102,633.140,1790277240.305
8103,633.204,1790277240.440
8104,633.272,1790277240.530
8105,633.336,1790277240.621
8106,633.404,1790277240.771
8107,633.468,1790277240.866
8108,633.536,1790277240.971
8109,633.600,1790277241.047
8110,633.668,1790277241.174
8111,633.732,1790277241.264
8112,633.864,1790277241.472
8113,633.932,1790277241.569
8114,633.996,1790277241.639
8115,634.128,1790277241.878
8116,634.196,1790277241.955
8117,634.260,1790277242.087
8118,634.328,1790277242.193
8119,634.392,1790277242.268
8120,634.460,1790277242.402
8121,634.524,1790277242.499
8122,634.592,1790277242.574
8123,634.656,1790277242.703
8124,634.724,1790277242.812
8125,634.788,1790277242.885
8126,634.856,1790277243.013
8127,634.920,1790277243.112
8128,634.988,1790277243.188
8129,635.052,1790277243.293
8130,635.120,1790277243.416
8131,635.184,1790277243.498
8132,635.252,1790277243.584
8133,635.316,1790277243.716
8134,635.384,1790277243.793
8135,635.448,1790277243.877
8136,635.516,1790277244.013
8137,635.580,1790277244.092
8138,635.648,1790277244.174
8139,635.712,1790277244.306
8140,635.780,1790277244.387
8141,635.844,1790277244.473
8142,635.912,1790277244.603
8143,635.976,1790277244.687
8144,636.044,1790277244.771
8145,636.108,1790277244.894
8146,636.176,1790277244.978
8147,636.240,1790277245.062
8148,636.308,1790277245.184
8149,636.372,1790277245.266
8150,636.440,1790277245.355
8151,636.636,1790277245.657
8152,636.704,1790277245.787
8153,636.768,1790277245.872
8154,636.836,1790277245.965
8155,636.900,1790277246.032
8156,636.968,1790277246.153
8157,637.032,1790277246.239
8158,637.164,1790277246.438
8159,637.232,1790277246.532
8160,637.296,1790277246.594
8161,637.364,1790277246.725
8162,637.428,1790277246.813
8163,637.496,1790277246.879
8164,637.560,1790277247.003
8165,637.628,1790277247.103
8166,637.760,1790277247.297
8167,637.956,1790277247.578
8168,638.024,1790277247.683
8169,638.088,1790277247.753
8170,638.156,1790277247.876
8171,638.220,1790277247.975
8172,638.288,1790277248.041
8173,638.420,1790277248.236
8174,638.484,1790277248.301
8175,638.552,1790277248.371
8176,638.616,1790277248.490
8177,638.684,1790277248.575
8178,638.748,1790277248.669
8179,638.816,1790277248.801
8180,638.948,1790277248.954
8181,639.012,1790277249.079
8182,639.080,1790277249.165
8183,639.144,1790277249.257
8184,639.212,1790277249.390
8185,639.276,1790277249.477
8186,639.408,1790277249.687
8187,639.476,1790277249.769
8188,639.540,1790277249.848
8189,639.672,1790277250.075
8190,639.740,1790277250.160
8191,639.804,1790277250.282
8192,639.872,1790277250.363
8193,639.936,1790277250.448
8194,640.004,1790277250.578
8195,640.068,1790277250.662
8196,640.136,1790277250.755
8197,640.200,1790277250.822
8198,640.268,1790277250.940
8199,640.332,1790277251.029
8200,640.400,1790277251.097
8201,640.464,1790277251.210
8202,640.532,1790277251.302
8203,640.596,1790277251.365
8204,640.664,1790277251.484
8205,640.728,1790277251.568
8206,640.796,1790277251.633
8207,640.860,1790277251.753
8208,640.928,1790277251.856
8209,640.992,1790277251.922
8210,641.060,1790277252.049
8211,641.124,1790277252.150
8212,641.192,1790277252.222
8213,641.256,1790277252.347
8214,641.324,1790277252.456
8215,641.388,1790277252.539
8216,641.456,1790277252.663
8217,641.520,1790277252.767
8218,641.588,1790277252.845
8219,641.720,1790277253.066
8220,641.784,1790277253.142
8221,641.852,1790277253.225
8222,641.916,1790277253.337
8223,641.984,1790277253.416
8224,642.180,1790277253.704
8225,642.248,1790277253.775
8226,642.312,1790277253.890
8227,642.380,1790277253.969
8228,642.444,1790277254.055
8229,642.512,1790277254.172
8230,642.576,1790277254.247
8231,642.644,1790277254.325
8232,642.708,1790277254.438
8233,642.776,1790277254.515
8234,642.840,1790277254.603
8235,642.908,1790277254.722
8236,642.972,1790277254.804
8237,643.040,1790277254.887
8238,643.104,1790277255.009
8239,643.172,1790277255.087
8240,643.236,1790277255.173
8241,643.304,1790277255.298
8242,643.368,1790277255.388
8243,643.436,1790277255.476
8244,643.500,1790277255.538
8245,643.568,1790277255.654
8246,643.632,1790277255.743
8247,643.700,1790277255.808
8248,643.764,1790277255.917
8249,643.832,1790277256.016
8250,643.964,1790277256.192
8251,644.028,1790277256.287
8252,644.096,1790277256.351
8253,644.160,1790277256.478
8254,644.228,1790277256.570
8255,644.292,1790277256.638
8256,644.360,1790277256.755
8257,644.424,1790277256.850
8258,644.492,1790277256.915
8259,644.556,1790277257.029
8260,644.624,1790277257.137
8261,644.688,1790277257.202
8262,644.756,1790277257.313
8263,644.888,1790277257.482
8264,644.952,1790277257.560
8265,645.020,1790277257.679
8266,645.084,1790277257.745
8267,645.152,1790277257.817
8268,645.216,1790277257.925
8269,645.284,1790277257.991
8270,645.348,1790277258.069
8271,645.416,1790277258.188
8272,645.480,1790277258.256
8273,645.548,1790277258.326
8274,645.612,1790277258.439
8275,645.680,1790277258.524
8276,645.744,1790277258.602
8277,645.812,1790277258.731
8278,645.876,1790277258.805
8279,646.140,1790277259.181
8280,646.208,1790277259.297
8281,646.272,1790277259.373
8282,646.340,1790277259.448
8283,646.404,1790277259.559
8284,646.472,1790277259.650
8285,646.536,1790277259.729
8286,646.604,1790277259.847
8287,646.668,1790277259.931
8288,646.736,1790277260.019
8289,646.800,1790277260.080
8290,646.868,1790277260.196
8291,646.932,1790277260.282
8292,647.000,1790277260.343
8293,647.064,1790277260.465
8294,647.132,1790277260.555
8295,647.196,1790277260.622
8296,647.264,1790277260.751
8297,647.328,1790277260.838
8298,647.396,1790277260.903
8299,647.460,1790277261.009
8300,647.528,1790277261.111
8301,647.592,1790277261.176
8302,647.660,1790277261.298
8303,647.724,1790277261.399
8304,647.792,1790277261.462
8305,647.924,1790277261.687
8306,647.988,1790277261.747
8307,648.056,1790277261.869
8308,648.120,1790277261.962
8309,648.188,1790277262.025
8310,648.252,1790277262.103
8311,648.320,1790277262.215
8312,648.384,1790277262.279
8313,648.452,1790277262.354
8314,648.584,1790277262.543
8315,648.648,1790277262.618
8316,648.716,1790277262.737
8317,648.780,1790277262.805
8318,648.912,1790277263.007
8319,648.980,1790277263.081
8320,649.112,1790277263.279
8321,649.176,1790277263.355
8322,649.244,1790277263.439
8323,649.308,1790277263.564
8324,649.376,1790277263.646
8325,649.440,1790277263.728
8326,649.508,1790277263.845
8327,649.572,1790277263.920
8328,649.640,1790277264.004
8329,649.704,1790277264.119
8330,649.772,1790277264.209
8331,649.836,1790277264.294
8332,649.968,1790277264.492
8333,650.036,1790277264.577
8334,650.100,1790277264.640
8335,650.168,1790277264.751
8336,650.232,1790277264.836
8337,650.300,1790277264.904
8338,650.364,1790277265.015
8339,650.432,1790277265.100
8340,650.496,1790277265.161
8341,650.564,1790277265.277
8342,650.628,1790277265.368
8343,650.696,1790277265.436
8344,650.760,1790277265.551
8345,650.828,1790277265.646
8346,650.892,1790277265.703
8347,650.960,1790277265.818
8348,651.024,1790277265.914
8349,651.156,1790277266.079
8350,651.356,1790277266.353
8351,651.420,1790277266.456
8352,651.488,1790277266.521
8353,651.552,1790277266.610
8354,651.620,1790277266.732
8355,651.684,1790277266.800
8356,651.816,1790277266.983
8357,651.884,1790277267.047
8358,651.948,1790277267.116
8359,652.016,1790277267.230
8360,652.080,1790277267.296
8361,652.148,1790277267.374
8362,652.212,1790277267.493
8363,652.280,1790277267.566
8364,652.344,1790277267.648
8365,652.412,1790277267.762
8366,652.476,1790277267.835
8367,652.544,1790277267.912
8368,652.608,1790277268.031
8369,652.676,1790277268.106
8370,652.740,1790277268.183
8371,652.808,1790277268.297
8372,652.872,1790277268.375
8373,652.940,1790277268.454
8374,653.004,1790277268.573
8375,653.072,1790277268.658
8376,653.136,1790277268.743
8377,653.204,1790277268.863
8378,653.268,1790277268.944
8379,653.336,1790277269.044
8380,653.400,1790277269.109
8381,653.468,1790277269.228
8382,653.532,1790277269.311
8383,653.600,1790277269.377
8384,653.664,1790277269.493
8385,653.732,1790277269.585
8386,653.796,1790277269.650
8387,653.864,1790277269.768
8388,653.928,1790277269.858
8389,653.996,1790277269.923
8390,654.128,1790277270.138
8391,654.192,1790277270.198
8392,654.260,1790277270.304
8393,654.324,1790277270.398
8394,654.392,1790277270.467
8395,654.456,1790277270.578
8396,654.524,1790277270.670
8397,654.588,1790277270.732
8398,654.656,1790277270.848
8399,654.788,1790277271.013
8400,654.852,1790277271.095
8401,654.984,1790277271.273
8402,655.052,1790277271.347
8403,655.116,1790277271.449
8404,655.184,1790277271.525
8405,655.248,1790277271.600
8406,655.316,1790277271.710
8407,655.380,1790277271.776
8408,655.448,1790277271.848
8409,655.512,1790277271.963
8410,655.580,1790277272.042
8411,655.644,1790277272.120
8412,655.844,1790277272.397
8413,655.908,1790277272.513
8414,655.976,1790277272.601
8415,656.040,1790277272.684
8416,656.108,1790277272.797
8417,656.172,1790277272.882
8418,656.240,1790277272.965
8419,656.304,1790277273.081
8420,656.372,1790277273.160
8421,656.436,1790277273.244
8422,656.504,1790277273.355
8423,656.568,1790277273.436
8424,656.636,1790277273.521
8425,656.700,1790277273.582
8426,656.768,1790277273.697
8427,656.832,1790277273.777
8428,656.900,1790277273.843
8429,656.964,1790277273.947
8430,657.032,1790277274.038
8431,657.096,1790277274.100
8432,657.164,1790277274.211
8433,657.228,1790277274.300
8434,657.296,1790277274.365
8435,657.360,1790277274.470
8436,657.428,1790277274.565
8437,657.492,1790277274.631
8438,657.624,1790277274.840
8439,657.692,1790277274.907
8440,657.756,1790277275.019
8441,657.824,1790277275.118
8442,657.888,1790277275.182
8443,657.956,1790277275.292
8444,658.020,1790277275.385
8445,658.088,1790277275.458
8446,658.152,1790277275.532
8447,658.220,1790277275.644
8448,658.284,1790277275.714
8449,658.352,1790277275.793
8450,658.416,1790277275.905
8451,658.484,1790277275.971
8452,658.616,1790277276.174
8453,658.680,1790277276.246
8454,658.748,1790277276.326
8455,658.812,1790277276.453
8456,658.880,1790277276.536
8457,658.944,1790277276.621
8458,659.012,1790277276.760
8459,659.076,1790277276.837
8460,659.208,1790277277.049
8461,659.340,1790277277.224
8462,659.408,1790277277.357
8463,659.472,1790277277.438
8464,659.540,1790277277.516
8465,659.604,1790277277.623
8466,659.672,1790277277.709
8467,659.736,1790277277.792
8468,659.804,1790277277.903
8469,659.868,1790277277.982
8470,659.936,1790277278.069
8471,660.000,1790277278.134
8472,660.068,1790277278.252
8473,660.132,1790277278.338
8474,660.200,1790277278.402
8475,660.264,1790277278.513
8476,660.332,1790277278.606
8477,660.396,1790277278.667
8478,660.464,1790277278.781
8479,660.528,1790277278.875
8480,660.596,1790277278.938
8481,660.660,1790277279.048
8482,660.792,1790277279.211
8483,660.860,1790277279.333
8484,660.924,1790277279.425
8485,660.992,1790277279.491
8486,661.056,1790277279.613
8487,661.124,1790277279.718
8488,661.188,1790277279.785
8489,661.256,1790277279.891
8490,661.320,1790277279.981
8491,661.388,1790277280.050
8492,661.452,1790277280.123
8493,661.520,1790277280.236
8494,661.584,1790277280.310
8495,661.652,1790277280.399
8496,661.716,1790277280.505
8497,661.784,1790277280.580
8498,661.848,1790277280.659
8499,661.916,1790277280.773
8500,661.980,1790277280.838
8501,662.048,1790277280.920
8502,662.112,1790277281.041
8503,662.180,1790277281.117
8504,662.244,1790277281.190
8505,662.312,1790277281.304
8506,662.376,1790277281.388
8507,662.444,1790277281.478
8508,662.508,1790277281.595
8509,662.576,1790277281.678
8510,662.640,1790277281.766
8511,662.708,1790277281.886
8512,662.772,1790277281.964
8513,662.840,1790277282.051
8514,662.904,1790277282.176
8515,662.972,1790277282.261
8516,663.036,1790277282.347
8517,663.104,1790277282.466
8518,663.168,1790277282.548
8519,663.236,1790277282.636
8520,663.300,1790277282.704
8521,663.368,1790277282.818
8522,663.432,1790277282.908
8523,663.500,1790277282.973
8524,663.564,1790277283.082
8525,663.696,1790277283.238
8526,663.764,1790277283.355
8527,663.828,1790277283.442
8528,663.896,1790277283.510
8529,663.960,1790277283.622
8530,664.092,1790277283.773
8531,664.160,1790277283.893
8532,664.292,1790277284.056
8533,664.356,1790277284.183
8534,664.424,1790277284.278
8535,664.488,1790277284.341
8536,664.556,1790277284.448
8537,664.620,1790277284.553
8538,664.752,1790277284.699
8539,664.820,1790277284.811
8540,664.884,1790277284.876
8541,664.952,1790277284.951
8542,665.016,1790277285.063
8543,665.084,1790277285.131
8544,665.148,1790277285.205
8545,665.216,1790277285.328
8546,665.348,1790277285.485
8547,665.412,1790277285.614
8548,665.544,1790277285.766
8549,665.612,1790277285.887
8550,665.676,1790277285.960
8551,665.744,1790277286.045
8552,665.876,1790277286.258
8553,665.940,1790277286.349
8554,666.008,1790277286.485
8555,666.072,1790277286.574
8556,666.140,1790277286.667
8557,666.204,1790277286.798
8558,666.336,1790277286.978
8559,666.404,1790277287.099
8560,666.468,1790277287.183
8561,666.536,1790277287.259
8562,666.600,1790277287.328
8563,666.668,1790277287.444
8564,666.732,1790277287.522
8565,666.800,1790277287.590
8566,666.864,1790277287.707
8567,666.932,1790277287.791
8568,666.996,1790277287.850
8569,667.064,1790277287.962
8570,667.128,1790277288.055
8571,667.196,1790277288.120
8572,667.260,1790277288.246
8573,667.328,1790277288.338
8574,667.392,1790277288.399
8575,667.460,1790277288.505
8576,667.524,1790277288.598
8577,667.592,1790277288.678
8578,667.656,1790277288.783
8579,667.724,1790277288.890
8580,667.788,1790277288.956
8581,667.920,1790277289.164
8582,667.988,1790277289.237
8583,668.052,1790277289.318
8584,668.120,1790277289.434
8585,668.184,1790277289.493
8586,668.252,1790277289.576
8587,668.384,1790277289.765
8588,668.448,1790277289.836
8589,668.516,1790277289.955
8590,668.580,1790277290.018
8591,668.648,1790277290.099
8592,668.712,1790277290.217
8593,668.780,1790277290.287
8594,668.844,1790277290.361
8595,668.912,1790277290.475
8596,668.976,1790277290.553
8597,669.044,1790277290.631
8598,669.108,1790277290.757
8599,669.176,1790277290.836
8600,669.240,1790277290.914
8601,669.308,1790277291.026
8602,669.372,1790277291.106
8603,669.440,1790277291.188
8604,669.504,1790277291.300
8605,669.572,1790277291.379
8606,669.636,1790277291.457
8607,669.768,1790277291.656
8608,669.836,1790277291.745
8609,669.900,1790277291.804
8610,669.968,1790277291.910
8611,670.032,1790277292.001
8612,670.100,1790277292.065
8613,670.232,1790277292.282
8614,670.296,1790277292.344
8615,670.364,1790277292.462
8616,670.428,1790277292.554
8617,670.560,1790277292.750
8618,670.628,1790277292.833
8619,670.692,1790277292.897
8620,670.760,1790277293.011
8621,670.824,1790277293.103
8622,670.892,1790277293.173
8623,670.956,1790277293.292
8624,671.024,1790277293.387
8625,671.088,1790277293.451
8626,671.156,1790277293.558
8627,671.220,1790277293.657
8628,671.288,1790277293.719
8629,671.352,1790277293.803
8630,671.484,1790277293.997
8631,671.552,1790277294.074
8632,671.616,1790277294.190
8633,671.684,1790277294.268
8634,671.748,1790277294.348
8635,671.816,1790277294.465
8636,671.948,1790277294.612
8637,672.012,1790277294.731
8638,672.080,1790277294.814
8639,672.144,1790277294.899
8640,672.212,1790277295.023
8641,672.276,1790277295.104
8642,672.344,1790277295.181
8643,672.408,1790277295.299
8644,672.476,1790277295.376
8645,672.540,1790277295.455
8646,672.608,1790277295.574
8647,672.672,1790277295.654
8648,672.740,1790277295.737
8649,672.804,1790277295.861
8650,672.872,1790277295.939
8651,672.936,1790277296.015
8652,673.004,1790277296.129
8653,673.068,1790277296.214
8654,673.136,1790277296.296
8655,673.200,1790277296.357
8656,673.268,1790277296.458
8657,673.332,1790277296.534
8658,673.400,1790277296.598
8659,673.464,1790277296.705
8660,673.532,1790277296.793
8661,673.596,1790277296.851
8662,673.664,1790277296.963
8663,673.728,1790277297.047
8664,673.796,1790277297.113
8665,673.860,1790277297.219
8666,673.928,1790277297.308
8667,674.060,1790277297.485
8668,674.192,1790277297.647
8669,674.256,1790277297.759
8670,674.324,1790277297.851
8671,674.388,1790277297.927
8672,674.456,1790277298.041
8673,674.520,1790277298.139
8674,674.588,1790277298.205
8675,674.652,1790277298.283
8676,674.784,1790277298.451
8677,674.852,1790277298.528
8678,674.916,1790277298.641
8679,674.984,1790277298.711
8680,675.048,1790277298.789
8681,675.116,1790277298.905
8682,675.180,1790277298.980
8683,675.248,1790277299.061
8684,675.312,1790277299.175
8685,675.444,1790277299.327
8686,675.576,1790277299.517
8687,675.708,1790277299.727
8688,675.776,1790277299.809
8689,675.840,1790277299.886
8690,675.908,1790277300.006
8691,676.040,1790277300.170
8692,676.104,1790277300.288
8693,676.172,1790277300.372
8694,676.236,1790277300.458
8695,676.304,1790277300.588
8696,676.368,1790277300.675
8697,676.436,1790277300.769
8698,676.568,1790277300.942
8699,676.632,1790277301.024
8700,676.700,1790277301.087
8701,676.764,1790277301.194
8702,676.832,1790277301.280
8703,676.896,1790277301.342
8704,676.964,1790277301.468
8705,677.028,1790277301.561
8706,677.096,1790277301.626
8707,677.160,1790277301.741
8708,677.228,1790277301.831
8709,677.292,1790277301.890
8710,677.360,1790277302.013
8711,677.492,1790277302.178
8712,677.556,1790277302.297
8713,677.624,1790277302.397
8714,677.688,1790277302.456
8715,677.756,1790277302.571
8716,677.820,1790277302.675
8717,677.888,1790277302.743
8718,678.020,1790277302.921
8719,678.084,1790277302.991
8720,678.152,1790277303.078
8721,678.284,1790277303.279
8722,678.348,1790277303.364
8723,678.416,1790277303.477
8724,678.480,1790277303.552
8725,678.612,1790277303.747
8726,678.680,1790277303.820
8727,678.876,1790277304.114
8728,678.944,1790277304.193
8729,679.076,1790277304.389
8730,679.140,1790277304.467
8731,679.208,1790277304.582
8732,679.272,1790277304.659
8733,679.340,1790277304.740
8734,679.404,1790277304.856
8735,679.472,1790277304.931
8736,679.536,1790277305.015
8737,679.604,1790277305.129
8738,679.668,1790277305.209
8739,679.736,1790277305.293
8740,679.800,1790277305.355
8741,679.868,1790277305.475
8742,679.932,1790277305.563
8743,680.000,1790277305.631
8744,680.064,1790277305.754
8745,680.132,1790277305.836
8746,680.196,1790277305.899
8747,680.328,1790277306.102
8748,680.396,1790277306.170
8749,680.460,1790277306.287
8750,680.592,1790277306.434
8751,680.660,1790277306.557
8752,680.724,1790277306.654
8753,680.792,1790277306.718
8754,680.856,1790277306.832
8755,680.924,1790277306.933
8756,680.988,1790277307.008
8757,681.056,1790277307.133
8758,681.120,1790277307.239
8759,681.188,1790277307.305
8760,681.252,1790277307.378
8761,681.320,1790277307.489
8762,681.384,1790277307.564
8763,681.452,1790277307.652
8764,681.516,1790277307.776
8765,681.584,1790277307.846
8766,681.648,1790277307.936
8767,681.716,1790277308.059
8768,681.780,1790277308.130
8769,681.848,1790277308.213
8770,681.980,1790277308.417
8771,682.044,1790277308.503
8772,682.112,1790277308.625
8773,682.244,1790277308.791
8774,682.308,1790277308.917
8775,682.376,1790277309.014
8776,682.440,1790277309.107
8777,682.508,1790277309.243
8778,682.572,1790277309.324
8779,682.640,1790277309.421
8780,682.704,1790277309.535
8781,682.772,1790277309.619
8782,682.836,1790277309.713
8783,682.904,1790277309.822
8784,682.968,1790277309.900
8785,683.036,1790277309.981
8786,683.100,1790277310.044
8787,683.168,1790277310.159
8788,683.232,1790277310.249
8789,683.300,1790277310.310
8790,683.364,1790277310.414
8791,683.432,1790277310.507
8792,683.496,1790277310.569
8793,683.564,1790277310.687
8794,683.628,1790277310.774
8795,683.696,1790277310.835
8796,683.760,1790277310.940
8797,683.828,1790277311.038
8798,683.892,1790277311.101
8799,684.024,1790277311.318
8800,684.092,1790277311.388
8801,684.156,1790277311.497
8802,684.224,1790277311.595
8803,684.288,1790277311.661
8804,684.356,1790277311.775
8805,684.420,1790277311.878
8806,684.488,1790277311.963
8807,684.552,1790277312.044
8808,684.620,1790277312.157
8809,684.684,1790277312.224
8810,684.752,1790277312.306
8811,684.816,1790277312.418
8812,684.884,1790277312.488
8813,684.948,1790277312.574
8814,685.016,1790277312.714
8815,685.080,1790277312.783
8816,685.148,1790277312.865
8817,685.212,1790277312.990
8818,685.280,1790277313.075
8819,685.344,1790277313.158
8820,685.412,1790277313.279
8821,685.476,1790277313.366
8822,685.544,1790277313.449
8823,685.608,1790277313.571
8824,685.676,1790277313.658
8825,685.740,1790277313.740
8826,685.808,1790277313.866
8827,685.940,1790277314.025
8828,686.004,1790277314.141
8829,686.072,1790277314.219
8830,686.136,1790277314.301
8831,686.204,1790277314.421
8832,686.268,1790277314.504
8833,686.336,1790277314.587
8834,686.400,1790277314.654
8835,686.532,1790277314.865
8836,686.600,1790277314.934
8837,686.664,1790277315.047
8838,686.732,1790277315.142
8839,686.796,1790277315.214
8840,686.864,1790277315.338
8841,686.928,1790277315.432
8842,686.996,1790277315.496
8843,687.060,1790277315.605
8844,687.128,1790277315.707
8845,687.192,1790277315.779
8846,687.260,1790277315.893
8847,687.324,1790277315.986
8848,687.392,1790277316.055
8849,687.456,1790277316.174
8850,687.524,1790277316.271
8851,687.588,1790277316.344
8852,687.656,1790277316.481
8853,687.720,1790277316.586
8854,687.788,1790277316.662
8855,687.852,1790277316.751
8856,687.920,1790277316.860
8857,687.984,1790277316.922
8858,688.052,1790277317.005
8859,688.116,1790277317.109
8860,688.184,1790277317.187
8861,688.248,1790277317.263
8862,688.316,1790277317.379
8863,688.380,1790277317.455
8864,688.448,1790277317.540
8865,688.580,1790277317.736
8866,688.644,1790277317.815
8867,688.712,1790277317.924
8868,688.844,1790277318.078
8869,688.976,1790277318.263
8870,689.040,1790277318.346
8871,689.108,1790277318.477
8872,689.240,1790277318.670
8873,689.304,1790277318.811
8874,689.372,1790277318.906
8875,689.436,1790277319.004
8876,689.504,1790277319.140
8877,689.568,1790277319.224
8878,689.700,1790277319.383
8879,689.768,1790277319.499
8880,689.832,1790277319.581
8881,689.900,1790277319.651
8882,690.032,1790277319.858
8883,690.096,1790277319.922
8884,690.164,1790277320.040
8885,690.228,1790277320.137
8886,690.296,1790277320.204
8887,690.360,1790277320.325
8888,690.492,1790277320.475
8889,690.560,1790277320.598
8890,690.624,1790277320.703
8891,690.692,1790277320.769
8892,690.756,1790277320.880
8893,690.888,1790277321.035
8894,690.956,1790277321.152
8895,691.020,1790277321.249
8896,691.088,1790277321.322
8897,691.152,1790277321.402
8898,691.220,1790277321.514
8899,691.284,1790277321.586
8900,691.352,1790277321.665
8901,691.416,1790277321.769
8902,691.484,1790277321.843
8903,691.548,1790277321.917
8904,691.616,1790277322.037
8905,691.680,1790277322.113
8906,691.748,1790277322.195
8907,691.812,1790277322.305
8908,691.880,1790277322.383
8909,691.944,1790277322.464
8910,692.012,1790277322.580
8911,692.076,1790277322.658
8912,692.276,1790277322.948
8913,692.340,1790277323.027
8914,692.408,1790277323.149
8915,692.472,1790277323.227
8916,692.540,1790277323.310
8917,692.604,1790277323.427
8918,692.672,1790277323.505
8919,692.736,1790277323.604
8920,692.868,1790277323.796
8921,692.936,1790277323.891
8922,693.000,1790277323.953
8923,693.068,1790277324.060
8924,693.132,1790277324.141
8925,693.200,1790277324.206
8926,693.332,1790277324.394
8927,693.396,1790277324.458
8928,693.464,1790277324.578
8929,693.596,1790277324.739
8930,693.660,1790277324.844
8931,693.728,1790277324.941
8932,693.792,1790277325.004
8933,693.860,1790277325.111
8934,693.924,1790277325.199
8935,693.992,1790277325.265
8936,694.056,1790277325.377
8937,694.124,1790277325.481
8938,694.188,1790277325.553
8939,694.256,1790277325.680
8940,694.388,1790277325.837
8941,694.452,1790277325.915
8942,694.520,1790277326.028
8943,694.584,1790277326.091
8944,694.652,1790277326.176
8945,694.716,1790277326.286
8946,694.784,1790277326.356
8947,694.848,1790277326.431
8948,694.916,1790277326.546
8949,694.980,1790277326.616
8950,695.048,1790277326.698
8951,695.112,1790277326.815
8952,695.180,1790277326.893
8953,695.244,1790277326.972
8954,695.312,1790277327.086
8955,695.376,1790277327.167
8956,695.444,1790277327.255
8957,695.508,1790277327.367
8958,695.576,1790277327.443
8959,695.640,1790277327.524
8960,695.708,1790277327.638
8961,695.772,1790277327.712
8962,695.840,1790277327.806
8963,695.904,1790277327.926
8964,695.972,1790277328.010
8965,696.036,1790277328.100
8966,696.104,1790277328.215
8967,696.168,1790277328.297
8968,696.300,1790277328.447
8969,696.368,1790277328.567
8970,696.432,1790277328.657
8971,696.564,1790277328.830
8972,696.632,1790277328.921
8973,696.696,1790277328.987
8974,696.764,1790277329.105
8975,696.828,1790277329.194
8976,696.896,1790277329.261
8977,696.960,1790277329.373
8978,697.028,1790277329.463
8979,697.092,1790277329.523
8980,697.160,1790277329.646
8981,697.224,1790277329.741
8982,697.292,1790277329.808
8983,697.356,1790277329.930
8984,697.488,1790277330.094
8985,697.556,1790277330.211
8986,697.620,1790277330.307
8987,697.688,1790277330.380
8988,697.820,1790277330.576
8989,698.084,1790277330.899
8990,698.148,1790277330.978
8991,698.216,1790277331.094
8992,698.280,1790277331.173
8993,698.348,1790277331.251
8994,698.412,1790277331.365
8995,698.480,1790277331.442
8996,698.544,1790277331.520
8997,698.676,1790277331.714
8998,698.744,1790277331.792
8999,698.808,1790277331.933
9000,698.876,1790277332.015
9001,698.940,1790277332.098
9002,699.008,1790277332.214
9003,699.072,1790277332.289
9004,699.140,1790277332.373
9005,699.204,1790277332.490
9006,699.272,1790277332.571
9007,699.336,1790277332.671
9008,699.468,1790277332.863
9009,699.536,1790277332.951
9010,699.600,1790277333.013
9011,699.668,1790277333.127
9012,699.732,1790277333.211
9013,699.800,1790277333.281
9014,699.864,1790277333.391
9015,699.932,1790277333.483
9016,699.996,1790277333.545
9017,700.064,1790277333.649
9018,700.128,1790277333.737
9019,700.196,1790277333.802
9020,700.260,1790277333.913
9021,700.328,1790277334.020
9022,700.392,1790277334.083
9023,700.460,1790277334.200
9024,700.524,1790277334.285
9025,700.592,1790277334.360
9026,700.656,1790277334.468
9027,700.724,1790277334.565
9028,700.788,1790277334.633
9029,700.856,1790277334.753
9030,700.920,1790277334.852
9031,700.988,1790277334.924
9032,701.052,1790277335.014
9033,701.120,1790277335.131
9034,701.184,1790277335.197
9035,701.252,1790277335.278
9036,701.384,1790277335.444
9037,701.448,1790277335.521
9038,701.516,1790277335.643
9039,701.580,1790277335.719
9040,701.648,1790277335.792
9041,701.712,1790277335.913
9042,701.780,1790277335.984
9043,701.976,1790277336.257
9044,702.044,1790277336.337
9045,702.176,1790277336.541
9046,702.240,1790277336.620
9047,702.308,1790277336.735
9048,702.372,1790277336.812
9049,702.440,1790277336.894
9050,702.572,1790277337.099
9051,702.636,1790277337.180
9052,702.768,1790277337.368
9053,702.836,1790277337.449
9054,702.900,1790277337.510
9055,702.968,1790277337.617
9056,703.032,1790277337.700
9057,703.100,1790277337.767
9058,703.164,1790277337.882
9059,703.232,1790277337.962
9060,703.296,1790277338.023
9061,703.364,1790277338.145
9062,703.428,1790277338.236
9063,703.496,1790277338.298
9064,703.628,1790277338.498
9065,703.692,1790277338.558
9066,703.760,1790277338.666
9067,703.824,1790277338.762
9068,703.892,1790277338.826
9069,704.024,1790277339.034
9070,704.088,1790277339.097
9071,704.220,1790277339.314
9072,704.288,1790277339.388
9073,704.352,1790277339.465
9074,704.420,1790277339.578
9075,704.484,1790277339.652
9076,704.552,1790277339.733
9077,704.616,1790277339.835
9078,704.684,1790277339.906
9079,704.748,1790277339.992
9080,704.816,1790277340.108
9081,704.880,1790277340.181
9082,705.012,1790277340.386
9083,705.080,1790277340.461
9084,705.144,1790277340.546
9085,705.212,1790277340.666
9086,705.276,1790277340.745
9087,705.344,1790277340.833
9088,705.408,1790277340.958
9089,705.476,1790277341.042
9090,705.540,1790277341.140
9091,705.608,1790277341.284
9092,705.672,1790277341.368
9093,705.804,1790277341.589
9094,705.872,1790277341.684
9095,705.936,1790277341.772
9096,706.068,1790277341.992
9097,706.136,1790277342.079
9098,706.200,1790277342.140
9099,706.268,1790277342.263
9100,706.332,1790277342.342
9101,706.400,1790277342.410
9102,706.464,1790277342.519
9103,706.532,1790277342.604
9104,706.596,1790277342.668
9105,706.664,1790277342.787
9106,706.728,1790277342.880
9107,706.796,1790277342.946
9108,706.928,1790277343.144
9109,706.992,1790277343.209
9110,707.192,1790277343.493
9111,707.256,1790277343.606
9112,707.324,1790277343.701
9113,707.388,1790277343.768
9114,707.456,1790277343.883
9115,707.520,1790277343.979
9116,707.588,1790277344.043
9117,707.652,1790277344.126
9118,707.720,1790277344.239
9119,707.784,1790277344.318
9120,707.852,1790277344.399
9121,707.916,1790277344.505
9122,707.984,1790277344.584
9123,708.048,1790277344.667
9124,708.180,1790277344.857
9125,708.248,1790277344.940
9126,708.312,1790277345.074
9127,708.380,1790277345.159
9128,708.444,1790277345.234
9129,708.576,1790277345.429
9130,708.644,1790277345.504
9131,708.708,1790277345.619
9132,708.776,1790277345.703
9133,708.840,1790277345.782
9134,708.908,1790277345.898
9135,708.972,1790277345.982
9136,709.040,1790277346.070
9137,709.104,1790277346.184
9138,709.172,1790277346.262
9139,709.236,1790277346.347
9140,709.304,1790277346.462
9141,709.368,1790277346.549
9142,709.500,1790277346.698
9143,709.568,1790277346.817
9144,709.632,1790277346.917
9145,709.700,1790277346.980
9146,709.764,1790277347.095
9147,709.832,1790277347.177
9148,709.964,1790277347.366
9149,710.028,1790277347.452
9150,710.160,1790277347.638
9151,710.292,1790277347.798
9152,710.360,1790277347.915
9153,710.492,1790277348.071
9154,710.556,1790277348.187
9155,710.688,1790277348.344
9156,710.820,1790277348.578
9157,710.888,1790277348.652
9158,710.952,1790277348.728
9159,711.020,1790277348.837
9160,711.084,1790277348.910
9161,711.152,1790277348.987
9162,711.216,1790277349.093
9163,711.284,1790277349.163
9164,711.348,1790277349.246
9165,711.416,1790277349.366
9166,711.480,1790277349.441
9167,711.548,1790277349.513
9168,711.612,1790277349.629
9169,711.680,1790277349.713
9170,711.744,1790277349.798
9171,711.812,1790277349.917
9172,711.876,1790277349.992
9173,711.944,1790277350.062
9174,712.008,1790277350.181
9175,712.076,1790277350.265
9176,712.140,1790277350.345
9177,712.208,1790277350.466
9178,712.272,1790277350.540
9179,712.340,1790277350.627
9180,712.404,1790277350.742
9181,712.472,1790277350.828
9182,712.536,1790277350.926
9183,712.604,1790277351.056
9184,712.668,1790277351.144
9185,712.736,1790277351.239
9186,712.800,1790277351.308
9187,712.868,1790277351.431
9188,712.932,1790277351.526
9189,713.000,1790277351.592
9190,713.064,1790277351.698
9191,713.132,1790277351.780
9192,713.196,1790277351.842
9193,713.264,1790277351.960
9194,713.396,1790277352.118
9195,713.460,1790277352.222
9196,713.528,1790277352.321
9197,713.592,1790277352.385
9198,713.660,1790277352.504
9199,713.724,1790277352.597
9200,713.792,1790277352.664
9201,713.924,1790277352.881
9202,713.988,1790277352.947
9203,714.056,1790277353.069
9204,714.120,1790277353.170
9205,714.188,1790277353.241
9206,714.252,1790277353.329
9207,714.320,1790277353.449
9208,714.384,1790277353.514
9209,714.452,1790277353.604
9210,714.516,1790277353.710
9211,714.584,1790277353.776
9212,714.648,1790277353.853
9213,714.716,1790277353.973
9214,714.780,1790277354.040
9215,714.848,1790277354.122
9216,714.912,1790277354.233
9217,714.980,1790277354.311
9218,715.044,1790277354.400
9219,715.112,1790277354.519
9220,715.176,1790277354.607
9221,715.244,1790277354.689
9222,715.308,1790277354.803
9223,715.440,1790277354.964
9224,715.508,1790277355.081
9225,715.572,1790277355.158
9226,715.640,1790277355.242
9227,715.704,1790277355.355
9228,715.772,1790277355.435
9229,715.836,1790277355.524
9230,715.904,1790277355.644
9231,715.968,1790277355.723
9232,716.036,1790277355.816
9233,716.232,1790277356.075
9234,716.300,1790277356.140
9235,716.364,1790277356.259
9236,716.432,1790277356.346
9237,716.496,1790277356.409
9238,716.564,1790277356.524
9239,716.628,1790277356.614
9240,716.696,1790277356.680
9241,716.760,1790277356.789
9242,716.828,1790277356.891
9243,716.892,1790277356.955
9244,716.960,1790277357.073
9245,717.024,1790277357.171
9246,717.092,1790277357.234
9247,717.156,1790277357.357
9248,717.224,1790277357.453
9249,717.288,1790277357.514
9250,717.356,1790277357.631
9251,717.420,1790277357.726
9252,717.488,1790277357.791
9253,717.552,1790277357.873
9254,717.620,1790277357.974
9255,717.684,1790277358.039
9256,717.752,1790277358.120
9257,717.816,1790277358.229
9258,717.884,1790277358.296
9259,718.016,1790277358.497
9260,718.080,1790277358.561
9261,718.148,1790277358.643
9262,718.212,1790277358.774
9263,718.280,1790277358.851
9264,718.344,1790277358.931
9265,718.412,1790277359.055
9266,718.476,1790277359.127
9267,718.544,1790277359.219
9268,718.608,1790277359.339
9269,718.676,1790277359.421
9270,718.740,1790277359.496
9271,718.808,1790277359.617
9272,718.872,1790277359.697
9273,718.940,1790277359.782
9274,719.004,1790277359.909
9275,719.136,1790277360.086
9276,719.204,1790277360.197
9277,719.268,1790277360.273
9278,719.400,1790277360.420
9279,719.468,1790277360.529
9280,719.532,1790277360.612
9281,719.600,1790277360.678
9282,719.664,1790277360.797
9283,719.732,1790277360.883
9284,719.796,1790277360.943
9285,719.864,1790277361.059
9286,719.928,1790277361.159
9287,719.996,1790277361.224
9288,720.128,1790277361.439
9289,720.192,1790277361.502
9290,720.260,1790277361.617
9291,720.324,1790277361.708
9292,720.456,1790277361.900
9293,720.524,1790277361.998
9294,720.588,1790277362.062
9295,720.720,1790277362.277
9296,720.788,1790277362.344
9297,720.852,1790277362.422
9298,720.920,1790277362.532
9299,720.984,1790277362.600
9300,721.052,1790277362.684
9301,721.116,1790277362.799
9302,721.248,1790277362.958
9303,721.316,1790277363.085
9304,721.380,1790277363.161
9305,721.448,1790277363.245
9306,721.512,1790277363.360
9307,721.580,1790277363.434
9308,721.712,1790277363.618
9309,721.776,1790277363.699
9310,721.844,1790277363.784
9311,721.908,1790277363.912
9312,721.976,1790277363.991
9313,722.040,1790277364.072
9314,722.108,1790277364.185
9315,722.172,1790277364.257
9316,722.304,1790277364.464
9317,722.372,1790277364.552
9318,722.504,1790277364.746
9319,722.568,1790277364.825
9320,722.636,1790277364.921
9321,722.700,1790277364.986
9322,722.768,1790277365.102
9323,722.832,1790277365.187
9324,722.900,1790277365.251
9325,722.964,1790277365.369
9326,723.032,1790277365.460
9327,723.096,1790277365.521
9328,723.164,1790277365.632
9329,723.228,1790277365.721
9330,723.296,1790277365.786
9331,723.360,1790277365.899
9332,723.428,1790277365.994
9333,723.492,1790277366.054
9334,723.560,1790277366.168
9335,723.624,1790277366.256
9336,723.692,1790277366.320
9337,723.756,1790277366.428
9338,723.956,1790277366.700
9339,724.020,1790277366.798
9340,724.088,1790277366.864
9341,724.152,1790277366.938
9342,724.284,1790277367.125
9343,724.416,1790277367.316
9344,724.484,1790277367.384
9345,724.548,1790277367.474
9346,724.616,1790277367.595
9347,724.680,1790277367.667
9348,724.748,1790277367.750
9349,724.812,1790277367.866
9350,724.880,1790277367.940
9351,724.944,1790277368.027
9352,725.012,1790277368.147
9353,725.076,1790277368.217
9354,725.144,1790277368.299
9355,725.208,1790277368.420
9356,725.276,1790277368.492
9357,725.408,1790277368.696
9358,725.472,1790277368.778
9359,725.540,1790277368.868
9360,725.604,1790277368.980
9361,725.672,1790277369.073
9362,725.736,1790277369.163
9363,725.804,1790277369.280
9364,725.936,1790277369.456
9365,726.000,1790277369.521
9366,726.132,1790277369.752
9367,726.200,1790277369.817
9368,726.332,1790277370.042
9369,726.396,1790277370.110
9370,726.528,1790277370.356
9371,726.596,1790277370.432
9372,726.660,1790277370.561
9373,726.792,1790277370.733
9374,726.860,1790277370.860
9375,726.924,1790277370.965
9376,726.992,1790277371.046
9377,727.056,1790277371.181
9378,727.124,1790277371.285
9379,727.188,1790277371.364
9380,727.256,1790277371.507
9381,727.320,1790277371.610
9382,727.452,1790277371.797
9383,727.520,1790277371.922
9384,727.584,1790277371.997
9385,727.652,1790277372.082
9386,727.716,1790277372.223
9387,727.784,1790277372.304
9388,728.048,1790277372.677
9389,728.180,1790277372.892
9390,728.244,1790277372.980
9391,728.376,1790277373.199
9392,728.444,1790277373.287
9393,728.508,1790277373.425
9394,728.576,1790277373.517
9395,728.640,1790277373.611
9396,728.708,1790277373.750
9397,728.772,1790277373.834
9398,728.840,1790277373.934
9399,728.904,1790277374.066
9400,728.972,1790277374.153
9401,729.036,1790277374.248
9402,729.104,1790277374.382
9403,729.168,1790277374.471
9404,729.236,1790277374.563
9405,729.300,1790277374.643
9406,729.368,1790277374.773
9407,729.432,1790277374.862
9408,729.500,1790277374.926
9409,729.564,1790277375.067
9410,729.632,1790277375.165
9411,729.764,1790277375.390
9412,729.828,1790277375.490
9413,729.896,1790277375.557
9414,729.960,1790277375.698
9415,730.028,1790277375.804
9416,730.160,1790277376.022
9417,730.224,1790277376.121
9418,730.292,1790277376.197
9419,730.356,1790277376.330
9420,730.424,1790277376.437
9421,730.488,1790277376.510
9422,730.556,1790277376.643
9423,730.620,1790277376.753
9424,730.688,1790277376.834
9425,730.752,1790277376.920
9426,730.820,1790277377.054
9427,730.884,1790277377.132
9428,730.952,1790277377.215
9429,731.084,1790277377.429
9430,731.148,1790277377.514
9431,731.216,1790277377.648
9432,731.348,1790277377.812
9433,731.412,1790277377.954
9434,731.480,1790277378.044
9435,731.544,1790277378.134
9436,731.612,1790277378.270
9437,731.676,1790277378.359
9438,731.744,1790277378.456
9439,731.808,1790277378.597
9440,731.876,1790277378.686
9441,731.940,1790277378.783
9442,732.008,1790277378.920
9443,732.072,1790277379.002
9444,732.140,1790277379.088
9445,732.204,1790277379.218
9446,732.272,1790277379.308
9447,732.336,1790277379.400
9448,732.404,1790277379.533
9449,732.468,1790277379.623
9450,732.536,1790277379.721
9451,732.600,1790277379.794
9452,732.668,1790277379.923
9453,732.864,1790277380.234
9454,732.932,1790277380.334
9455,733.128,1790277380.635
9456,733.196,1790277380.705
9457,733.260,1790277380.835
9458,733.328,1790277380.935
9459,733.392,1790277381.000
9460,733.460,1790277381.137
9461,733.592,1790277381.306
9462,733.656,1790277381.436
9463,733.724,1790277381.537
9464,733.788,1790277381.614
9465,733.856,1790277381.755
9466,733.920,1790277381.861
9467,734.052,1790277382.021
9468,734.120,1790277382.147
9469,734.184,1790277382.221
9470,734.252,1790277382.306
9471,734.384,1790277382.522
9472,734.448,1790277382.606
9473,734.516,1790277382.744
9474,734.580,1790277382.827
9475,734.712,1790277383.039
9476,734.780,1790277383.119
9477,734.844,1790277383.204
9478,734.912,1790277383.329
9479,734.976,1790277383.413
9480,735.044,1790277383.506
9481,735.108,1790277383.635
9482,735.176,1790277383.718
9483,735.240,1790277383.805
9484,735.308,1790277383.941
9485,735.372,1790277384.026
9486,735.440,1790277384.111
9487,735.572,1790277384.333
9488,735.636,1790277384.419
9489,735.704,1790277384.553
9490,735.768,1790277384.644
9491,735.836,1790277384.736
9492,735.900,1790277384.805
9493,735.968,1790277384.935
9494,736.032,1790277385.028
9495,736.100,1790277385.098
9496,736.164,1790277385.235
9497,736.232,1790277385.340
9498,736.296,1790277385.414
9499,736.428,1790277385.639
9500,736.496,1790277385.714
9501,736.628,1790277385.942
9502,736.692,1790277386.009
9503,736.760,1790277386.149
9504,736.892,1790277386.333
9505,736.956,1790277386.466
9506,737.024,1790277386.584
9507,737.156,1790277386.804
9508,737.220,1790277386.907
9509,737.288,1790277386.989
9510,737.352,1790277387.085
9511,737.420,1790277387.210
9512,737.484,1790277387.288
9513,737.552,1790277387.370
9514,737.616,1790277387.500
9515,737.684,1790277387.575
9516,737.816,1790277387.818
9517,737.880,1790277387.902
9518,737.948,1790277387.999
9519,738.012,1790277388.131
9520,738.080,1790277388.223
9521,738.144,1790277388.309
9522,738.212,1790277388.446
9523,738.276,1790277388.534
9524,738.344,1790277388.633
9525,738.408,1790277388.773
9526,738.476,1790277388.865
9527,738.540,1790277388.949
9528,738.672,1790277389.168
9529,738.740,1790277389.269
9530,738.804,1790277389.405
9531,738.872,1790277389.490
9532,738.936,1790277389.573
9533,739.004,1790277389.692
9534,739.068,1790277389.775
9535,739.136,1790277389.874
9536,739.200,1790277389.933
9537,739.268,1790277390.047
9538,739.332,1790277390.139
9539,739.400,1790277390.204
9540,739.464,1790277390.332
9541,739.596,1790277390.502
9542,739.664,1790277390.631
9543,739.728,1790277390.744
9544,739.796,1790277390.813
9545,739.860,1790277390.950
9546,739.928,1790277391.053
9547,739.992,1790277391.131
9548,740.060,1790277391.274
9549,740.124,1790277391.389
9550,740.192,1790277391.454
9551,740.256,1790277391.578
9552,740.324,1790277391.685
9553,740.388,1790277391.785
9554,740.456,1790277391.915
9555,740.520,1790277392.013
9556,740.588,1790277392.084
9557,740.652,1790277392.163
9558,740.720,1790277392.286
9559,740.784,1790277392.366
9560,740.852,1790277392.447
9561,740.916,1790277392.552
9562,740.984,1790277392.621
9563,741.048,1790277392.701
9564,741.180,1790277392.898
9565,741.248,1790277392.993
9566,741.312,1790277393.123
9567,741.380,1790277393.208
9568,741.444,1790277393.296
9569,741.512,1790277393.433
9570,741.576,1790277393.517
9571,741.644,1790277393.604
9572,741.708,1790277393.724
9573,741.776,1790277393.810
9574,741.840,1790277393.910
9575,741.908,1790277394.028
9576,741.972,1790277394.102
9577,742.040,1790277394.187
9578,742.104,1790277394.314
9579,742.172,1790277394.403
9580,742.236,1790277394.486
9581,742.304,1790277394.599
9582,742.368,1790277394.684
9583,742.436,1790277394.782
9584,742.500,1790277394.849
9585,742.568,1790277394.965
9586,742.632,1790277395.049
9587,742.700,1790277395.113
9588,742.764,1790277395.251
9589,742.832,1790277395.353
9590,742.896,1790277395.413
9591,742.964,1790277395.527
9592,743.028,1790277395.633
9593,743.160,1790277395.826
9594,743.228,1790277395.918
9595,743.292,1790277395.984
9596,743.360,1790277396.102
9597,743.424,1790277396.187
9598,743.492,1790277396.252
9599,743.624,1790277396.469
9600,743.688,1790277396.533
9601,743.756,1790277396.650
9602,743.820,1790277396.744
9603,743.952,1790277396.901
9604,744.020,1790277397.014
9605,744.152,1790277397.175
9606,744.216,1790277397.282
9607,744.284,1790277397.360
9608,744.348,1790277397.444
9609,744.416,1790277397.561
9610,744.480,1790277397.637
9611,744.548,1790277397.719
9612,744.612,1790277397.833
9613,744.680,1790277397.903
9614,744.744,1790277397.975
9615,744.812,1790277398.090
9616,744.876,1790277398.166
9617,744.944,1790277398.241
9618,745.008,1790277398.358
9619,745.076,1790277398.442
9620,745.140,1790277398.529
9621,745.208,1790277398.646
9622,745.272,1790277398.727
9623,745.472,1790277399.012
9624,745.536,1790277399.091
9625,745.604,1790277399.208
9626,745.668,1790277399.287
9627,745.736,1790277399.384
9628,745.800,1790277399.455
9629,745.868,1790277399.569
9630,746.000,1790277399.734
9631,746.064,1790277399.858
9632,746.132,1790277399.955
9633,746.196,1790277400.031
9634,746.264,1790277400.173
9635,746.328,1790277400.258
9636,746.396,1790277400.324
9637,746.460,1790277400.436
9638,746.528,1790277400.527
9639,746.592,1790277400.586
9640,746.724,1790277400.783
9641,746.856,1790277400.963
9642,746.924,1790277401.061
9643,746.988,1790277401.123
9644,747.056,1790277401.240
9645,747.120,1790277401.336
9646,747.188,1790277401.406
9647,747.252,1790277401.479
9648,747.320,1790277401.584
9649,747.384,1790277401.659
9650,747.452,1790277401.737
9651,747.516,1790277401.860
9652,747.584,1790277401.934
9653,747.648,1790277402.015
9654,747.716,1790277402.139
9655,747.780,1790277402.222
9656,747.848,1790277402.311
9657,747.912,1790277402.445
9658,747.980,1790277402.532
9659,748.044,1790277402.622
9660,748.308,1790277403.045
9661,748.376,1790277403.131
9662,748.440,1790277403.214
9663,748.508,1790277403.335
9664,748.640,1790277403.517
9665,748.704,1790277403.639
9666,748.836,1790277403.809
9667,748.904,1790277403.942
9668,749.036,1790277404.129
9669,749.100,1790277404.201
9670,749.168,1790277404.332
9671,749.232,1790277404.418
9672,749.300,1790277404.485
9673,749.364,1790277404.603
9674,749.432,1790277404.694
9675,749.496,1790277404.758
9676,749.628,1790277404.967
9677,749.696,1790277405.033
9678,749.760,1790277405.160
9679,749.828,1790277405.266
9680,749.892,1790277405.328
9681,749.960,1790277405.465
9682,750.024,1790277405.564
9683,750.092,1790277405.636
9684,750.156,1790277405.786
9685,750.224,1790277405.911
9686,750.288,1790277405.982
9687,750.356,1790277406.122
9688,750.420,1790277406.250
9689,750.488,1790277406.319
9690,750.552,1790277406.406
9691,750.620,1790277406.532
9692,750.684,1790277406.595
9693,750.752,1790277406.682
9694,750.884,1790277406.879
9695,750.948,1790277406.955
9696,751.016,1790277407.074
9697,751.080,1790277407.149
9698,751.148,1790277407.233
9699,751.344,1790277407.518
9700,751.412,1790277407.641
9701,751.476,1790277407.721
9702,751.608,1790277407.922
9703,751.676,1790277408.010
9704,751.740,1790277408.099
9705,751.808,1790277408.225
9706,751.872,1790277408.300
9707,751.940,1790277408.385
9708,752.004,1790277408.499
9709,752.072,1790277408.585
9710,752.136,1790277408.678
9711,752.204,1790277408.801
9712,752.336,1790277408.969
9713,752.400,1790277409.031
9714,752.468,1790277409.147
9715,752.532,1790277409.235
9716,752.600,1790277409.306
9717,752.664,1790277409.423
9718,752.732,1790277409.522
9719,752.796,1790277409.585
9720,752.864,1790277409.700
9721,752.928,1790277409.800
9722,752.996,1790277409.862
9723,753.060,1790277409.978
9724,753.192,1790277410.138
9725,753.260,1790277410.249
9726,753.324,1790277410.349
9727,753.392,1790277410.417
9728,753.456,1790277410.537
9729,753.588,1790277410.702
9730,753.720,1790277410.909
9731,753.788,1790277410.974
9732,753.852,1790277411.054
9733,753.920,1790277411.180
9734,753.984,1790277411.260
9735,754.052,1790277411.350
9736,754.116,1790277411.485
9737,754.184,1790277411.566
9738,754.316,1790277411.770
9739,754.380,1790277411.842
9740,754.448,1790277411.914
9741,754.512,1790277412.035
9742,754.580,1790277412.114
9743,754.644,1790277412.200
9744,754.712,1790277412.314
9745,754.776,1790277412.384
9746,754.844,1790277412.473
9747,754.908,1790277412.593
9748,754.976,1790277412.676
9749,755.040,1790277412.751
9750,755.108,1790277412.871
9751,755.172,1790277412.953
9752,755.240,1790277413.045
9753,755.304,1790277413.195
9754,755.372,1790277413.279
9755,755.436,1790277413.371
9756,755.504,1790277413.495
9757,755.568,1790277413.579
9758,755.636,1790277413.657
9759,755.700,1790277413.729
9760,755.768,1790277413.856
9761,755.832,1790277413.952
9762,755.900,1790277414.016
9763,755.964,1790277414.134
9764,756.032,1790277414.231
9765,756.096,1790277414.290
9766,756.164,1790277414.416
9767,756.228,1790277414.514
9768,756.296,1790277414.587
9769,756.360,1790277414.719
9770,756.428,1790277414.820
9771,756.492,1790277414.894
9772,756.560,1790277415.045
9773,756.624,1790277415.148
9774,756.692,1790277415.230
9775,756.756,1790277415.366
9776,756.824,1790277415.460
9777,756.888,1790277415.540
9778,756.956,1790277415.670
9779,757.020,1790277415.768
9780,757.088,1790277415.839
9781,757.220,1790277416.044
9782,757.284,1790277416.108
9783,757.352,1790277416.186
9784,757.416,1790277416.296
9785,757.484,1790277416.359
9786,757.548,1790277416.441
9787,757.616,1790277416.568
9788,757.680,1790277416.640
9789,757.812,1790277416.837
9790,757.880,1790277416.912
9791,757.944,1790277416.990
9792,758.012,1790277417.107
9793,758.076,1790277417.191
9794,758.144,1790277417.274
9795,758.208,1790277417.396
9796,758.276,1790277417.477
9797,758.340,1790277417.561
9798,758.408,1790277417.693
9799,758.472,1790277417.772
9800,758.540,1790277417.856
9801,758.672,1790277418.056
9802,758.736,1790277418.137
9803,758.804,1790277418.264
9804,758.868,1790277418.351
9805,758.936,1790277418.439
9806,759.000,1790277418.512
9807,759.132,1790277418.745
9808,759.200,1790277418.818
9809,759.264,1790277418.947
9810,759.396,1790277419.112
9811,759.464,1790277419.254
9812,759.528,1790277419.355
9813,759.596,1790277419.428
9814,759.660,1790277419.555
9815,759.728,1790277419.646
9816,759.792,1790277419.716
9817,759.860,1790277419.838
9818,759.924,1790277419.941
9819,759.992,1790277420.016
9820,760.056,1790277420.137
9821,760.124,1790277420.236
9822,760.188,1790277420.311
9823,760.256,1790277420.432
9824,760.452,1790277420.693
9825,760.520,1790277420.816
9826,760.584,1790277420.889
9827,760.652,1790277420.977
9828,760.716,1790277421.096
9829,760.784,1790277421.183
9830,760.848,1790277421.263
9831,760.916,1790277421.388
9832,760.980,1790277421.466
9833,761.048,1790277421.553
9834,761.112,1790277421.682
9835,761.180,1790277421.761
9836,761.244,1790277421.841
9837,761.376,1790277422.033
9838,761.576,1790277422.318
9839,761.640,1790277422.404
9840,761.708,1790277422.533
9841,761.772,1790277422.617
9842,761.840,1790277422.704
9843,761.972,1790277422.908
9844,762.036,1790277422.999
9845,762.168,1790277423.192
9846,762.236,1790277423.276
9847,762.300,1790277423.339
9848,762.368,1790277423.457
9849,762.432,1790277423.547
9850,762.500,1790277423.614
9851,762.564,1790277423.738
9852,762.632,1790277423.842
9853,762.696,1790277423.918
9854,762.764,1790277424.069
9855,762.828,1790277424.168
9856,762.896,1790277424.240
9857,762.960,1790277424.378
9858,763.028,1790277424.497
9859,763.092,1790277424.581
9860,763.160,1790277424.711
9861,763.224,1790277424.809
9862,763.292,1790277424.880
9863,763.356,1790277425.002
9864,763.424,1790277425.119
9865,763.488,1790277425.194
9866,763.556,1790277425.324
9867,763.620,1790277425.424
9868,763.688,1790277425.511
9869,763.752,1790277425.611
9870,763.820,1790277425.751
9871,763.952,1790277425.932
9872,764.016,1790277426.078
9873,764.084,1790277426.159
9874,764.216,1790277426.356
9875,764.280,1790277426.419
9876,764.348,1790277426.509
9877,764.412,1790277426.634
9878,764.480,1790277426.710
9879,764.544,1790277426.788
9880,764.612,1790277426.926
9881,764.744,1790277427.085
9882,764.808,1790277427.205
9883,764.876,1790277427.286
9884,764.940,1790277427.363
9885,765.008,1790277427.481
9886,765.072,1790277427.560
9887,765.140,1790277427.655
9888,765.272,1790277427.866
9889,765.336,1790277427.958
9890,765.468,1790277428.180
9891,765.536,1790277428.269
9892,765.600,1790277428.337
9893,765.668,1790277428.454
9894,765.732,1790277428.543
9895,765.800,1790277428.610
9896,765.864,1790277428.727
9897,765.932,1790277428.816
9898,765.996,1790277428.895
9899,766.064,1790277429.039
9900,766.128,1790277429.136
9901,766.196,1790277429.201
9902,766.260,1790277429.324
9903,766.328,1790277429.416
9904,766.392,1790277429.484
9905,766.460,1790277429.608
9906,766.524,1790277429.706
9907,766.592,1790277429.771
9908,766.656,1790277429.896
9909,766.724,1790277430.001
9910,766.788,1790277430.066
9911,766.856,1790277430.190
9912,766.988,1790277430.359
9913,767.052,1790277430.446
9914,767.120,1790277430.567
9915,767.184,1790277430.635
9916,767.316,1790277430.839
9917,767.384,1790277430.914
9918,767.580,1790277431.209
9919,767.648,1790277431.301
9920,767.712,1790277431.421
9921,767.780,1790277431.497
9922,767.844,1790277431.580
9923,767.912,1790277431.705
9924,767.976,1790277431.783
9925,768.176,1790277432.080
9926,768.240,1790277432.167
9927,768.308,1790277432.292
9928,768.372,1790277432.373
9929,768.440,1790277432.462
9930,768.504,1790277432.614
9931,768.572,1790277432.706
9932,768.636,1790277432.804
9933,768.704,1790277432.927
9934,768.768,1790277433.014
9935,768.900,1790277433.174
9936,768.968,1790277433.298
9937,769.032,1790277433.394
9938,769.100,1790277433.462
9939,769.164,1790277433.590
9940,769.364,1790277433.891
9941,769.428,1790277433.980
9942,769.496,1790277434.046
9943,769.560,1790277434.172
9944,769.628,1790277434.264
9945,769.692,1790277434.330
9946,769.760,1790277434.448
9947,769.824,1790277434.541
9948,769.892,1790277434.609
9949,769.956,1790277434.741
9950,770.024,1790277434.833
9951,770.088,1790277434.897
9952,770.156,1790277435.022
9953,770.220,1790277435.132
9954,770.288,1790277435.202
9955,770.352,1790277435.294
9956,770.420,1790277435.414
9957,770.484,1790277435.483
9958,770.616,1790277435.675
9959,770.684,1790277435.753
9960,770.748,1790277435.845
9961,770.816,1790277435.966
9962,770.880,1790277436.041
9963,770.948,1790277436.130
9964,771.012,1790277436.267
9965,771.080,1790277436.354
9966,771.144,1790277436.444
9967,771.212,1790277436.582
9968,771.276,1790277436.668
9969,771.344,1790277436.759
9970,771.408,1790277436.909
9971,771.476,1790277436.995
9972,771.540,1790277437.087
9973,771.608,1790277437.219
9974,771.672,1790277437.295
9975,771.740,1790277437.382
9976,771.804,1790277437.514
9977,771.936,1790277437.690
9978,772.004,1790277437.806
9979,772.068,1790277437.885
9980,772.136,1790277437.968
9981,772.200,1790277438.028
9982,772.268,1790277438.131
9983,772.332,1790277438.217
9984,772.400,1790277438.278
9985,772.464,1790277438.399
9986,772.532,1790277438.486
9987,772.664,1790277438.660
9988,772.728,1790277438.753
9989,772.928,1790277439.032
9990,772.992,1790277439.098
9991,773.124,1790277439.307
9992,773.192,1790277439.370
9993,773.256,1790277439.480
9994,773.324,1790277439.574
9995,773.388,1790277439.634
9996,773.456,1790277439.747
9997,773.588,1790277439.912
9998,773.652,1790277439.989
9999,773.784,1790277440.160
10000,773.852,1790277440.246
10001,773.916,1790277440.386
10002,773.984,1790277440.463
10003,774.048,1790277440.551
10004,774.116,1790277440.684
10005,774.180,1790277440.757
10006,774.312,1790277440.960
10007,774.380,1790277441.035
10008,774.444,1790277441.121
10009,774.512,1790277441.250
10010,774.576,1790277441.336
10011,774.644,1790277441.414
10012,774.708,1790277441.542
10013,774.776,1790277441.622
10014,774.840,1790277441.701
10015,774.908,1790277441.828
10016,774.972,1790277441.906
10017,775.040,1790277441.993
10018,775.104,1790277442.128
10019,775.236,1790277442.306
10020,775.304,1790277442.429
10021,775.368,1790277442.509
10022,775.436,1790277442.593
10023,775.500,1790277442.653
10024,775.632,1790277442.855
10025,775.700,1790277442.918
10026,775.832,1790277443.123
10027,775.896,1790277443.186
10028,775.964,1790277443.304
10029,776.028,1790277443.404
10030,776.096,1790277443.470
10031,776.160,1790277443.576
10032,776.228,1790277443.669
10033,776.292,1790277443.741
10034,776.360,1790277443.868
10035,776.424,1790277443.960
10036,776.492,1790277444.030
10037,776.556,1790277444.141
10038,776.624,1790277444.238
10039,776.688,1790277444.303
10040,776.756,1790277444.432
10041,776.820,1790277444.530
10042,776.888,1790277444.596
10043,776.952,1790277444.674
10044,777.020,1790277444.779
10045,777.084,1790277444.847
10046,777.152,1790277444.924
10047,777.216,1790277445.026
10048,777.284,1790277445.101
10049,777.348,1790277445.179
10050,777.416,1790277445.291
10051,777.480,1790277445.361
10052,777.548,1790277445.446
10053,777.680,1790277445.644
10054,777.744,1790277445.733
10055,777.812,1790277445.850
10056,777.876,1790277445.924
10057,777.944,1790277446.004
10058,778.008,1790277446.120
10059,778.076,1790277446.208
10060,778.140,1790277446.291
10061,778.208,1790277446.421
10062,778.272,1790277446.503
10063,778.404,1790277446.702
10064,778.472,1790277446.785
10065,778.536,1790277446.861
10066,778.604,1790277446.973
10067,778.668,1790277447.053
10068,778.736,1790277447.146
10069,778.800,1790277447.218
10070,778.868,1790277447.344
10071,778.932,1790277447.424
10072,779.000,1790277447.492
10073,779.064,1790277447.607
10074,779.132,1790277447.691
10075,779.196,1790277447.753
10076,779.264,1790277447.869
10077,779.396,1790277448.026
10078,779.460,1790277448.157
10079,779.592,1790277448.300
10080,779.660,1790277448.420
10081,779.724,1790277448.512
10082,779.792,1790277448.576
10083,779.856,1790277448.688
10084,779.924,1790277448.782
10085,779.988,1790277448.842
10086,780.056,1790277448.951
10087,780.120,1790277449.051
10088,780.188,1790277449.115
10089,780.252,1790277449.194
10090,780.320,1790277449.308
10091,780.384,1790277449.367
10092,780.452,1790277449.446
10093,780.516,1790277449.564
10094,780.584,1790277449.632
10095,780.648,1790277449.705
10096,780.716,1790277449.822
10097,780.780,1790277449.892
10098,780.848,1790277449.966
10099,780.912,1790277450.078
10100,780.980,1790277450.161
10101,781.044,1790277450.243
10102,781.112,1790277450.367
10103,781.176,1790277450.442
10104,781.244,1790277450.522
10105,781.308,1790277450.650
10106,781.376,1790277450.724
10107,781.440,1790277450.807
10108,781.572,1790277451.005
10109,781.640,1790277451.091
10110,781.772,1790277451.285
10111,781.836,1790277451.375
10112,781.904,1790277451.486
10113,781.968,1790277451.582
10114,782.100,1790277451.734
10115,782.168,1790277451.845
10116,782.232,1790277451.939
10117,782.300,1790277452.005
10118,782.364,1790277452.111
10119,782.432,1790277452.201
10120,782.496,1790277452.268
10121,782.564,1790277452.402
10122,782.696,1790277452.557
10123,782.760,1790277452.677
10124,782.828,1790277452.771
10125,782.892,1790277452.831
10126,782.960,1790277452.940
10127,783.024,1790277453.028
10128,783.092,1790277453.097
10129,783.156,1790277453.208
10130,783.224,1790277453.301
10131,783.356,1790277453.479
10132,783.420,1790277453.571
10133,783.552,1790277453.713
10134,783.620,1790277453.823
10135,783.684,1790277453.892
10136,783.752,1790277453.964
10137,783.816,1790277454.073
10138,783.884,1790277454.140
10139,784.016,1790277454.342
10140,784.148,1790277454.501
10141,784.212,1790277454.621
10142,784.280,1790277454.705
10143,784.344,1790277454.782
10144,784.412,1790277454.897
10145,784.476,1790277454.969
10146,784.544,1790277455.052
10147,784.608,1790277455.176
10148,784.676,1790277455.254
10149,784.740,1790277455.344
10150,784.808,1790277455.475
10151,784.872,1790277455.551
10152,784.940,1790277455.631
10153,785.004,1790277455.752
10154,785.072,1790277455.832
10155,785.136,1790277455.913
10156,785.204,1790277456.028
10157,785.268,1790277456.111
10158,785.336,1790277456.199
10159,785.400,1790277456.265
10160,785.468,1790277456.372
10161,785.532,1790277456.451
10162,785.600,1790277456.517
10163,785.664,1790277456.639
10164,785.732,1790277456.737
10165,785.796,1790277456.797
10166,785.864,1790277456.916
10167,785.928,1790277457.006
10168,785.996,1790277457.071
10169,786.192,1790277457.346
10170,786.260,1790277457.460
10171,786.324,1790277457.560
10172,786.392,1790277457.629
10173,786.456,1790277457.748
10174,786.524,1790277457.842
10175,786.588,1790277457.917
10176,786.656,1790277458.031
10177,786.720,1790277458.127
10178,786.788,1790277458.195
10179,786.852,1790277458.275
10180,786.984,1790277458.477
10181,787.052,1790277458.562
10182,787.116,1790277458.685
10183,787.184,1790277458.767
10184,787.248,1790277458.850
10185,787.316,1790277458.979
10186,787.380,1790277459.064
10187,787.448,1790277459.154
10188,787.512,1790277459.303
10189,787.580,1790277459.386
10190,787.644,1790277459.469
10191,787.712,1790277459.605
10192,787.776,1790277459.688
10193,787.844,1790277459.779
10194,787.976,1790277460.012
10195,788.172,1790277460.323
10196,788.240,1790277460.412
10197,788.304,1790277460.550
10198,788.436,1790277460.727
10199,788.504,1790277460.841
10200,788.568,1790277460.929
10201,788.636,1790277461.016
10202,788.700,1790277461.081
10203,788.768,1790277461.190
10204,788.832,1790277461.283
10205,788.964,1790277461.457
10206,789.032,1790277461.549
10207,789.164,1790277461.726
10208,789.228,1790277461.824
10209,789.296,1790277461.891
10210,789.360,1790277462.007
10211,789.428,1790277462.108
10212,789.560,1790277462.293
10213,789.624,1790277462.393
10214,789.692,1790277462.457
10215,789.756,1790277462.573
10216,789.824,1790277462.679
10217,789.888,1790277462.742
10218,789.956,1790277462.857
10219,790.088,1790277463.037
10220,790.152,1790277463.118
10221,790.220,1790277463.231
10222,790.284,1790277463.303
10223,790.352,1790277463.383
10224,790.416,1790277463.494
10225,790.484,1790277463.571
10226,790.548,1790277463.649
10227,790.616,1790277463.764
10228,790.680,1790277463.831
10229,790.748,1790277463.912
10230,790.812,1790277464.040
10231,790.880,1790277464.113
10232,790.944,1790277464.185
10233,791.012,1790277464.311
10234,791.076,1790277464.383
10235,791.144,1790277464.458
10236,791.208,1790277464.575
10237,791.276,1790277464.657
10238,791.408,1790277464.859
10239,791.472,1790277464.942
10240,791.540,1790277465.031
10241,791.604,1790277465.147
10242,791.672,1790277465.227
10243,791.736,1790277465.320
10244,791.868,1790277465.528
10245,792.000,1790277465.681
10246,792.068,1790277465.801
10247,792.132,1790277465.883
10248,792.200,1790277465.954
10249,792.264,1790277466.069
10250,792.332,1790277466.158
10251,792.396,1790277466.219
10252,792.464,1790277466.342
10253,792.528,1790277466.427
10254,792.596,1790277466.493
10255,792.860,1790277466.885
10256,792.992,1790277467.044
10257,793.056,1790277467.142
10258,793.124,1790277467.259
10259,793.188,1790277467.325
10260,793.256,1790277467.431
10261,793.320,1790277467.524
10262,793.388,1790277467.598
10263,793.452,1790277467.674
10264,793.520,1790277467.780
10265,793.652,1790277467.924
10266,793.716,1790277468.047
10267,793.784,1790277468.120
10268,793.848,1790277468.199
10269,793.916,1790277468.318
10270,793.980,1790277468.395
10271,794.048,1790277468.491
10272,794.112,1790277468.631
10273,794.244,1790277468.808
10274,794.312,1790277468.935
10275,794.376,1790277469.013
10276,794.444,1790277469.119
10277,794.708,1790277469.571
10278,794.772,1790277469.649
10279,794.840,1790277469.741
10280,794.904,1790277469.853
10281,794.972,1790277469.932
10282,795.104,1790277470.174
10283,795.168,1790277470.256
10284,795.236,1790277470.355
10285,795.300,1790277470.417
10286,795.368,1790277470.532
10287,795.432,1790277470.614
10288,795.500,1790277470.682
10289,795.564,1790277470.790
10290,795.632,1790277470.876
10291,795.696,1790277470.937
10292,795.764,1790277471.053
10293,795.828,1790277471.154
10294,795.896,1790277471.233
10295,795.960,1790277471.342
10296,796.028,1790277471.432
10297,796.092,1790277471.496
10298,796.160,1790277471.603
10299,796.224,1790277471.706
10300,796.292,1790277471.790
10301,796.424,1790277472.003
10302,796.488,1790277472.063
10303,796.556,1790277472.187
10304,796.620,1790277472.279
10305,796.688,1790277472.344
10306,796.752,1790277472.425
10307,796.820,1790277472.543
10308,796.884,1790277472.615
10309,796.952,1790277472.699
10310,797.016,1790277472.815
10311,797.084,1790277472.889
10312,797.148,1790277472.966
10313,797.216,1790277473.086
10314,797.280,1790277473.152
10315,797.412,1790277473.365
10316,797.480,1790277473.442
10317,797.544,1790277473.523
10318,797.612,1790277473.643
10319,797.676,1790277473.722
10320,797.744,1790277473.800
10321,797.808,1790277473.916
10322,797.876,1790277473.992
10323,797.940,1790277474.071
10324,798.008,1790277474.200
10325,798.072,1790277474.282
10326,798.140,1790277474.369
10327,798.204,1790277474.509
10328,798.272,1790277474.592
10329,798.336,1790277474.676
10330,798.404,1790277474.799
10331,798.468,1790277474.884
10332,798.536,1790277474.981
10333,798.600,1790277475.050
10334,798.668,1790277475.176
10335,798.732,1790277475.269
10336,798.800,1790277475.335
10337,798.864,1790277475.448
10338,798.996,1790277475.609
10339,799.064,1790277475.737
10340,799.128,1790277475.823
10341,799.196,1790277475.888
10342,799.260,1790277476.004
10343,799.328,1790277476.104
10344,799.392,1790277476.170
10345,799.460,1790277476.296
10346,799.524,1790277476.400
10347,799.592,1790277476.469
10348,799.656,1790277476.587
10349,799.724,1790277476.686
10350,799.788,1790277476.760
10351,799.856,1790277476.881
10352,799.920,1790277476.979
10353,799.988,1790277477.045
10354,800.052,1790277477.132
10355,800.120,1790277477.239
10356,800.184,1790277477.313
10357,800.252,1790277477.403
10358,800.384,1790277477.588
10359,800.448,1790277477.666
10360,800.516,1790277477.793
10361,800.580,1790277477.859
10362,800.648,1790277477.938
10363,800.712,1790277478.058
10364,800.780,1790277478.134
10365,800.844,1790277478.220
10366,800.912,1790277478.362
10367,800.976,1790277478.443
10368,801.044,1790277478.527
10369,801.108,1790277478.649
10370,801.176,1790277478.729
10371,801.240,1790277478.814
10372,801.308,1790277478.953
10373,801.440,1790277479.116
10374,801.504,1790277479.234
10375,801.572,1790277479.322
10376,801.636,1790277479.403
10377,801.704,1790277479.522
10378,801.768,1790277479.603
10379,801.836,1790277479.687
10380,801.900,1790277479.750
10381,801.968,1790277479.863
10382,802.032,1790277479.953
10383,802.100,1790277480.017
10384,802.164,1790277480.136
10385,802.232,1790277480.226
10386,802.296,1790277480.289
10387,802.364,1790277480.411
10388,802.428,1790277480.513
10389,802.496,1790277480.578
10390,802.560,1790277480.698
10391,802.628,1790277480.795
10392,802.692,1790277480.858
10393,802.760,1790277480.990
10394,802.892,1790277481.155
10395,803.024,1790277481.385
10396,803.156,1790277481.572
10397,803.220,1790277481.678
10398,803.288,1790277481.747
10399,803.352,1790277481.823
10400,803.420,1790277481.929
10401,803.484,1790277481.997
10402,803.552,1790277482.078
10403,803.616,1790277482.200
10404,803.684,1790277482.273
10405,803.748,1790277482.353
10406,803.816,1790277482.471
10407,803.880,1790277482.540
10408,803.948,1790277482.621
10409,804.012,1790277482.763
10410,804.144,1790277482.927
10411,804.212,1790277483.056
10412,804.276,1790277483.133
10413,804.344,1790277483.234
10414,804.408,1790277483.363
10415,804.540,1790277483.535
10416,804.608,1790277483.672
10417,804.672,1790277483.758
10418,804.740,1790277483.853
10419,804.804,1790277483.982
10420,804.872,1790277484.077
10421,804.936,1790277484.168
10422,805.004,1790277484.317
10423,805.136,1790277484.516
10424,805.200,1790277484.603
10425,805.332,1790277484.857
10426,805.400,1790277484.930
10427,805.464,1790277485.077
10428,805.532,1790277485.185
10429,805.664,1790277485.396
10430,805.728,1790277485.496
10431,805.860,1790277485.681
10432,805.928,1790277485.788
10433,805.992,1790277485.852
10434,806.060,1790277485.979
10435,806.192,1790277486.148
10436,806.256,1790277486.274
10437,806.388,1790277486.446
10438,806.456,1790277486.574
10439,806.588,1790277486.741
10440,806.652,1790277486.826
10441,806.720,1790277486.949
10442,806.784,1790277487.012
10443,806.852,1790277487.103
10444,806.916,1790277487.236
10445,806.984,1790277487.311
10446,807.048,1790277487.400
10447,807.116,1790277487.534
10448,807.180,1790277487.604
10449,807.248,1790277487.692
10450,807.312,1790277487.865
10451,807.380,1790277487.946
10452,807.576,1790277488.241
10453,807.644,1790277488.338
10454,807.708,1790277488.477
10455,807.776,1790277488.556
10456,807.840,1790277488.647
10457,807.908,1790277488.795
10458,807.972,1790277488.876
10459,808.040,1790277488.975
10460,808.172,1790277489.180
10461,808.236,1790277489.274
10462,808.304,1790277489.408
10463,808.368,1790277489.492
10464,808.436,1790277489.584
10465,808.500,1790277489.648
10466,808.568,1790277489.781
10467,808.700,1790277489.942
10468,808.764,1790277490.063
10469,808.832,1790277490.163
10470,808.964,1790277490.378
10471,809.028,1790277490.470
10472,809.096,1790277490.542
10473,809.160,1790277490.671
10474,809.228,1790277490.780
10475,809.292,1790277490.856
10476,809.360,1790277490.982
10477,809.424,1790277491.083
10478,809.556,1790277491.299
10479,809.624,1790277491.406
10480,809.688,1790277491.483
10481,809.756,1790277491.627
10482,809.820,1790277491.731
10483,809.888,1790277491.814
10484,809.952,1790277491.925
10485,810.020,1790277492.049
10486,810.084,1790277492.133
10487,810.152,1790277492.212
10488,810.216,1790277492.340
10489,810.284,1790277492.423
10490,810.348,1790277492.516
10491,810.416,1790277492.649
10492,810.480,1790277492.728
10493,810.548,1790277492.817
10494,810.612,1790277492.962
10495,810.680,1790277493.041
10496,810.744,1790277493.137
10497,810.812,1790277493.269
10498,810.876,1790277493.346
10499,810.944,1790277493.425
10500,811.008,1790277493.551
10501,811.076,1790277493.624
10502,811.140,1790277493.713
10503,811.208,1790277493.843
10504,811.272,1790277493.936
10505,811.404,1790277494.142
10506,811.536,1790277494.325
10507,811.668,1790277494.539
10508,811.736,1790277494.630
10509,811.800,1790277494.693
10510,811.868,1790277494.812
10511,811.932,1790277494.901
10512,812.000,1790277494.967
10513,812.064,1790277495.083
10514,812.132,1790277495.173
10515,812.196,1790277495.234
10516,812.264,1790277495.353
10517,812.328,1790277495.449
10518,812.460,1790277495.651
10519,812.528,1790277495.756
10520,812.660,1790277496.004
10521,812.724,1790277496.101
10522,812.792,1790277496.167
10523,812.856,1790277496.288
10524,812.924,1790277496.389
10525,812.988,1790277496.457
10526,813.056,1790277496.560
10527,813.120,1790277496.660
10528,813.188,1790277496.733
10529,813.252,1790277496.816
10530,813.320,1790277496.931
10531,813.452,1790277497.077
10532,813.716,1790277497.469
10533,813.780,1790277497.546
10534,813.848,1790277497.638
10535,813.912,1790277497.755
10536,813.980,1790277497.842
10537,814.044,1790277497.936
10538,814.112,1790277498.065
10539,814.244,1790277498.225
10540,814.308,1790277498.363
10541,814.440,1790277498.546
10542,814.508,1790277498.661
10543,814.572,1790277498.744
10544,814.640,1790277498.824
10545,814.704,1790277498.940
10546,814.772,1790277499.020
10547,814.836,1790277499.115
10548,814.904,1790277499.241
10549,814.968,1790277499.323
10550,815.036,1790277499.416
10551,815.100,1790277499.477
10552,815.232,1790277499.669
10553,815.300,1790277499.734
10554,815.364,1790277499.845
10555,815.432,1790277499.934
10556,815.496,1790277499.998
10557,815.564,1790277500.118
10558,815.760,1790277500.389
10559,815.828,1790277500.480
10560,815.892,1790277500.549
10561,815.960,1790277500.672
10562,816.156,1790277500.978
10563,816.224,1790277501.081
10564,816.288,1790277501.151
10565,816.356,1790277501.276
10566,816.420,1790277501.371
10567,816.488,1790277501.443
10568,816.552,1790277501.531
10569,816.620,1790277501.660
10570,816.684,1790277501.730
10571,816.752,1790277501.813
10572,816.816,1790277501.938
10573,816.884,1790277502.017
10574,816.948,1790277502.094
10575,817.016,1790277502.220
10576,817.080,1790277502.292
10577,817.148,1790277502.375
10578,817.212,1790277502.499
10579,817.412,1790277502.790
10580,817.476,1790277502.862
10581,817.544,1790277502.947
10582,817.608,1790277503.065
10583,817.676,1790277503.144
10584,817.740,1790277503.230
10585,817.940,1790277503.518
10586,818.004,1790277503.642
10587,818.072,1790277503.725
10588,818.136,1790277503.813
10589,818.204,1790277503.933
10590,818.268,1790277504.021
10591,818.336,1790277504.102
10592,818.400,1790277504.163
10593,818.468,1790277504.284
10594,818.532,1790277504.375
10595,818.600,1790277504.440
10596,818.664,1790277504.551
10597,818.732,1790277504.641
10598,818.796,1790277504.699
10599,818.864,1790277504.816
10600,818.928,1790277504.912
10601,818.996,1790277504.976
10602,819.060,1790277505.092
10603,819.128,1790277505.187
10604,819.192,1790277505.248
10605,819.324,1790277505.465
10606,819.392,1790277505.537
10607,819.456,1790277505.651
10608,819.524,1790277505.751
10609,819.588,1790277505.819
10610,819.720,1790277506.044
10611,819.788,1790277506.113
10612,819.852,1790277506.196
10613,819.920,1790277506.322
10614,819.984,1790277506.392
10615,820.052,1790277506.478
10616,820.116,1790277506.594
10617,820.184,1790277506.667
10618,820.248,1790277506.746
10619,820.316,1790277506.862
10620,820.380,1790277506.936
10621,820.448,1790277507.017
10622,820.512,1790277507.137
10623,820.580,1790277507.209
10624,820.644,1790277507.295
10625,820.844,1790277507.583
10626,820.908,1790277507.706
10627,820.976,1790277507.789
10628,821.040,1790277507.868
10629,821.108,1790277507.988
10630,821.172,1790277508.075
10631,821.240,1790277508.159
10632,821.304,1790277508.276
10633,821.372,1790277508.375
10634,821.436,1790277508.456
10635,821.504,1790277508.571
10636,821.568,1790277508.656
10637,821.636,1790277508.740
10638,821.700,1790277508.810
10639,821.768,1790277508.935
10640,821.832,1790277509.033
10641,821.964,1790277509.222
10642,822.032,1790277509.320
10643,822.096,1790277509.398
10644,822.164,1790277509.532
10645,822.228,1790277509.634
10646,822.296,1790277509.710
10647,822.428,1790277509.946
10648,822.492,1790277510.015
10649,822.560,1790277510.144
10650,822.624,1790277510.247
10651,822.692,1790277510.319
10652,822.756,1790277510.457
10653,822.824,1790277510.563
10654,822.888,1790277510.641
10655,822.956,1790277510.783
10656,823.088,1790277510.968
10657,823.152,1790277511.060
10658,823.220,1790277511.184
10659,823.284,1790277511.254
10660,823.352,1790277511.344
10661,823.416,1790277511.459
10662,823.484,1790277511.528
10663,823.548,1790277511.610
10664,823.680,1790277511.804
10665,823.748,1790277511.889
10666,823.812,1790277512.014
10667,823.880,1790277512.094
10668,823.944,1790277512.173
10669,824.012,1790277512.297
10670,824.076,1790277512.377
10671,824.144,1790277512.461
10672,824.208,1790277512.589
10673,824.276,1790277512.669
10674,824.340,1790277512.754
10675,824.472,1790277512.960
10676,824.540,1790277513.040
10677,824.604,1790277513.161
10678,824.736,1790277513.333
10679,824.804,1790277513.454
10680,824.868,1790277513.549
10681,824.936,1790277513.643
10682,825.000,1790277513.706
10683,825.068,1790277513.826
10684,825.132,1790277513.912
10685,825.200,1790277513.975
10686,825.332,1790277514.190
10687,825.396,1790277514.256
10688,825.464,1790277514.373
10689,825.528,1790277514.465
10690,825.596,1790277514.535
10691,825.660,1790277514.656
10692,825.792,1790277514.812
10693,825.860,1790277514.931
10694,825.924,1790277515.032
10695,825.992,1790277515.101
10696,826.056,1790277515.213
10697,826.124,1790277515.314
10698,826.188,1790277515.383
10699,826.256,1790277515.496
10700,826.320,1790277515.599
10701,826.388,1790277515.681
10702,826.452,1790277515.769
10703,826.520,1790277515.892
10704,826.584,1790277515.956
10705,826.784,1790277516.233
10706,826.916,1790277516.441
10707,826.980,1790277516.509
10708,827.048,1790277516.597
10709,827.112,1790277516.720
10710,827.180,1790277516.804
10711,827.244,1790277516.889
10712,827.312,1790277517.010
10713,827.376,1790277517.090
10714,827.508,1790277517.283
10715,827.576,1790277517.359
10716,827.640,1790277517.441
10717,827.708,1790277517.573
10718,827.772,1790277517.664
10719,827.840,1790277517.748
10720,827.904,1790277517.871
10721,827.972,1790277517.948
10722,828.036,1790277518.035
10723,828.104,1790277518.152
10724,828.168,1790277518.234
10725,828.236,1790277518.320
10726,828.300,1790277518.381
10727,828.368,1790277518.498
10728,828.432,1790277518.584
10729,828.500,1790277518.656
10730,828.564,1790277518.777
10731,828.632,1790277518.869
10732,828.696,1790277518.930
10733,828.828,1790277519.126
10734,828.896,1790277519.191
10735,828.960,1790277519.306
10736,829.092,1790277519.457
10737,829.224,1790277519.667
10738,829.292,1790277519.739
10739,829.356,1790277519.854
10740,829.424,1790277519.959
10741,829.488,1790277520.031
10742,829.556,1790277520.145
10743,829.688,1790277520.310
10744,829.752,1790277520.406
10745,829.820,1790277520.533
10746,829.884,1790277520.604
10747,829.952,1790277520.693
10748,830.016,1790277520.808
10749,830.084,1790277520.878
10750,830.216,1790277521.088
10751,830.280,1790277521.169
10752,830.348,1790277521.248
10753,830.412,1790277521.367
10754,830.544,1790277521.514
10755,830.612,1790277521.647
10756,830.676,1790277521.724
10757,830.744,1790277521.810
10758,830.808,1790277521.935
10759,830.876,1790277522.013
10760,831.008,1790277522.222
10761,831.072,1790277522.304
10762,831.140,1790277522.388
10763,831.204,1790277522.505
10764,831.272,1790277522.589
10765,831.336,1790277522.671
10766,831.404,1790277522.780
10767,831.468,1790277522.870
10768,831.536,1790277522.961
10769,831.600,1790277523.027
10770,831.668,1790277523.135
10771,831.732,1790277523.216
10772,831.800,1790277523.280
10773,831.864,1790277523.394
10774,831.932,1790277523.488
10775,831.996,1790277523.548
10776,832.064,1790277523.673
10777,832.128,1790277523.775
10778,832.196,1790277523.842
10779,832.260,1790277523.971
10780,832.328,1790277524.068
10781,832.392,1790277524.127
10782,832.460,1790277524.254
10783,832.524,1790277524.349
10784,832.592,1790277524.415
10785,832.656,1790277524.542
10786,832.724,1790277524.640
10787,832.788,1790277524.710
10788,832.856,1790277524.828
10789,832.920,1790277524.940
10790,832.988,1790277525.006
10791,833.052,1790277525.098
10792,833.120,1790277525.218
10793,833.184,1790277525.283
10794,833.252,1790277525.370
10795,833.384,1790277525.554
10796,833.448,1790277525.632
10797,833.580,1790277525.823
10798,833.648,1790277525.911
10799,833.712,1790277526.025
10800,833.780,1790277526.099
10801,833.912,1790277526.312
10802,833.976,1790277526.385
10803,834.044,1790277526.464
10804,834.108,1790277526.590
10805,834.176,1790277526.672
10806,834.240,1790277526.755
10807,834.308,1790277526.879
10808,834.372,1790277526.959
10809,834.440,1790277527.051
10810,834.504,1790277527.177
10811,834.572,1790277527.260
10812,834.704,1790277527.467
10813,834.768,1790277527.552
10814,834.836,1790277527.641
10815,834.900,1790277527.705
10816,834.968,1790277527.822
10817,835.032,1790277527.908
10818,835.100,1790277527.980
10819,835.164,1790277528.089
10820,835.232,1790277528.175
10821,835.296,1790277528.234
10822,835.364,1790277528.357
10823,835.428,1790277528.455
10824,835.496,1790277528.520
10825,835.560,1790277528.646
10826,835.628,1790277528.734
10827,835.692,1790277528.796
10828,835.760,1790277528.915
10829,835.824,1790277529.016
10830,835.956,1790277529.214
10831,836.024,1790277529.309
10832,836.088,1790277529.369
10833,836.156,1790277529.488
10834,836.220,1790277529.584
10835,836.288,1790277529.648
10836,836.352,1790277529.735
10837,836.420,1790277529.843
10838,836.484,1790277529.920
10839,836.552,1790277530.004
10840,836.616,1790277530.125
10841,836.684,1790277530.189
10842,836.748,1790277530.272
10843,836.816,1790277530.399
10844,836.880,1790277530.472
10845,837.012,1790277530.680
10846,837.080,1790277530.759
10847,837.144,1790277530.835
10848,837.212,1790277530.950
10849,837.276,1790277531.021
10850,837.344,1790277531.111
10851,837.408,1790277531.235
10852,837.476,1790277531.320
10853,837.540,1790277531.399
10854,837.608,1790277531.521
10855,837.672,1790277531.597
10856,837.740,1790277531.696
10857,837.804,1790277531.820
10858,837.872,1790277531.909
10859,837.936,1790277531.990
10860,838.068,1790277532.190
10861,838.136,1790277532.278
10862,838.200,1790277532.347
10863,838.332,1790277532.542
10864,838.400,1790277532.605
10865,838.464,1790277532.725
10866,838.532,1790277532.828
10867,838.596,1790277532.891
10868,838.664,1790277533.014
10869,838.728,1790277533.102
10870,838.796,1790277533.169
10871,838.860,1790277533.289
10872,838.928,1790277533.377
10873,838.992,1790277533.441
10874,839.060,1790277533.569
10875,839.124,1790277533.674
10876,839.192,1790277533.746
10877,839.256,1790277533.884
10878,839.388,1790277534.057
10879,839.456,1790277534.193
10880,839.520,1790277534.295
10881,839.588,1790277534.374
10882,839.652,1790277534.471
10883,839.720,1790277534.602
10884,839.784,1790277534.686
10885,839.852,1790277534.777
10886,839.916,1790277534.912
10887,839.984,1790277534.997
10888,840.116,1790277535.235
10889,840.180,1790277535.312
10890,840.248,1790277535.402
10891,840.312,1790277535.537
10892,840.380,1790277535.626
10893,840.444,1790277535.725
10894,840.512,1790277535.864
10895,840.576,1790277535.948
10896,840.644,1790277536.039
10897,840.776,1790277536.258
10898,840.840,1790277536.340
10899,840.972,1790277536.540
10900,841.040,1790277536.624
10901,841.104,1790277536.747
10902,841.172,1790277536.832
10903,841.236,1790277536.921
10904,841.304,1790277537.046
10905,841.436,1790277537.217
10906,841.500,1790277537.301
10907,841.764,1790277537.715
10908,841.896,1790277537.864
10909,842.028,1790277538.066
10910,842.096,1790277538.130
10911,842.228,1790277538.357
10912,842.292,1790277538.420
10913,842.360,1790277538.534
10914,842.424,1790277538.630
10915,842.492,1790277538.695
10916,842.556,1790277538.817
10917,842.624,1790277538.909
10918,842.688,1790277538.970
10919,842.756,1790277539.080
10920,842.820,1790277539.182
10921,842.888,1790277539.249
10922,842.952,1790277539.325
10923,843.020,1790277539.451
10924,843.084,1790277539.521
10925,843.152,1790277539.605
10926,843.216,1790277539.725
10927,843.284,1790277539.794
10928,843.416,1790277539.999
10929,843.480,1790277540.070
10930,843.548,1790277540.152
10931,843.612,1790277540.276
10932,843.680,1790277540.357
10933,843.744,1790277540.450
10934,843.812,1790277540.570
10935,843.876,1790277540.657
10936,843.944,1790277540.742
10937,844.008,1790277540.863
10938,844.076,1790277540.940
10939,844.140,1790277541.025
10940,844.208,1790277541.145
10941,844.272,1790277541.224
10942,844.340,1790277541.307
10943,844.404,1790277541.426
10944,844.472,1790277541.515
10945,844.536,1790277541.601
10946,844.604,1790277541.728
10947,844.668,1790277541.814
10948,844.736,1790277541.905
10949,844.800,1790277541.968
10950,844.868,1790277542.092
10951,845.000,1790277542.246
10952,845.064,1790277542.354
10953,845.132,1790277542.456
10954,845.196,1790277542.519
10955,845.264,1790277542.634
10956,845.328,1790277542.723
10957,845.396,1790277542.791
10958,845.460,1790277542.904
10959,845.528,1790277542.996
10960,845.592,1790277543.063
10961,845.660,1790277543.181
10962,845.724,1790277543.279
10963,845.792,1790277543.349
10964,845.856,1790277543.482
10965,845.924,1790277543.583
10966,845.988,1790277543.646
10967,846.056,1790277543.770
10968,846.120,1790277543.874
10969,846.188,1790277543.947
10970,846.252,1790277544.029
10971,846.320,1790277544.143
10972,846.384,1790277544.223
10973,846.452,1790277544.309
10974,846.584,1790277544.497
10975,846.648,1790277544.577
10976,846.716,1790277544.704
10977,846.780,1790277544.774
10978,846.848,1790277544.860
10979,846.912,1790277544.980
10980,846.980,1790277545.054
10981,847.044,1790277545.145
10982,847.112,1790277545.262
10983,847.176,1790277545.341
10984,847.244,1790277545.427
10985,847.308,1790277545.547
10986,847.376,1790277545.624
10987,847.440,1790277545.706
10988,847.508,1790277545.834
10989,847.572,1790277545.913
10990,847.640,1790277545.999
10991,847.772,1790277546.202
10992,847.836,1790277546.282
10993,847.904,1790277546.396
10994,847.968,1790277546.482
10995,848.036,1790277546.580
10996,848.100,1790277546.649
10997,848.168,1790277546.768
10998,848.232,1790277546.860
10999,848.300,1790277546.926
11000,848.432,1790277547.133
11001,848.496,1790277547.193
11002,848.564,1790277547.324
11003,848.628,1790277547.413
11004,848.696,1790277547.479
11005,848.760,1790277547.604
11006,848.892,1790277547.761
11007,848.960,1790277547.875
11008,849.024,1790277547.967
11009,849.092,1790277548.034
11010,849.156,1790277548.151
11011,849.224,1790277548.247
11012,849.288,1790277548.319
11013,849.356,1790277548.443
11014,849.420,1790277548.544
11015,849.488,1790277548.618
11016,849.552,1790277548.701
11017,849.620,1790277548.833
11018,849.884,1790277549.177
11019,849.948,1790277549.255
11020,850.016,1790277549.373
11021,850.080,1790277549.446
11022,850.212,1790277549.655
11023,850.280,1790277549.731
11024,850.344,1790277549.808
11025,850.412,1790277549.930
11026,850.476,1790277550.002
11027,850.544,1790277550.085
11028,850.676,1790277550.290
11029,850.740,1790277550.375
11030,850.808,1790277550.496
11031,850.872,1790277550.576
11032,850.940,1790277550.659
11033,851.004,1790277550.782
11034,851.072,1790277550.863
11035,851.136,1790277550.960
11036,851.204,1790277551.077
11037,851.268,1790277551.161
11038,851.336,1790277551.243
11039,851.400,1790277551.301
11040,851.468,1790277551.418
11041,851.532,1790277551.503
11042,851.600,1790277551.571
11043,851.664,1790277551.684
11044,851.732,1790277551.785
11045,851.864,1790277551.973
11046,851.928,1790277552.065
11047,851.996,1790277552.130
11048,852.060,1790277552.257
11049,852.192,1790277552.411
11050,852.260,1790277552.530
11051,852.392,1790277552.697
11052,852.524,1790277552.914
11053,852.588,1790277552.991
11054,852.656,1790277553.108
11055,852.720,1790277553.212
11056,852.788,1790277553.286
11057,852.984,1790277553.554
11058,853.052,1790277553.629
11059,853.116,1790277553.737
11060,853.184,1790277553.805
11061,853.248,1790277553.890
11062,853.316,1790277554.008
11063,853.380,1790277554.081
11064,853.448,1790277554.164
11065,853.512,1790277554.278
11066,853.580,1790277554.347
11067,853.644,1790277554.428
11068,853.712,1790277554.547
11069,853.776,1790277554.632
11070,853.844,1790277554.707
11071,853.908,1790277554.832
11072,853.976,1790277554.911
11073,854.040,1790277554.994
11074,854.108,1790277555.112
11075,854.240,1790277555.281
11076,854.304,1790277555.399
11077,854.372,1790277555.483
11078,854.436,1790277555.571
11079,854.504,1790277555.687
11080,854.568,1790277555.771
11081,854.636,1790277555.860
11082,854.700,1790277555.922
11083,854.768,1790277556.041
11084,854.832,1790277556.127
11085,854.900,1790277556.193
11086,854.964,1790277556.301
11087,855.032,1790277556.398
11088,855.096,1790277556.468
11089,855.164,1790277556.584
11090,855.228,1790277556.683
11091,855.296,1790277556.752
11092,855.360,1790277556.886
11093,855.428,1790277556.987
11094,855.560,1790277557.182
11095,855.756,1790277557.457
11096,855.824,1790277557.553
11097,855.888,1790277557.617
11098,855.956,1790277557.730
11099,856.020,1790277557.826
11100,856.088,1790277557.906
11101,856.220,1790277558.131
11102,856.284,1790277558.196
11103,856.352,1790277558.278
11104,856.416,1790277558.392
11105,856.484,1790277558.463
11106,856.548,1790277558.554
11107,856.616,1790277558.675
11108,856.680,1790277558.751
11109,856.748,1790277558.836
11110,856.812,1790277558.968
11111,856.880,1790277559.051
11112,856.944,1790277559.141
11113,857.012,1790277559.272
11114,857.076,1790277559.349
11115,857.144,1790277559.447
11116,857.276,1790277559.669
11117,857.340,1790277559.750
11118,857.408,1790277559.881
11119,857.472,1790277559.975
11120,857.540,1790277560.077
11121,857.604,1790277560.210
11122,857.672,1790277560.306
11123,857.736,1790277560.399
11124,857.804,1790277560.543
11125,857.868,1790277560.640
11126,858.000,1790277560.819
11127,858.068,1790277560.945
11128,858.132,1790277561.050
11129,858.200,1790277561.113
11130,858.264,1790277561.227
11131,858.332,1790277561.318
11132,858.464,1790277561.493
11133,858.528,1790277561.584
11134,858.596,1790277561.653
11135,858.660,1790277561.772
11136,858.728,1790277561.872
11137,858.792,1790277561.939
11138,858.860,1790277562.063
11139,858.924,1790277562.161
11140,858.992,1790277562.242
11141,859.056,1790277562.363
11142,859.124,1790277562.457
11143,859.188,1790277562.520
11144,859.256,1790277562.634
11145,859.320,1790277562.733
11146,859.388,1790277562.799
11147,859.452,1790277562.877
11148,859.520,1790277562.997
11149,859.584,1790277563.071
11150,859.652,1790277563.155
11151,859.716,1790277563.266
11152,859.784,1790277563.336
11153,859.848,1790277563.413
11154,859.916,1790277563.538
11155,859.980,1790277563.615
11156,860.048,1790277563.700
11157,860.112,1790277563.829
11158,860.180,1790277563.902
11159,860.244,1790277563.983
11160,860.376,1790277564.175
11161,860.444,1790277564.257
11162,860.508,1790277564.374
11163,860.576,1790277564.449
11164,860.640,1790277564.533
11165,860.708,1790277564.653
11166,860.772,1790277564.734
11167,860.904,1790277564.939
11168,861.036,1790277565.107
11169,861.104,1790277565.227
11170,861.168,1790277565.312
11171,861.236,1790277565.395
11172,861.432,1790277565.679
11173,861.500,1790277565.744
11174,861.564,1790277565.852
11175,861.632,1790277565.935
11176,861.696,1790277566.001
11177,861.764,1790277566.123
11178,861.828,1790277566.226
11179,861.896,1790277566.292
11180,861.960,1790277566.405
11181,862.028,1790277566.502
11182,862.092,1790277566.567
11183,862.160,1790277566.677
11184,862.224,1790277566.775
11185,862.356,1790277566.956
11186,862.424,1790277567.052
11187,862.488,1790277567.118
11188,862.556,1790277567.237
11189,862.620,1790277567.335
11190,862.688,1790277567.408
11191,862.752,1790277567.494
11192,862.820,1790277567.615
11193,862.884,1790277567.680
11194,862.952,1790277567.774
11195,863.016,1790277567.888
11196,863.084,1790277567.971
11197,863.148,1790277568.053
11198,863.216,1790277568.170
11199,863.280,1790277568.250
11200,863.348,1790277568.328
11201,863.412,1790277568.444
11202,863.480,1790277568.519
11203,863.612,1790277568.720
11204,863.676,1790277568.797
11205,863.744,1790277568.880
11206,863.876,1790277569.078
11207,863.940,1790277569.162
11208,864.008,1790277569.287
11209,864.072,1790277569.364
11210,864.140,1790277569.449
11211,864.272,1790277569.658
11212,864.336,1790277569.738
11213,864.404,1790277569.853
11214,864.468,1790277569.938
11215,864.536,1790277570.026
11216,864.600,1790277570.085
11217,864.668,1790277570.195
11218,864.732,1790277570.286
11219,864.864,1790277570.456
11220,864.932,1790277570.548
11221,864.996,1790277570.615
11222,865.064,1790277570.735
11223,865.196,1790277570.890
11224,865.260,1790277571.006
11225,865.328,1790277571.105
11226,865.392,1790277571.165
11227,865.460,1790277571.284
11228,865.524,1790277571.376
11229,865.592,1790277571.444
11230,865.656,1790277571.557
11231,865.724,1790277571.655
11232,865.856,1790277571.838
11233,865.920,1790277571.936
11234,865.988,1790277572.003
11235,866.052,1790277572.085
11236,866.120,1790277572.198
11237,866.184,1790277572.266
11238,866.252,1790277572.341
11239,866.384,1790277572.524
11240,866.580,1790277572.797
11241,866.648,1790277572.876
11242,866.712,1790277573.000
11243,866.780,1790277573.074
11244,866.844,1790277573.149
11245,866.912,1790277573.274
11246,866.976,1790277573.345
11247,867.108,1790277573.540
11248,867.176,1790277573.616
11249,867.240,1790277573.698
11250,867.308,1790277573.823
11251,867.372,1790277573.908
11252,867.504,1790277574.108
11253,867.572,1790277574.199
11254,867.636,1790277574.282
11255,867.704,1790277574.403
11256,867.768,1790277574.485
11257,867.836,1790277574.583
11258,867.968,1790277574.761
11259,868.032,1790277574.847
11260,868.100,1790277574.914
11261,868.164,1790277575.021
11262,868.232,1790277575.111
11263,868.296,1790277575.174
11264,868.428,1790277575.382
11265,868.496,1790277575.447
11266,868.560,1790277575.564
11267,868.628,1790277575.663
11268,868.760,1790277575.837
11269,868.824,1790277575.931
11270,868.892,1790277575.996
11271,868.956,1790277576.115
11272,869.024,1790277576.217
11273,869.088,1790277576.285
11274,869.156,1790277576.397
11275,869.220,1790277576.498
11276,869.288,1790277576.573
11277,869.352,1790277576.648
11278,869.420,1790277576.772
11279,869.552,1790277576.911
11280,869.616,1790277577.025
11281,869.684,1790277577.090
11282,869.748,1790277577.170
11283,869.816,1790277577.291
11284,869.880,1790277577.370
11285,870.012,1790277577.576
11286,870.080,1790277577.655
11287,870.212,1790277577.856
11288,870.276,1790277577.929
11289,870.344,1790277578.014
11290,870.408,1790277578.131
11291,870.476,1790277578.205
11292,870.540,1790277578.287
11293,870.608,1790277578.409
11294,870.672,1790277578.490
11295,870.740,1790277578.582
11296,870.804,1790277578.702
11297,870.936,1790277578.869
11298,871.004,1790277578.985
11299,871.136,1790277579.165
11300,871.200,1790277579.223
11301,871.268,1790277579.333
11302,871.332,1790277579.426
11303,871.400,1790277579.489
11304,871.464,1790277579.611
11305,871.532,1790277579.707
11306,871.596,1790277579.766
11307,871.664,1790277579.889
11308,871.728,1790277579.978
11309,871.796,1790277580.044
11310,871.928,1790277580.258
11311,871.992,1790277580.324
11312,872.060,1790277580.444
11313,872.124,1790277580.543
11314,872.192,1790277580.616
11315,872.256,1790277580.733
11316,872.324,1790277580.835
11317,872.388,1790277580.900
11318,872.456,1790277581.013
11319,872.520,1790277581.112
11320,872.588,1790277581.178
11321,872.784,1790277581.432
11322,872.852,1790277581.507
11323,872.916,1790277581.625
11324,872.984,1790277581.693
11325,873.048,1790277581.777
11326,873.116,1790277581.903
11327,873.180,1790277581.974
11328,873.248,1790277582.057
11329,873.312,1790277582.176
11330,873.380,1790277582.254
11331,873.444,1790277582.339
11332,873.512,1790277582.459
11333,873.576,1790277582.535
11334,873.644,1790277582.620
11335,873.708,1790277582.748
11336,873.840,1790277582.914
11337,873.908,1790277583.045
11338,873.972,1790277583.129
11339,874.040,1790277583.219
11340,874.104,1790277583.342
11341,874.172,1790277583.436
11342,874.236,1790277583.530
11343,874.304,1790277583.658
11344,874.436,1790277583.850
11345,874.500,1790277583.916
11346,874.568,1790277584.044
11347,874.632,1790277584.144
11348,874.700,1790277584.210
11349,874.764,1790277584.341
11350,874.832,1790277584.438
11351,874.896,1790277584.506
11352,874.964,1790277584.642
11353,875.028,1790277584.755
11354,875.096,1790277584.826
11355,875.160,1790277584.960
11356,875.228,1790277585.064
11357,875.292,1790277585.135
11358,875.360,1790277585.276
11359,875.424,1790277585.383
11360,875.492,1790277585.452
11361,875.556,1790277585.577
11362,875.624,1790277585.681
11363,875.756,1790277585.868
11364,875.820,1790277585.970
11365,875.888,1790277586.045
11366,875.952,1790277586.120
11367,876.020,1790277586.236
11368,876.084,1790277586.312
11369,876.152,1790277586.393
11370,876.216,1790277586.510
11371,876.284,1790277586.581
11372,876.348,1790277586.665
11373,876.416,1790277586.792
11374,876.480,1790277586.868
11375,876.548,1790277586.946
11376,876.612,1790277587.070
11377,876.680,1790277587.149
11378,876.744,1790277587.230
11379,876.812,1790277587.344
11380,876.876,1790277587.420
11381,876.944,1790277587.507
11382,877.076,1790277587.712
11383,877.140,1790277587.793
11384,877.272,1790277587.988
11385,877.340,1790277588.071
11386,877.404,1790277588.189
11387,877.472,1790277588.272
11388,877.536,1790277588.360
11389,877.604,1790277588.474
11390,877.668,1790277588.560
11391,877.736,1790277588.647
11392,877.800,1790277588.713
11393,877.868,1790277588.840
11394,877.932,1790277588.932
11395,878.000,1790277588.998
11396,878.064,1790277589.109
11397,878.132,1790277589.207
11398,878.196,1790277589.271
11399,878.264,1790277589.389
11400,878.328,1790277589.481
11401,878.396,1790277589.547
11402,878.460,1790277589.666
11403,878.528,1790277589.769
11404,878.592,1790277589.837
11405,878.660,1790277589.956
11406,878.724,1790277590.050
11407,878.792,1790277590.117
11408,878.856,1790277590.233
11409,878.924,1790277590.333
11410,878.988,1790277590.400
11411,879.056,1790277590.511
11412,879.120,1790277590.612
11413,879.188,1790277590.682
11414,879.252,1790277590.763
11415,879.320,1790277590.873
11416,879.384,1790277590.938
11417,879.452,1790277591.019
11418,879.516,1790277591.135
11419,879.584,1790277591.213
11420,879.648,1790277591.288
11421,879.780,1790277591.475
11422,879.848,1790277591.553
11423,879.912,1790277591.667
11424,880.044,1790277591.817
11425,880.176,1790277592.013
11426,880.244,1790277592.092
11427,880.308,1790277592.217
11428,880.376,1790277592.299
11429,880.440,1790277592.386
11430,880.508,1790277592.526
11431,880.572,1790277592.611
11432,880.640,1790277592.695
11433,880.704,1790277592.816
11434,880.772,1790277592.902
11435,880.836,1790277592.992
11436,880.968,1790277593.205
11437,881.036,1790277593.293
11438,881.168,1790277593.488
11439,881.232,1790277593.571
11440,881.364,1790277593.750
11441,881.432,1790277593.841
11442,881.496,1790277593.903
11443,881.564,1790277594.018
11444,881.628,1790277594.102
11445,881.696,1790277594.168
11446,881.760,1790277594.288
11447,881.828,1790277594.378
11448,881.892,1790277594.440
11449,881.960,1790277594.554
11450,882.024,1790277594.645
11451,882.092,1790277594.715
11452,882.156,1790277594.831
11453,882.224,1790277594.933
11454,882.288,1790277594.999
11455,882.356,1790277595.132
11456,882.420,1790277595.234
11457,882.488,1790277595.300
11458,882.552,1790277595.377
11459,882.620,1790277595.488
11460,882.684,1790277595.559
11461,882.752,1790277595.637
11462,882.816,1790277595.754
11463,882.884,1790277595.819
11464,882.948,1790277595.897
11465,883.016,1790277596.012
11466,883.080,1790277596.086
11467,883.148,1790277596.169
11468,883.212,1790277596.288
11469,883.280,1790277596.368
11470,883.344,1790277596.442
11471,883.412,1790277596.558
11472,883.476,1790277596.631
11473,883.544,1790277596.719
11474,883.608,1790277596.833
11475,883.676,1790277596.914
11476,883.740,1790277596.992
11477,883.808,1790277597.110
11478,883.872,1790277597.195
11479,883.940,1790277597.280
11480,884.004,1790277597.401
11481,884.072,1790277597.481
11482,884.136,1790277597.569
11483,884.204,1790277597.682
11484,884.268,1790277597.763
11485,884.336,1790277597.855
11486,884.400,1790277597.914
11487,884.468,1790277598.028
11488,884.532,1790277598.112
11489,884.600,1790277598.186
11490,884.664,1790277598.297
11491,884.732,1790277598.386
11492,884.796,1790277598.448
11493,884.928,1790277598.665
11494,884.996,1790277598.729
11495,885.060,1790277598.846
11496,885.128,1790277598.936
11497,885.192,1790277598.997
11498,885.260,1790277599.115
11499,885.324,1790277599.205
11500,885.392,1790277599.273
11501,885.524,1790277599.490
11502,885.656,1790277599.673
11503,885.720,1790277599.775
11504,885.788,1790277599.842
11505,885.852,1790277599.929
11506,885.920,1790277600.045
11507,885.984,1790277600.117
11508,886.052,1790277600.204
11509,886.116,1790277600.323
11510,886.184,1790277600.391
11511,886.248,1790277600.465
11512,886.316,1790277600.586
11513,886.380,1790277600.654
11514,886.448,1790277600.728
11515,886.512,1790277600.850
11516,886.580,1790277600.920
11517,886.644,1790277601.001
11518,886.776,1790277601.196
11519,886.844,1790277601.278
11520,886.976,1790277601.469
11521,887.040,1790277601.546
11522,887.108,1790277601.662
11523,887.172,1790277601.746
11524,887.240,1790277601.830
11525,887.304,1790277601.942
11526,887.372,1790277602.024
11527,887.436,1790277602.107
11528,887.504,1790277602.220
11529,887.568,1790277602.307
11530,887.636,1790277602.396
11531,887.700,1790277602.460
11532,887.768,1790277602.570
11533,887.832,1790277602.651
11534,887.900,1790277602.715
11535,887.964,1790277602.823
11536,888.032,1790277602.924
11537,888.096,1790277602.988
11538,888.164,1790277603.110
11539,888.228,1790277603.201
11540,888.296,1790277603.267
11541,888.360,1790277603.387
11542,888.428,1790277603.485
11543,888.492,1790277603.546
11544,888.560,1790277603.661
11545,888.624,1790277603.792
11546,888.756,1790277603.970
11547,888.824,1790277604.072
11548,888.888,1790277604.138
11549,888.956,1790277604.245
11550,889.020,1790277604.341
11551,889.088,1790277604.407
11552,889.152,1790277604.485
11553,889.220,1790277604.602
11554,889.284,1790277604.672
11555,889.352,1790277604.752
11556,889.416,1790277604.857
11557,889.484,1790277604.938
11558,889.616,1790277605.151
11559,889.680,1790277605.228
11560,889.748,1790277605.311
11561,889.812,1790277605.431
11562,889.880,1790277605.507
11563,889.944,1790277605.591
11564,890.012,1790277605.708
11565,890.076,1790277605.784
11566,890.144,1790277605.864
11567,890.208,1790277605.985
11568,890.276,1790277606.062
11569,890.408,1790277606.272
11570,890.472,1790277606.360
11571,890.604,1790277606.561
11572,890.736,1790277606.723
11573,890.804,1790277606.838
11574,890.868,1790277606.926
11575,890.936,1790277607.019
11576,891.000,1790277607.089
11577,891.068,1790277607.208
11578,891.132,1790277607.296
11579,891.200,1790277607.360
11580,891.264,1790277607.474
11581,891.332,1790277607.570
11582,891.396,1790277607.637
11583,891.464,1790277607.772
11584,891.528,1790277607.878
11585,891.660,1790277608.081
11586,891.728,1790277608.185
11587,891.992,1790277608.568
11588,892.056,1790277608.706
11589,892.124,1790277608.809
11590,892.188,1790277608.884
11591,892.256,1790277609.018
11592,892.320,1790277609.120
11593,892.388,1790277609.198
11594,892.452,1790277609.286
11595,892.520,1790277609.417
11596,892.584,1790277609.497
11597,892.652,1790277609.596
11598,892.716,1790277609.736
11599,892.784,1790277609.813
11600,892.848,1790277609.903
11601,892.916,1790277610.059
11602,892.980,1790277610.176
11603,893.048,1790277610.282
11604,893.112,1790277610.415
11605,893.180,1790277610.508
11606,893.244,1790277610.592
11607,893.312,1790277610.728
11608,893.376,1790277610.813
11609,893.444,1790277610.894
11610,893.508,1790277611.013
11611,893.576,1790277611.098
11612,893.640,1790277611.185
11613,893.708,1790277611.311
11614,893.772,1790277611.395
11615,893.840,1790277611.479
11616,893.972,1790277611.681
11617,894.036,1790277611.787
11618,894.104,1790277611.918
11619,894.168,1790277612.006
11620,894.236,1790277612.101
11621,894.300,1790277612.166
11622,894.432,1790277612.375
11623,894.500,1790277612.442
11624,894.564,1790277612.574
11625,894.632,1790277612.666
11626,894.696,1790277612.734
11627,894.764,1790277612.860
11628,894.828,1790277612.950
11629,894.896,1790277613.016
11630,894.960,1790277613.133
11631,895.028,1790277613.244
11632,895.092,1790277613.308
11633,895.160,1790277613.431
11634,895.224,1790277613.533
11635,895.292,1790277613.608
11636,895.356,1790277613.735
11637,895.424,1790277613.836
11638,895.488,1790277613.917
11639,895.556,1790277614.035
11640,895.620,1790277614.141
11641,895.688,1790277614.215
11642,895.820,1790277614.435
11643,895.884,1790277614.502
11644,895.952,1790277614.592
11645,896.016,1790277614.717
11646,896.084,1790277614.798
11647,896.148,1790277614.884
11648,896.216,1790277615.002
11649,896.280,1790277615.078
11650,896.348,1790277615.159
11651,896.412,1790277615.279
11652,896.480,1790277615.362
11653,896.612,1790277615.578
11654,896.676,1790277615.661
11655,896.744,1790277615.741
11656,896.808,1790277615.861
11657,896.876,1790277615.939
11658,896.940,1790277616.027
11659,897.008,1790277616.152
11660,897.072,1790277616.229
11661,897.140,1790277616.311
11662,897.204,1790277616.429
11663,897.272,1790277616.511
11664,897.336,1790277616.598
11665,897.404,1790277616.742
11666,897.468,1790277616.818
11667,897.536,1790277616.909
11668,897.600,1790277616.976
11669,897.668,1790277617.102
11670,897.732,1790277617.191
11671,897.800,1790277617.260
11672,897.864,1790277617.370
11673,897.932,1790277617.458
11674,897.996,1790277617.521
11675,898.064,1790277617.647
11676,898.128,1790277617.746
11677,898.196,1790277617.812
11678,898.260,1790277617.947
11679,898.328,1790277618.047
11680,898.392,1790277618.109
11681,898.460,1790277618.211
11682,898.524,1790277618.305
11683,898.656,1790277618.472
11684,898.724,1790277618.562
11685,898.788,1790277618.624
11686,898.856,1790277618.742
11687,898.920,1790277618.831
11688,898.988,1790277618.908
11689,899.052,1790277618.988
11690,899.120,1790277619.097
11691,899.184,1790277619.165
11692,899.252,1790277619.253
11693,899.384,1790277619.433
11694,899.448,1790277619.513
11695,899.516,1790277619.629
11696,899.580,1790277619.694
11697,899.648,1790277619.780
11698,899.712,1790277619.893
11699,899.780,1790277619.978
11700,899.844,1790277620.067
11701,899.912,1790277620.194
11702,899.976,1790277620.269
11703,900.044,1790277620.348
11704,900.240,1790277620.641
11705,900.308,1790277620.764
11706,900.372,1790277620.846
11707,900.440,1790277620.933
11708,900.504,1790277621.078
11709,900.636,1790277621.257
11710,900.704,1790277621.384
11711,900.768,1790277621.473
11712,900.836,1790277621.563
11713,900.968,1790277621.756
11714,901.100,1790277621.910
11715,901.164,1790277622.033
11716,901.232,1790277622.136
11717,901.296,1790277622.196
11718,901.364,1790277622.312
11719,901.496,1790277622.468
11720,901.628,1790277622.713
11721,901.692,1790277622.785
11722,901.760,1790277622.932
11723,901.824,1790277623.045
11724,901.892,1790277623.127
11725,901.956,1790277623.264
11726,902.024,1790277623.377
11727,902.088,1790277623.448
11728,902.220,1790277623.709
11729,902.352,1790277623.864
11730,902.420,1790277623.997
11731,902.484,1790277624.068
11732,902.552,1790277624.152
11733,902.616,1790277624.289
11734,902.684,1790277624.362
11735,902.748,1790277624.451
11736,902.816,1790277624.580
11737,902.880,1790277624.670
11738,902.948,1790277624.761
11739,903.012,1790277624.894
11740,903.080,1790277624.984
11741,903.212,1790277625.231
11742,903.276,1790277625.318
11743,903.344,1790277625.416
11744,903.408,1790277625.558
11745,903.476,1790277625.651
11746,903.540,1790277625.771
11747,903.608,1790277625.918
11748,903.740,1790277626.104
11749,903.804,1790277626.236
11750,903.872,1790277626.322
11751,903.936,1790277626.414
11752,904.004,1790277626.535
11753,904.068,1790277626.626
11754,904.136,1790277626.714
11755,904.200,1790277626.776
11756,904.268,1790277626.909
11757,904.332,1790277627.017
11758,904.400,1790277627.091
11759,904.464,1790277627.221
11760,904.532,1790277627.321
11761,904.596,1790277627.395
11762,904.664,1790277627.529
11763,904.728,1790277627.631
11764,904.796,1790277627.701
11765,904.860,1790277627.839
11766,904.928,1790277627.946
11767,904.992,1790277628.022
11768,905.060,1790277628.149
11769,905.124,1790277628.257
11770,905.192,1790277628.347
11771,905.256,1790277628.493
11772,905.324,1790277628.600
11773,905.388,1790277628.681
11774,905.456,1790277628.808
11775,905.520,1790277628.911
11776,905.588,1790277628.987
11777,905.652,1790277629.072
11778,905.784,1790277629.278
11779,905.852,1790277629.375
11780,905.984,1790277629.592
11781,906.048,1790277629.684
11782,906.116,1790277629.828
11783,906.180,1790277629.912
11784,906.248,1790277630.001
11785,906.312,1790277630.127
11786,906.380,1790277630.207
11787,906.444,1790277630.297
11788,906.512,1790277630.421
11789,906.576,1790277630.491
11790,906.644,1790277630.567
11791,906.708,1790277630.692
11792,906.776,1790277630.767
11793,906.840,1790277630.843
11794,906.908,1790277630.965
11795,906.972,1790277631.046
11796,907.040,1790277631.145
11797,907.104,1790277631.284
11798,907.172,1790277631.379
11799,907.236,1790277631.472
11800,907.436,1790277631.799
11801,907.500,1790277631.867
11802,907.568,1790277631.992
11803,907.632,1790277632.079
11804,907.700,1790277632.152
11805,907.896,1790277632.416
11806,907.964,1790277632.538
11807,908.028,1790277632.620
11808,908.096,1790277632.689
11809,908.160,1790277632.799
11810,908.228,1790277632.889
11811,908.292,1790277632.968
11812,908.360,1790277633.105
11813,908.424,1790277633.210
11814,908.492,1790277633.274
11815,908.556,1790277633.405
11816,908.624,1790277633.506
11817,908.688,1790277633.571
11818,908.756,1790277633.701
11819,908.820,1790277633.805
11820,908.888,1790277633.877
11821,908.952,1790277633.962
11822,909.020,1790277634.078
11823,909.084,1790277634.156
11824,909.152,1790277634.250
11825,909.216,1790277634.418
11826,909.284,1790277634.505
11827,909.348,1790277634.603
11828,909.416,1790277634.748
11829,909.480,1790277634.824
11830,909.548,1790277634.907
11831,909.612,1790277635.035
11832,909.680,1790277635.127
11833,909.744,1790277635.233
11834,909.812,1790277635.369
11835,909.876,1790277635.454
11836,909.944,1790277635.538
11837,910.008,1790277635.664
11838,910.076,1790277635.745
11839,910.140,1790277635.831
11840,910.208,1790277635.950
11841,910.272,1790277636.028
11842,910.340,1790277636.110
11843,910.404,1790277636.231
11844,910.472,1790277636.316
11845,910.536,1790277636.400
11846,910.604,1790277636.512
11847,910.668,1790277636.591
11848,910.800,1790277636.745
11849,910.868,1790277636.885
11850,910.932,1790277636.986
11851,911.000,1790277637.070
11852,911.064,1790277637.204
11853,911.132,1790277637.300
11854,911.196,1790277637.365
11855,911.264,1790277637.497
11856,911.328,1790277637.599
11857,911.396,1790277637.669
11858,911.460,1790277637.793
11859,911.528,1790277637.889
11860,911.592,1790277637.953
11861,911.660,1790277638.080
11862,911.724,1790277638.189
11863,911.792,1790277638.264
11864,911.924,1790277638.476
11865,911.988,1790277638.537
11866,912.056,1790277638.650
11867,912.120,1790277638.753
11868,912.188,1790277638.831
11869,912.252,1790277638.914
11870,912.320,1790277639.030
11871,912.452,1790277639.188
11872,912.516,1790277639.304
11873,912.584,1790277639.376
11874,912.648,1790277639.456
11875,912.716,1790277639.579
11876,912.780,1790277639.650
11877,912.848,1790277639.745
11878,912.912,1790277639.874
11879,912.980,1790277639.953
11880,913.044,1790277640.034
11881,913.112,1790277640.157
11882,913.176,1790277640.237
11883,913.244,1790277640.320
11884,913.308,1790277640.439
11885,913.376,1790277640.523
11886,913.440,1790277640.611
11887,913.508,1790277640.743
11888,913.572,1790277640.823
11889,913.640,1790277640.910
11890,913.704,1790277641.027
11891,913.772,1790277641.114
11892,913.836,1790277641.207
11893,913.904,1790277641.330
11894,913.968,1790277641.425
11895,914.036,1790277641.509
11896,914.100,1790277641.570
11897,914.168,1790277641.683
11898,914.232,1790277641.775
11899,914.300,1790277641.841
11900,914.364,1790277641.970
11901,914.432,1790277642.060
11902,914.496,1790277642.123
11903,914.564,1790277642.254
11904,914.628,1790277642.353
11905,914.696,1790277642.442
11906,914.760,1790277642.602
11907,914.828,1790277642.709
11908,914.892,1790277642.792
11909,914.960,1790277642.929
11910,915.156,1790277643.244
11911,915.224,1790277643.356
11912,915.288,1790277643.423
11913,915.356,1790277643.543
11914,915.420,1790277643.639
11915,915.488,1790277643.706
11916,915.552,1790277643.794
11917,915.620,1790277643.921
11918,915.684,1790277644.001
11919,915.752,1790277644.096
11920,915.816,1790277644.230
11921,915.884,1790277644.310
11922,915.948,1790277644.397
11923,916.016,1790277644.529
11924,916.080,1790277644.598
11925,916.148,1790277644.681
11926,916.280,1790277644.884
11927,916.412,1790277645.087
11928,916.476,1790277645.161
11929,916.544,1790277645.251
11930,916.608,1790277645.371
11931,916.676,1790277645.457
11932,916.740,1790277645.559
11933,916.808,1790277645.686
11934,916.872,1790277645.769
11935,916.940,1790277645.857
11936,917.004,1790277645.978
11937,917.136,1790277646.158
11938,917.204,1790277646.285
11939,917.268,1790277646.375
11940,917.400,1790277646.545
11941,917.468,1790277646.670
11942,917.532,1790277646.771
11943,917.600,1790277646.843
11944,917.796,1790277647.134
11945,917.928,1790277647.366
11946,917.996,1790277647.437
11947,918.060,1790277647.585
11948,918.128,1790277647.671
11949,918.192,1790277647.735
11950,918.260,1790277647.879
11951,918.324,1790277647.982
11952,918.392,1790277648.051
11953,918.524,1790277648.274
11954,918.656,1790277648.466
11955,918.720,1790277648.568
11956,918.788,1790277648.645
11957,918.852,1790277648.740
11958,918.920,1790277648.876
11959,918.984,1790277648.956
11960,919.052,1790277649.048
11961,919.116,1790277649.169
11962,919.248,1790277649.333
11963,919.316,1790277649.463
11964,919.380,1790277649.545
11965,919.448,1790277649.631
11966,919.512,1790277649.765
11967,919.580,1790277649.851
11968,919.644,1790277649.942
11969,919.712,1790277650.076
11970,919.776,1790277650.158
11971,919.844,1790277650.258
11972,919.908,1790277650.394
11973,919.976,1790277650.490
11974,920.040,1790277650.578
11975,920.172,1790277650.791
11976,920.240,1790277650.881
11977,920.304,1790277651.017
11978,920.372,1790277651.101
11979,920.436,1790277651.199
11980,920.504,1790277651.326
11981,920.568,1790277651.417
11982,920.636,1790277651.516
11983,920.700,1790277651.588
11984,920.768,1790277651.717
11985,920.832,1790277651.813
11986,920.900,1790277651.881
11987,921.096,1790277652.184
11988,921.164,1790277652.310
11989,921.296,1790277652.482
11990,921.360,1790277652.610
11991,921.428,1790277652.719
11992,921.560,1790277652.920
11993,921.624,1790277653.021
11994,921.692,1790277653.095
11995,921.756,1790277653.228
11996,921.824,1790277653.327
11997,921.888,1790277653.396
11998,921.956,1790277653.528
11999,922.020,1790277653.633
12000,922.088,1790277653.706
12001,922.152,1790277653.806
12002,922.220,1790277653.941
12003,922.284,1790277654.011
12004,922.352,1790277654.107
12005,922.416,1790277654.232
12006,922.484,1790277654.319
12007,922.548,1790277654.400
12008,922.616,1790277654.523
12009,922.680,1790277654.605
12010,922.748,1790277654.693
12011,922.812,1790277654.827
12012,923.012,1790277655.127
12013,923.076,1790277655.208
12014,923.144,1790277655.295
12015,923.208,1790277655.418
12016,923.276,1790277655.514
12017,923.340,1790277655.600
12018,923.408,1790277655.722
12019,923.472,1790277655.823
12020,923.540,1790277655.915
12021,923.604,1790277656.051
12022,923.672,1790277656.140
12023,923.736,1790277656.230
12024,923.804,1790277656.355
12025,923.868,1790277656.449
12026,923.936,1790277656.546
12027,924.000,1790277656.606
12028,924.068,1790277656.733
12029,924.132,1790277656.830
12030,924.200,1790277656.894
12031,924.264,1790277657.022
12032,924.332,1790277657.119
12033,924.396,1790277657.181
12034,924.464,1790277657.297
12035,924.528,1790277657.383
12036,924.596,1790277657.449
12037,924.728,1790277657.659
12038,924.792,1790277657.724
12039,924.860,1790277657.840
12040,924.924,1790277657.942
12041,924.992,1790277658.007
12042,925.056,1790277658.123
12043,925.124,1790277658.223
12044,925.256,1790277658.427
12045,925.388,1790277658.615
12046,925.452,1790277658.706
12047,925.520,1790277658.832
12048,925.584,1790277658.915
12049,925.652,1790277659.009
12050,925.716,1790277659.145
12051,925.784,1790277659.228
12052,925.916,1790277659.434
12053,925.980,1790277659.504
12054,926.048,1790277659.587
12055,926.112,1790277659.714
12056,926.180,1790277659.797
12057,926.244,1790277659.879
12058,926.312,1790277660.011
12059,926.376,1790277660.081
12060,926.576,1790277660.364
12061,926.640,1790277660.443
12062,926.708,1790277660.564
12063,926.772,1790277660.641
12064,926.840,1790277660.727
12065,926.904,1790277660.842
12066,926.972,1790277660.926
12067,927.036,1790277661.010
12068,927.104,1790277661.127
12069,927.168,1790277661.208
12070,927.236,1790277661.293
12071,927.300,1790277661.357
12072,927.368,1790277661.475
12073,927.432,1790277661.558
12074,927.500,1790277661.622
12075,927.564,1790277661.734
12076,927.632,1790277661.824
12077,927.696,1790277661.883
12078,927.764,1790277662.007
12079,927.828,1790277662.092
12080,927.896,1790277662.156
12081,927.960,1790277662.275
12082,928.028,1790277662.384
12083,928.092,1790277662.459
12084,928.160,1790277662.588
12085,928.224,1790277662.682
12086,928.292,1790277662.746
12087,928.356,1790277662.859
12088,928.424,1790277662.970
12089,928.488,1790277663.044
12090,928.556,1790277663.161
12091,928.620,1790277663.256
12092,928.688,1790277663.319
12093,928.752,1790277663.403
12094,928.820,1790277663.512
12095,928.884,1790277663.577
12096,929.016,1790277663.762
12097,929.084,1790277663.829
12098,929.148,1790277663.906
12099,929.216,1790277664.028
12100,929.280,1790277664.102
12101,929.348,1790277664.178
12102,929.412,1790277664.294
12103,929.480,1790277664.368
12104,929.544,1790277664.444
12105,929.612,1790277664.565
12106,929.676,1790277664.645
12107,929.744,1790277664.724
12108,929.808,1790277664.846
12109,929.876,1790277664.922
12110,929.940,1790277665.011
12111,930.008,1790277665.138
12112,930.072,1790277665.219
12113,930.140,1790277665.317
12114,930.204,1790277665.438
12115,930.272,1790277665.520
12116,930.336,1790277665.606
12117,930.404,1790277665.728
12118,930.468,1790277665.807
12119,930.536,1790277665.896
12120,930.600,1790277665.962
12121,930.668,1790277666.077
12122,930.800,1790277666.233
12123,930.864,1790277666.349
12124,930.932,1790277666.458
12125,930.996,1790277666.517
12126,931.064,1790277666.629
12127,931.128,1790277666.719
12128,931.196,1790277666.783
12129,931.260,1790277666.895
12130,931.328,1790277666.986
12131,931.392,1790277667.045
12132,931.460,1790277667.166
12133,931.524,1790277667.256
12134,931.592,1790277667.322
12135,931.656,1790277667.443
12136,931.724,1790277667.540
12137,931.788,1790277667.609
12138,931.856,1790277667.720
12139,931.920,1790277667.824
12140,931.988,1790277667.895
12141,932.052,1790277667.976
12142,932.120,1790277668.085
12143,932.184,1790277668.154
12144,932.252,1790277668.253
12145,932.316,1790277668.373
12146,932.384,1790277668.449
12147,932.448,1790277668.539
12148,932.516,1790277668.662
12149,932.580,1790277668.730
12150,932.648,1790277668.814
12151,932.712,1790277668.944
12152,932.780,1790277669.028
12153,932.844,1790277669.114
12154,932.976,1790277669.339
12155,933.044,1790277669.426
12156,933.108,1790277669.552
12157,933.176,1790277669.645
12158,933.240,1790277669.734
12159,933.308,1790277669.876
12160,933.372,1790277669.965
12161,933.440,1790277670.052
12162,933.504,1790277670.188
12163,933.572,1790277670.285
12164,933.636,1790277670.371
12165,933.704,1790277670.503
12166,933.768,1790277670.592
12167,933.836,1790277670.685
12168,933.900,1790277670.761
12169,933.968,1790277670.894
12170,934.032,1790277670.986
12171,934.100,1790277671.053
12172,934.164,1790277671.195
12173,934.232,1790277671.306
12174,934.296,1790277671.382
12175,934.364,1790277671.520
12176,934.428,1790277671.615
12177,934.496,1790277671.696
12178,934.560,1790277671.829
12179,934.628,1790277671.933
12180,934.760,1790277672.139
12181,934.824,1790277672.243
12182,934.892,1790277672.316
12183,934.956,1790277672.444
12184,935.024,1790277672.547
12185,935.088,1790277672.616
12186,935.156,1790277672.754
12187,935.220,1790277672.861
12188,935.288,1790277672.941
12189,935.484,1790277673.234
12190,935.552,1790277673.324
12191,935.616,1790277673.462
12192,935.684,1790277673.547
12193,935.748,1790277673.634
12194,935.816,1790277673.773
12195,935.880,1790277673.850
12196,935.948,1790277673.942
12197,936.012,1790277674.073
12198,936.080,1790277674.161
12199,936.144,1790277674.255
12200,936.276,1790277674.466
12201,936.344,1790277674.557
12202,936.408,1790277674.690
12203,936.476,1790277674.775
12204,936.608,1790277675.003
12205,936.672,1790277675.092
12206,936.740,1790277675.182
12207,936.804,1790277675.307
12208,936.872,1790277675.398
12209,936.936,1790277675.491
12210,937.004,1790277675.621
12211,937.068,1790277675.714
12212,937.136,1790277675.812
12213,937.200,1790277675.883
12214,937.268,1790277676.016
12215,937.332,1790277676.112
12216,937.400,1790277676.193
12217,937.532,1790277676.422
12218,937.596,1790277676.494
12219,937.664,1790277676.625
12220,937.728,1790277676.735
12221,937.796,1790277676.812
12222,937.860,1790277676.941
12223,937.928,1790277677.044
12224,937.992,1790277677.110
12225,938.060,1790277677.244
12226,938.124,1790277677.345
12227,938.192,1790277677.420
12228,938.256,1790277677.555
12229,938.324,1790277677.662
12230,938.520,1790277677.977
12231,938.588,1790277678.062
12232,938.652,1790277678.148
12233,938.720,1790277678.269
12234,938.784,1790277678.338
12235,938.852,1790277678.425
12236,938.916,1790277678.565
12237,938.984,1790277678.653
12238,939.048,1790277678.744
12239,939.116,1790277678.880
12240,939.180,1790277678.961
12241,939.248,1790277679.051
12242,939.312,1790277679.193
12243,939.380,1790277679.278
12244,939.444,1790277679.365
12245,939.512,1790277679.502
12246,939.576,1790277679.591
12247,939.644,1790277679.680
12248,939.708,1790277679.818
12249,939.840,1790277679.989
12250,939.908,1790277680.127
12251,940.040,1790277680.300
12252,940.104,1790277680.434
12253,940.236,1790277680.610
12254,940.304,1790277680.748
12255,940.368,1790277680.844
12256,940.436,1790277680.935
12257,940.500,1790277681.004
12258,940.568,1790277681.144
12259,940.632,1790277681.243
12260,940.700,1790277681.321
12261,940.764,1790277681.454
12262,940.832,1790277681.559
12263,940.896,1790277681.640
12264,940.964,1790277681.775
12265,941.028,1790277681.880
12266,941.096,1790277681.959
12267,941.160,1790277682.085
12268,941.228,1790277682.188
12269,941.292,1790277682.255
12270,941.424,1790277682.491
12271,941.492,1790277682.566
12272,941.624,1790277682.804
12273,941.756,1790277683.008
12274,941.820,1790277683.113
12275,941.952,1790277683.278
12276,942.020,1790277683.407
12277,942.084,1790277683.486
12278,942.152,1790277683.573
12279,942.216,1790277683.717
12280,942.284,1790277683.798
12281,942.348,1790277683.887
12282,942.416,1790277684.023
12283,942.480,1790277684.103
12284,942.548,1790277684.197
12285,942.612,1790277684.328
12286,942.680,1790277684.411
12287,942.744,1790277684.497
12288,942.812,1790277684.632
12289,942.876,1790277684.720
12290,942.944,1790277684.816
12291,943.008,1790277684.949
12292,943.076,1790277685.037
12293,943.140,1790277685.121
12294,943.208,1790277685.261
12295,943.272,1790277685.351
12296,943.404,1790277685.584
12297,943.472,1790277685.680
12298,943.536,1790277685.776
12299,943.604,1790277685.913
12300,943.668,1790277686.000
12301,943.736,1790277686.085
12302,943.800,1790277686.153
12303,943.868,1790277686.277
12304,943.932,1790277686.379
12305,944.064,1790277686.582
12306,944.132,1790277686.679
12307,944.196,1790277686.745
12308,944.264,1790277686.884
12309,944.328,1790277686.976
12310,944.396,1790277687.045
12311,944.460,1790277687.179
12312,944.528,1790277687.282
12313,944.592,1790277687.357
12314,944.660,1790277687.487
12315,944.724,1790277687.587
12316,944.792,1790277687.662
12317,944.856,1790277687.792
12318,944.924,1790277687.898
12319,944.988,1790277687.972
12320,945.056,1790277688.109
12321,945.120,1790277688.220
12322,945.188,1790277688.299
12323,945.252,1790277688.381
12324,945.320,1790277688.505
12325,945.384,1790277688.581
12326,945.452,1790277688.670
12327,945.516,1790277688.807
12328,945.584,1790277688.888
12329,945.648,1790277688.986
12330,945.716,1790277689.116
12331,945.780,1790277689.201
12332,945.912,1790277689.419
12333,945.980,1790277689.502
12334,946.044,1790277689.590
12335,946.112,1790277689.724
12336,946.176,1790277689.805
12337,946.244,1790277689.896
12338,946.308,1790277690.020
12339,946.376,1790277690.108
12340,946.440,1790277690.195
12341,946.508,1790277690.324
12342,946.572,1790277690.408
12343,946.640,1790277690.500
12344,946.704,1790277690.630
12345,946.772,1790277690.730
12346,946.904,1790277690.966
12347,946.968,1790277691.056
12348,947.036,1790277691.153
12349,947.100,1790277691.219
12350,947.168,1790277691.357
12351,947.232,1790277691.453
12352,947.300,1790277691.525
12353,947.364,1790277691.657
12354,947.432,1790277691.756
12355,947.628,1790277692.079
12356,947.760,1790277692.275
12357,947.828,1790277692.373
12358,947.960,1790277692.572
12359,948.024,1790277692.674
12360,948.092,1790277692.758
12361,948.156,1790277692.891
12362,948.288,1790277693.084
12363,948.420,1790277693.328
12364,948.488,1790277693.398
12365,948.552,1790277693.493
12366,948.620,1790277693.632
12367,948.684,1790277693.713
12368,948.752,1790277693.813
12369,948.816,1790277693.940
12370,948.884,1790277694.023
12371,948.948,1790277694.113
12372,949.016,1790277694.246
12373,949.080,1790277694.323
12374,949.148,1790277694.409
12375,949.212,1790277694.540
12376,949.280,1790277694.630
12377,949.344,1790277694.729
12378,949.412,1790277694.862
12379,949.544,1790277695.041
12380,949.608,1790277695.173
12381,949.676,1790277695.256
12382,949.740,1790277695.358
12383,949.808,1790277695.490
12384,949.872,1790277695.575
12385,949.940,1790277695.680
12386,950.004,1790277695.813
12387,950.072,1790277695.902
12388,950.136,1790277695.997
12389,950.204,1790277696.141
12390,950.268,1790277696.236
12391,950.336,1790277696.331
12392,950.400,1790277696.407
12393,950.468,1790277696.534
12394,950.532,1790277696.631
12395,950.600,1790277696.696
12396,950.664,1790277696.823
12397,950.732,1790277696.930
12398,950.796,1790277696.994
12399,950.864,1790277697.143
12400,950.928,1790277697.244
12401,950.996,1790277697.309
12402,951.060,1790277697.444
12403,951.128,1790277697.548
12404,951.192,1790277697.622
12405,951.260,1790277697.757
12406,951.392,1790277697.934
12407,951.456,1790277698.062
12408,951.524,1790277698.178
12409,951.588,1790277698.249
12410,951.656,1790277698.374
12411,951.720,1790277698.479
12412,951.852,1790277698.642
12413,951.920,1790277698.780
12414,951.984,1790277698.855
12415,952.052,1790277698.940
12416,952.116,1790277699.073
12417,952.184,1790277699.153
12418,952.248,1790277699.243
12419,952.380,1790277699.452
12420,952.448,1790277699.540
12421,952.512,1790277699.674
12422,952.580,1790277699.753
12423,952.644,1790277699.842
12424,952.712,1790277699.981
12425,952.776,1790277700.068
12426,952.844,1790277700.156
12427,952.908,1790277700.291
12428,952.976,1790277700.376
12429,953.040,1790277700.473
12430,953.108,1790277700.611
12431,953.172,1790277700.697
12432,953.240,1790277700.804
12433,953.304,1790277700.949
12434,953.372,1790277701.040
12435,953.436,1790277701.135
12436,953.504,1790277701.271
12437,953.568,1790277701.363
12438,953.636,1790277701.465
12439,953.700,1790277701.541
12440,953.832,1790277701.769
12441,953.900,1790277701.840
12442,953.964,1790277701.971
12443,954.032,1790277702.074
12444,954.096,1790277702.143
12445,954.164,1790277702.284
12446,954.228,1790277702.380
12447,954.296,1790277702.452
12448,954.360,1790277702.588
12449,954.428,1790277702.688
12450,954.492,1790277702.758
12451,954.560,1790277702.899
12452,954.624,1790277702.991
12453,954.692,1790277703.070
12454,954.756,1790277703.202
12455,954.824,1790277703.312
12456,954.888,1790277703.384
12457,954.956,1790277703.525
12458,955.020,1790277703.625
12459,955.088,1790277703.708
12460,955.152,1790277703.798
12461,955.220,1790277703.926
12462,955.284,1790277704.005
12463,955.352,1790277704.097
12464,955.416,1790277704.234
12465,955.484,1790277704.315
12466,955.548,1790277704.404
12467,955.680,1790277704.619
12468,955.812,1790277704.850
12469,955.880,1790277704.934
12470,955.944,1790277705.017
12471,956.012,1790277705.152
12472,956.076,1790277705.234
12473,956.144,1790277705.328
12474,956.208,1790277705.464
12475,956.276,1790277705.549
12476,956.340,1790277705.641
12477,956.408,1790277705.777
12478,956.472,1790277705.869
12479,956.540,1790277705.961
12480,956.604,1790277706.106
12481,956.672,1790277706.205
12482,956.736,1790277706.296
12483,956.804,1790277706.441
12484,956.936,1790277706.641
12485,957.000,1790277706.719
12486,957.132,1790277706.943
12487,957.200,1790277707.013
12488,957.264,1790277707.138
12489,957.332,1790277707.239
12490,957.396,1790277707.310
12491,957.464,1790277707.443
12492,957.528,1790277707.537
12493,957.596,1790277707.605
12494,957.660,1790277707.735
12495,957.728,1790277707.837
12496,957.792,1790277707.907
12497,957.860,1790277708.034
12498,957.924,1790277708.136
12499,957.992,1790277708.215
12500,958.056,1790277708.354
12501,958.124,1790277708.465
12502,958.188,1790277708.540
12503,958.256,1790277708.672
12504,958.320,1790277708.784
12505,958.388,1790277708.861
12506,958.584,1790277709.163
12507,958.652,1790277709.251
12508,958.716,1790277709.385
12509,958.784,1790277709.465
12510,958.848,1790277709.558
12511,958.916,1790277709.691
12512,958.980,1790277709.774
12513,959.048,1790277709.861
12514,959.112,1790277709.995
12515,959.244,1790277710.174
12516,959.312,1790277710.306
12517,959.376,1790277710.386
12518,959.508,1790277710.609
12519,959.576,1790277710.698
12520,959.772,1790277711.017
12521,959.840,1790277711.107
12522,959.904,1790277711.239
12523,959.972,1790277711.329
12524,960.036,1790277711.424
12525,960.104,1790277711.572
12526,960.168,1790277711.664
12527,960.236,1790277711.757
12528,960.300,1790277711.829
12529,960.368,1790277711.951
12530,960.432,1790277712.045
12531,960.500,1790277712.116
12532,960.564,1790277712.250
12533,960.632,1790277712.349
12534,960.696,1790277712.416
12535,960.764,1790277712.549
12536,960.828,1790277712.640
12537,960.896,1790277712.713
12538,960.960,1790277712.846
12539,961.028,1790277712.948
12540,961.092,1790277713.018
12541,961.160,1790277713.151
12542,961.224,1790277713.255
12543,961.292,1790277713.325
12544,961.356,1790277713.454
12545,961.424,1790277713.564
12546,961.488,1790277713.636
12547,961.556,1790277713.777
12548,961.620,1790277713.882
12549,961.688,1790277713.960
12550,961.752,1790277714.048
12551,961.884,1790277714.256
12552,962.016,1790277714.474
12553,962.084,1790277714.561
12554,962.148,1790277714.660
12555,962.216,1790277714.794
12556,962.480,1790277715.166
12557,962.544,1790277715.255
12558,962.612,1790277715.386
12559,962.676,1790277715.467
12560,962.744,1790277715.548
12561,962.808,1790277715.674
12562,962.876,1790277715.760
12563,962.940,1790277715.842
12564,963.008,1790277715.962
12565,963.140,1790277716.123
12566,963.204,1790277716.242
12567,963.272,1790277716.321
12568,963.336,1790277716.406
12569,963.468,1790277716.611
12570,963.668,1790277716.896
12571,963.732,1790277716.998
12572,963.864,1790277717.196
12573,963.932,1790277717.289
12574,963.996,1790277717.364
12575,964.064,1790277717.493
12576,964.128,1790277717.589
12577,964.196,1790277717.660
12578,964.260,1790277717.780
12579,964.328,1790277717.872
12580,964.392,1790277717.934
12581,964.460,1790277718.039
12582,964.524,1790277718.130
12583,964.592,1790277718.194
12584,964.656,1790277718.304
12585,964.856,1790277718.595
12586,964.920,1790277718.694
12587,964.988,1790277718.763
12588,965.052,1790277718.842
12589,965.120,1790277718.953
12590,965.184,1790277719.015
12591,965.252,1790277719.097
12592,965.384,1790277719.292
12593,965.448,1790277719.380
12594,965.516,1790277719.504
12595,965.580,1790277719.578
12596,965.780,1790277719.862
12597,965.844,1790277719.933
12598,965.912,1790277720.054
12599,965.976,1790277720.126
12600,966.044,1790277720.214
12601,966.108,1790277720.335
12602,966.240,1790277720.490
12603,966.372,1790277720.696
12604,966.440,1790277720.778
12605,966.504,1790277720.888
12606,966.572,1790277720.972
12607,966.636,1790277721.051
12608,966.704,1790277721.181
12609,966.768,1790277721.265
12610,966.836,1790277721.349
12611,966.900,1790277721.413
12612,966.968,1790277721.514
12613,967.032,1790277721.596
12614,967.100,1790277721.660
12615,967.164,1790277721.770
12616,967.232,1790277721.858
12617,967.296,1790277721.920
12618,967.496,1790277722.193
12619,967.560,1790277722.315
12620,967.628,1790277722.404
12621,967.760,1790277722.584
12622,967.824,1790277722.686
12623,967.892,1790277722.753
12624,967.956,1790277722.873
12625,968.024,1790277722.976
12626,968.088,1790277723.044
12627,968.156,1790277723.154
12628,968.220,1790277723.256
12629,968.288,1790277723.322
12630,968.352,1790277723.405
12631,968.420,1790277723.514
12632,968.484,1790277723.574
12633,968.552,1790277723.657
12634,968.616,1790277723.773
12635,968.684,1790277723.840
12636,968.748,1790277723.930
12637,968.816,1790277724.050
12638,968.880,1790277724.117
12639,969.012,1790277724.311
12640,969.144,1790277724.469
12641,969.212,1790277724.589
12642,969.276,1790277724.672
12643,969.344,1790277724.752
12644,969.408,1790277724.867
12645,969.476,1790277724.951
12646,969.540,1790277725.034
12647,969.608,1790277725.147
12648,969.740,1790277725.311
12649,969.804,1790277725.428
12650,969.872,1790277725.507
12651,969.936,1790277725.589
12652,970.004,1790277725.707
12653,970.068,1790277725.800
12654,970.200,1790277725.951
12655,970.268,1790277726.072
12656,970.332,1790277726.149
12657,970.400,1790277726.212
12658,970.464,1790277726.322
12659,970.532,1790277726.406
12660,970.596,1790277726.468
12661,970.664,1790277726.583
12662,970.728,1790277726.672
12663,970.796,1790277726.734
12664,970.860,1790277726.854
12665,970.928,1790277726.950
12666,970.992,1790277727.023
12667,971.060,1790277727.133
12668,971.124,1790277727.228
12669,971.192,1790277727.293
12670,971.256,1790277727.403
12671,971.324,1790277727.496
12672,971.388,1790277727.565
12673,971.456,1790277727.681
12674,971.520,1790277727.775
12675,971.588,1790277727.842
12676,971.652,1790277727.922
12677,971.720,1790277728.038
12678,971.784,1790277728.106
12679,971.852,1790277728.182
12680,971.984,1790277728.365
12681,972.048,1790277728.444
12682,972.116,1790277728.561
12683,972.180,1790277728.632
12684,972.248,1790277728.718
12685,972.312,1790277728.836
12686,972.380,1790277728.916
12687,972.444,1790277728.992
12688,972.512,1790277729.115
12689,972.576,1790277729.194
12690,972.644,1790277729.274
12691,972.840,1790277729.558
12692,972.908,1790277729.675
12693,972.972,1790277729.753
12694,973.040,1790277729.832
12695,973.172,1790277730.031
12696,973.236,1790277730.118
12697,973.368,1790277730.320
12698,973.436,1790277730.404
12699,973.500,1790277730.467
12700,973.568,1790277730.594
12701,973.632,1790277730.683
12702,973.700,1790277730.745
12703,973.764,1790277730.858
12704,973.832,1790277730.946
12705,973.896,1790277731.008
12706,973.964,1790277731.126
12707,974.096,1790277731.274
12708,974.160,1790277731.396
12709,974.228,1790277731.501
12710,974.292,1790277731.566
12711,974.360,1790277731.700
12712,974.424,1790277731.809
12713,974.492,1790277731.877
12714,974.624,1790277732.105
12715,974.688,1790277732.180
12716,974.756,1790277732.307
12717,974.820,1790277732.405
12718,974.888,1790277732.472
12719,974.952,1790277732.543
12720,975.020,1790277732.650
12721,975.084,1790277732.726
12722,975.152,1790277732.807
12723,975.216,1790277732.917
12724,975.284,1790277732.982
12725,975.348,1790277733.073
12726,975.416,1790277733.194
12727,975.480,1790277733.263
12728,975.548,1790277733.352
12729,975.612,1790277733.471
12730,975.680,1790277733.550
12731,975.744,1790277733.634
12732,975.812,1790277733.751
12733,975.876,1790277733.836
12734,976.008,1790277734.038
12735,976.076,1790277734.112
12736,976.208,1790277734.310
12737,976.272,1790277734.387
12738,976.340,1790277734.466
12739,976.404,1790277734.581
12740,976.472,1790277734.659
12741,976.536,1790277734.743
12742,976.604,1790277734.856
12743,976.668,1790277734.937
12744,976.736,1790277735.025
12745,976.800,1790277735.086
12746,976.868,1790277735.194
12747,976.932,1790277735.293
12748,977.132,1790277735.554
12749,977.196,1790277735.615
12750,977.264,1790277735.743
12751,977.328,1790277735.836
12752,977.396,1790277735.899
12753,977.528,1790277736.114
12754,977.592,1790277736.180
12755,977.660,1790277736.307
12756,977.724,1790277736.400
12757,977.792,1790277736.464
12758,977.856,1790277736.567
12759,977.988,1790277736.727
12760,978.056,1790277736.843
12761,978.120,1790277736.930
12762,978.188,1790277736.999
12763,978.252,1790277737.073
12764,978.320,1790277737.190
12765,978.384,1790277737.258
12766,978.452,1790277737.344
12767,978.516,1790277737.446
12768,978.584,1790277737.516
12769,978.648,1790277737.596
12770,978.716,1790277737.713
12771,978.780,1790277737.781
12772,978.848,1790277737.858
12773,978.912,1790277737.975
12774,978.980,1790277738.048
12775,979.044,1790277738.126
12776,979.112,1790277738.245
12777,979.176,1790277738.323
12778,979.244,1790277738.417
12779,979.308,1790277738.533
12780,979.376,1790277738.611
12781,979.440,1790277738.704
12782,979.508,1790277738.820
12783,979.572,1790277738.898
12784,979.640,1790277738.981
12785,979.772,1790277739.175
12786,979.836,1790277739.262
12787,979.904,1790277739.382
12788,979.968,1790277739.454
12789,980.036,1790277739.544
12790,980.100,1790277739.605
12791,980.168,1790277739.727
12792,980.232,1790277739.817
12793,980.364,1790277739.986
12794,980.432,1790277740.078
12795,980.496,1790277740.135
12796,980.564,1790277740.252
12797,980.628,1790277740.345
12798,980.760,1790277740.531
12799,980.828,1790277740.629
12800,980.960,1790277740.796
12801,981.024,1790277740.889
12802,981.092,1790277740.954
12803,981.156,1790277741.063
12804,981.224,1790277741.164
12805,981.356,1790277741.361
12806,981.420,1790277741.469
12807,981.552,1790277741.610
12808,981.684,1790277741.791
12809,981.752,1790277741.871
12810,981.816,1790277741.977
12811,981.884,1790277742.051
12812,981.948,1790277742.122
12813,982.016,1790277742.236
12814,982.080,1790277742.310
12815,982.148,1790277742.388
12816,982.212,1790277742.511
12817,982.280,1790277742.586
12818,982.344,1790277742.659
12819,982.412,1790277742.774
12820,982.476,1790277742.850
12821,982.544,1790277742.926
12822,982.608,1790277743.045
12823,982.676,1790277743.122
12824,982.808,1790277743.319
12825,982.872,1790277743.396
12826,982.940,1790277743.481
12827,983.004,1790277743.597
12828,983.072,1790277743.676
12829,983.136,1790277743.756
12830,983.204,1790277743.871
12831,983.268,1790277743.951
12832,983.336,1790277744.048
12833,983.400,1790277744.106
12834,983.468,1790277744.218
12835,983.532,1790277744.299
12836,983.664,1790277744.469
12837,983.732,1790277744.559
12838,983.864,1790277744.731
12839,983.996,1790277744.887
12840,984.060,1790277745.001
12841,984.128,1790277745.092
12842,984.192,1790277745.157
12843,984.260,1790277745.267
12844,984.324,1790277745.363
12845,984.392,1790277745.427
12846,984.456,1790277745.538
12847,984.524,1790277745.639
12848,984.588,1790277745.702
12849,984.788,1790277745.990
12850,984.920,1790277746.184
12851,984.984,1790277746.247
12852,985.052,1790277746.325
12853,985.116,1790277746.430
12854,985.184,1790277746.500
12855,985.316,1790277746.691
12856,985.380,1790277746.763
12857,985.512,1790277746.962
12858,985.580,1790277747.035
12859,985.644,1790277747.116
12860,985.712,1790277747.226
12861,985.776,1790277747.296
12862,985.844,1790277747.379
12863,985.908,1790277747.490
12864,985.976,1790277747.563
12865,986.040,1790277747.656
12866,986.108,1790277747.770
12867,986.172,1790277747.852
12868,986.240,1790277747.933
12869,986.304,1790277748.049
12870,986.372,1790277748.131
12871,986.568,1790277748.409
12872,986.636,1790277748.493
12873,986.700,1790277748.557
12874,986.768,1790277748.672
12875,986.832,1790277748.758
12876,986.900,1790277748.825
12877,986.964,1790277748.927
12878,987.032,1790277749.014
12879,987.096,1790277749.074
12880,987.164,1790277749.190
12881,987.228,1790277749.274
12882,987.296,1790277749.337
12883,987.360,1790277749.457
12884,987.428,1790277749.550
12885,987.560,1790277749.724
12886,987.624,1790277749.823
12887,987.692,1790277749.893
12888,987.756,1790277750.005
12889,987.824,1790277750.106
12890,987.888,1790277750.168
12891,987.956,1790277750.288
12892,988.020,1790277750.396
12893,988.088,1790277750.466
12894,988.152,1790277750.543
12895,988.220,1790277750.652
12896,988.284,1790277750.723
12897,988.352,1790277750.806
12898,988.416,1790277750.918
12899,988.484,1790277750.993
12900,988.548,1790277751.080
12901,988.616,1790277751.192
12902,988.680,1790277751.263
12903,988.748,1790277751.338
12904,988.812,1790277751.458
12905,988.880,1790277751.536
12906,988.944,1790277751.613
12907,989.012,1790277751.740
12908,989.076,1790277751.814
12909,989.144,1790277751.895
12910,989.208,1790277752.012
12911,989.276,1790277752.092
12912,989.340,1790277752.168
12913,989.408,1790277752.286
12914,989.472,1790277752.364
12915,989.540,1790277752.449
12916,989.604,1790277752.568
12917,989.672,1790277752.652
12918,989.804,1790277752.879
12919,989.868,1790277752.963
12920,989.936,1790277753.039
12921,990.000,1790277753.103
12922,990.068,1790277753.210
12923,990.200,1790277753.354
12924,990.264,1790277753.472
12925,990.396,1790277753.641
12926,990.464,1790277753.778
12927,990.528,1790277753.871
12928,990.596,1790277753.940
12929,990.660,1790277754.065
12930,990.728,1790277754.163
12931,990.860,1790277754.332
12932,990.924,1790277754.420
12933,990.992,1790277754.488
12934,991.056,1790277754.601
12935,991.124,1790277754.713
12936,991.188,1790277754.783
12937,991.256,1790277754.911
12938,991.320,1790277755.009
12939,991.388,1790277755.075
12940,991.452,1790277755.166
12941,991.520,1790277755.282
12942,991.584,1790277755.345
12943,991.652,1790277755.434
12944,991.716,1790277755.542
12945,991.784,1790277755.609
12946,991.848,1790277755.692
12947,991.916,1790277755.812
12948,991.980,1790277755.887
12949,992.048,1790277755.971
12950,992.112,1790277756.084
12951,992.180,1790277756.157
12952,992.244,1790277756.233
12953,992.312,1790277756.355
12954,992.376,1790277756.430
12955,992.444,1790277756.515
12956,992.508,1790277756.643
12957,992.576,1790277756.729
12958,992.640,1790277756.810
12959,992.708,1790277756.928
12960,992.772,1790277757.005
12961,992.840,1790277757.093
12962,992.972,1790277757.295
12963,993.036,1790277757.383
12964,993.104,1790277757.497
12965,993.168,1790277757.583
12966,993.236,1790277757.675
12967,993.300,1790277757.735
12968,993.432,1790277757.931
12969,993.500,1790277758.000
12970,993.564,1790277758.117
12971,993.632,1790277758.204
12972,993.696,1790277758.267
12973,993.764,1790277758.391
12974,993.828,1790277758.477
12975,993.960,1790277758.650
12976,994.028,1790277758.744
12977,994.092,1790277758.806
12978,994.160,1790277758.914
12979,994.292,1790277759.078
12980,994.356,1790277759.201
12981,994.424,1790277759.294
12982,994.488,1790277759.359
12983,994.620,1790277759.562
12984,994.688,1790277759.623
12985,994.752,1790277759.693
12986,994.820,1790277759.796
12987,994.884,1790277759.858
12988,994.952,1790277759.929
12989,995.016,1790277760.029
12990,995.084,1790277760.094
12991,995.148,1790277760.176
12992,995.216,1790277760.292
12993,995.280,1790277760.361
12994,995.412,1790277760.554
12995,995.480,1790277760.629
12996,995.676,1790277760.904
12997,995.808,1790277761.112
12998,995.876,1790277761.197
12999,995.940,1790277761.277
13000,996.008,1790277761.404
13001,996.072,1790277761.481
13002,996.140,1790277761.572
13003,996.204,1790277761.691
13004,996.272,1790277761.776
13005,996.336,1790277761.855
13006,996.404,1790277761.968
13007,996.468,1790277762.053
13008,996.536,1790277762.132
13009,996.600,1790277762.196
13010,996.732,1790277762.395
13011,996.800,1790277762.460
13012,996.864,1790277762.570
13013,996.932,1790277762.675
13014,996.996,1790277762.737
13015,997.064,1790277762.851
13016,997.128,1790277762.942
13017,997.196,1790277763.006
13018,997.260,1790277763.120
13019,997.328,1790277763.213
13020,997.392,1790277763.275
13021,997.592,1790277763.540
13022,997.724,1790277763.745
13023,997.788,1790277763.813
13024,997.856,1790277763.923
13025,997.920,1790277764.018
13026,997.988,1790277764.083
13027,998.052,1790277764.162
13028,998.184,1790277764.343
13029,998.252,1790277764.418
13030,998.316,1790277764.535
13031,998.384,1790277764.603
13032,998.516,1790277764.798
13033,998.580,1790277764.871
13034,998.648,1790277764.944
13035,998.712,1790277765.063
13036,998.780,1790277765.136
13037,998.844,1790277765.220
13038,998.976,1790277765.407
13039,999.044,1790277765.492
13040,999.240,1790277765.757
13041,999.308,1790277765.874
13042,999.372,1790277765.957
13043,999.440,1790277766.033
13044,999.504,1790277766.146
13045,999.572,1790277766.234
13046,999.636,1790277766.313
13047,999.768,1790277766.519
13048,999.836,1790277766.622
13049,999.900,1790277766.682
13050,999.968,1790277766.789
13051,1000.032,1790277766.879
13052,1000.100,1790277766.942
13053,1000.164,1790277767.047
13054,1000.232,1790277767.139
13055,1000.296,1790277767.199
13056,1000.364,1790277767.314
13057,1000.496,1790277767.465
13058,1000.560,1790277767.573
13059,1000.628,1790277767.667
13060,1000.692,1790277767.729
13061,1000.760,1790277767.838
13062,1000.824,1790277767.934
13063,1000.892,1790277768.002
13064,1000.956,1790277768.114
13065,1001.024,1790277768.215
13066,1001.088,1790277768.281
13067,1001.156,1790277768.392
13068,1001.220,1790277768.490
13069,1001.288,1790277768.562
13070,1001.352,1790277768.638
13071,1001.484,1790277768.812
13072,1001.552,1790277768.888
13073,1001.616,1790277768.993
13074,1001.684,1790277769.063
13075,1001.748,1790277769.145
13076,1001.816,1790277769.270
13077,1001.880,1790277769.350
13078,1001.948,1790277769.436
13079,1002.012,1790277769.552
13080,1002.144,1790277769.698
13081,1002.276,1790277769.899
13082,1002.344,1790277769.980
13083,1002.476,1790277770.174
13084,1002.540,1790277770.261
13085,1002.608,1790277770.389
13086,1002.672,1790277770.470
13087,1002.740,1790277770.558
13088,1002.872,1790277770.758
13089,1002.936,1790277770.848
13090,1003.004,1790277770.966
13091,1003.068,1790277771.047
13092,1003.136,1790277771.127
13093,1003.200,1790277771.192
13094,1003.268,1790277771.304
13095,1003.332,1790277771.387
13096,1003.400,1790277771.455
13097,1003.464,1790277771.574
13098,1003.532,1790277771.668
13099,1003.596,1790277771.729
13100,1003.664,1790277771.849
13101,1003.728,1790277771.937
13102,1003.796,1790277772.006
13103,1003.860,1790277772.119
13104,1003.928,1790277772.206
13105,1003.992,1790277772.271
13106,1004.060,1790277772.380
13107,1004.124,1790277772.472
13108,1004.256,1790277772.646
13109,1004.324,1790277772.745
13110,1004.388,1790277772.806
13111,1004.456,1790277772.916
13112,1004.520,1790277773.011
13113,1004.588,1790277773.083
13114,1004.652,1790277773.162
13115,1004.720,1790277773.270
13116,1004.784,1790277773.339
13117,1004.852,1790277773.418
13118,1004.916,1790277773.533
13119,1004.984,1790277773.612
13120,1005.048,1790277773.693
13121,1005.116,1790277773.808
13122,1005.180,1790277773.872
13123,1005.248,1790277773.946
13124,1005.312,1790277774.068
13125,1005.380,1790277774.137
13126,1005.444,1790277774.227
13127,1005.512,1790277774.335
13128,1005.576,1790277774.413
13129,1005.644,1790277774.498
13130,1005.708,1790277774.609
13131,1005.776,1790277774.699
13132,1005.840,1790277774.781
13133,1005.908,1790277774.890
13134,1006.040,1790277775.050
13135,1006.104,1790277775.165
13136,1006.172,1790277775.250
13137,1006.236,1790277775.333
13138,1006.304,1790277775.450
13139,1006.368,1790277775.533
13140,1006.436,1790277775.614
13141,1006.500,1790277775.677
13142,1006.568,1790277775.785
13143,1006.700,1790277775.932
13144,1006.764,1790277776.037
13145,1006.832,1790277776.126
13146,1006.896,1790277776.187
13147,1006.964,1790277776.293
13148,1007.028,1790277776.375
13149,1007.096,1790277776.440
13150,1007.160,1790277776.549
13151,1007.228,1790277776.650
13152,1007.292,1790277776.717
13153,1007.360,1790277776.830
13154,1007.424,1790277776.922
13155,1007.492,1790277776.987
13156,1007.556,1790277777.092
13157,1007.688,1790277777.249
13158,1007.756,1790277777.364
13159,1007.820,1790277777.461
13160,1007.888,1790277777.530
13161,1007.952,1790277777.615
13162,1008.020,1790277777.737
13163,1008.084,1790277777.808
13164,1008.152,1790277777.899
13165,1008.216,1790277778.025
13166,1008.284,1790277778.099
13167,1008.348,1790277778.180
13168,1008.480,1790277778.387
13169,1008.548,1790277778.471
13170,1008.612,1790277778.588
13171,1008.680,1790277778.668
13172,1008.744,1790277778.742
13173,1008.812,1790277778.861
13174,1008.876,1790277778.947
13175,1008.944,1790277779.034
13176,1009.008,1790277779.149
13177,1009.076,1790277779.231
13178,1009.140,1790277779.308
13179,1009.208,1790277779.428
13180,1009.272,1790277779.511
13181,1009.340,1790277779.598
13182,1009.404,1790277779.713
13183,1009.472,1790277779.794
13184,1009.536,1790277779.872
13185,1009.604,1790277779.989
13186,1009.668,1790277780.070
13187,1009.736,1790277780.150
13188,1009.800,1790277780.211
13189,1009.868,1790277780.323
13190,1009.932,1790277780.407
13191,1010.000,1790277780.471
13192,1010.132,1790277780.675
13193,1010.196,1790277780.736
13194,1010.264,1790277780.856
13195,1010.328,1790277780.950
13196,1010.396,1790277781.014
13197,1010.460,1790277781.124
13198,1010.592,1790277781.280
13199,1010.724,1790277781.484
13200,1010.792,1790277781.549
13201,1010.856,1790277781.661
13202,1010.924,1790277781.749
13203,1010.988,1790277781.810
13204,1011.056,1790277781.915
13205,1011.120,1790277782.008
13206,1011.188,1790277782.076
13207,1011.320,1790277782.271
13208,1011.384,1790277782.336
13209,1011.452,1790277782.411
13210,1011.584,1790277782.604
13211,1011.648,1790277782.689
13212,1011.716,1790277782.802
13213,1011.780,1790277782.878
13214,1011.912,1790277783.064
13215,1011.980,1790277783.142
13216,1012.044,1790277783.223
13217,1012.112,1790277783.340
13218,1012.176,1790277783.418
13219,1012.244,1790277783.504
13220,1012.308,1790277783.620
13221,1012.376,1790277783.703
13222,1012.440,1790277783.790
13223,1012.508,1790277783.902
13224,1012.572,1790277783.978
13225,1012.640,1790277784.057
13226,1012.704,1790277784.166
13227,1012.772,1790277784.245
13228,1012.836,1790277784.329
13229,1012.968,1790277784.521
13230,1013.036,1790277784.610
13231,1013.100,1790277784.674
13232,1013.168,1790277784.787
13233,1013.232,1790277784.876
13234,1013.300,1790277784.942
13235,1013.364,1790277785.057
13236,1013.432,1790277785.153
13237,1013.496,1790277785.216
13238,1013.564,1790277785.329
13239,1013.628,1790277785.419
13240,1013.696,1790277785.486
13241,1013.828,1790277785.702
13242,1013.892,1790277785.760
13243,1014.024,1790277785.974
13244,1014.092,1790277786.042
13245,1014.156,1790277786.147
13246,1014.224,1790277786.239
13247,1014.288,1790277786.306
13248,1014.356,1790277786.422
13249,1014.420,1790277786.521
13250,1014.488,1790277786.597
13251,1014.552,1790277786.683
13252,1014.684,1790277786.863
13253,1014.752,1790277786.941
13254,1014.816,1790277787.055
13255,1014.884,1790277787.133
13256,1015.016,1790277787.347
13257,1015.080,1790277787.420
13258,1015.148,1790277787.504
13259,1015.212,1790277787.624
13260,1015.280,1790277787.711
13261,1015.344,1790277787.796
13262,1015.412,1790277787.911
13263,1015.544,1790277788.065
13264,1015.608,1790277788.184
13265,1015.676,1790277788.256
13266,1015.740,1790277788.332
13267,1015.808,1790277788.445
13268,1015.872,1790277788.520
13269,1015.940,1790277788.608
13270,1016.004,1790277788.726
13271,1016.072,1790277788.810
13272,1016.136,1790277788.895
13273,1016.204,1790277789.018
13274,1016.268,1790277789.120
13275,1016.336,1790277789.204
13276,1016.400,1790277789.265
13277,1016.468,1790277789.368
13278,1016.532,1790277789.456
13279,1016.732,1790277789.730
13280,1016.796,1790277789.791
13281,1016.864,1790277789.916
13282,1016.928,1790277790.009
13283,1016.996,1790277791.483
13284,1017.060,1790277791.613
13285,1017.128,1790277791.704
13286,1017.192,1790277791.764
13287,1017.324,1790277791.920
13288,1017.392,1790277791.987
13289,1017.456,1790277792.072
13290,1017.524,1790277792.149
13291,1017.588,1790277792.211
13292,1017.656,1790277792.298
13293,1017.720,1790277792.382
13294,1017.788,1790277792.454
13295,1017.852,1790277792.514
13296,1017.920,1790277792.598
13297,1017.984,1790277792.664
13298,1018.052,1790277792.729
13299,1018.116,1790277792.814
13300,1018.184,1790277792.882
13301,1018.248,1790277792.943
13302,1018.380,1790277793.108
13303,1018.448,1790277793.177
13304,1018.512,1790277793.281
13305,1018.580,1790277793.348
13306,1018.644,1790277793.415
13307,1018.712,1790277793.530
13308,1018.776,1790277793.597
13309,1018.844,1790277793.675
13310,1018.976,1790277793.856
13311,1019.040,1790277793.928
13312,1019.108,1790277794.033
13313,1019.172,1790277794.108
13314,1019.240,1790277794.186
13315,1019.304,1790277794.298
13316,1019.436,1790277794.464
13317,1019.568,1790277794.661
13318,1019.636,1790277794.752
13319,1019.700,1790277794.810
13320,1019.768,1790277794.920
13321,1019.832,1790277795.015
13322,1019.900,1790277795.082
13323,1019.964,1790277795.196
13324,1020.032,1790277795.300
13325,1020.164,1790277795.527
13326,1020.228,1790277795.642
13327,1020.296,1790277795.714
13328,1020.360,1790277795.826
13329,1020.428,1790277795.929
13330,1020.492,1790277795.994
13331,1020.624,1790277796.239
13332,1020.692,1790277796.309
13333,1020.824,1790277796.580
13334,1020.956,1790277796.780
13335,1021.020,1790277796.886
13336,1021.088,1790277796.958
13337,1021.152,1790277797.042
13338,1021.220,1790277797.167
13339,1021.284,1790277797.243
13340,1021.352,1790277797.336
13341,1021.416,1790277797.449
13342,1021.616,1790277797.715
13343,1021.680,1790277797.785
13344,1021.748,1790277797.856
13345,1021.812,1790277797.975
13346,1021.880,1790277798.048
13347,1021.944,1790277798.125
13348,1022.012,1790277798.243
13349,1022.076,1790277798.318
13350,1022.144,1790277798.401
13351,1022.208,1790277798.520
13352,1022.340,1790277798.688
13353,1022.408,1790277798.814
13354,1022.472,1790277798.893
13355,1022.540,1790277798.978
13356,1022.604,1790277799.094
13357,1022.672,1790277799.181
13358,1022.736,1790277799.266
13359,1022.804,1790277799.385
13360,1022.868,1790277799.477
13361,1022.936,1790277799.561
13362,1023.000,1790277799.620
13363,1023.068,1790277799.731
13364,1023.132,1790277799.817
13365,1023.200,1790277799.881
13366,1023.264,1790277799.998
13367,1023.332,1790277800.084
13368,1023.396,1790277800.146
13369,1023.464,1790277800.256
13370,1023.528,1790277800.345
13371,1023.596,1790277800.418
13372,1023.660,1790277800.546
13373,1023.728,1790277800.639
13374,1023.792,1790277800.705
13375,1023.860,1790277800.814
13376,1023.992,1790277800.965
13377,1024.056,1790277801.078
13378,1024.124,1790277801.175
13379,1024.188,1790277801.237
13380,1024.256,1790277801.341
13381,1024.320,1790277801.444
13382,1024.388,1790277801.510
13383,1024.452,1790277801.591
13384,1024.520,1790277801.695
13385,1024.584,1790277801.769
13386,1024.652,1790277801.860
13387,1024.716,1790277801.972
13388,1024.784,1790277802.040
13389,1024.848,1790277802.115
13390,1024.916,1790277802.229
13391,1024.980,1790277802.304
13392,1025.048,1790277802.387
13393,1025.112,1790277802.530
13394,1025.180,1790277802.610
13395,1025.244,1790277802.695
13396,1025.376,1790277802.897
13397,1025.444,1790277802.980
13398,1025.508,1790277803.106
13399,1025.576,1790277803.195
13400,1025.640,1790277803.282
13401,1025.708,1790277803.401
13402,1025.772,1790277803.484
13403,1025.840,1790277803.559
13404,1025.904,1790277803.678
13405,1025.972,1790277803.759
13406,1026.036,1790277803.853
13407,1026.104,1790277803.966
13408,1026.168,1790277804.049
13409,1026.236,1790277804.134
13410,1026.300,1790277804.197
13411,1026.368,1790277804.320
13412,1026.432,1790277804.409
13413,1026.500,1790277804.475
13414,1026.564,1790277804.588
13415,1026.632,1790277804.679
13416,1026.696,1790277804.746
13417,1026.828,1790277804.958
13418,1026.896,1790277805.022
13419,1026.960,1790277805.134
13420,1027.028,1790277805.231
13421,1027.092,1790277805.293
13422,1027.160,1790277805.401
13423,1027.224,1790277805.497
13424,1027.292,1790277805.561
13425,1027.356,1790277805.670
13426,1027.424,1790277805.770
13427,1027.488,1790277805.832
13428,1027.556,1790277805.941
13429,1027.620,1790277806.040
13430,1027.752,1790277806.171
13431,1027.820,1790277806.274
13432,1027.884,1790277806.339
13433,1027.952,1790277806.417
13434,1028.016,1790277806.535
13435,1028.084,1790277806.610
13436,1028.148,1790277806.694
13437,1028.348,1790277806.979
13438,1028.412,1790277807.092
13439,1028.480,1790277807.168
13440,1028.612,1790277807.371
13441,1028.676,1790277807.452
13442,1028.744,1790277807.537
13443,1028.808,1790277807.654
13444,1028.876,1790277807.732
13445,1028.940,1790277807.813
13446,1029.072,1790277808.013
13447,1029.140,1790277808.093
13448,1029.272,1790277808.282
13449,1029.336,1790277808.365
13450,1029.404,1790277808.489
13451,1029.468,1790277808.571
13452,1029.536,1790277808.656
13453,1029.668,1790277808.828
13454,1029.732,1790277808.913
13455,1029.800,1790277808.980
13456,1029.864,1790277809.086
13457,1029.932,1790277809.169
13458,1029.996,1790277809.231
13459,1030.064,1790277809.345
13460,1030.128,1790277809.435
13461,1030.196,1790277809.500
13462,1030.260,1790277809.619
13463,1030.392,1790277809.779
13464,1030.460,1790277809.888
13465,1030.524,1790277809.975
13466,1030.656,1790277810.157
13467,1030.724,1790277810.265
13468,1030.788,1790277810.327
13469,1030.856,1790277810.449
13470,1030.988,1790277810.610
13471,1031.052,1790277810.688
13472,1031.120,1790277810.795
13473,1031.184,1790277810.873
13474,1031.252,1790277810.955
13475,1031.316,1790277811.078
13476,1031.384,1790277811.157
13477,1031.448,1790277811.243
13478,1031.516,1790277811.379
13479,1031.580,1790277811.458
13480,1031.648,1790277811.552
13481,1031.712,1790277811.676
13482,1031.780,1790277811.757
13483,1031.844,1790277811.836
13484,1031.912,1790277811.953
13485,1031.976,1790277812.031
13486,1032.044,1790277812.110
13487,1032.108,1790277812.232
13488,1032.176,1790277812.301
13489,1032.240,1790277812.377
13490,1032.308,1790277812.490
13491,1032.372,1790277812.575
13492,1032.440,1790277812.657
13493,1032.504,1790277812.781
13494,1032.572,1790277812.869
13495,1032.636,1790277812.952
13496,1032.704,1790277813.063
13497,1032.768,1790277813.149
13498,1032.836,1790277813.236
13499,1032.900,1790277813.294
13500,1033.032,1790277813.506
13501,1033.100,1790277813.576
13502,1033.164,1790277813.688
13503,1033.232,1790277813.778
13504,1033.296,1790277813.843
13505,1033.364,1790277813.952
13506,1033.428,1790277814.037
13507,1033.496,1790277814.100
13508,1033.560,1790277814.210
13509,1033.628,1790277814.306
13510,1033.692,1790277814.368
13511,1033.824,1790277814.566
13512,1033.892,1790277814.633
13513,1033.956,1790277814.748
13514,1034.024,1790277814.843
13515,1034.088,1790277814.906
13516,1034.156,1790277815.027
13517,1034.220,1790277815.125
13518,1034.288,1790277815.204
13519,1034.352,1790277815.278
13520,1034.420,1790277815.383
13521,1034.484,1790277815.462
13522,1034.616,1790277815.640
13523,1034.684,1790277815.709
13524,1034.748,1790277815.787
13525,1034.816,1790277815.912
13526,1034.880,1790277815.981
13527,1034.948,1790277816.058
13528,1035.012,1790277816.177
13529,1035.080,1790277816.254
13530,1035.144,1790277816.325
13531,1035.212,1790277816.442
13532,1035.276,1790277816.511
13533,1035.344,1790277816.591
13534,1035.408,1790277816.708
13535,1035.540,1790277816.861
13536,1035.608,1790277816.978
13537,1035.672,1790277817.056
13538,1035.740,1790277817.140
13539,1035.804,1790277817.258
13540,1035.872,1790277817.335
13541,1035.936,1790277817.424
13542,1036.004,1790277817.541
13543,1036.068,1790277817.625
13544,1036.136,1790277817.713
13545,1036.268,1790277817.888
13546,1036.332,1790277817.984
13547,1036.400,1790277818.049
13548,1036.464,1790277818.154
13549,1036.532,1790277818.247
13550,1036.596,1790277818.308
13551,1036.664,1790277818.427
13552,1036.728,1790277818.516
13553,1036.860,1790277818.694
13554,1036.928,1790277818.790
13555,1036.992,1790277818.854
13556,1037.060,1790277818.968
13557,1037.192,1790277819.119
13558,1037.256,1790277819.238
13559,1037.324,1790277819.336
13560,1037.520,1790277819.604
13561,1037.588,1790277819.678
13562,1037.652,1790277819.758
13563,1037.720,1790277819.870
13564,1037.784,1790277819.945
13565,1037.916,1790277820.134
13566,1037.984,1790277820.205
13567,1038.048,1790277820.273
13568,1038.248,1790277820.541
13569,1038.312,1790277820.663
13570,1038.380,1790277820.746
13571,1038.444,1790277820.829
13572,1038.576,1790277821.031
13573,1038.644,1790277821.116
13574,1038.708,1790277821.241
13575,1038.776,1790277821.318
13576,1038.840,1790277821.402
13577,1038.908,1790277821.519
13578,1038.972,1790277821.593
13579,1039.040,1790277821.677
13580,1039.172,1790277821.871
13581,1039.236,1790277821.951
13582,1039.500,1790277822.291
13583,1039.568,1790277822.424
13584,1039.764,1790277822.691
13585,1039.832,1790277822.777
13586,1039.896,1790277822.835
13587,1039.964,1790277822.937
13588,1040.028,1790277823.022
13589,1040.096,1790277823.088
13590,1040.160,1790277823.196
13591,1040.228,1790277823.287
13592,1040.292,1790277823.347
13593,1040.360,1790277823.461
13594,1040.424,1790277823.550
13595,1040.492,1790277823.613
13596,1040.556,1790277823.721
13597,1040.624,1790277823.822
13598,1040.688,1790277823.882
13599,1040.756,1790277823.992
13600,1040.820,1790277824.094
13601,1040.888,1790277824.156
13602,1040.952,1790277824.240
13603,1041.152,1790277824.496
13604,1041.216,1790277824.604
13605,1041.284,1790277824.678
13606,1041.348,1790277824.758
13607,1041.416,1790277824.873
13608,1041.480,1790277824.949
13609,1041.548,1790277825.023
13610,1041.612,1790277825.134
13611,1041.680,1790277825.209
13612,1041.744,1790277825.299
13613,1041.812,1790277825.412
13614,1041.876,1790277825.497
13615,1041.944,1790277825.574
13616,1042.008,1790277825.685
13617,1042.076,1790277825.762
13618,1042.140,1790277825.849
13619,1042.208,1790277825.961
13620,1042.340,1790277826.136
13621,1042.404,1790277826.256
13622,1042.472,1790277826.345
13623,1042.536,1790277826.425
13624,1042.604,1790277826.538
13625,1042.668,1790277826.617
13626,1042.868,1790277826.874
13627,1042.932,1790277826.960
13628,1043.000,1790277827.025
13629,1043.064,1790277827.130
13630,1043.132,1790277827.215
13631,1043.196,1790277827.275
13632,1043.328,1790277827.498
13633,1043.396,1790277827.571
13634,1043.460,1790277827.682
13635,1043.592,1790277827.831
13636,1043.792,1790277828.101
13637,1043.856,1790277828.214
13638,1043.924,1790277828.309
13639,1043.988,1790277828.375
13640,1044.056,1790277828.498
13641,1044.120,1790277828.601
13642,1044.188,1790277828.667
13643,1044.252,1790277828.750
13644,1044.320,1790277828.853
13645,1044.384,1790277828.925
13646,1044.452,1790277829.006
13647,1044.516,1790277829.116
13648,1044.584,1790277829.190
13649,1044.648,1790277829.270
13650,1044.716,1790277829.387
13651,1044.780,1790277829.462
13652,1044.912,1790277829.652
13653,1044.980,1790277829.726
13654,1045.044,1790277829.803
13655,1045.112,1790277829.918
13656,1045.176,1790277829.997
13657,1045.244,1790277830.075
13658,1045.308,1790277830.183
13659,1045.376,1790277830.267
13660,1045.440,1790277830.341
13661,1045.508,1790277830.462
13662,1045.572,1790277830.540
13663,1045.640,1790277830.643
13664,1045.704,1790277830.754
13665,1045.772,1790277830.841
13666,1045.836,1790277830.923
13667,1045.904,1790277831.036
13668,1045.968,1790277831.118
13669,1046.036,1790277831.207
13670,1046.100,1790277831.270
13671,1046.168,1790277831.390
13672,1046.232,1790277831.474
13673,1046.300,1790277831.538
13674,1046.364,1790277831.655
13675,1046.432,1790277831.739
13676,1046.496,1790277831.798
13677,1046.564,1790277831.904
13678,1046.628,1790277831.990
13679,1046.696,1790277832.056
13680,1046.760,1790277832.164
13681,1046.828,1790277832.254
13682,1046.892,1790277832.318
13683,1046.960,1790277832.428
13684,1047.024,1790277832.516
13685,1047.092,1790277832.579
13686,1047.156,1790277832.700
13687,1047.224,1790277832.796
13688,1047.288,1790277832.857
13689,1047.356,1790277832.964
13690,1047.420,1790277833.066
13691,1047.488,1790277833.127
13692,1047.552,1790277833.203
13693,1047.620,1790277833.310
13694,1047.684,1790277833.374
13695,1047.752,1790277833.457
13696,1047.816,1790277833.559
13697,1047.884,1790277833.623
13698,1047.948,1790277833.703
13699,1048.016,1790277833.824
13700,1048.080,1790277833.889
13701,1048.148,1790277833.966
13702,1048.212,1790277834.087
13703,1048.344,1790277834.239
13704,1048.412,1790277834.354
13705,1048.476,1790277834.437
13706,1048.544,1790277834.511
13707,1048.676,1790277834.706
13708,1048.740,1790277834.794
13709,1048.808,1790277834.906
13710,1048.872,1790277834.987
13711,1048.940,1790277835.078
13712,1049.004,1790277835.191
13713,1049.072,1790277835.268
13714,1049.136,1790277835.354
13715,1049.204,1790277835.464
13716,1049.336,1790277835.641
13717,1049.400,1790277835.704
13718,1049.468,1790277835.818
13719,1049.532,1790277835.910
13720,1049.600,1790277835.975
13721,1049.664,1790277836.083
13722,1049.732,1790277836.173
13723,1049.796,1790277836.238
13724,1049.864,1790277836.349
13725,1049.928,1790277836.440
13726,1049.996,1790277836.504
13727,1050.060,1790277836.612
13728,1050.192,1790277836.767
13729,1050.260,1790277836.875
13730,1050.324,1790277836.962
13731,1050.392,1790277837.025
13732,1050.456,1790277837.138
13733,1050.524,1790277837.232
13734,1050.588,1790277837.294
13735,1050.720,1790277837.509
13736,1050.920,1790277837.759
13737,1050.984,1790277837.821
13738,1051.052,1790277837.900
13739,1051.116,1790277838.004
13740,1051.184,1790277838.071
13741,1051.248,1790277838.155
13742,1051.316,1790277838.282
13743,1051.448,1790277838.433
13744,1051.512,1790277838.548
13745,1051.644,1790277838.703
13746,1051.712,1790277838.817
13747,1051.776,1790277838.898
13748,1051.844,1790277838.974
13749,1051.976,1790277839.165
13750,1052.040,1790277839.244
13751,1052.172,1790277839.437
13752,1052.240,1790277839.524
13753,1052.304,1790277839.634
13754,1052.372,1790277839.716
13755,1052.436,1790277839.797
13756,1052.504,1790277839.923
13757,1052.568,1790277840.002
13758,1052.636,1790277840.081
13759,1052.700,1790277840.143
13760,1052.768,1790277840.254
13761,1052.832,1790277840.336
13762,1052.900,1790277840.401
13763,1052.964,1790277840.506
13764,1053.032,1790277840.594
13765,1053.096,1790277840.657
13766,1053.164,1790277840.772
13767,1053.296,1790277840.924
13768,1053.360,1790277841.036
13769,1053.428,1790277841.122
13770,1053.492,1790277841.181
13771,1053.624,1790277841.378
13772,1053.692,1790277841.443
13773,1053.756,1790277841.555
13774,1053.824,1790277841.646
13775,1053.888,1790277841.717
13776,1053.956,1790277841.832
13777,1054.088,1790277842.013
13778,1054.152,1790277842.088
13779,1054.220,1790277842.199
13780,1054.352,1790277842.338
13781,1054.416,1790277842.457
13782,1054.484,1790277842.524
13783,1054.548,1790277842.603
13784,1054.680,1790277842.792
13785,1054.748,1790277842.875
13786,1054.812,1790277842.993
13787,1054.880,1790277843.078
13788,1054.944,1790277843.152
13789,1055.012,1790277843.279
13790,1055.076,1790277843.344
13791,1055.144,1790277843.420
13792,1055.276,1790277843.621
13793,1055.340,1790277843.696
13794,1055.408,1790277843.810
13795,1055.472,1790277843.884
13796,1055.540,1790277843.966
13797,1055.736,1790277844.257
13798,1055.804,1790277844.376
13799,1055.868,1790277844.456
13800,1055.936,1790277844.546
13801,1056.000,1790277844.607
13802,1056.068,1790277844.722
13803,1056.132,1790277844.810
13804,1056.200,1790277844.875
13805,1056.264,1790277845.001
13806,1056.332,1790277845.095
13807,1056.396,1790277845.157
13808,1056.464,1790277845.257
13809,1056.528,1790277845.347
13810,1056.660,1790277845.536
13811,1056.728,1790277845.624
13812,1056.860,1790277845.790
13813,1056.924,1790277845.883
13814,1056.992,1790277845.948
13815,1057.056,1790277846.062
13816,1057.124,1790277846.171
13817,1057.188,1790277846.228
13818,1057.256,1790277846.338
13819,1057.388,1790277846.509
13820,1057.452,1790277846.580
13821,1057.584,1790277846.756
13822,1057.652,1790277846.842
13823,1057.716,1790277846.949
13824,1057.784,1790277847.017
13825,1057.848,1790277847.093
13826,1057.980,1790277847.296
13827,1058.048,1790277847.379
13828,1058.112,1790277847.498
13829,1058.180,1790277847.567
13830,1058.244,1790277847.643
13831,1058.312,1790277847.763
13832,1058.444,1790277847.911
13833,1058.508,1790277848.030
13834,1058.576,1790277848.109
13835,1058.640,1790277848.191
13836,1058.708,1790277848.303
13837,1058.772,1790277848.379
13838,1058.840,1790277848.466
13839,1058.904,1790277848.583
13840,1059.036,1790277848.758
13841,1059.104,1790277848.868
13842,1059.236,1790277849.039
13843,1059.300,1790277849.100
13844,1059.368,1790277849.219
13845,1059.432,1790277849.307
13846,1059.500,1790277849.372
13847,1059.564,1790277849.490
13848,1059.632,1790277849.584
13849,1059.696,1790277849.647
13850,1059.764,1790277849.754
13851,1059.828,1790277849.845
13852,1059.896,1790277849.910
13853,1059.960,1790277850.017
13854,1060.028,1790277850.109
13855,1060.160,1790277850.296
13856,1060.224,1790277850.380
13857,1060.424,1790277850.645
13858,1060.488,1790277850.707
13859,1060.620,1790277850.915
13860,1060.688,1790277850.978
13861,1060.752,1790277851.057
13862,1060.884,1790277851.238
13863,1060.952,1790277851.318
13864,1061.016,1790277851.430
13865,1061.084,1790277851.502
13866,1061.148,1790277851.589
13867,1061.216,1790277851.708
13868,1061.280,1790277851.782
13869,1061.348,1790277851.849
13870,1061.480,1790277852.033
13871,1061.544,1790277852.103
13872,1061.612,1790277852.219
13873,1061.676,1790277852.296
13874,1061.744,1790277852.386
13875,1061.808,1790277852.509
13876,1061.876,1790277852.593
13877,1061.940,1790277852.678
13878,1062.008,1790277852.803
13879,1062.072,1790277852.890
13880,1062.140,1790277852.977
13881,1062.204,1790277853.103
13882,1062.272,1790277853.192
13883,1062.336,1790277853.287
13884,1062.404,1790277853.432
13885,1062.468,1790277853.518
13886,1062.536,1790277853.602
13887,1062.600,1790277853.665
13888,1062.668,1790277853.767
13889,1062.732,1790277853.846
13890,1062.800,1790277853.912
13891,1062.864,1790277854.025
13892,1062.932,1790277854.117
13893,1063.064,1790277854.296
13894,1063.128,1790277854.391
13895,1063.196,1790277854.458
13896,1063.260,1790277854.582
13897,1063.392,1790277854.739
13898,1063.460,1790277854.851
13899,1063.524,1790277854.942
13900,1063.592,1790277855.009
13901,1063.656,1790277855.122
13902,1063.724,1790277855.225
13903,1063.856,1790277855.404
13904,1063.988,1790277855.570
13905,1064.052,1790277855.646
13906,1064.120,1790277855.751
13907,1064.184,1790277855.816
13908,1064.252,1790277855.888
13909,1064.316,1790277855.991
13910,1064.384,1790277856.062
13911,1064.448,1790277856.139
13912,1064.516,1790277856.255
13913,1064.580,1790277856.323
13914,1064.648,1790277856.394
13915,1064.712,1790277856.515
13916,1064.780,1790277856.591
13917,1064.844,1790277856.662
13918,1064.912,1790277856.772
13919,1064.976,1790277856.845
13920,1065.044,1790277856.922
13921,1065.108,1790277857.042
13922,1065.176,1790277857.122
13923,1065.240,1790277857.197
13924,1065.308,1790277857.317
13925,1065.372,1790277857.393
13926,1065.440,1790277857.483
13927,1065.504,1790277857.599
13928,1065.572,1790277857.678
13929,1065.636,1790277857.761
13930,1065.704,1790277857.887
13931,1065.768,1790277857.970
13932,1065.836,1790277858.060
13933,1065.900,1790277858.122
13934,1066.032,1790277858.326
13935,1066.100,1790277858.388
13936,1066.164,1790277858.495
13937,1066.232,1790277858.590
13938,1066.296,1790277858.648
13939,1066.428,1790277858.848
13940,1066.496,1790277858.913
13941,1066.560,1790277859.027
13942,1066.628,1790277859.123
13943,1066.692,1790277859.183
13944,1066.760,1790277859.294
13945,1066.824,1790277859.387
13946,1066.892,1790277859.450
13947,1066.956,1790277859.573
13948,1067.024,1790277859.667
13949,1067.088,1790277859.728
13950,1067.156,1790277859.841
13951,1067.220,1790277859.937
13952,1067.288,1790277860.002
13953,1067.352,1790277860.076
13954,1067.420,1790277860.192
13955,1067.484,1790277860.256
13956,1067.552,1790277860.336
13957,1067.616,1790277860.436
13958,1067.684,1790277860.504
13959,1067.748,1790277860.572
13960,1067.816,1790277860.684
13961,1067.880,1790277860.758
13962,1067.948,1790277860.832
13963,1068.012,1790277860.949
13964,1068.080,1790277861.023
13965,1068.144,1790277861.104
13966,1068.212,1790277861.217
13967,1068.276,1790277861.290
13968,1068.344,1790277861.366
13969,1068.476,1790277861.564
13970,1068.540,1790277861.643
13971,1068.608,1790277861.753
13972,1068.672,1790277861.832
13973,1068.740,1790277861.910
13974,1068.804,1790277862.020
13975,1068.872,1790277862.112
13976,1068.936,1790277862.194
13977,1069.004,1790277862.305
13978,1069.068,1790277862.392
13979,1069.136,1790277862.478
13980,1069.200,1790277862.538
13981,1069.268,1790277862.646
13982,1069.332,1790277862.741
13983,1069.400,1790277862.805
13984,1069.464,1790277862.912
13985,1069.532,1790277862.998
13986,1069.596,1790277863.060
13987,1069.664,1790277863.189
13988,1069.728,1790277863.275
13989,1069.796,1790277863.342
13990,1069.860,1790277863.479
13991,1069.992,1790277863.662
13992,1070.060,1790277863.792
13993,1070.192,1790277863.976
13994,1070.256,1790277864.108
13995,1070.324,1790277864.214
13996,1070.388,1790277864.290
13997,1070.456,1790277864.413
13998,1070.520,1790277864.524
13999,1070.652,1790277864.694
14000,1070.784,1790277864.905
14001,1070.852,1790277864.994
14002,1070.916,1790277865.127
14003,1070.984,1790277865.208
14004,1071.048,1790277865.291
14005,1071.116,1790277865.420
14006,1071.180,1790277865.498
14007,1071.248,1790277865.587
14008,1071.312,1790277865.716
14009,1071.380,1790277865.804
14010,1071.512,1790277866.021
14011,1071.576,1790277866.109
14012,1071.644,1790277866.193
14013,1071.776,1790277866.414
14014,1071.908,1790277866.630
14015,1071.972,1790277866.719
14016,1072.040,1790277866.815
14017,1072.104,1790277866.952
14018,1072.172,1790277867.040
14019,1072.236,1790277867.132
14020,1072.304,1790277867.260
14021,1072.436,1790277867.449
14022,1072.500,1790277867.514
14023,1072.568,1790277867.640
14024,1072.700,1790277867.801
14025,1072.764,1790277867.934
14026,1072.832,1790277868.025
14027,1072.896,1790277868.098
14028,1072.964,1790277868.223
14029,1073.028,1790277868.319
14030,1073.096,1790277868.389
14031,1073.160,1790277868.515
14032,1073.228,1790277868.626
14033,1073.360,1790277868.833
14034,1073.424,1790277868.937
14035,1073.624,1790277869.255
14036,1073.688,1790277869.324
14037,1073.756,1790277869.464
14038,1073.820,1790277869.568
14039,1073.888,1790277869.642
14040,1073.952,1790277869.728
14041,1074.020,1790277869.847
14042,1074.084,1790277869.930
14043,1074.152,1790277870.022
14044,1074.216,1790277870.145
14045,1074.284,1790277870.227
14046,1074.348,1790277870.310
14047,1074.416,1790277870.454
14048,1074.480,1790277870.534
14049,1074.548,1790277870.620
14050,1074.612,1790277870.743
14051,1074.680,1790277870.826
14052,1074.744,1790277870.916
14053,1074.812,1790277871.056
14054,1074.876,1790277871.137
14055,1074.944,1790277871.216
14056,1075.008,1790277871.339
14057,1075.076,1790277871.421
14058,1075.140,1790277871.503
14059,1075.208,1790277871.619
14060,1075.272,1790277871.699
14061,1075.340,1790277871.788
14062,1075.472,1790277871.993
14063,1075.536,1790277872.071
14064,1075.604,1790277872.187
14065,1075.668,1790277872.276
14066,1075.736,1790277872.371
14067,1075.800,1790277872.435
14068,1075.868,1790277872.554
14069,1075.932,1790277872.650
14070,1076.000,1790277872.718
14071,1076.064,1790277872.839
14072,1076.132,1790277872.937
14073,1076.196,1790277873.018
14074,1076.264,1790277873.152
14075,1076.396,1790277873.308
14076,1076.660,1790277873.718
14077,1076.724,1790277873.812
14078,1076.792,1790277873.880
14079,1076.856,1790277874.006
14080,1076.924,1790277874.117
14081,1076.988,1790277874.187
14082,1077.056,1790277874.317
14083,1077.120,1790277874.422
14084,1077.188,1790277874.494
14085,1077.252,1790277874.572
14086,1077.320,1790277874.694
14087,1077.384,1790277874.770
14088,1077.452,1790277874.857
14089,1077.516,1790277874.975
14090,1077.584,1790277875.046
14091,1077.648,1790277875.132
14092,1077.716,1790277875.246
14093,1077.780,1790277875.326
14094,1077.912,1790277875.532
14095,1077.980,1790277875.612
14096,1078.044,1790277875.692
14097,1078.112,1790277875.812
14098,1078.244,1790277875.977
14099,1078.308,1790277876.100
14100,1078.376,1790277876.179
14101,1078.440,1790277876.268
14102,1078.508,1790277876.392
14103,1078.640,1790277876.563
14104,1078.704,1790277876.686
14105,1078.772,1790277876.774
14106,1078.836,1790277876.863
14107,1078.904,1790277876.982
14108,1078.968,1790277877.070
14109,1079.036,1790277877.166
14110,1079.100,1790277877.239
14111,1079.168,1790277877.365
14112,1079.232,1790277877.451
14113,1079.300,1790277877.522
14114,1079.364,1790277877.643
14115,1079.496,1790277877.804
14116,1079.564,1790277877.919
14117,1079.628,1790277878.003
14118,1079.696,1790277878.070
14119,1079.760,1790277878.178
14120,1079.892,1790277878.328
14121,1079.960,1790277878.451
14122,1080.024,1790277878.552
14123,1080.092,1790277878.616
14124,1080.156,1790277878.721
14125,1080.488,1790277879.181
14126,1080.684,1790277879.465
14127,1080.752,1790277879.542
14128,1080.816,1790277879.671
14129,1080.884,1790277879.750
14130,1080.948,1790277879.831
14131,1081.016,1790277879.945
14132,1081.080,1790277880.017
14133,1081.148,1790277880.095
14134,1081.212,1790277880.209
14135,1081.280,1790277880.279
14136,1081.344,1790277880.358
14137,1081.412,1790277880.478
14138,1081.476,1790277880.551
14139,1081.544,1790277880.628
14140,1081.608,1790277880.740
14141,1081.676,1790277880.823
14142,1081.740,1790277880.901
14143,1081.872,1790277881.105
14144,1082.004,1790277881.309
14145,1082.072,1790277881.385
14146,1082.136,1790277881.471
14147,1082.204,1790277881.582
14148,1082.268,1790277881.661
14149,1082.336,1790277881.755
14150,1082.400,1790277881.817
14151,1082.468,1790277881.920
14152,1082.532,1790277882.008
14153,1082.600,1790277882.068
14154,1082.732,1790277882.270
14155,1082.864,1790277882.438
14156,1082.928,1790277882.524
14157,1083.060,1790277882.699
14158,1083.128,1790277882.796
14159,1083.192,1790277882.856
14160,1083.324,1790277883.067
14161,1083.392,1790277883.133
14162,1083.456,1790277883.244
14163,1083.524,1790277883.339
14164,1083.588,1790277883.398
14165,1083.656,1790277883.511
14166,1083.720,1790277883.608
14167,1083.788,1790277883.677
14168,1083.852,1790277883.755
14169,1083.920,1790277883.876
14170,1083.984,1790277883.944
14171,1084.052,1790277884.026
14172,1084.116,1790277884.129
14173,1084.184,1790277884.197
14174,1084.248,1790277884.269
14175,1084.316,1790277884.385
14176,1084.380,1790277884.461
14177,1084.448,1790277884.539
14178,1084.512,1790277884.652
14179,1084.580,1790277884.725
14180,1084.712,1790277884.904
14181,1084.776,1790277884.978
14182,1084.844,1790277885.068
14183,1084.976,1790277885.254
14184,1085.040,1790277885.339
14185,1085.108,1790277885.455
14186,1085.240,1790277885.616
14187,1085.304,1790277885.731
14188,1085.372,1790277885.816
14189,1085.504,1790277886.014
14190,1085.568,1790277886.092
14191,1085.636,1790277886.179
14192,1085.700,1790277886.243
14193,1085.768,1790277886.354
14194,1085.832,1790277886.439
14195,1085.900,1790277886.503
14196,1085.964,1790277886.606
14197,1086.032,1790277886.691
14198,1086.164,1790277886.851
14199,1086.228,1790277886.946
14200,1086.296,1790277887.016
14201,1086.360,1790277887.132
14202,1086.428,1790277887.225
14203,1086.492,1790277887.288
14204,1086.560,1790277887.388
14205,1086.692,1790277887.556
14206,1086.756,1790277887.672
14207,1086.888,1790277887.838
14208,1086.956,1790277887.947
14209,1087.020,1790277888.042
14210,1087.088,1790277888.111
14211,1087.152,1790277888.183
14212,1087.284,1790277888.340
14213,1087.352,1790277888.410
14214,1087.484,1790277888.585
14215,1087.548,1790277888.663
14216,1087.616,1790277888.775
14217,1087.680,1790277888.847
14218,1087.748,1790277888.914
14219,1087.880,1790277889.115
14220,1087.944,1790277889.188
14221,1088.012,1790277889.299
14222,1088.076,1790277889.375
14223,1088.144,1790277889.458
14224,1088.208,1790277889.582
14225,1088.276,1790277889.658
14226,1088.340,1790277889.736
14227,1088.408,1790277889.851
14228,1088.472,1790277889.923
14229,1088.540,1790277890.007
14230,1088.604,1790277890.121
14231,1088.736,1790277890.294
14232,1088.868,1790277890.489
14233,1088.936,1790277890.588
14234,1089.000,1790277890.655
14235,1089.068,1790277890.765
14236,1089.132,1790277890.852
14237,1089.200,1790277890.918
14238,1089.264,1790277891.032
14239,1089.332,1790277891.118
14240,1089.396,1790277891.183
14241,1089.464,1790277891.293
14242,1089.528,1790277891.369
14243,1089.596,1790277891.436
14244,1089.660,1790277891.548
14245,1089.728,1790277891.649
14246,1089.792,1790277891.713
14247,1089.860,1790277891.811
14248,1089.924,1790277891.899
14249,1090.056,1790277892.086
14250,1090.124,1790277892.179
14251,1090.188,1790277892.248
14252,1090.256,1790277892.356
14253,1090.320,1790277892.459
14254,1090.388,1790277892.530
14255,1090.452,1790277892.599
14256,1090.520,1790277892.714
14257,1090.584,1790277892.790
14258,1090.652,1790277892.864
14259,1090.716,1790277892.989
14260,1090.784,1790277893.063
14261,1090.848,1790277893.153
14262,1090.916,1790277893.278
14263,1090.980,1790277893.361
14264,1091.048,1790277893.445
14265,1091.112,1790277893.566
14266,1091.180,1790277893.653
14267,1091.244,1790277893.728
14268,1091.312,1790277893.840
14269,1091.376,1790277893.914
14270,1091.444,1790277893.988
14271,1091.508,1790277894.103
14272,1091.576,1790277894.184
14273,1091.640,1790277894.259
14274,1091.708,1790277894.370
14275,1091.772,1790277894.447
14276,1091.840,1790277894.530
14277,1091.904,1790277894.644
14278,1091.972,1790277894.728
14279,1092.036,1790277894.811
14280,1092.104,1790277894.927
14281,1092.236,1790277895.095
14282,1092.300,1790277895.154
14283,1092.368,1790277895.272
14284,1092.432,1790277895.361
14285,1092.764,1790277895.810
14286,1092.828,1790277895.908
14287,1092.896,1790277895.972
14288,1092.960,1790277896.082
14289,1093.028,1790277896.170
14290,1093.092,1790277896.237
14291,1093.160,1790277896.347
14292,1093.224,1790277896.445
14293,1093.292,1790277896.512
14294,1093.356,1790277896.622
14295,1093.424,1790277896.720
14296,1093.488,1790277896.784
14297,1093.556,1790277896.893
14298,1093.688,1790277897.056
14299,1093.752,1790277897.133
14300,1093.820,1790277897.247
14301,1093.884,1790277897.316
14302,1093.952,1790277897.396
14303,1094.016,1790277897.512
14304,1094.084,1790277897.592
14305,1094.148,1790277897.658
14306,1094.216,1790277897.776
14307,1094.280,1790277897.841
14308,1094.348,1790277897.924
14309,1094.412,1790277898.040
14310,1094.480,1790277898.120
14311,1094.544,1790277898.198
14312,1094.612,1790277898.318
14313,1094.676,1790277898.395
14314,1094.744,1790277898.490
14315,1094.876,1790277898.692
14316,1094.940,1790277898.774
14317,1095.008,1790277898.897
14318,1095.072,1790277898.969
14319,1095.140,1790277899.055
14320,1095.272,1790277899.253
14321,1095.336,1790277899.342
14322,1095.468,1790277899.538
14323,1095.536,1790277899.626
14324,1095.600,1790277899.690
14325,1095.668,1790277899.803
14326,1095.732,1790277899.905
14327,1095.800,1790277899.968
14328,1095.864,1790277900.077
14329,1095.932,1790277900.174
14330,1095.996,1790277900.233
14331,1096.128,1790277900.455
14332,1096.196,1790277900.524
14333,1096.260,1790277900.631
14334,1096.328,1790277900.723
14335,1096.392,1790277900.786
14336,1096.524,1790277900.996
14337,1096.592,1790277901.062
14338,1096.656,1790277901.186
14339,1096.724,1790277901.288
14340,1096.856,1790277901.490
14341,1096.920,1790277901.593
14342,1096.988,1790277901.659
14343,1097.120,1790277901.846
14344,1097.184,1790277901.916
14345,1097.252,1790277901.994
14346,1097.316,1790277902.116
14347,1097.384,1790277902.186
14348,1097.516,1790277902.369
14349,1097.580,1790277902.439
14350,1097.648,1790277902.523
14351,1097.712,1790277902.640
14352,1097.780,1790277902.715
14353,1097.844,1790277902.790
14354,1097.912,1790277902.910
14355,1097.976,1790277902.983
14356,1098.044,1790277903.070
14357,1098.108,1790277903.184
14358,1098.176,1790277903.264
14359,1098.240,1790277903.346
14360,1098.308,1790277903.460
14361,1098.372,1790277903.539
14362,1098.440,1790277903.616
14363,1098.504,1790277903.734
14364,1098.572,1790277903.813
14365,1098.636,1790277903.896
14366,1098.704,1790277904.010
14367,1098.768,1790277904.097
14368,1098.836,1790277904.185
14369,1098.900,1790277904.244
14370,1099.032,1790277904.448
14371,1099.100,1790277904.516
14372,1099.164,1790277904.628
14373,1099.232,1790277904.719
14374,1099.296,1790277904.785
14375,1099.364,1790277904.909
14376,1099.428,1790277905.009
14377,1099.496,1790277905.069
14378,1099.560,1790277905.193
14379,1099.628,1790277905.284
14380,1099.692,1790277905.346
14381,1099.760,1790277905.460
14382,1099.824,1790277905.556
14383,1099.892,1790277905.626
14384,1099.956,1790277905.728
14385,1100.024,1790277905.825
14386,1100.088,1790277905.893
14387,1100.156,1790277905.999
14388,1100.220,1790277906.102
14389,1100.288,1790277906.167
14390,1100.352,1790277906.242
14391,1100.420,1790277906.348
14392,1100.484,1790277906.421
14393,1100.616,1790277906.616
14394,1100.748,1790277906.757
14395,1100.816,1790277906.871
14396,1100.880,1790277906.940
14397,1100.948,1790277907.018
14398,1101.012,1790277907.142
14399,1101.080,1790277907.214
14400,1101.144,1790277907.282
14401,1101.212,1790277907.399
14402,1101.276,1790277907.480
14403,1101.344,1790277907.556
14404,1101.408,1790277907.673
14405,1101.476,1790277907.752
14406,1101.540,1790277907.832
14407,1101.608,1790277907.958
14408,1101.740,1790277908.143
14409,1101.804,1790277908.271
14410,1101.872,1790277908.366
14411,1101.936,1790277908.468
14412,1102.068,1790277908.685
14413,1102.136,1790277908.788
14414,1102.200,1790277908.861
14415,1102.268,1790277908.979
14416,1102.332,1790277909.084
14417,1102.400,1790277909.154
14418,1102.464,1790277909.259
14419,1102.664,1790277909.531
14420,1102.728,1790277909.621
14421,1102.796,1790277909.684
14422,1102.860,1790277909.797
14423,1102.928,1790277909.888
14424,1102.992,1790277909.946
14425,1103.060,1790277910.063
14426,1103.124,1790277910.167
14427,1103.324,1790277910.431
14428,1103.388,1790277910.504
14429,1103.456,1790277910.608
14430,1103.520,1790277910.706
14431,1103.588,1790277910.772
14432,1103.652,1790277910.841
14433,1103.720,1790277910.949
14434,1103.852,1790277911.086
14435,1103.916,1790277911.188
14436,1103.984,1790277911.262
14437,1104.048,1790277911.336
14438,1104.116,1790277911.452
14439,1104.180,1790277911.516
14440,1104.248,1790277911.596
14441,1104.312,1790277911.709
14442,1104.380,1790277911.782
14443,1104.444,1790277911.859
14444,1104.512,1790277911.973
14445,1104.576,1790277912.045
14446,1104.644,1790277912.133
14447,1104.776,1790277912.328
14448,1104.840,1790277912.409
14449,1104.908,1790277912.538
14450,1104.972,1790277912.614
14451,1105.040,1790277912.693
14452,1105.104,1790277912.805
14453,1105.236,1790277912.965
14454,1105.304,1790277913.079
14455,1105.368,1790277913.158
14456,1105.436,1790277913.246
14457,1105.500,1790277913.307
14458,1105.568,1790277913.417
14459,1105.632,1790277913.500
14460,1105.700,1790277913.565
14461,1105.764,1790277913.670
14462,1105.832,1790277913.759
14463,1105.896,1790277913.823
14464,1105.964,1790277913.941
14465,1106.028,1790277914.025
14466,1106.096,1790277914.090
14467,1106.160,1790277914.199
14468,1106.228,1790277914.295
14469,1106.360,1790277914.469
14470,1106.424,1790277914.561
14471,1106.492,1790277914.628
14472,1106.556,1790277914.740
14473,1106.624,1790277914.837
14474,1106.688,1790277914.895
14475,1106.756,1790277915.017
14476,1106.952,1790277915.268
14477,1107.020,1790277915.382
14478,1107.084,1790277915.451
14479,1107.152,1790277915.537
14480,1107.216,1790277915.647
14481,1107.284,1790277915.724
14482,1107.348,1790277915.799
14483,1107.416,1790277915.922
14484,1107.480,1790277915.997
14485,1107.548,1790277916.076
14486,1107.612,1790277916.193
14487,1107.680,1790277916.266
14488,1107.744,1790277916.342
14489,1107.812,1790277916.464
14490,1107.876,1790277916.543
14491,1107.944,1790277916.619
14492,1108.008,1790277916.738
14493,1108.076,1790277916.822
14494,1108.140,1790277916.908
14495,1108.208,1790277917.018
14496,1108.272,1790277917.099
14497,1108.340,1790277917.184
14498,1108.404,1790277917.297
14499,1108.472,1790277917.374
14500,1108.668,1790277917.651
14501,1108.736,1790277917.732
14502,1108.800,1790277917.796
14503,1108.868,1790277917.898
14504,1108.932,1790277917.979
14505,1109.000,1790277918.045
14506,1109.064,1790277918.144
14507,1109.132,1790277918.235
14508,1109.196,1790277918.297
14509,1109.264,1790277918.400
14510,1109.328,1790277918.492
14511,1109.396,1790277918.555
14512,1109.460,1790277918.665
14513,1109.528,1790277918.761
14514,1109.592,1790277918.822
14515,1109.660,1790277918.940
14516,1109.724,1790277919.040
14517,1109.792,1790277919.104
14518,1109.924,1790277919.336
14519,1109.988,1790277919.396
14520,1110.056,1790277919.519
14521,1110.188,1790277919.680
14522,1110.252,1790277919.759
14523,1110.320,1790277919.873
14524,1110.384,1790277919.938
14525,1110.452,1790277920.019
14526,1110.516,1790277920.116
14527,1110.648,1790277920.265
14528,1110.716,1790277920.378
14529,1110.780,1790277920.457
14530,1110.848,1790277920.549
14531,1110.912,1790277920.671
14532,1110.980,1790277920.743
14533,1111.044,1790277920.832
14534,1111.112,1790277920.950
14535,1111.176,1790277921.032
14536,1111.308,1790277921.227
14537,1111.376,1790277921.307
14538,1111.440,1790277921.378
14539,1111.508,1790277921.496
14540,1111.572,1790277921.585
14541,1111.640,1790277921.670
14542,1111.704,1790277921.790
14543,1111.772,1790277921.881
14544,1111.836,1790277921.957
14545,1111.904,1790277922.076
14546,1112.036,1790277922.247
14547,1112.100,1790277922.312
14548,1112.232,1790277922.523
14549,1112.300,1790277922.588
14550,1112.364,1790277922.713
14551,1112.432,1790277922.800
14552,1112.496,1790277922.860
14553,1112.564,1790277922.980
14554,1112.628,1790277923.068
14555,1112.696,1790277923.137
14556,1112.760,1790277923.244
14557,1112.828,1790277923.345
14558,1112.892,1790277923.405
14559,1112.960,1790277923.523
14560,1113.024,1790277923.621
14561,1113.092,1790277923.689
14562,1113.156,1790277923.802
14563,1113.224,1790277923.900
14564,1113.288,1790277923.964
14565,1113.356,1790277924.086
14566,1113.420,1790277924.191
14567,1113.488,1790277924.270
14568,1113.552,1790277924.350
14569,1113.684,1790277924.568
14570,1113.752,1790277924.647
14571,1113.816,1790277924.775
14572,1113.884,1790277924.853
14573,1113.948,1790277924.929
14574,1114.016,1790277925.047
14575,1114.080,1790277925.121
14576,1114.148,1790277925.200
14577,1114.280,1790277925.389
14578,1114.344,1790277925.473
14579,1114.476,1790277925.679
14580,1114.544,1790277925.759
14581,1114.676,1790277925.959
14582,1114.740,1790277926.032
14583,1114.808,1790277926.144
14584,1114.872,1790277926.224
14585,1114.940,1790277926.316
14586,1115.004,1790277926.426
14587,1115.072,1790277926.504
14588,1115.136,1790277926.585
14589,1115.204,1790277926.693
14590,1115.268,1790277926.776
14591,1115.336,1790277926.861
14592,1115.400,1790277926.923
14593,1115.468,1790277927.034
14594,1115.600,1790277927.183
14595,1115.664,1790277927.292
14596,1115.732,1790277927.385
14597,1115.796,1790277927.447
14598,1115.864,1790277927.559
14599,1115.928,1790277927.652
14600,1115.996,1790277927.721
14601,1116.060,1790277927.845
14602,1116.192,1790277928.005
14603,1116.260,1790277928.114
14604,1116.392,1790277928.291
14605,1116.456,1790277928.402
14606,1116.524,1790277928.498
14607,1116.656,1790277928.669
14608,1116.720,1790277928.763
14609,1116.788,1790277928.841
14610,1116.852,1790277928.914
14611,1116.920,1790277929.019
14612,1116.984,1790277929.087
14613,1117.052,1790277929.167
14614,1117.116,1790277929.272
14615,1117.184,1790277929.347
14616,1117.248,1790277929.423
14617,1117.316,1790277929.547
14618,1117.448,1790277929.690
14619,1117.512,1790277929.811
14620,1117.580,1790277929.895
14621,1117.644,1790277929.974
14622,1117.712,1790277930.092
14623,1117.776,1790277930.166
14624,1117.908,1790277930.353
14625,1117.976,1790277930.431
14626,1118.040,1790277930.513
14627,1118.108,1790277930.628
14628,1118.172,1790277930.713
14629,1118.240,1790277930.794
14630,1118.304,1790277930.910
14631,1118.372,1790277930.994
14632,1118.504,1790277931.197
14633,1118.568,1790277931.274
14634,1118.636,1790277931.358
14635,1118.700,1790277931.425
14636,1118.768,1790277931.534
14637,1118.832,1790277931.617
14638,1118.900,1790277931.680
14639,1118.964,1790277931.784
14640,1119.032,1790277931.876
14641,1119.096,1790277931.952
14642,1119.164,1790277932.058
14643,1119.228,1790277932.149
14644,1119.296,1790277932.215
14645,1119.428,1790277932.414
14646,1119.492,1790277932.475
14647,1119.560,1790277932.584
14648,1119.692,1790277932.746
14649,1119.888,1790277933.029
14650,1120.020,1790277933.242
14651,1120.088,1790277933.307
14652,1120.152,1790277933.382
14653,1120.220,1790277933.498
14654,1120.284,1790277933.572
14655,1120.416,1790277933.761
14656,1120.484,1790277933.828
14657,1120.548,1790277933.906
14658,1120.616,1790277934.024
14659,1120.748,1790277934.167
14660,1120.812,1790277934.281
14661,1120.880,1790277934.358
14662,1120.944,1790277934.437
14663,1121.012,1790277934.549
14664,1121.076,1790277934.632
14665,1121.276,1790277934.917
14666,1121.340,1790277934.997
14667,1121.408,1790277935.114
14668,1121.472,1790277935.193
14669,1121.540,1790277935.268
14670,1121.604,1790277935.383
14671,1121.672,1790277935.472
14672,1121.736,1790277935.553
14673,1121.804,1790277935.666
14674,1121.868,1790277935.741
14675,1121.936,1790277935.833
14676,1122.000,1790277935.896
14677,1122.068,1790277936.004
14678,1122.132,1790277936.088
14679,1122.200,1790277936.154
14680,1122.264,1790277936.267
14681,1122.332,1790277936.357
14682,1122.396,1790277936.420
14683,1122.464,1790277936.535
14684,1122.528,1790277936.629
14685,1122.660,1790277936.831
14686,1122.728,1790277936.940
14687,1122.792,1790277937.005
14688,1122.860,1790277937.154
14689,1122.924,1790277937.259
14690,1122.992,1790277937.338
14691,1123.056,1790277937.472
14692,1123.124,1790277937.578
14693,1123.188,1790277937.650
14694,1123.256,1790277937.774
14695,1123.320,1790277937.872
14696,1123.388,1790277937.938
14697,1123.452,1790277938.013
14698,1123.520,1790277938.115
14699,1123.584,1790277938.174
14700,1123.652,1790277938.243
14701,1123.716,1790277938.352
14702,1123.784,1790277938.418
14703,1123.848,1790277938.495
14704,1123.916,1790277938.624
14705,1123.980,1790277938.697
14706,1124.048,1790277938.778
14707,1124.112,1790277938.899
14708,1124.180,1790277938.981
14709,1124.244,1790277939.068
14710,1124.312,1790277939.202
14711,1124.376,1790277939.284
14712,1124.444,1790277939.372
14713,1124.508,1790277939.511
14714,1124.576,1790277939.600
14715,1124.640,1790277939.685
14716,1124.708,1790277939.814
14717,1124.772,1790277939.896
14718,1124.840,1790277939.990
14719,1124.904,1790277940.115
14720,1124.972,1790277940.204
14721,1125.036,1790277940.288
14722,1125.104,1790277940.421
14723,1125.168,1790277940.505
14724,1125.236,1790277940.596
14725,1125.300,1790277940.666
14726,1125.368,1790277940.779
14727,1125.432,1790277940.865
14728,1125.500,1790277940.930
14729,1125.632,1790277941.142
14730,1125.696,1790277941.207
14731,1125.764,1790277941.332
14732,1125.896,1790277941.500
14733,1125.960,1790277941.623
14734,1126.092,1790277941.798
14735,1126.160,1790277941.918
14736,1126.224,1790277942.008
14737,1126.292,1790277942.086
14738,1126.356,1790277942.210
14739,1126.424,1790277942.318
14740,1126.488,1790277942.388
14741,1126.556,1790277942.521
14742,1126.620,1790277942.623
14743,1126.688,1790277942.699
14744,1126.752,1790277942.781
14745,1126.820,1790277942.913
14746,1126.884,1790277942.997
14747,1126.952,1790277943.090
14748,1127.016,1790277943.218
14749,1127.084,1790277943.311
14750,1127.148,1790277943.397
14751,1127.216,1790277943.545
14752,1127.280,1790277943.627
14753,1127.348,1790277943.710
14754,1127.412,1790277943.834
14755,1127.480,1790277943.915
14756,1127.544,1790277943.997
14757,1127.612,1790277944.122
14758,1127.744,1790277944.293
14759,1127.808,1790277944.421
14760,1127.876,1790277944.512
14761,1127.940,1790277944.612
14762,1128.072,1790277944.829
14763,1128.140,1790277944.929
14764,1128.204,1790277945.055
14765,1128.272,1790277945.137
14766,1128.336,1790277945.226
14767,1128.404,1790277945.358
14768,1128.468,1790277945.449
14769,1128.536,1790277945.541
14770,1128.600,1790277945.603
14771,1128.668,1790277945.728
14772,1128.732,1790277945.816
14773,1128.864,1790277946.004
14774,1128.932,1790277946.087
14775,1128.996,1790277946.148
14776,1129.064,1790277946.251
14777,1129.128,1790277946.348
14778,1129.196,1790277946.414
14779,1129.260,1790277946.528
14780,1129.328,1790277946.617
14781,1129.392,1790277946.683
14782,1129.460,1790277946.790
14783,1129.524,1790277946.881
14784,1129.592,1790277946.949
14785,1129.656,1790277947.054
14786,1129.724,1790277947.156
14787,1129.788,1790277947.234
14788,1129.856,1790277947.365
14789,1129.920,1790277947.467
14790,1129.988,1790277947.545
14791,1130.052,1790277947.630
14792,1130.120,1790277947.752
14793,1130.184,1790277947.828
14794,1130.252,1790277947.912
14795,1130.316,1790277948.020
14796,1130.384,1790277948.097
14797,1130.448,1790277948.179
14798,1130.516,1790277948.292
14799,1130.580,1790277948.361
14800,1130.648,1790277948.458
14801,1130.712,1790277948.580
14802,1130.780,1790277948.659
14803,1130.844,1790277948.733
14804,1130.976,1790277948.924
14805,1131.044,1790277949.012
14806,1131.108,1790277949.135
14807,1131.176,1790277949.215
14808,1131.240,1790277949.293
14809,1131.308,1790277949.411
14810,1131.372,1790277949.488
14811,1131.440,1790277949.569
14812,1131.504,1790277949.684
14813,1131.572,1790277949.765
14814,1131.636,1790277949.853
14815,1131.704,1790277949.969
14816,1131.768,1790277950.047
14817,1131.836,1790277950.140
14818,1131.900,1790277950.200
14819,1131.968,1790277950.313
14820,1132.032,1790277950.391
14821,1132.100,1790277950.459
14822,1132.232,1790277950.655
14823,1132.296,1790277950.714
14824,1132.364,1790277950.830
14825,1132.560,1790277951.100
14826,1132.628,1790277951.191
14827,1132.692,1790277951.256
14828,1132.760,1790277951.374
14829,1132.824,1790277951.473
14830,1132.892,1790277951.542
14831,1132.956,1790277951.647
14832,1133.088,1790277951.807
14833,1133.156,1790277951.909
14834,1133.220,1790277952.014
14835,1133.288,1790277952.076
14836,1133.352,1790277952.161
14837,1133.484,1790277952.334
14838,1133.552,1790277952.410
14839,1133.616,1790277952.527
14840,1133.684,1790277952.606
14841,1133.748,1790277952.683
14842,1133.816,1790277952.808
14843,1133.880,1790277952.876
14844,1133.948,1790277952.950
14845,1134.012,1790277953.069
14846,1134.080,1790277953.142
14847,1134.144,1790277953.223
14848,1134.212,1790277953.336
14849,1134.276,1790277953.411
14850,1134.344,1790277953.496
14851,1134.408,1790277953.620
14852,1134.476,1790277953.701
14853,1134.672,1790277953.976
14854,1134.804,1790277954.170
14855,1134.872,1790277954.254
14856,1134.936,1790277954.341
14857,1135.004,1790277954.468
14858,1135.068,1790277954.556
14859,1135.136,1790277954.652
14860,1135.200,1790277954.726
14861,1135.268,1790277954.854
14862,1135.332,1790277954.948
14863,1135.400,1790277955.021
14864,1135.464,1790277955.145
14865,1135.532,1790277955.250
14866,1135.596,1790277955.318
14867,1135.664,1790277955.446
14868,1135.728,1790277955.549
14869,1135.796,1790277955.618
14870,1135.860,1790277955.748
14871,1135.928,1790277955.848
14872,1135.992,1790277955.913
14873,1136.060,1790277956.051
14874,1136.124,1790277956.146
14875,1136.192,1790277956.215
14876,1136.256,1790277956.345
14877,1136.324,1790277956.454
14878,1136.388,1790277956.535
14879,1136.456,1790277956.662
14880,1136.520,1790277956.766
14881,1136.588,1790277956.838
14882,1136.652,1790277956.926
14883,1136.720,1790277957.038
14884,1136.784,1790277957.100
14885,1136.852,1790277957.171
14886,1136.916,1790277957.278
14887,1136.984,1790277957.343
14888,1137.048,1790277957.423
14889,1137.116,1790277957.537
14890,1137.180,1790277957.607
14891,1137.248,1790277957.679
14892,1137.380,1790277957.866
14893,1137.444,1790277957.940
14894,1137.512,1790277958.052
14895,1137.644,1790277958.202
14896,1137.708,1790277958.322
14897,1137.776,1790277958.402
14898,1137.972,1790277958.708
14899,1138.040,1790277958.790
14900,1138.104,1790277958.898
14901,1138.172,1790277958.982
14902,1138.236,1790277959.060
14903,1138.304,1790277959.179
14904,1138.436,1790277959.345
14905,1138.500,1790277959.408
14906,1138.568,1790277959.526
14907,1138.632,1790277959.607
14908,1138.700,1790277959.671
14909,1138.764,1790277959.790
14910,1138.832,1790277959.876
14911,1138.896,1790277959.936
14912,1138.964,1790277960.052
14913,1139.028,1790277960.132
14914,1139.096,1790277960.197
14915,1139.160,1790277960.296
14916,1139.228,1790277960.385
14917,1139.360,1790277960.553
14918,1139.424,1790277960.649
14919,1139.556,1790277960.826
14920,1139.624,1790277960.917
14921,1139.688,1790277960.990
14922,1139.756,1790277961.109
14923,1139.820,1790277961.208
14924,1139.952,1790277961.362
14925,1140.020,1790277961.478
14926,1140.084,1790277961.555
14927,1140.216,1790277961.765
14928,1140.284,1790277961.839
14929,1140.348,1790277961.922
14930,1140.416,1790277962.047
14931,1140.480,1790277962.119
14932,1140.548,1790277962.198
14933,1140.680,1790277962.384
14934,1140.744,1790277962.463
14935,1140.812,1790277962.581
14936,1140.876,1790277962.659
14937,1140.944,1790277962.733
14938,1141.008,1790277962.853
14939,1141.076,1790277962.934
14940,1141.140,1790277963.006
14941,1141.208,1790277963.119
14942,1141.272,1790277963.196
14943,1141.340,1790277963.283
14944,1141.404,1790277963.397
14945,1141.472,1790277963.483
14946,1141.536,1790277963.577
14947,1141.668,1790277963.777
14948,1141.800,1790277963.922
14949,1141.868,1790277964.033
14950,1141.932,1790277964.133
14951,1142.064,1790277964.307
14952,1142.132,1790277964.389
14953,1142.196,1790277964.454
14954,1142.264,1790277964.569
14955,1142.328,1790277964.662
14956,1142.396,1790277964.730
14957,1142.460,1790277964.848
14958,1142.528,1790277964.953
14959,1142.660,1790277965.132
14960,1142.724,1790277965.234
14961,1142.792,1790277965.298
14962,1142.856,1790277965.417
14963,1142.924,1790277965.514
14964,1142.988,1790277965.583
14965,1143.056,1790277965.692
14966,1143.120,1790277965.790
14967,1143.188,1790277965.853
14968,1143.252,1790277965.951
14969,1143.320,1790277966.060
14970,1143.384,1790277966.131
14971,1143.452,1790277966.208
14972,1143.516,1790277966.318
14973,1143.584,1790277966.386
14974,1143.648,1790277966.473
14975,1143.716,1790277966.592
14976,1143.780,1790277966.672
14977,1143.848,1790277966.745
14978,1143.980,1790277966.937
14979,1144.044,1790277967.018
14980,1144.112,1790277967.139
14981,1144.244,1790277967.298
14982,1144.508,1790277967.706
14983,1144.572,1790277967.792
14984,1144.640,1790277967.873
14985,1144.704,1790277967.986
14986,1144.772,1790277968.073
14987,1144.836,1790277968.153
14988,1144.904,1790277968.265
14989,1144.968,1790277968.349
14990,1145.036,1790277968.434
14991,1145.100,1790277968.494
14992,1145.168,1790277968.601
14993,1145.232,1790277968.689
14994,1145.300,1790277968.753
14995,1145.364,1790277968.855
14996,1145.432,1790277968.944
14997,1145.496,1790277969.004
14998,1145.628,1790277969.211
14999,1145.696,1790277969.276
15000,1145.760,1790277969.389
15001,1145.828,1790277969.490
15002,1145.892,1790277969.551
15003,1145.960,1790277969.662
15004,1146.024,1790277969.754
15005,1146.092,1790277969.820
15006,1146.156,1790277969.932
15007,1146.224,1790277970.029
15008,1146.288,1790277970.089
15009,1146.356,1790277970.201
15010,1146.488,1790277970.377
15011,1146.552,1790277970.460
15012,1146.620,1790277970.570
15013,1146.684,1790277970.637
15014,1146.884,1790277970.896
15015,1146.948,1790277970.968
15016,1147.016,1790277971.100
15017,1147.080,1790277971.173
15018,1147.280,1790277971.443
15019,1147.344,1790277971.522
15020,1147.412,1790277971.638
15021,1147.476,1790277971.720
15022,1147.608,1790277971.912
15023,1147.676,1790277971.993
15024,1147.740,1790277972.080
15025,1147.808,1790277972.209
15026,1147.872,1790277972.283
15027,1147.940,1790277972.361
15028,1148.072,1790277972.561
15029,1148.136,1790277972.644
15030,1148.204,1790277972.760
15031,1148.336,1790277972.922
15032,1148.400,1790277972.982
15033,1148.468,1790277973.080
15034,1148.532,1790277973.165
15035,1148.600,1790277973.229
15036,1148.664,1790277973.336
15037,1148.732,1790277973.435
15038,1148.796,1790277973.493
15039,1148.864,1790277973.611
15040,1148.928,1790277973.703
15041,1148.996,1790277973.771
15042,1149.060,1790277973.899
15043,1149.192,1790277974.073
15044,1149.260,1790277974.203
15045,1149.324,1790277974.303
15046,1149.392,1790277974.375
15047,1149.456,1790277974.508
15048,1149.524,1790277974.610
15049,1149.588,1790277974.678
15050,1149.656,1790277974.783
15051,1149.720,1790277974.880
15052,1149.788,1790277974.949
15053,1149.852,1790277975.032
15054,1149.920,1790277975.139
15055,1149.984,1790277975.207
15056,1150.116,1790277975.417
15057,1150.184,1790277975.491
15058,1150.248,1790277975.567
15059,1150.316,1790277975.684
15060,1150.380,1790277975.754
15061,1150.448,1790277975.830
15062,1150.512,1790277975.946
15063,1150.580,1790277976.014
15064,1150.644,1790277976.096
15065,1150.712,1790277976.216
15066,1150.776,1790277976.298
15067,1150.844,1790277976.382
15068,1150.908,1790277976.503
15069,1150.976,1790277976.579
15070,1151.040,1790277976.660
15071,1151.108,1790277976.774
15072,1151.172,1790277976.850
15073,1151.240,1790277976.929
15074,1151.372,1790277977.130
15075,1151.436,1790277977.213
15076,1151.504,1790277977.332
15077,1151.568,1790277977.404
15078,1151.636,1790277977.497
15079,1151.700,1790277977.562
15080,1151.768,1790277977.665
15081,1151.832,1790277977.761
15082,1151.900,1790277977.822
15083,1151.964,1790277977.937
15084,1152.032,1790277978.033
15085,1152.096,1790277978.097
15086,1152.164,1790277978.228
15087,1152.296,1790277978.384
15088,1152.360,1790277978.504
15089,1152.428,1790277978.593
15090,1152.492,1790277978.658
15091,1152.560,1790277978.770
15092,1152.624,1790277978.865
15093,1152.692,1790277978.932
15094,1152.756,1790277979.044
15095,1152.824,1790277979.141
15096,1152.888,1790277979.208
15097,1152.956,1790277979.327
15098,1153.152,1790277979.570
15099,1153.220,1790277979.690
15100,1153.352,1790277979.841
15101,1153.416,1790277979.953
15102,1153.484,1790277980.037
15103,1153.548,1790277980.118
15104,1153.616,1790277980.233
15105,1153.680,1790277980.299
15106,1153.748,1790277980.378
15107,1153.812,1790277980.508
15108,1153.880,1790277980.589
15109,1153.944,1790277980.673
15110,1154.012,1790277980.802
15111,1154.076,1790277980.878
15112,1154.144,1790277980.966
15113,1154.208,1790277981.086
15114,1154.276,1790277981.162
15115,1154.340,1790277981.252
15116,1154.408,1790277981.370
15117,1154.472,1790277981.465
15118,1154.540,1790277981.551
15119,1154.604,1790277981.664
15120,1154.672,1790277981.744
15121,1154.736,1790277981.833
15122,1154.868,1790277982.031
15123,1154.936,1790277982.124
15124,1155.000,1790277982.185
15125,1155.068,1790277982.305
15126,1155.132,1790277982.399
15127,1155.264,1790277982.581
15128,1155.396,1790277982.731
15129,1155.464,1790277982.845
15130,1155.528,1790277982.936
15131,1155.596,1790277983.000
15132,1155.660,1790277983.115
15133,1155.728,1790277983.207
15134,1155.792,1790277983.267
15135,1155.860,1790277983.382
15136,1155.992,1790277983.537
15137,1156.124,1790277983.743
15138,1156.188,1790277983.805
15139,1156.256,1790277983.919
15140,1156.388,1790277984.087
15141,1156.452,1790277984.167
15142,1156.520,1790277984.280
15143,1156.584,1790277984.352
15144,1156.652,1790277984.435
15145,1156.716,1790277984.554
15146,1156.784,1790277984.621
15147,1156.848,1790277984.697
15148,1156.916,1790277984.816
15149,1156.980,1790277984.884
15150,1157.048,1790277984.964
15151,1157.112,1790277985.080
15152,1157.244,1790277985.224
15153,1157.312,1790277985.342
15154,1157.376,1790277985.422
15155,1157.444,1790277985.507
15156,1157.508,1790277985.630
15157,1157.576,1790277985.705
15158,1157.708,1790277985.893
15159,1157.772,1790277985.973
15160,1157.904,1790277986.173
15161,1157.972,1790277986.252
15162,1158.036,1790277986.335
15163,1158.236,1790277986.628
15164,1158.300,1790277986.691
15165,1158.368,1790277986.811
15166,1158.432,1790277986.899
15167,1158.500,1790277986.964
15168,1158.564,1790277987.068
15169,1158.632,1790277987.153
15170,1158.696,1790277987.214
15171,1158.828,1790277987.429
15172,1158.896,1790277987.495
15173,1159.028,1790277987.708
15174,1159.092,1790277987.772
15175,1159.160,1790277987.887
15176,1159.224,1790277987.982
15177,1159.292,1790277988.041
15178,1159.356,1790277988.154
15179,1159.424,1790277988.253
15180,1159.488,1790277988.319
15181,1159.556,1790277988.440
15182,1159.620,1790277988.539
15183,1159.688,1790277988.604
15184,1159.752,1790277988.690
15185,1159.820,1790277988.808
15186,1159.884,1790277988.869
15187,1159.952,1790277988.947
15188,1160.016,1790277989.071
15189,1160.084,1790277989.137
15190,1160.148,1790277989.226
15191,1160.216,1790277989.346
15192,1160.280,1790277989.422
15193,1160.348,1790277989.507
15194,1160.412,1790277989.619
15195,1160.480,1790277989.708
15196,1160.544,1790277989.796
15197,1160.612,1790277989.914
15198,1160.676,1790277989.986
15199,1160.744,1790277990.077
15200,1160.808,1790277990.200
15201,1160.876,1790277990.276
15202,1160.940,1790277990.355
15203,1161.008,1790277990.479
15204,1161.072,1790277990.558
15205,1161.140,1790277990.641
15206,1161.204,1790277990.758
15207,1161.336,1790277990.918
15208,1161.404,1790277991.034
15209,1161.468,1790277991.116
15210,1161.536,1790277991.200
15211,1161.600,1790277991.261
15212,1161.668,1790277991.368
15213,1161.732,1790277991.452
15214,1161.800,1790277991.519
15215,1161.864,1790277991.633
15216,1161.932,1790277991.719
15217,1161.996,1790277991.783
15218,1162.064,1790277991.897
15219,1162.128,1790277991.989
15220,1162.196,1790277992.054
15221,1162.260,1790277992.167
15222,1162.392,1790277992.323
15223,1162.460,1790277992.436
15224,1162.524,1790277992.529
15225,1162.592,1790277992.599
15226,1162.656,1790277992.707
15227,1162.724,1790277992.803
15228,1162.788,1790277992.868
15229,1162.856,1790277992.989
15230,1162.920,1790277993.082
15231,1162.988,1790277993.151
15232,1163.052,1790277993.236
15233,1163.120,1790277993.352
15234,1163.184,1790277993.417
15235,1163.252,1790277993.506
15236,1163.316,1790277993.617
15237,1163.384,1790277993.691
15238,1163.448,1790277993.774
15239,1163.516,1790277993.919
15240,1163.580,1790277993.982
15241,1163.648,1790277994.063
15242,1163.712,1790277994.180
15243,1163.780,1790277994.253
15244,1163.844,1790277994.329
15245,1163.912,1790277994.449
15246,1163.976,1790277994.525
15247,1164.044,1790277994.605
15248,1164.108,1790277994.723
15249,1164.240,1790277994.900
15250,1164.308,1790277995.036
15251,1164.372,1790277995.130
15252,1164.440,1790277995.218
15253,1164.504,1790277995.359
15254,1164.704,1790277995.671
15255,1164.768,1790277995.769
15256,1164.836,1790277995.867
15257,1164.900,1790277995.945
15258,1164.968,1790277996.053
15259,1165.032,1790277996.141
15260,1165.100,1790277996.206
15261,1165.164,1790277996.308
15262,1165.232,1790277996.399
15263,1165.296,1790277996.458
15264,1165.496,1790277996.727
15265,1165.560,1790277996.845
15266,1165.628,1790277996.938
15267,1165.760,1790277997.106
15268,1165.824,1790277997.198
15269,1165.956,1790277997.368
15270,1166.024,1790277997.469
15271,1166.088,1790277997.532
15272,1166.156,1790277997.649
15273,1166.220,1790277997.743
15274,1166.288,1790277997.811
15275,1166.352,1790277997.886
15276,1166.420,1790277998.019
15277,1166.484,1790277998.087
15278,1166.552,1790277998.171
15279,1166.616,1790277998.282
15280,1166.684,1790277998.349
15281,1166.748,1790277998.420
15282,1166.816,1790277998.547
15283,1166.880,1790277998.620
15284,1166.948,1790277998.702
15285,1167.012,1790277998.821
15286,1167.080,1790277998.901
15287,1167.144,1790277998.976
15288,1167.212,1790277999.098
15289,1167.276,1790277999.172
15290,1167.344,1790277999.248
15291,1167.408,1790277999.375
15292,1167.476,1790277999.457
15293,1167.540,1790277999.543
15294,1167.608,1790277999.665
15295,1167.672,1790277999.747
15296,1167.740,1790277999.821
15297,1167.804,1790277999.937
15298,1167.872,1790278000.017
15299,1167.936,1790278000.107
15300,1168.004,1790278000.216
15301,1168.068,1790278000.303
15302,1168.200,1790278000.451
15303,1168.268,1790278000.560
15304,1168.332,1790278000.660
15305,1168.400,1790278000.725
15306,1168.532,1790278000.920
15307,1168.596,1790278000.983
15308,1168.664,1790278001.102
15309,1168.728,1790278001.197
15310,1168.796,1790278001.266
15311,1168.860,1790278001.371
15312,1168.928,1790278001.465
15313,1168.992,1790278001.534
15314,1169.060,1790278001.655
15315,1169.124,1790278001.754
15316,1169.192,1790278001.819
15317,1169.324,1790278002.020
15318,1169.388,1790278002.093
15319,1169.456,1790278002.224
15320,1169.520,1790278002.326
15321,1169.588,1790278002.398
15322,1169.652,1790278002.481
15323,1169.720,1790278002.593
15324,1169.784,1790278002.672
15325,1169.852,1790278002.750
15326,1169.916,1790278002.850
15327,1169.984,1790278002.922
15328,1170.048,1790278002.997
15329,1170.116,1790278003.121
15330,1170.180,1790278003.192
15331,1170.248,1790278003.272
15332,1170.312,1790278003.391
15333,1170.380,1790278003.471
15334,1170.444,1790278003.548
15335,1170.512,1790278003.665
15336,1170.576,1790278003.738
15337,1170.644,1790278003.815
15338,1170.708,1790278003.932
15339,1170.776,1790278004.013
15340,1170.840,1790278004.110
15341,1170.908,1790278004.235
15342,1171.040,1790278004.394
15343,1171.104,1790278004.510
15344,1171.172,1790278004.592
15345,1171.236,1790278004.674
15346,1171.304,1790278004.782
15347,1171.368,1790278004.862
15348,1171.436,1790278004.947
15349,1171.500,1790278005.007
15350,1171.568,1790278005.109
15351,1171.632,1790278005.201
15352,1171.700,1790278005.264
15353,1171.764,1790278005.367
15354,1171.964,1790278005.642
15355,1172.028,1790278005.727
15356,1172.160,1790278005.905
15357,1172.292,1790278006.063
15358,1172.360,1790278006.175
15359,1172.424,1790278006.281
15360,1172.492,1790278006.346
15361,1172.556,1790278006.460
15362,1172.624,1790278006.556
15363,1172.688,1790278006.616
15364,1172.756,1790278006.728
15365,1172.820,1790278006.824
15366,1172.952,1790278006.964
15367,1173.020,1790278007.070
15368,1173.084,1790278007.142
15369,1173.152,1790278007.212
15370,1173.216,1790278007.325
15371,1173.284,1790278007.387
15372,1173.348,1790278007.476
15373,1173.480,1790278007.665
15374,1173.548,1790278007.745
15375,1173.612,1790278007.868
15376,1173.680,1790278007.950
15377,1173.744,1790278008.026
15378,1173.812,1790278008.143
15379,1173.876,1790278008.220
15380,1173.944,1790278008.297
15381,1174.008,1790278008.417
15382,1174.140,1790278008.586
15383,1174.208,1790278008.706
15384,1174.272,1790278008.793
15385,1174.340,1790278008.899
15386,1174.404,1790278009.029
15387,1174.472,1790278009.120
15388,1174.536,1790278009.212
15389,1174.604,1790278009.343
15390,1174.668,1790278009.428
15391,1174.736,1790278009.521
15392,1174.800,1790278009.585
15393,1174.868,1790278009.715
15394,1174.932,1790278009.809
15395,1175.000,1790278009.875
15396,1175.064,1790278009.999
15397,1175.132,1790278010.096
15398,1175.196,1790278010.160
15399,1175.328,1790278010.393
15400,1175.592,1790278010.755
15401,1175.660,1790278010.884
15402,1175.724,1790278010.987
15403,1175.792,1790278011.066
15404,1175.856,1790278011.190
15405,1175.924,1790278011.292
15406,1175.988,1790278011.365
15407,1176.056,1790278011.499
15408,1176.120,1790278011.608
15409,1176.188,1790278011.691
15410,1176.252,1790278011.776
15411,1176.320,1790278011.914
15412,1176.384,1790278011.999
15413,1176.516,1790278012.212
15414,1176.584,1790278012.296
15415,1176.648,1790278012.382
15416,1176.716,1790278012.526
15417,1176.780,1790278012.607
15418,1176.848,1790278012.695
15419,1176.912,1790278012.841
15420,1176.980,1790278012.930
15421,1177.044,1790278013.024
15422,1177.112,1790278013.165
15423,1177.244,1790278013.335
15424,1177.308,1790278013.467
15425,1177.376,1790278013.554
15426,1177.508,1790278013.777
15427,1177.572,1790278013.864
15428,1177.640,1790278013.948
15429,1177.704,1790278014.079
15430,1177.772,1790278014.173
15431,1177.836,1790278014.260
15432,1177.904,1790278014.387
15433,1177.968,1790278014.475
15434,1178.036,1790278014.583
15435,1178.168,1790278014.778
15436,1178.232,1790278014.870
15437,1178.300,1790278014.934
15438,1178.364,1790278015.049
15439,1178.432,1790278015.130
15440,1178.496,1790278015.193
15441,1178.628,1790278015.405
15442,1178.696,1790278015.473
15443,1178.760,1790278015.602
15444,1178.828,1790278015.697
15445,1178.892,1790278015.759
15446,1178.960,1790278015.864
15447,1179.024,1790278015.956
15448,1179.092,1790278016.020
15449,1179.156,1790278016.140
15450,1179.224,1790278016.242
15451,1179.288,1790278016.307
15452,1179.356,1790278016.419
15453,1179.420,1790278016.511
15454,1179.488,1790278016.580
15455,1179.620,1790278016.784
15456,1179.684,1790278016.852
15457,1179.816,1790278017.050
15458,1179.884,1790278017.119
15459,1179.948,1790278017.209
15460,1180.016,1790278017.338
15461,1180.080,1790278017.416
15462,1180.148,1790278017.500
15463,1180.212,1790278017.624
15464,1180.280,1790278017.700
15465,1180.344,1790278017.781
15466,1180.412,1790278017.900
15467,1180.476,1790278017.978
15468,1180.544,1790278018.058
15469,1180.608,1790278018.175
15470,1180.740,1790278018.340
15471,1180.808,1790278018.461
15472,1180.872,1790278018.543
15473,1180.940,1790278018.627
15474,1181.136,1790278018.926
15475,1181.268,1790278019.133
15476,1181.400,1790278019.291
15477,1181.468,1790278019.404
15478,1181.532,1790278019.498
15479,1181.600,1790278019.561
15480,1181.664,1790278019.670
15481,1181.796,1790278019.838
15482,1181.996,1790278020.107
15483,1182.060,1790278020.221
15484,1182.128,1790278020.308
15485,1182.192,1790278020.368
15486,1182.260,1790278020.484
15487,1182.324,1790278020.581
15488,1182.392,1790278020.645
15489,1182.456,1790278020.754
15490,1182.524,1790278020.853
15491,1182.588,1790278020.913
15492,1182.656,1790278021.021
15493,1182.720,1790278021.119
15494,1182.788,1790278021.184
15495,1182.852,1790278021.260
15496,1182.920,1790278021.373
15497,1182.984,1790278021.437
15498,1183.052,1790278021.514
15499,1183.116,1790278021.627
15500,1183.184,1790278021.695
15501,1183.248,1790278021.768
15502,1183.316,1790278021.888
15503,1183.380,1790278021.951
15504,1183.448,1790278022.033
15505,1183.580,1790278022.227
15506,1183.644,1790278022.307
15507,1183.712,1790278022.428
15508,1183.908,1790278022.711
15509,1183.976,1790278022.791
15510,1184.040,1790278022.867
15511,1184.108,1790278022.993
15512,1184.172,1790278023.075
15513,1184.304,1790278023.282
15514,1184.372,1790278023.362
15515,1184.436,1790278023.447
15516,1184.568,1790278023.637
15517,1184.636,1790278023.730
15518,1184.700,1790278023.790
15519,1184.768,1790278023.899
15520,1184.832,1790278023.976
15521,1184.900,1790278024.040
15522,1184.964,1790278024.144
15523,1185.032,1790278024.229
15524,1185.096,1790278024.290
15525,1185.164,1790278024.409
15526,1185.228,1790278024.507
15527,1185.296,1790278024.578
15528,1185.360,1790278024.692
15529,1185.428,1790278024.789
15530,1185.492,1790278024.851
15531,1185.560,1790278024.970
15532,1185.624,1790278025.061
15533,1185.692,1790278025.125
15534,1185.756,1790278025.246
15535,1185.824,1790278025.349
15536,1185.888,1790278025.416
15537,1185.956,1790278025.529
15538,1186.020,1790278025.624
15539,1186.088,1790278025.689
15540,1186.152,1790278025.763
15541,1186.220,1790278025.872
15542,1186.284,1790278025.936
15543,1186.352,1790278026.008
15544,1186.416,1790278026.120
15545,1186.484,1790278026.187
15546,1186.548,1790278026.265
15547,1186.616,1790278026.385
15548,1186.680,1790278026.452
15549,1186.880,1790278026.733
15550,1186.944,1790278026.810
15551,1187.012,1790278026.935
15552,1187.076,1790278027.008
15553,1187.208,1790278027.209
15554,1187.276,1790278027.283
15555,1187.340,1790278027.369
15556,1187.408,1790278027.487
15557,1187.472,1790278027.563
15558,1187.540,1790278027.655
15559,1187.604,1790278027.774
15560,1187.736,1790278027.941
15561,1187.804,1790278028.059
15562,1187.868,1790278028.138
15563,1187.936,1790278028.222
15564,1188.000,1790278028.288
15565,1188.068,1790278028.406
15566,1188.132,1790278028.496
15567,1188.200,1790278028.563
15568,1188.264,1790278028.670
15569,1188.332,1790278028.756
15570,1188.396,1790278028.817
15571,1188.464,1790278028.926
15572,1188.528,1790278029.021
15573,1188.660,1790278029.196
15574,1188.728,1790278029.295
15575,1188.792,1790278029.357
15576,1188.860,1790278029.479
15577,1188.924,1790278029.576
15578,1188.992,1790278029.639
15579,1189.056,1790278029.746
15580,1189.124,1790278029.847
15581,1189.320,1790278030.139
15582,1189.388,1790278030.206
15583,1189.452,1790278030.289
15584,1189.520,1790278030.414
15585,1189.584,1790278030.485
15586,1189.652,1790278030.572
15587,1189.784,1790278030.748
15588,1189.848,1790278030.820
15589,1189.916,1790278030.949
15590,1189.980,1790278031.022
15591,1190.048,1790278031.111
15592,1190.180,1790278031.306
15593,1190.244,1790278031.389
15594,1190.312,1790278031.509
15595,1190.376,1790278031.578
15596,1190.444,1790278031.657
15597,1190.576,1790278031.847
15598,1190.708,1790278032.046
15599,1190.772,1790278032.130
15600,1190.840,1790278032.212
15601,1190.904,1790278032.329
15602,1190.972,1790278032.407
15603,1191.104,1790278032.610
15604,1191.236,1790278032.780
15605,1191.300,1790278032.842
15606,1191.368,1790278032.958
15607,1191.432,1790278033.048
15608,1191.500,1790278033.111
15609,1191.564,1790278033.234
15610,1191.632,1790278033.325
15611,1191.764,1790278033.505
15612,1191.828,1790278033.597
15613,1191.896,1790278033.663
15614,1191.960,1790278033.774
15615,1192.028,1790278033.866
15616,1192.092,1790278033.927
15617,1192.224,1790278034.129
15618,1192.292,1790278034.198
15619,1192.556,1790278034.578
15620,1192.620,1790278034.682
15621,1192.688,1790278034.747
15622,1192.752,1790278034.831
15623,1192.820,1790278034.944
15624,1192.884,1790278035.014
15625,1192.952,1790278035.096
15626,1193.016,1790278035.202
15627,1193.084,1790278035.280
15628,1193.148,1790278035.356
15629,1193.216,1790278035.479
15630,1193.280,1790278035.553
15631,1193.348,1790278035.635
15632,1193.412,1790278035.751
15633,1193.480,1790278035.829
15634,1193.544,1790278035.917
15635,1193.612,1790278036.036
15636,1193.744,1790278036.199
15637,1193.808,1790278036.330
15638,1193.876,1790278036.402
15639,1193.940,1790278036.482
15640,1194.072,1790278036.686
15641,1194.140,1790278036.769
15642,1194.204,1790278036.883
15643,1194.272,1790278036.971
15644,1194.336,1790278037.055
15645,1194.404,1790278037.179
15646,1194.468,1790278037.264
15647,1194.536,1790278037.349
15648,1194.600,1790278037.409
15649,1194.668,1790278037.524
15650,1194.732,1790278037.610
15651,1194.800,1790278037.676
15652,1194.932,1790278037.879
15653,1194.996,1790278037.944
15654,1195.064,1790278038.052
15655,1195.196,1790278038.206
15656,1195.260,1790278038.327
15657,1195.328,1790278038.420
15658,1195.392,1790278038.484
15659,1195.524,1790278038.695
15660,1195.592,1790278038.760
15661,1195.656,1790278038.874
15662,1195.724,1790278038.971
15663,1195.788,1790278039.037
15664,1195.856,1790278039.167
15665,1195.920,1790278039.263
15666,1196.052,1790278039.432
15667,1196.120,1790278039.550
15668,1196.184,1790278039.620
15669,1196.252,1790278039.701
15670,1196.316,1790278039.818
15671,1196.384,1790278039.892
15672,1196.448,1790278039.977
15673,1196.516,1790278040.100
15674,1196.580,1790278040.178
15675,1196.648,1790278040.251
15676,1196.712,1790278040.376
15677,1196.780,1790278040.451
15678,1196.844,1790278040.531
15679,1196.912,1790278040.651
15680,1196.976,1790278040.730
15681,1197.044,1790278040.808
15682,1197.108,1790278040.920
15683,1197.176,1790278041.000
15684,1197.240,1790278041.075
15685,1197.308,1790278041.190
15686,1197.372,1790278041.265
15687,1197.440,1790278041.343
15688,1197.572,1790278041.550
15689,1197.636,1790278041.632
15690,1197.704,1790278041.747
15691,1197.768,1790278041.835
15692,1197.836,1790278041.923
15693,1197.900,1790278041.986
15694,1197.968,1790278042.096
15695,1198.032,1790278042.180
15696,1198.100,1790278042.245
15697,1198.164,1790278042.354
15698,1198.232,1790278042.449
15699,1198.296,1790278042.513
15700,1198.364,1790278042.632
15701,1198.428,1790278042.720
15702,1198.560,1790278042.894
15703,1198.628,1790278042.983
15704,1198.692,1790278043.046
15705,1198.760,1790278043.156
15706,1198.824,1790278043.244
15707,1198.892,1790278043.316
15708,1198.956,1790278043.444
15709,1199.024,1790278043.545
15710,1199.088,1790278043.604
15711,1199.156,1790278043.711
15712,1199.220,1790278043.809
15713,1199.288,1790278043.878
15714,1199.352,1790278043.961
15715,1199.420,1790278044.071
15716,1199.484,1790278044.133
15717,1199.552,1790278044.218
15718,1199.616,1790278044.325
15719,1199.684,1790278044.393
15720,1199.748,1790278044.478
15721,1199.816,1790278044.603
15722,1199.880,1790278044.677
15723,1199.948,1790278044.757
15724,1200.012,1790278044.872
15725,1200.080,1790278044.941
15726,1200.144,1790278045.019
15727,1200.212,1790278045.135
15728,1200.276,1790278045.213
15729,1200.344,1790278045.298
15730,1200.476,1790278045.505
15731,1200.540,1790278045.603
15732,1200.608,1790278045.720
15733,1200.804,1790278046.005
15734,1200.872,1790278046.087
15735,1200.936,1790278046.166
15736,1201.004,1790278046.276
15737,1201.068,1790278046.361
15738,1201.136,1790278046.458
15739,1201.200,1790278046.523
15740,1201.268,1790278046.644
15741,1201.332,1790278046.725
15742,1201.464,1790278046.904
15743,1201.596,1790278047.061
15744,1201.664,1790278047.181
15745,1201.728,1790278047.286
15746,1201.796,1790278047.356
15747,1201.860,1790278047.484
15748,1201.928,1790278047.581
15749,1201.992,1790278047.649
15750,1202.060,1790278047.770
15751,1202.124,1790278047.865
15752,1202.192,1790278047.929
15753,1202.256,1790278048.067
15754,1202.324,1790278048.171
15755,1202.388,1790278048.239
15756,1202.456,1790278048.366
15757,1202.520,1790278048.475
15758,1202.588,1790278048.544
15759,1202.652,1790278048.632
15760,1202.720,1790278048.759
15761,1202.784,1790278048.841
15762,1202.852,1790278048.930
15763,1202.916,1790278049.064
15764,1202.984,1790278049.144
15765,1203.048,1790278049.244
15766,1203.116,1790278049.365
15767,1203.180,1790278049.442
15768,1203.248,1790278049.538
15769,1203.312,1790278049.678
15770,1203.380,1790278049.755
15771,1203.444,1790278049.833
15772,1203.512,1790278049.956
15773,1203.576,1790278050.034
15774,1203.644,1790278050.117
15775,1203.708,1790278050.241
15776,1203.776,1790278050.321
15777,1203.840,1790278050.411
15778,1203.908,1790278050.567
15779,1203.972,1790278050.651
15780,1204.040,1790278050.749
15781,1204.104,1790278050.880
15782,1204.172,1790278050.972
15783,1204.236,1790278051.062
15784,1204.304,1790278051.188
15785,1204.368,1790278051.279
15786,1204.436,1790278051.376
15787,1204.500,1790278051.449
15788,1204.568,1790278051.580
15789,1204.632,1790278051.677
15790,1204.700,1790278051.755
15791,1204.832,1790278051.981
15792,1204.896,1790278052.047
15793,1204.964,1790278052.177
15794,1205.028,1790278052.267
15795,1205.096,1790278052.336
15796,1205.160,1790278052.446
15797,1205.228,1790278052.539
15798,1205.292,1790278052.605
15799,1205.360,1790278052.727
15800,1205.424,1790278052.828
15801,1205.492,1790278052.894
15802,1205.556,1790278053.014
15803,1205.624,1790278053.112
15804,1205.688,1790278053.186
15805,1205.756,1790278053.319
15806,1205.820,1790278053.421
15807,1205.888,1790278053.510
15808,1205.952,1790278053.599
15809,1206.020,1790278053.728
15810,1206.152,1790278053.909
15811,1206.216,1790278054.053
15812,1206.284,1790278054.135
15813,1206.348,1790278054.226
15814,1206.416,1790278054.341
15815,1206.480,1790278054.412
15816,1206.548,1790278054.497
15817,1206.612,1790278054.617
15818,1206.680,1790278054.693
15819,1206.744,1790278054.773
15820,1206.812,1790278054.896
15821,1206.876,1790278054.972
15822,1206.944,1790278055.056
15823,1207.076,1790278055.245
15824,1207.140,1790278055.328
15825,1207.208,1790278055.452
15826,1207.272,1790278055.532
15827,1207.340,1790278055.613
15828,1207.404,1790278055.725
15829,1207.472,1790278055.803
15830,1207.536,1790278055.889
15831,1207.604,1790278056.015
15832,1207.668,1790278056.098
15833,1207.736,1790278056.184
15834,1207.800,1790278056.244
15835,1207.868,1790278056.351
15836,1207.932,1790278056.436
15837,1208.000,1790278056.505
15838,1208.064,1790278056.613
15839,1208.132,1790278056.694
15840,1208.196,1790278056.760
15841,1208.264,1790278056.868
15842,1208.328,1790278056.969
15843,1208.396,1790278057.033
15844,1208.460,1790278057.150
15845,1208.528,1790278057.244
15846,1208.592,1790278057.309
15847,1208.724,1790278057.515
15848,1208.792,1790278057.579
15849,1208.856,1790278057.696
15850,1208.924,1790278057.802
15851,1208.988,1790278057.869
15852,1209.056,1790278057.996
15853,1209.120,1790278058.096
15854,1209.188,1790278058.169
15855,1209.252,1790278058.251
15856,1209.320,1790278058.358
15857,1209.384,1790278058.422
15858,1209.452,1790278058.500
15859,1209.516,1790278058.610
15860,1209.584,1790278058.679
15861,1209.648,1790278058.754
15862,1209.716,1790278058.867
15863,1209.780,1790278058.934
15864,1209.912,1790278059.138
15865,1209.980,1790278059.213
15866,1210.112,1790278059.411
15867,1210.176,1790278059.483
15868,1210.244,1790278059.568
15869,1210.308,1790278059.682
15870,1210.376,1790278059.764
15871,1210.440,1790278059.853
15872,1210.508,1790278059.962
15873,1210.572,1790278060.051
15874,1210.640,1790278060.136
15875,1210.704,1790278060.247
15876,1210.772,1790278060.335
15877,1210.836,1790278060.415
15878,1210.904,1790278060.530
15879,1211.036,1790278060.689
15880,1211.100,1790278060.756
15881,1211.168,1790278060.862
15882,1211.232,1790278060.957
15883,1211.300,1790278061.027
15884,1211.364,1790278061.147
15885,1211.432,1790278061.230
15886,1211.496,1790278061.293
15887,1211.564,1790278061.407
15888,1211.628,1790278061.498
15889,1211.696,1790278061.564
15890,1211.828,1790278061.774
15891,1211.892,1790278061.832
15892,1211.960,1790278061.946
15893,1212.024,1790278062.042
15894,1212.092,1790278062.121
15895,1212.156,1790278062.238
15896,1212.224,1790278062.337
15897,1212.288,1790278062.405
15898,1212.356,1790278062.515
15899,1212.420,1790278062.613
15900,1212.488,1790278062.677
15901,1212.552,1790278062.750
15902,1212.620,1790278062.860
15903,1212.684,1790278062.935
15904,1212.752,1790278063.019
15905,1212.816,1790278063.136
15906,1212.884,1790278063.202
15907,1213.016,1790278063.398
15908,1213.080,1790278063.465
15909,1213.148,1790278063.546
15910,1213.212,1790278063.661
15911,1213.280,1790278063.729
15912,1213.344,1790278063.801
15913,1213.412,1790278063.917
15914,1213.476,1790278063.998
15915,1213.544,1790278064.080
15916,1213.608,1790278064.202
15917,1213.676,1790278064.277
15918,1213.740,1790278064.358
15919,1213.808,1790278064.480
15920,1213.872,1790278064.555
15921,1213.940,1790278064.636
15922,1214.004,1790278064.745
15923,1214.072,1790278064.825
15924,1214.136,1790278064.917
15925,1214.204,1790278065.036
15926,1214.268,1790278065.123
15927,1214.336,1790278065.221
15928,1214.400,1790278065.283
15929,1214.468,1790278065.390
15930,1214.532,1790278065.492
15931,1214.600,1790278065.564
15932,1214.664,1790278065.703
15933,1214.732,1790278065.801
15934,1214.796,1790278065.876
15935,1214.928,1790278066.096
15936,1214.996,1790278066.163
15937,1215.060,1790278066.300
15938,1215.128,1790278066.397
15939,1215.192,1790278066.463
15940,1215.260,1790278066.592
15941,1215.324,1790278066.682
15942,1215.392,1790278066.746
15943,1215.456,1790278066.858
15944,1215.524,1790278066.956
15945,1215.588,1790278067.017
15946,1215.656,1790278067.133
15947,1215.788,1790278067.306
15948,1215.852,1790278067.378
15949,1215.920,1790278067.498
15950,1215.984,1790278067.563
15951,1216.052,1790278067.649
15952,1216.116,1790278067.778
15953,1216.184,1790278067.868
15954,1216.248,1790278067.962
15955,1216.316,1790278068.102
15956,1216.380,1790278068.183
15957,1216.448,1790278068.279
15958,1216.512,1790278068.414
15959,1216.644,1790278068.593
15960,1216.712,1790278068.721
15961,1216.776,1790278068.791
15962,1216.844,1790278068.874
15963,1216.908,1790278068.991
15964,1216.976,1790278069.071
15965,1217.040,1790278069.150
15966,1217.108,1790278069.263
15967,1217.172,1790278069.345
15968,1217.240,1790278069.428
15969,1217.304,1790278069.541
15970,1217.372,1790278069.624
15971,1217.436,1790278069.704
15972,1217.504,1790278069.817
15973,1217.568,1790278069.903
15974,1217.636,1790278069.987
15975,1217.700,1790278070.050
15976,1217.768,1790278070.172
15977,1217.832,1790278070.254
15978,1217.900,1790278070.321
15979,1217.964,1790278070.447
15980,1218.096,1790278070.605
15981,1218.164,1790278070.731
15982,1218.228,1790278070.821
15983,1218.296,1790278070.885
15984,1218.360,1790278070.998
15985,1218.428,1790278071.104
15986,1218.492,1790278071.167
15987,1218.560,1790278071.284
15988,1218.624,1790278071.377
15989,1218.692,1790278071.441
15990,1218.824,1790278071.651
15991,1218.888,1790278071.720
15992,1218.956,1790278071.840
15993,1219.020,1790278071.936
15994,1219.088,1790278072.005
15995,1219.152,1790278072.081
15996,1219.220,1790278072.196
15997,1219.284,1790278072.265
15998,1219.352,1790278072.352
15999,1219.416,1790278072.469
16000,1219.484,1790278072.546
16001,1219.548,1790278072.624
16002,1219.616,1790278072.741
16003,1219.680,1790278072.812
16004,1219.748,1790278072.891
16005,1219.812,1790278073.025
16006,1219.880,1790278073.101
16007,1219.944,1790278073.178
16008,1220.012,1790278073.306
16009,1220.076,1790278073.384
16010,1220.144,1790278073.483
16011,1220.208,1790278073.603
16012,1220.276,1790278073.681
16013,1220.340,1790278073.759
16014,1220.408,1790278073.874
16015,1220.472,1790278073.953
16016,1220.540,1790278074.038
16017,1220.604,1790278074.156
16018,1220.672,1790278074.241
16019,1220.736,1790278074.328
16020,1220.804,1790278074.441
16021,1220.868,1790278074.522
16022,1220.936,1790278074.601
16023,1221.068,1790278074.771
16024,1221.200,1790278074.922
16025,1221.264,1790278075.028
16026,1221.332,1790278075.122
16027,1221.396,1790278075.181
16028,1221.464,1790278075.299
16029,1221.528,1790278075.384
16030,1221.660,1790278075.576
16031,1221.728,1790278075.673
16032,1221.792,1790278075.736
16033,1221.860,1790278075.854
16034,1221.924,1790278075.939
16035,1221.992,1790278076.008
16036,1222.056,1790278076.118
16037,1222.124,1790278076.210
16038,1222.188,1790278076.274
16039,1222.256,1790278076.382
16040,1222.320,1790278076.473
16041,1222.452,1790278076.622
16042,1222.652,1790278076.878
16043,1222.716,1790278076.986
16044,1222.784,1790278077.054
16045,1222.916,1790278077.256
16046,1222.980,1790278077.325
16047,1223.048,1790278077.403
16048,1223.112,1790278077.525
16049,1223.180,1790278077.611
16050,1223.244,1790278077.686
16051,1223.312,1790278077.804
16052,1223.376,1790278077.872
16053,1223.444,1790278077.959
16054,1223.508,1790278078.074
16055,1223.640,1790278078.241
16056,1223.708,1790278078.357
16057,1223.772,1790278078.442
16058,1223.840,1790278078.532
16059,1223.904,1790278078.657
16060,1223.972,1790278078.742
16061,1224.036,1790278078.825
16062,1224.104,1790278078.940
16063,1224.168,1790278079.026
16064,1224.236,1790278079.119
16065,1224.300,1790278079.187
16066,1224.368,1790278079.300
16067,1224.432,1790278079.390
16068,1224.500,1790278079.463
16069,1224.564,1790278079.583
16070,1224.632,1790278079.686
16071,1224.696,1790278079.748
16072,1224.764,1790278079.866
16073,1224.828,1790278079.960
16074,1224.896,1790278080.027
16075,1224.960,1790278080.142
16076,1225.028,1790278080.239
16077,1225.092,1790278080.302
16078,1225.160,1790278080.414
16079,1225.224,1790278080.513
16080,1225.292,1790278080.580
16081,1225.356,1790278080.691
16082,1225.424,1790278080.781
16083,1225.488,1790278080.847
16084,1225.556,1790278080.960
16085,1225.752,1790278081.199
16086,1225.820,1790278081.306
16087,1225.952,1790278081.450
16088,1226.016,1790278081.559
16089,1226.084,1790278081.622
16090,1226.148,1790278081.696
16091,1226.216,1790278081.810
16092,1226.280,1790278081.880
16093,1226.348,1790278081.953
16094,1226.412,1790278082.065
16095,1226.480,1790278082.138
16096,1226.612,1790278082.334
16097,1226.676,1790278082.404
16098,1226.744,1790278082.482
16099,1226.808,1790278082.597
16100,1226.876,1790278082.674
16101,1226.940,1790278082.756
16102,1227.008,1790278082.871
16103,1227.072,1790278082.945
16104,1227.140,1790278083.024
16105,1227.204,1790278083.144
16106,1227.272,1790278083.224
16107,1227.336,1790278083.309
16108,1227.468,1790278083.504
16109,1227.536,1790278083.589
16110,1227.600,1790278083.649
16111,1227.732,1790278083.854
16112,1227.800,1790278083.920
16113,1227.864,1790278084.030
16114,1227.932,1790278084.125
16115,1227.996,1790278084.189
16116,1228.064,1790278084.305
16117,1228.128,1790278084.397
16118,1228.196,1790278084.460
16119,1228.260,1790278084.572
16120,1228.328,1790278084.664
16121,1228.392,1790278084.725
16122,1228.460,1790278084.843
16123,1228.524,1790278084.937
16124,1228.592,1790278085.000
16125,1228.656,1790278085.114
16126,1228.724,1790278085.210
16127,1228.788,1790278085.270
16128,1228.856,1790278085.375
16129,1228.920,1790278085.474
16130,1228.988,1790278085.543
16131,1229.052,1790278085.626
16132,1229.120,1790278085.736
16133,1229.184,1790278085.803
16134,1229.252,1790278085.898
16135,1229.316,1790278086.016
16136,1229.384,1790278086.088
16137,1229.448,1790278086.166
16138,1229.516,1790278086.282
16139,1229.580,1790278086.352
16140,1229.648,1790278086.430
16141,1229.780,1790278086.621
16142,1229.844,1790278086.698
16143,1229.912,1790278086.814
16144,1229.976,1790278086.890
16145,1230.044,1790278086.964
16146,1230.176,1790278087.165
16147,1230.240,1790278087.246
16148,1230.308,1790278087.363
16149,1230.372,1790278087.443
16150,1230.504,1790278087.657
16151,1230.636,1790278087.823
16152,1230.704,1790278087.943
16153,1230.768,1790278088.022
16154,1230.900,1790278088.190
16155,1230.968,1790278088.302
16156,1231.032,1790278088.378
16157,1231.232,1790278088.653
16158,1231.296,1790278088.713
16159,1231.364,1790278088.824
16160,1231.428,1790278088.915
16161,1231.496,1790278088.980
16162,1231.560,1790278089.098
16163,1231.628,1790278089.187
16164,1231.692,1790278089.251
16165,1231.760,1790278089.371
16166,1231.824,1790278089.472
16167,1231.892,1790278089.540
16168,1231.956,1790278089.648
16169,1232.088,1790278089.822
16170,1232.156,1790278089.928
16171,1232.220,1790278090.037
16172,1232.288,1790278090.104
16173,1232.352,1790278090.175
16174,1232.484,1790278090.363
16175,1232.552,1790278090.438
16176,1232.616,1790278090.542
16177,1232.684,1790278090.616
16178,1232.816,1790278090.814
16179,1232.880,1790278090.895
16180,1233.012,1790278091.106
16181,1233.080,1790278091.179
16182,1233.144,1790278091.264
16183,1233.212,1790278091.386
16184,1233.276,1790278091.463
16185,1233.344,1790278091.540
16186,1233.408,1790278091.663
16187,1233.476,1790278091.740
16188,1233.540,1790278091.823
16189,1233.740,1790278092.102
16190,1233.872,1790278092.300
16191,1233.936,1790278092.386
16192,1234.004,1790278092.505
16193,1234.136,1790278092.676
16194,1234.200,1790278092.740
16195,1234.268,1790278092.848
16196,1234.332,1790278092.936
16197,1234.400,1790278093.001
16198,1234.464,1790278093.122
16199,1234.728,1790278093.477
16200,1234.796,1790278093.542
16201,1234.860,1790278093.660
16202,1234.928,1790278093.754
16203,1234.992,1790278093.816
16204,1235.192,1790278094.093
16205,1235.256,1790278094.218
16206,1235.324,1790278094.312
16207,1235.388,1790278094.378
16208,1235.456,1790278094.503
16209,1235.588,1790278094.665
16210,1235.652,1790278094.740
16211,1235.784,1790278094.940
16212,1235.852,1790278095.017
16213,1235.984,1790278095.217
16214,1236.048,1790278095.299
16215,1236.116,1790278095.422
16216,1236.180,1790278095.509
16217,1236.248,1790278095.578
16218,1236.312,1790278095.687
16219,1236.380,1790278095.761
16220,1236.444,1790278095.838
16221,1236.512,1790278095.953
16222,1236.576,1790278096.030
16223,1236.644,1790278096.117
16224,1236.708,1790278096.250
16225,1236.776,1790278096.330
16226,1236.972,1790278096.624
16227,1237.040,1790278096.707
16228,1237.104,1790278096.834
16229,1237.172,1790278096.912
16230,1237.236,1790278096.998
16231,1237.304,1790278097.113
16232,1237.368,1790278097.198
16233,1237.436,1790278097.287
16234,1237.500,1790278097.351
16235,1237.568,1790278097.477
16236,1237.632,1790278097.564
16237,1237.700,1790278097.631
16238,1237.764,1790278097.746
16239,1237.832,1790278097.840
16240,1237.896,1790278097.901
16241,1237.964,1790278098.021
16242,1238.028,1790278098.107
16243,1238.096,1790278098.174
16244,1238.160,1790278098.283
16245,1238.228,1790278098.374
16246,1238.292,1790278098.435
16247,1238.360,1790278098.549
16248,1238.492,1790278098.706
16249,1238.556,1790278098.817
16250,1238.624,1790278098.911
16251,1238.688,1790278098.970
16252,1238.756,1790278099.096
16253,1238.820,1790278099.193
16254,1238.888,1790278099.258
16255,1238.952,1790278099.352
16256,1239.020,1790278099.457
16257,1239.084,1790278099.530
16258,1239.152,1790278099.606
16259,1239.216,1790278099.711
16260,1239.284,1790278099.785
16261,1239.348,1790278099.866
16262,1239.416,1790278099.980
16263,1239.480,1790278100.048
16264,1239.548,1790278100.127
16265,1239.612,1790278100.242
16266,1239.680,1790278100.326
16267,1239.744,1790278100.418
16268,1239.812,1790278100.537
16269,1239.876,1790278100.609
16270,1239.944,1790278100.691
16271,1240.008,1790278100.814
16272,1240.076,1790278100.893
16273,1240.140,1790278100.983
16274,1240.208,1790278101.096
16275,1240.272,1790278101.175
16276,1240.340,1790278101.270
16277,1240.404,1790278101.399
16278,1240.472,1790278101.482
16279,1240.536,1790278101.572
16280,1240.604,1790278101.694
16281,1240.668,1790278101.776
16282,1240.736,1790278101.862
16283,1240.800,1790278101.924
16284,1240.868,1790278102.037
16285,1240.932,1790278102.129
16286,1241.000,1790278102.192
16287,1241.064,1790278102.309
16288,1241.132,1790278102.396
16289,1241.196,1790278102.458
16290,1241.328,1790278102.664
16291,1241.396,1790278102.731
16292,1241.460,1790278102.852
16293,1241.528,1790278102.944
16294,1241.592,1790278103.009
16295,1241.660,1790278103.125
16296,1241.724,1790278103.224
16297,1241.792,1790278103.297
16298,1241.856,1790278103.420
16299,1241.924,1790278103.514
16300,1241.988,1790278103.578
16301,1242.056,1790278103.695
16302,1242.120,1790278103.794
16303,1242.188,1790278103.861
16304,1242.252,1790278103.939
16305,1242.320,1790278104.072
16306,1242.384,1790278104.147
16307,1242.452,1790278104.232
16308,1242.584,1790278104.399
16309,1242.716,1790278104.600
16310,1242.780,1790278104.677
16311,1242.848,1790278104.759
16312,1242.912,1790278104.880
16313,1242.980,1790278104.953
16314,1243.244,1790278105.312
16315,1243.308,1790278105.426
16316,1243.376,1790278105.514
16317,1243.440,1790278105.594
16318,1243.508,1790278105.711
16319,1243.572,1790278105.787
16320,1243.704,1790278105.988
16321,1243.836,1790278106.157
16322,1243.904,1790278106.276
16323,1244.036,1790278106.457
16324,1244.100,1790278106.537
16325,1244.232,1790278106.732
16326,1244.364,1790278106.915
16327,1244.432,1790278107.008
16328,1244.496,1790278107.065
16329,1244.564,1790278107.171
16330,1244.628,1790278107.265
16331,1244.696,1790278107.329
16332,1244.760,1790278107.447
16333,1244.892,1790278107.597
16334,1244.960,1790278107.716
16335,1245.024,1790278107.813
16336,1245.092,1790278107.879
16337,1245.156,1790278107.987
16338,1245.224,1790278108.082
16339,1245.288,1790278108.145
16340,1245.420,1790278108.354
16341,1245.488,1790278108.417
16342,1245.552,1790278108.501
16343,1245.620,1790278108.613
16344,1245.684,1790278108.679
16345,1245.752,1790278108.763
16346,1245.816,1790278108.874
16347,1245.884,1790278108.956
16348,1245.948,1790278109.048
16349,1246.016,1790278109.165
16350,1246.080,1790278109.235
16351,1246.148,1790278109.316
16352,1246.212,1790278109.431
16353,1246.280,1790278109.506
16354,1246.412,1790278109.706
16355,1246.476,1790278109.776
16356,1246.608,1790278109.976
16357,1246.676,1790278110.056
16358,1246.740,1790278110.133
16359,1246.808,1790278110.250
16360,1246.872,1790278110.332
16361,1246.940,1790278110.412
16362,1247.004,1790278110.526
16363,1247.072,1790278110.606
16364,1247.136,1790278110.694
16365,1247.204,1790278110.813
16366,1247.268,1790278110.892
16367,1247.336,1790278110.988
16368,1247.400,1790278111.053
16369,1247.468,1790278111.162
16370,1247.532,1790278111.256
16371,1247.600,1790278111.319
16372,1247.664,1790278111.428
16373,1247.732,1790278111.514
16374,1247.796,1790278111.576
16375,1247.996,1790278111.862
16376,1248.060,1790278111.974
16377,1248.128,1790278112.066
16378,1248.192,1790278112.128
16379,1248.260,1790278112.236
16380,1248.324,1790278112.342
16381,1248.392,1790278112.406
16382,1248.456,1790278112.523
16383,1248.524,1790278112.619
16384,1248.588,1790278112.681
16385,1248.720,1790278112.894
16386,1248.788,1790278112.962
16387,1248.852,1790278113.047
16388,1248.920,1790278113.168
16389,1248.984,1790278113.233
16390,1249.052,1790278113.312
16391,1249.184,1790278113.507
16392,1249.248,1790278113.582
16393,1249.316,1790278113.706
16394,1249.380,1790278113.776
16395,1249.448,1790278113.858
16396,1249.512,1790278113.976
16397,1249.580,1790278114.051
16398,1249.644,1790278114.126
16399,1249.712,1790278114.244
16400,1249.776,1790278114.319
16401,1249.844,1790278114.405
16402,1249.908,1790278114.524
16403,1249.976,1790278114.603
16404,1250.040,1790278114.681
16405,1250.108,1790278114.807
16406,1250.172,1790278114.878
16407,1250.240,1790278114.965
16408,1250.304,1790278115.092
16409,1250.372,1790278115.171
16410,1250.436,1790278115.258
16411,1250.504,1790278115.376
16412,1250.568,1790278115.458
16413,1250.636,1790278115.552
16414,1250.768,1790278115.730
16415,1250.832,1790278115.815
16416,1250.900,1790278115.882
16417,1250.964,1790278116.001
16418,1251.032,1790278116.093
16419,1251.096,1790278116.154
16420,1251.164,1790278116.267
16421,1251.296,1790278116.424
16422,1251.360,1790278116.543
16423,1251.492,1790278116.700
16424,1251.560,1790278116.810
16425,1251.624,1790278116.909
16426,1251.692,1790278116.975
16427,1251.756,1790278117.093
16428,1251.824,1790278117.189
16429,1251.888,1790278117.251
16430,1251.956,1790278117.364
16431,1252.020,1790278117.458
16432,1252.152,1790278117.607
16433,1252.220,1790278117.720
16434,1252.284,1790278117.788
16435,1252.352,1790278117.868
16436,1252.416,1790278117.996
16437,1252.484,1790278118.061
16438,1252.548,1790278118.138
16439,1252.616,1790278118.255
16440,1252.680,1790278118.330
16441,1252.748,1790278118.415
16442,1252.812,1790278118.527
16443,1252.880,1790278118.605
16444,1252.944,1790278118.691
16445,1253.012,1790278118.807
16446,1253.076,1790278118.879
16447,1253.144,1790278118.982
16448,1253.208,1790278119.104
16449,1253.276,1790278119.184
16450,1253.340,1790278119.271
16451,1253.408,1790278119.389
16452,1253.472,1790278119.470
16453,1253.540,1790278119.552
16454,1253.604,1790278119.668
16455,1253.736,1790278119.834
16456,1253.804,1790278119.946
16457,1253.868,1790278120.030
16458,1253.936,1790278120.117
16459,1254.000,1790278120.181
16460,1254.068,1790278120.294
16461,1254.132,1790278120.382
16462,1254.200,1790278120.451
16463,1254.396,1790278120.703
16464,1254.464,1790278120.817
16465,1254.528,1790278120.907
16466,1254.596,1790278120.971
16467,1254.660,1790278121.095
16468,1254.728,1790278121.198
16469,1254.792,1790278121.256
16470,1254.860,1790278121.375
16471,1254.924,1790278121.468
16472,1255.056,1790278121.652
16473,1255.124,1790278121.752
16474,1255.188,1790278121.814
16475,1255.256,1790278121.930
16476,1255.320,1790278122.031
16477,1255.388,1790278122.098
16478,1255.452,1790278122.181
16479,1255.520,1790278122.290
16480,1255.584,1790278122.365
16481,1255.652,1790278122.449
16482,1255.716,1790278122.555
16483,1255.784,1790278122.637
16484,1255.848,1790278122.716
16485,1255.916,1790278122.832
16486,1255.980,1790278122.907
16487,1256.048,1790278122.985
16488,1256.112,1790278123.115
16489,1256.180,1790278123.192
16490,1256.244,1790278123.270
16491,1256.376,1790278123.467
16492,1256.444,1790278123.554
16493,1256.508,1790278123.666
16494,1256.576,1790278123.750
16495,1256.640,1790278123.837
16496,1256.840,1790278124.138
16497,1256.904,1790278124.264
16498,1256.972,1790278124.341
16499,1257.036,1790278124.423
16500,1257.104,1790278124.540
16501,1257.168,1790278124.628
16502,1257.236,1790278124.709
16503,1257.300,1790278124.770
16504,1257.368,1790278124.886
16505,1257.432,1790278124.978
16506,1257.500,1790278125.045
16507,1257.564,1790278125.157
16508,1257.632,1790278125.248
16509,1257.696,1790278125.309
16510,1257.764,1790278125.425
16511,1257.828,1790278125.513
16512,1257.960,1790278125.702
16513,1258.028,1790278125.795
16514,1258.092,1790278125.861
16515,1258.160,1790278125.973
16516,1258.224,1790278126.073
16517,1258.292,1790278126.136
16518,1258.356,1790278126.253
16519,1258.424,1790278126.352
16520,1258.488,1790278126.416
16521,1258.556,1790278126.537
16522,1258.620,1790278126.642
16523,1258.688,1790278126.713
16524,1258.752,1790278126.797
16525,1258.820,1790278126.915
16526,1258.884,1790278126.985
16527,1258.952,1790278127.074
16528,1259.016,1790278127.194
16529,1259.084,1790278127.260
16530,1259.148,1790278127.341
16531,1259.216,1790278127.460
16532,1259.280,1790278127.533
16533,1259.348,1790278127.619
16534,1259.412,1790278127.737
16535,1259.480,1790278127.811
16536,1259.612,1790278128.027
16537,1259.676,1790278128.108
16538,1259.744,1790278128.188
16539,1259.808,1790278128.309
16540,1259.876,1790278128.384
16541,1259.940,1790278128.464
16542,1260.008,1790278128.587
16543,1260.140,1790278128.764
16544,1260.204,1790278128.882
16545,1260.272,1790278128.970
16546,1260.336,1790278129.052
16547,1260.404,1790278129.169
16548,1260.468,1790278129.264
16549,1260.536,1790278129.352
16550,1260.600,1790278129.415
16551,1260.668,1790278129.531
16552,1260.732,1790278129.622
16553,1260.800,1790278129.685
16554,1260.864,1790278129.789
16555,1260.932,1790278129.885
16556,1260.996,1790278129.945
16557,1261.064,1790278130.065
16558,1261.128,1790278130.157
16559,1261.196,1790278130.223
16560,1261.260,1790278130.333
16561,1261.328,1790278130.427
16562,1261.392,1790278130.491
16563,1261.460,1790278130.615
16564,1261.524,1790278130.706
16565,1261.656,1790278130.892
16566,1261.724,1790278130.987
16567,1261.788,1790278131.058
16568,1261.856,1790278131.167
16569,1261.920,1790278131.273
16570,1261.988,1790278131.354
16571,1262.052,1790278131.431
16572,1262.184,1790278131.605
16573,1262.252,1790278131.686
16574,1262.316,1790278131.808
16575,1262.384,1790278131.882
16576,1262.516,1790278132.075
16577,1262.580,1790278132.146
16578,1262.648,1790278132.222
16579,1262.780,1790278132.415
16580,1262.844,1790278132.494
16581,1262.912,1790278132.612
16582,1262.976,1790278132.690
16583,1263.044,1790278132.769
16584,1263.108,1790278132.887
16585,1263.240,1790278133.052
16586,1263.308,1790278133.168
16587,1263.372,1790278133.244
16588,1263.440,1790278133.328
16589,1263.504,1790278133.440
16590,1263.636,1790278133.606
16591,1263.768,1790278133.809
16592,1263.836,1790278133.897
16593,1263.900,1790278133.958
16594,1263.968,1790278134.089
16595,1264.032,1790278134.177
16596,1264.100,1790278134.250
16597,1264.164,1790278134.368
16598,1264.232,1790278134.458
16599,1264.296,1790278134.517
16600,1264.364,1790278134.630
16601,1264.428,1790278134.720
16602,1264.496,1790278134.786
16603,1264.560,1790278134.901
16604,1264.628,1790278134.990
16605,1264.692,1790278135.052
16606,1264.824,1790278135.260
16607,1264.892,1790278135.330
16608,1264.956,1790278135.453
16609,1265.024,1790278135.545
16610,1265.088,1790278135.606
16611,1265.156,1790278135.727
16612,1265.220,1790278135.821
16613,1265.288,1790278135.885
16614,1265.352,1790278135.969
16615,1265.420,1790278136.085
16616,1265.484,1790278136.151
16617,1265.552,1790278136.233
16618,1265.616,1790278136.354
16619,1265.684,1790278136.420
16620,1265.748,1790278136.513
16621,1265.816,1790278136.655
16622,1265.880,1790278136.736
16623,1265.948,1790278136.829
16624,1266.012,1790278136.962
16625,1266.080,1790278137.045
16626,1266.144,1790278137.129
16627,1266.212,1790278137.275
16628,1266.276,1790278137.350
16629,1266.344,1790278137.434
16630,1266.408,1790278137.579
16631,1266.476,1790278137.650
16632,1266.540,1790278137.740
16633,1266.608,1790278137.859
16634,1266.672,1790278137.933
16635,1266.740,1790278138.020
16636,1266.804,1790278138.132
16637,1266.872,1790278138.209
16638,1266.936,1790278138.297
16639,1267.004,1790278138.409
16640,1267.068,1790278138.497
16641,1267.136,1790278138.595
16642,1267.200,1790278138.675
16643,1267.268,1790278138.803
16644,1267.332,1790278138.899
16645,1267.400,1790278138.971
16646,1267.464,1790278139.103
16647,1267.532,1790278139.217
16648,1267.596,1790278139.286
16649,1267.664,1790278139.419
16650,1267.728,1790278139.521
16651,1267.796,1790278139.591
16652,1267.860,1790278139.719
16653,1267.928,1790278139.819
16654,1267.992,1790278139.887
16655,1268.060,1790278139.997
16656,1268.124,1790278140.097
16657,1268.192,1790278140.167
16658,1268.256,1790278140.283
16659,1268.324,1790278140.378
16660,1268.388,1790278140.449
16661,1268.456,1790278140.555
16662,1268.520,1790278140.664
16663,1268.588,1790278140.736
16664,1268.652,1790278140.819
16665,1268.720,1790278140.936
16666,1268.784,1790278141.006
16667,1268.852,1790278141.091
16668,1268.916,1790278141.206
16669,1268.984,1790278141.287
16670,1269.048,1790278141.363
16671,1269.116,1790278141.476
16672,1269.180,1790278141.545
16673,1269.248,1790278141.632
16674,1269.312,1790278141.745
16675,1269.380,1790278141.815
16676,1269.444,1790278141.881
16677,1269.512,1790278141.999
16678,1269.576,1790278142.078
16679,1269.644,1790278142.162
16680,1269.708,1790278142.281
16681,1269.776,1790278142.360
16682,1269.840,1790278142.444
16683,1269.908,1790278142.565
16684,1269.972,1790278142.647
16685,1270.040,1790278142.735
16686,1270.104,1790278142.849
16687,1270.172,1790278142.929
16688,1270.236,1790278143.030
16689,1270.304,1790278143.144
16690,1270.368,1790278143.232
16691,1270.436,1790278143.330
16692,1270.500,1790278143.393
16693,1270.632,1790278143.587
16694,1270.700,1790278143.656
16695,1270.764,1790278143.771
16696,1270.832,1790278143.858
16697,1270.896,1790278143.928
16698,1270.964,1790278144.057
16699,1271.028,1790278144.146
16700,1271.096,1790278144.209
16701,1271.160,1790278144.324
16702,1271.292,1790278144.483
16703,1271.360,1790278144.585
16704,1271.424,1790278144.678
16705,1271.492,1790278144.748
16706,1271.556,1790278144.854
16707,1271.624,1790278144.960
16708,1271.756,1790278145.149
16709,1271.820,1790278145.248
16710,1271.888,1790278145.315
16711,1271.952,1790278145.394
16712,1272.020,1790278145.501
16713,1272.084,1790278145.569
16714,1272.152,1790278145.650
16715,1272.284,1790278145.833
16716,1272.348,1790278145.916
16717,1272.416,1790278146.046
16718,1272.480,1790278146.118
16719,1272.548,1790278146.205
16720,1272.612,1790278146.322
16721,1272.680,1790278146.391
16722,1272.744,1790278146.468
16723,1272.812,1790278146.584
16724,1272.876,1790278146.660
16725,1272.944,1790278146.733
16726,1273.008,1790278146.854
16727,1273.076,1790278146.933
16728,1273.140,1790278147.013
16729,1273.340,1790278147.288
16730,1273.404,1790278147.403
16731,1273.472,1790278147.487
16732,1273.536,1790278147.566
16733,1273.604,1790278147.680
16734,1273.668,1790278147.766
16735,1273.736,1790278147.858
16736,1273.800,1790278147.917
16737,1273.932,1790278148.114
16738,1274.000,1790278148.176
16739,1274.064,1790278148.278
16740,1274.132,1790278148.368
16741,1274.264,1790278148.554
16742,1274.328,1790278148.641
16743,1274.528,1790278148.928
16744,1274.592,1790278148.990
16745,1274.660,1790278149.105
16746,1274.724,1790278149.205
16747,1274.792,1790278149.272
16748,1274.924,1790278149.494
16749,1274.988,1790278149.559
16750,1275.120,1790278149.772
16751,1275.188,1790278149.848
16752,1275.252,1790278149.933
16753,1275.320,1790278150.046
16754,1275.384,1790278150.113
16755,1275.452,1790278150.190
16756,1275.516,1790278150.294
16757,1275.584,1790278150.366
16758,1275.648,1790278150.439
16759,1275.716,1790278150.554
16760,1275.780,1790278150.624
16761,1275.912,1790278150.828
16762,1275.980,1790278150.901
16763,1276.044,1790278150.979
16764,1276.112,1790278151.095
16765,1276.244,1790278151.255
16766,1276.308,1790278151.371
16767,1276.376,1790278151.451
16768,1276.440,1790278151.532
16769,1276.508,1790278151.660
16770,1276.572,1790278151.747
16771,1276.640,1790278151.840
16772,1276.704,1790278151.970
16773,1276.772,1790278152.059
16774,1276.836,1790278152.135
16775,1276.904,1790278152.263
16776,1276.968,1790278152.346
16777,1277.036,1790278152.431
16778,1277.100,1790278152.495
16779,1277.232,1790278152.681
16780,1277.300,1790278152.748
16781,1277.364,1790278152.853
16782,1277.496,1790278153.005
16783,1277.564,1790278153.118
16784,1277.628,1790278153.209
16785,1277.696,1790278153.276
16786,1277.760,1790278153.389
16787,1277.828,1790278153.489
16788,1277.892,1790278153.554
16789,1277.960,1790278153.673
16790,1278.024,1790278153.766
16791,1278.092,1790278153.839
16792,1278.156,1790278153.946
16793,1278.288,1790278154.104
16794,1278.356,1790278154.222
16795,1278.420,1790278154.322
16796,1278.488,1790278154.389
16797,1278.552,1790278154.475
16798,1278.620,1790278154.593
16799,1278.684,1790278154.663
16800,1278.752,1790278154.743
16801,1278.816,1790278154.863
16802,1278.884,1790278154.931
16803,1278.948,1790278155.005
16804,1279.080,1790278155.201
16805,1279.148,1790278155.270
16806,1279.280,1790278155.457
16807,1279.344,1790278155.537
16808,1279.412,1790278155.652
16809,1279.544,1790278155.798
16810,1279.608,1790278155.916
16811,1279.676,1790278156.002
16812,1279.740,1790278156.076
16813,1279.808,1790278156.200
16814,1279.872,1790278156.281
16815,1279.940,1790278156.364
16816,1280.004,1790278156.486
16817,1280.072,1790278156.566
16818,1280.136,1790278156.648
16819,1280.204,1790278156.762
16820,1280.268,1790278156.847
16821,1280.336,1790278156.926
16822,1280.400,1790278156.989
16823,1280.468,1790278157.101
16824,1280.532,1790278157.197
16825,1280.600,1790278157.262
16826,1280.732,1790278157.464
16827,1280.796,1790278157.531
16828,1280.996,1790278157.804
16829,1281.128,1790278158.020
16830,1281.192,1790278158.080
16831,1281.260,1790278158.205
16832,1281.324,1790278158.285
16833,1281.392,1790278158.351
16834,1281.456,1790278158.467
16835,1281.524,1790278158.561
16836,1281.588,1790278158.625
16837,1281.656,1790278158.747
16838,1281.720,1790278158.852
16839,1281.788,1790278158.918
16840,1281.852,1790278159.003
16841,1281.920,1790278159.111
16842,1281.984,1790278159.182
16843,1282.052,1790278159.261
16844,1282.116,1790278159.371
16845,1282.184,1790278159.442
16846,1282.248,1790278159.527
16847,1282.316,1790278159.660
16848,1282.380,1790278159.737
16849,1282.448,1790278159.828
16850,1282.512,1790278159.951
16851,1282.580,1790278160.037
16852,1282.644,1790278160.125
16853,1282.712,1790278160.249
16854,1282.776,1790278160.326
16855,1282.844,1790278160.411
16856,1282.908,1790278160.533
16857,1282.976,1790278160.613
16858,1283.040,1790278160.693
16859,1283.108,1790278160.813
16860,1283.172,1790278160.890
16861,1283.240,1790278160.979
16862,1283.304,1790278161.097
16863,1283.372,1790278161.177
16864,1283.436,1790278161.265
16865,1283.568,1790278161.465
16866,1283.636,1790278161.551
16867,1283.700,1790278161.618
16868,1283.832,1790278161.828
16869,1283.900,1790278161.894
16870,1283.964,1790278162.029
16871,1284.032,1790278162.127
16872,1284.096,1790278162.200
16873,1284.164,1790278162.343
16874,1284.228,1790278162.435
16875,1284.296,1790278162.517
16876,1284.360,1790278162.644
16877,1284.428,1790278162.747
16878,1284.492,1790278162.819
16879,1284.560,1790278162.951
16880,1284.624,1790278163.060
16881,1284.692,1790278163.131
16882,1284.756,1790278163.263
16883,1284.824,1790278163.370
16884,1284.888,1790278163.440
16885,1284.956,1790278163.560
16886,1285.088,1790278163.723
16887,1285.152,1790278163.810
16888,1285.220,1790278163.923
16889,1285.284,1790278163.990
16890,1285.352,1790278164.076
16891,1285.416,1790278164.198
16892,1285.484,1790278164.282
16893,1285.548,1790278164.379
16894,1285.616,1790278164.514
16895,1285.680,1790278164.598
16896,1285.748,1790278164.687
16897,1285.812,1790278164.820
16898,1285.880,1790278164.901
16899,1285.944,1790278164.987
16900,1286.012,1790278165.117
16901,1286.076,1790278165.193
16902,1286.144,1790278165.279
16903,1286.208,1790278165.403
16904,1286.276,1790278165.493
16905,1286.340,1790278165.572
16906,1286.408,1790278165.699
16907,1286.472,1790278165.777
16908,1286.540,1790278165.879
16909,1286.604,1790278165.999
16910,1286.672,1790278166.085
16911,1286.736,1790278166.174
16912,1286.804,1790278166.307
16913,1286.868,1790278166.391
16914,1286.936,1790278166.492
16915,1287.000,1790278166.556
16916,1287.068,1790278166.670
16917,1287.132,1790278166.765
16918,1287.200,1790278166.838
16919,1287.264,1790278166.955
16920,1287.332,1790278167.049
16921,1287.396,1790278167.109
16922,1287.464,1790278167.227
16923,1287.596,1790278167.383
16924,1287.660,1790278167.504
16925,1287.728,1790278167.598
16926,1287.792,1790278167.664
16927,1287.992,1790278167.937
16928,1288.056,1790278168.053
16929,1288.124,1790278168.156
16930,1288.188,1790278168.222
16931,1288.256,1790278168.331
16932,1288.320,1790278168.437
16933,1288.388,1790278168.512
16934,1288.452,1790278168.588
16935,1288.520,1790278168.702
16936,1288.584,1790278168.777
16937,1288.652,1790278168.861
16938,1288.716,1790278168.972
16939,1288.784,1790278169.056
16940,1288.848,1790278169.137
16941,1288.916,1790278169.256
16942,1288.980,1790278169.334
16943,1289.048,1790278169.423
16944,1289.112,1790278169.557
16945,1289.180,1790278169.635
16946,1289.244,1790278169.711
16947,1289.312,1790278169.834
16948,1289.376,1790278169.916
16949,1289.444,1790278170.000
16950,1289.508,1790278170.129
16951,1289.576,1790278170.218
16952,1289.640,1790278170.305
16953,1289.708,1790278170.424
16954,1289.772,1790278170.501
16955,1289.840,1790278170.594
16956,1289.904,1790278170.711
16957,1289.972,1790278170.799
16958,1290.036,1790278170.884
16959,1290.236,1790278171.172
16960,1290.300,1790278171.241
16961,1290.368,1790278171.358
16962,1290.432,1790278171.445
16963,1290.500,1790278171.510
16964,1290.564,1790278171.628
16965,1290.632,1790278171.722
16966,1290.696,1790278171.786
16967,1290.764,1790278171.900
16968,1290.828,1790278171.988
16969,1290.960,1790278172.181
16970,1291.092,1790278172.337
16971,1291.160,1790278172.446
16972,1291.224,1790278172.554
16973,1291.292,1790278172.633
16974,1291.356,1790278172.754
16975,1291.424,1790278172.852
16976,1291.488,1790278172.918
16977,1291.556,1790278173.036
16978,1291.688,1790278173.203
16979,1291.752,1790278173.277
16980,1291.820,1790278173.383
16981,1291.884,1790278173.450
16982,1291.952,1790278173.530
16983,1292.016,1790278173.648
16984,1292.084,1790278173.719
16985,1292.148,1790278173.795
16986,1292.216,1790278173.921
16987,1292.280,1790278173.999
16988,1292.348,1790278174.075
16989,1292.412,1790278174.191
16990,1292.544,1790278174.352
16991,1292.612,1790278174.471
16992,1292.676,1790278174.547
16993,1292.744,1790278174.629
16994,1292.808,1790278174.763
16995,1292.876,1790278174.844
16996,1293.008,1790278175.055
16997,1293.072,1790278175.139
16998,1293.140,1790278175.223
16999,1293.204,1790278175.344
17000,1293.272,1790278175.418
17001,1293.336,1790278175.508
17002,1293.404,1790278175.623
17003,1293.468,1790278175.715
17004,1293.536,1790278175.808
17005,1293.600,1790278175.870
17006,1293.668,1790278175.982
17007,1293.732,1790278176.071
17008,1293.800,1790278176.137
17009,1293.864,1790278176.240
17010,1293.932,1790278176.339
17011,1293.996,1790278176.399
17012,1294.064,1790278176.510
17013,1294.128,1790278176.595
17014,1294.196,1790278176.664
17015,1294.260,1790278176.794
17016,1294.328,1790278176.892
17017,1294.392,1790278176.956
17018,1294.460,1790278177.079
17019,1294.524,1790278177.175
17020,1294.592,1790278177.247
17021,1294.656,1790278177.364
17022,1294.724,1790278177.469
17023,1294.788,1790278177.536
17024,1294.856,1790278177.650
17025,1294.920,1790278177.745
17026,1294.988,1790278177.813
17027,1295.120,1790278178.002
17028,1295.184,1790278178.071
17029,1295.252,1790278178.154
17030,1295.316,1790278178.257
17031,1295.384,1790278178.331
17032,1295.448,1790278178.425
17033,1295.516,1790278178.555
17034,1295.580,1790278178.633
17035,1295.648,1790278178.731
17036,1295.712,1790278178.869
17037,1295.780,1790278178.963
17038,1295.912,1790278179.192
17039,1295.976,1790278179.273
17040,1296.044,1790278179.375
17041,1296.176,1790278179.582
17042,1296.240,1790278179.659
17043,1296.372,1790278179.855
17044,1296.504,1790278180.054
17045,1296.636,1790278180.217
17046,1296.704,1790278180.328
17047,1296.836,1790278180.496
17048,1296.900,1790278180.559
17049,1296.968,1790278180.674
17050,1297.032,1790278180.776
17051,1297.100,1790278180.843
17052,1297.164,1790278180.988
17053,1297.232,1790278181.091
17054,1297.296,1790278181.163
17055,1297.428,1790278181.391
17056,1297.560,1790278181.606
17057,1297.760,1790278181.923
17058,1297.824,1790278182.026
17059,1297.892,1790278182.102
17060,1297.956,1790278182.238
17061,1298.024,1790278182.344
17062,1298.088,1790278182.406
17063,1298.156,1790278182.506
17064,1298.288,1790278182.662
17065,1298.352,1790278182.734
17066,1298.420,1790278182.830
17067,1298.484,1790278182.891
17068,1298.552,1790278182.976
17069,1298.616,1790278183.082
17070,1298.748,1790278183.228
17071,1298.880,1790278183.435
17072,1298.948,1790278183.520
17073,1299.012,1790278183.651
17074,1299.144,1790278183.827
17075,1299.212,1790278183.964
17076,1299.276,1790278184.045
17077,1299.344,1790278184.134
17078,1299.408,1790278184.260
17079,1299.476,1790278184.346
17080,1299.540,1790278184.437
17081,1299.608,1790278184.571
17082,1299.672,1790278184.650
17083,1299.740,1790278184.735
17084,1299.804,1790278184.856
17085,1299.872,1790278184.942
17086,1299.936,1790278185.027
17087,1300.004,1790278185.145
17088,1300.068,1790278185.229
17089,1300.136,1790278185.317
17090,1300.200,1790278185.381
17091,1300.268,1790278185.499
17092,1300.332,1790278185.599
17093,1300.464,1790278185.781
17094,1300.532,1790278185.877
17095,1300.596,1790278185.939
17096,1300.664,1790278186.058
17097,1300.728,1790278186.149
17098,1300.796,1790278186.215
17099,1300.860,1790278186.333
17100,1300.928,1790278186.430
17101,1300.992,1790278186.491
17102,1301.060,1790278186.617
17103,1301.124,1790278186.715
17104,1301.192,1790278186.781
17105,1301.256,1790278186.905
17106,1301.324,1790278187.000
17107,1301.388,1790278187.072
17108,1301.456,1790278187.187
17109,1301.520,1790278187.288
17110,1301.588,1790278187.361
17111,1301.652,1790278187.444
17112,1301.720,1790278187.553
17113,1301.784,1790278187.622
17114,1301.916,1790278187.812
17115,1301.984,1790278187.885
17116,1302.048,1790278187.966
17117,1302.116,1790278188.101
17118,1302.180,1790278188.176
17119,1302.248,1790278188.264
17120,1302.312,1790278188.383
17121,1302.380,1790278188.467
17122,1302.512,1790278188.671
17123,1302.576,1790278188.744
17124,1302.644,1790278188.834
17125,1302.708,1790278188.963
17126,1302.776,1790278189.049
17127,1302.840,1790278189.144
17128,1302.908,1790278189.266
17129,1302.972,1790278189.346
17130,1303.040,1790278189.437
17131,1303.104,1790278189.564
17132,1303.172,1790278189.641
17133,1303.236,1790278189.737
17134,1303.304,1790278189.863
17135,1303.368,1790278189.945
17136,1303.436,1790278190.037
17137,1303.500,1790278190.101
17138,1303.568,1790278190.237
17139,1303.632,1790278190.324
17140,1303.700,1790278190.388
17141,1303.764,1790278190.496
17142,1303.832,1790278190.584
17143,1303.896,1790278190.646
17144,1303.964,1790278190.759
17145,1304.028,1790278190.854
17146,1304.096,1790278190.921
17147,1304.160,1790278191.033
17148,1304.360,1790278191.299
17149,1304.424,1790278191.398
17150,1304.492,1790278191.466
17151,1304.624,1790278191.677
17152,1304.688,1790278191.745
17153,1304.756,1790278191.860
17154,1304.820,1790278191.966
17155,1304.888,1790278192.035
17156,1304.952,1790278192.120
17157,1305.020,1790278192.253
17158,1305.084,1790278192.322
17159,1305.152,1790278192.410
17160,1305.348,1790278192.678
17161,1305.416,1790278192.801
17162,1305.480,1790278192.868
17163,1305.548,1790278192.949
17164,1305.612,1790278193.071
17165,1305.680,1790278193.148
17166,1305.744,1790278193.225
17167,1305.944,1790278193.507
17168,1306.008,1790278193.627
17169,1306.076,1790278193.710
17170,1306.208,1790278193.914
17171,1306.272,1790278193.997
17172,1306.340,1790278194.093
17173,1306.404,1790278194.213
17174,1306.472,1790278194.306
17175,1306.536,1790278194.397
17176,1306.604,1790278194.521
17177,1306.668,1790278194.602
17178,1306.736,1790278194.697
17179,1306.800,1790278194.762
17180,1306.868,1790278194.883
17181,1306.932,1790278194.979
17182,1307.000,1790278195.052
17183,1307.132,1790278195.255
17184,1307.264,1790278195.437
17185,1307.328,1790278195.528
17186,1307.396,1790278195.593
17187,1307.460,1790278195.715
17188,1307.528,1790278195.817
17189,1307.592,1790278195.876
17190,1307.660,1790278195.987
17191,1307.724,1790278196.083
17192,1307.856,1790278196.274
17193,1307.988,1790278196.451
17194,1308.056,1790278196.569
17195,1308.120,1790278196.673
17196,1308.188,1790278196.747
17197,1308.252,1790278196.821
17198,1308.320,1790278196.926
17199,1308.384,1790278197.004
17200,1308.452,1790278197.081
17201,1308.516,1790278197.197
17202,1308.584,1790278197.270
17203,1308.716,1790278197.476
17204,1308.848,1790278197.647
17205,1308.912,1790278197.784
17206,1308.980,1790278197.866
17207,1309.044,1790278197.954
17208,1309.112,1790278198.092
17209,1309.176,1790278198.180
17210,1309.244,1790278198.275
17211,1309.308,1790278198.426
17212,1309.376,1790278198.512
17213,1309.440,1790278198.594
17214,1309.508,1790278198.713
17215,1309.572,1790278198.790
17216,1309.640,1790278198.875
17217,1309.704,1790278198.995
17218,1309.772,1790278199.079
17219,1309.836,1790278199.174
17220,1309.904,1790278199.293
17221,1309.968,1790278199.379
17222,1310.036,1790278199.473
17223,1310.100,1790278199.540
17224,1310.168,1790278199.661
17225,1310.232,1790278199.747
17226,1310.300,1790278199.811
17227,1310.364,1790278199.945
17228,1310.432,1790278200.039
17229,1310.496,1790278200.110
17230,1310.564,1790278200.241
17231,1310.628,1790278200.340
17232,1310.760,1790278200.542
17233,1310.828,1790278200.649
17234,1310.892,1790278200.720
17235,1310.960,1790278200.850
17236,1311.024,1790278200.949
17237,1311.092,1790278201.027
17238,1311.156,1790278201.153
17239,1311.224,1790278201.260
17240,1311.288,1790278201.332
17241,1311.356,1790278201.467
17242,1311.488,1790278201.651
17243,1311.552,1790278201.738
17244,1311.620,1790278201.858
17245,1311.752,1790278202.016
17246,1311.816,1790278202.133
17247,1311.948,1790278202.288
17248,1312.080,1790278202.506
17249,1312.148,1790278202.605
17250,1312.212,1790278202.740
17251,1312.280,1790278202.826
17252,1312.412,1790278203.040
17253,1312.544,1790278203.217
17254,1312.608,1790278203.346
17255,1312.676,1790278203.425
17256,1312.740,1790278203.519
17257,1312.808,1790278203.655
17258,1312.872,1790278203.735
17259,1312.940,1790278203.816
17260,1313.004,1790278203.936
17261,1313.072,1790278204.015
17262,1313.136,1790278204.103
17263,1313.204,1790278204.226
17264,1313.268,1790278204.315
17265,1313.336,1790278204.403
17266,1313.400,1790278204.466
17267,1313.468,1790278204.576
17268,1313.532,1790278204.677
17269,1313.600,1790278204.743
17270,1313.664,1790278204.850
17271,1313.796,1790278205.010
17272,1313.928,1790278205.222
17273,1313.996,1790278205.286
17274,1314.128,1790278205.509
17275,1314.260,1790278205.696
17276,1314.324,1790278205.786
17277,1314.456,1790278205.972
17278,1314.588,1790278206.140
17279,1314.720,1790278206.355
17280,1314.788,1790278206.419
17281,1314.852,1790278206.499
17282,1314.920,1790278206.619
17283,1314.984,1790278206.692
17284,1315.052,1790278206.782
17285,1315.116,1790278206.894
17286,1315.184,1790278206.973
17287,1315.248,1790278207.066
17288,1315.316,1790278207.193
17289,1315.380,1790278207.263
17290,1315.448,1790278207.344
17291,1315.512,1790278207.472
17292,1315.580,1790278207.544
17293,1315.644,1790278207.622
17294,1315.712,1790278207.765
17295,1315.776,1790278207.841
17296,1315.844,1790278207.919
17297,1315.908,1790278208.044
17298,1315.976,1790278208.123
17299,1316.040,1790278208.205
17300,1316.108,1790278208.321
17301,1316.172,1790278208.402
17302,1316.240,1790278208.495
17303,1316.304,1790278208.611
17304,1316.372,1790278208.697
17305,1316.436,1790278208.786
17306,1316.568,1790278208.989
17307,1316.636,1790278209.087
17308,1316.700,1790278209.161
17309,1316.768,1790278209.277
17310,1316.832,1790278209.370
17311,1316.900,1790278209.434
17312,1316.964,1790278209.547
17313,1317.032,1790278209.639
17314,1317.096,1790278209.700
17315,1317.164,1790278209.817
17316,1317.228,1790278209.906
17317,1317.296,1790278209.972
17318,1317.360,1790278210.095
17319,1317.428,1790278210.194
17320,1317.492,1790278210.257
17321,1317.560,1790278210.372
17322,1317.624,1790278210.460
17323,1317.692,1790278210.527
17324,1317.756,1790278210.647
17325,1317.824,1790278210.747
17326,1317.888,1790278210.813
17327,1317.956,1790278210.929
17328,1318.020,1790278211.031
17329,1318.088,1790278211.098
17330,1318.152,1790278211.177
17331,1318.284,1790278211.354
17332,1318.352,1790278211.433
17333,1318.416,1790278211.548
17334,1318.548,1790278211.706
17335,1318.616,1790278211.829
17336,1318.680,1790278211.906
17337,1318.748,1790278211.990
17338,1318.880,1790278212.197
17339,1318.944,1790278212.278
17340,1319.012,1790278212.395
17341,1319.076,1790278212.473
17342,1319.144,1790278212.548
17343,1319.208,1790278212.667
17344,1319.276,1790278212.748
17345,1319.340,1790278212.828
17346,1319.408,1790278212.948
17347,1319.540,1790278213.109
17348,1319.672,1790278213.314
17349,1319.736,1790278213.390
17350,1319.804,1790278213.501
17351,1320.000,1790278213.723
17352,1320.068,1790278213.849
17353,1320.132,1790278213.932
17354,1320.200,1790278214.001
17355,1320.264,1790278214.119
17356,1320.396,1790278214.273
17357,1320.596,1790278214.545
17358,1320.660,1790278214.661
17359,1320.792,1790278214.822
17360,1320.860,1790278214.949
17361,1320.924,1790278215.045
17362,1320.992,1790278215.119
17363,1321.056,1790278215.240
17364,1321.124,1790278215.337
17365,1321.188,1790278215.402
17366,1321.256,1790278215.511
17367,1321.320,1790278215.618
17368,1321.388,1790278215.688
17369,1321.452,1790278215.774
17370,1321.520,1790278215.890
17371,1321.584,1790278215.964
17372,1321.652,1790278216.053
17373,1321.716,1790278216.169
17374,1321.784,1790278216.251
17375,1321.848,1790278216.331
17376,1321.916,1790278216.451
17377,1321.980,1790278216.521
17378,1322.048,1790278216.595
17379,1322.180,1790278216.806
17380,1322.244,1790278216.891
17381,1322.312,1790278217.024
17382,1322.376,1790278217.109
17383,1322.444,1790278217.199
17384,1322.576,1790278217.416
17385,1322.708,1790278217.642
17386,1322.772,1790278217.724
17387,1322.840,1790278217.808
17388,1322.904,1790278217.924
17389,1322.972,1790278218.010
17390,1323.036,1790278218.106
17391,1323.104,1790278218.227
17392,1323.236,1790278218.391
17393,1323.300,1790278218.452
17394,1323.368,1790278218.568
17395,1323.432,1790278218.655
17396,1323.500,1790278218.719
17397,1323.564,1790278218.832
17398,1323.632,1790278218.932
17399,1323.696,1790278218.996
17400,1323.764,1790278219.140
17401,1323.828,1790278219.244
17402,1323.896,1790278219.318
17403,1324.028,1790278219.550
17404,1324.092,1790278219.629
17405,1324.160,1790278219.762
17406,1324.292,1790278219.930
17407,1324.356,1790278220.056
17408,1324.424,1790278220.163
17409,1324.488,1790278220.231
17410,1324.556,1790278220.364
17411,1324.620,1790278220.470
17412,1324.752,1790278220.622
17413,1324.820,1790278220.734
17414,1324.884,1790278220.802
17415,1324.952,1790278220.878
17416,1325.016,1790278220.985
17417,1325.084,1790278221.058
17418,1325.148,1790278221.140
17419,1325.216,1790278221.260
17420,1325.280,1790278221.333
17421,1325.348,1790278221.415
17422,1325.412,1790278221.554
17423,1325.480,1790278221.641
17424,1325.544,1790278221.731
17425,1325.612,1790278221.859
17426,1325.676,1790278221.942
17427,1325.744,1790278222.035
17428,1325.808,1790278222.184
17429,1325.940,1790278222.356
17430,1326.008,1790278222.479
17431,1326.140,1790278222.644
17432,1326.204,1790278222.761
17433,1326.272,1790278222.847
17434,1326.336,1790278222.938
17435,1326.404,1790278223.055
17436,1326.468,1790278223.139
17437,1326.536,1790278223.245
17438,1326.600,1790278223.318
17439,1326.668,1790278223.430
17440,1326.732,1790278223.521
17441,1326.800,1790278223.584
17442,1326.864,1790278223.704
17443,1326.932,1790278223.798
17444,1326.996,1790278223.861
17445,1327.064,1790278223.979
17446,1327.128,1790278224.076
17447,1327.196,1790278224.142
17448,1327.260,1790278224.271
17449,1327.328,1790278224.365
17450,1327.524,1790278224.630
17451,1327.592,1790278224.695
17452,1327.656,1790278224.818
17453,1327.724,1790278224.921
17454,1327.856,1790278225.108
17455,1327.920,1790278225.205
17456,1327.988,1790278225.270
17457,1328.052,1790278225.356
17458,1328.120,1790278225.463
17459,1328.184,1790278225.533
17460,1328.252,1790278225.616
17461,1328.316,1790278225.733
17462,1328.384,1790278225.798
17463,1328.448,1790278225.875
17464,1328.516,1790278225.998
17465,1328.580,1790278226.071
17466,1328.648,1790278226.151
17467,1328.712,1790278226.272
17468,1328.780,1790278226.363
17469,1328.912,1790278226.565
17470,1328.976,1790278226.640
17471,1329.044,1790278226.722
17472,1329.176,1790278226.921
17473,1329.240,1790278227.001
17474,1329.308,1790278227.119
17475,1329.372,1790278227.200
17476,1329.440,1790278227.283
17477,1329.504,1790278227.403
17478,1329.572,1790278227.489
17479,1329.636,1790278227.573
17480,1329.704,1790278227.690
17481,1329.768,1790278227.775
17482,1329.836,1790278227.867
17483,1329.900,1790278227.930
17484,1329.968,1790278228.040
17485,1330.032,1790278228.131
17486,1330.100,1790278228.198
17487,1330.164,1790278228.311
17488,1330.232,1790278228.400
17489,1330.296,1790278228.461
17490,1330.364,1790278228.576
17491,1330.428,1790278228.674
17492,1330.496,1790278228.739
17493,1330.560,1790278228.866
17494,1330.628,1790278228.970
17495,1330.692,1790278229.032
17496,1330.760,1790278229.151
17497,1330.824,1790278229.248
17498,1330.892,1790278229.315
17499,1330.956,1790278229.431
17500,1331.024,1790278229.522
17501,1331.088,1790278229.585
17502,1331.156,1790278229.700
17503,1331.220,1790278229.806
17504,1331.288,1790278229.870
17505,1331.352,1790278229.966
17506,1331.420,1790278230.088
17507,1331.484,1790278230.154
17508,1331.552,1790278230.237
17509,1331.616,1790278230.354
17510,1331.684,1790278230.425
17511,1331.748,1790278230.523
17512,1331.816,1790278230.652
17513,1331.880,1790278230.725
17514,1331.948,1790278230.803
17515,1332.012,1790278230.925
17516,1332.144,1790278231.081
17517,1332.212,1790278231.203
17518,1332.276,1790278231.284
17519,1332.344,1790278231.370
17520,1332.408,1790278231.497
17521,1332.476,1790278231.583
17522,1332.608,1790278231.791
17523,1332.672,1790278231.868
17524,1332.804,1790278232.080
17525,1332.872,1790278232.162
17526,1332.936,1790278232.244
17527,1333.136,1790278232.531
17528,1333.200,1790278232.596
17529,1333.268,1790278232.717
17530,1333.332,1790278232.808
17531,1333.400,1790278232.872
17532,1333.464,1790278232.984
17533,1333.532,1790278233.074
17534,1333.596,1790278233.137
17535,1333.664,1790278233.255
17536,1333.728,1790278233.343
17537,1333.796,1790278233.405
17538,1333.860,1790278233.516
17539,1333.928,1790278233.612
17540,1333.992,1790278233.673
17541,1334.060,1790278233.783
17542,1334.124,1790278233.873
17543,1334.324,1790278234.154
17544,1334.388,1790278234.220
17545,1334.456,1790278234.333
17546,1334.520,1790278234.428
17547,1334.588,1790278234.502
17548,1334.652,1790278234.583
17549,1334.720,1790278234.695
17550,1334.852,1790278234.835
17551,1334.916,1790278234.945
17552,1334.984,1790278235.015
17553,1335.048,1790278235.099
17554,1335.116,1790278235.219
17555,1335.180,1790278235.298
17556,1335.248,1790278235.382
17557,1335.312,1790278235.506
17558,1335.380,1790278235.583
17559,1335.444,1790278235.681
17560,1335.512,1790278235.822
17561,1335.576,1790278235.908
17562,1335.644,1790278235.997
17563,1335.708,1790278236.145
17564,1335.776,1790278236.227
17565,1335.840,1790278236.319
17566,1335.908,1790278236.447
17567,1335.972,1790278236.532
17568,1336.040,1790278236.615
17569,1336.104,1790278236.739
17570,1336.172,1790278236.827
17571,1336.236,1790278236.910
17572,1336.304,1790278237.026
17573,1336.368,1790278237.106
17574,1336.436,1790278237.193
17575,1336.500,1790278237.260
17576,1336.568,1790278237.367
17577,1336.632,1790278237.455
17578,1336.700,1790278237.520
17579,1336.764,1790278237.632
17580,1336.896,1790278237.786
17581,1336.964,1790278237.927
17582,1337.028,1790278238.025
17583,1337.160,1790278238.225
17584,1337.228,1790278238.332
17585,1337.292,1790278238.401
17586,1337.360,1790278238.534
17587,1337.492,1790278238.717
17588,1337.556,1790278238.858
17589,1337.624,1790278238.966
17590,1337.688,1790278239.043
17591,1337.756,1790278239.183
17592,1337.888,1790278239.365
17593,1337.952,1790278239.459
17594,1338.020,1790278239.581
17595,1338.152,1790278239.734
17596,1338.216,1790278239.857
17597,1338.284,1790278239.921
17598,1338.348,1790278240.004
17599,1338.480,1790278240.209
17600,1338.548,1790278240.287
17601,1338.612,1790278240.415
17602,1338.680,1790278240.503
17603,1338.744,1790278240.595
17604,1338.812,1790278240.733
17605,1338.876,1790278240.825
17606,1338.944,1790278240.912
17607,1339.008,1790278241.062
17608,1339.140,1790278241.247
17609,1339.208,1790278241.373
17610,1339.272,1790278241.457
17611,1339.340,1790278241.550
17612,1339.404,1790278241.673
17613,1339.472,1790278241.755
17614,1339.536,1790278241.844
17615,1339.604,1790278241.970
17616,1339.668,1790278242.056
17617,1339.800,1790278242.211
17618,1339.868,1790278242.324
17619,1340.000,1790278242.476
17620,1340.064,1790278242.589
17621,1340.132,1790278242.677
17622,1340.196,1790278242.739
17623,1340.264,1790278242.863
17624,1340.328,1790278242.947
17625,1340.396,1790278243.012
17626,1340.460,1790278243.128
17627,1340.528,1790278243.225
17628,1340.592,1790278243.289
17629,1340.660,1790278243.414
17630,1340.724,1790278243.507
17631,1340.792,1790278243.575
17632,1340.856,1790278243.698
17633,1340.924,1790278243.795
17634,1340.988,1790278243.860
17635,1341.056,1790278243.990
17636,1341.120,1790278244.083
17637,1341.188,1790278244.157
17638,1341.252,1790278244.242
17639,1341.320,1790278244.355
17640,1341.384,1790278244.429
17641,1341.452,1790278244.506
17642,1341.516,1790278244.615
17643,1341.716,1790278244.892
17644,1341.780,1790278244.972
17645,1341.912,1790278245.176
17646,1341.980,1790278245.260
17647,1342.044,1790278245.348
17648,1342.112,1790278245.465
17649,1342.176,1790278245.539
17650,1342.244,1790278245.625
17651,1342.308,1790278245.744
17652,1342.376,1790278245.831
17653,1342.440,1790278245.916
17654,1342.640,1790278246.205
17655,1342.704,1790278246.324
17656,1342.772,1790278246.408
17657,1342.836,1790278246.493
17658,1342.904,1790278246.609
17659,1342.968,1790278246.692
17660,1343.100,1790278246.854
17661,1343.168,1790278246.974
17662,1343.232,1790278247.073
17663,1343.300,1790278247.137
17664,1343.364,1790278247.254
17665,1343.432,1790278247.344
17666,1343.496,1790278247.407
17667,1343.564,1790278247.531
17668,1343.628,1790278247.621
17669,1343.696,1790278247.691
17670,1343.760,1790278247.805
17671,1343.828,1790278247.901
17672,1343.892,1790278247.962
17673,1343.960,1790278248.090
17674,1344.024,1790278248.181
17675,1344.092,1790278248.248
17676,1344.156,1790278248.368
17677,1344.224,1790278248.471
17678,1344.288,1790278248.535
17679,1344.356,1790278248.657
17680,1344.420,1790278248.758
17681,1344.488,1790278248.823
17682,1344.552,1790278248.911
17683,1344.620,1790278249.021
17684,1344.684,1790278249.087
17685,1344.884,1790278249.362
17686,1344.948,1790278249.443
17687,1345.016,1790278249.566
17688,1345.212,1790278249.845
17689,1345.280,1790278249.925
17690,1345.344,1790278250.004
17691,1345.412,1790278250.123
17692,1345.476,1790278250.201
17693,1345.544,1790278250.286
17694,1345.608,1790278250.405
17695,1345.676,1790278250.485
17696,1345.808,1790278250.683
17697,1345.872,1790278250.761
17698,1345.940,1790278250.852
17699,1346.004,1790278250.969
17700,1346.136,1790278251.155
17701,1346.204,1790278251.284
17702,1346.268,1790278251.358
17703,1346.400,1790278251.514
17704,1346.468,1790278251.641
17705,1346.532,1790278251.733
17706,1346.600,1790278251.801
17707,1346.664,1790278251.922
17708,1346.732,1790278252.017
17709,1346.796,1790278252.084
17710,1346.864,1790278252.206
17711,1346.928,1790278252.297
17712,1346.996,1790278252.362
17713,1347.060,1790278252.496
17714,1347.128,1790278252.597
17715,1347.192,1790278252.666
17716,1347.260,1790278252.780
17717,1347.324,1790278252.869
17718,1347.456,1790278253.054
17719,1347.524,1790278253.152
17720,1347.588,1790278253.223
17721,1347.656,1790278253.343
17722,1347.720,1790278253.444
17723,1347.788,1790278253.515
17724,1347.852,1790278253.590
17725,1347.920,1790278253.708
17726,1348.052,1790278253.854
17727,1348.116,1790278253.961
17728,1348.184,1790278254.033
17729,1348.248,1790278254.116
17730,1348.316,1790278254.246
17731,1348.380,1790278254.320
17732,1348.448,1790278254.399
17733,1348.512,1790278254.523
17734,1348.580,1790278254.596
17735,1348.644,1790278254.680
17736,1348.776,1790278254.889
17737,1348.844,1790278254.979
17738,1348.908,1790278255.111
17739,1348.976,1790278255.203
17740,1349.040,1790278255.302
17741,1349.108,1790278255.429
17742,1349.172,1790278255.521
17743,1349.240,1790278255.608
17744,1349.304,1790278255.729
17745,1349.372,1790278255.811
17746,1349.436,1790278255.892
17747,1349.504,1790278256.003
17748,1349.568,1790278256.088
17749,1349.636,1790278256.180
17750,1349.700,1790278256.240
17751,1349.900,1790278256.498
17752,1349.964,1790278256.611
17753,1350.096,1790278256.762
17754,1350.164,1790278256.881
17755,1350.228,1790278256.978
17756,1350.296,1790278257.057
17757,1350.428,1790278257.289
17758,1350.492,1790278257.368
17759,1350.560,1790278257.512
17760,1350.624,1790278257.618
17761,1350.692,1790278257.690
17762,1350.756,1790278257.829
17763,1350.888,1790278258.020
17764,1350.956,1790278258.148
17765,1351.020,1790278258.260
17766,1351.088,1790278258.334
17767,1351.152,1790278258.437
17768,1351.220,1790278258.574
17769,1351.352,1790278258.722
17770,1351.416,1790278258.834
17771,1351.484,1790278258.912
17772,1351.548,1790278258.987
17773,1351.616,1790278259.107
17774,1351.680,1790278259.177
17775,1351.748,1790278259.263
17776,1351.812,1790278259.398
17777,1351.880,1790278259.474
17778,1351.944,1790278259.560
17779,1352.012,1790278259.697
17780,1352.076,1790278259.781
17781,1352.144,1790278259.863
17782,1352.208,1790278259.994
17783,1352.276,1790278260.077
17784,1352.340,1790278260.169
17785,1352.408,1790278260.306
17786,1352.472,1790278260.392
17787,1352.540,1790278260.486
17788,1352.672,1790278260.698
17789,1352.736,1790278260.780
17790,1352.804,1790278260.910
17791,1352.868,1790278260.991
17792,1352.936,1790278261.079
17793,1353.000,1790278261.141
17794,1353.068,1790278261.251
17795,1353.200,1790278261.403
17796,1353.332,1790278261.630
17797,1353.396,1790278261.701
17798,1353.464,1790278261.827
17799,1353.528,1790278261.918
17800,1353.596,1790278261.987
17801,1353.660,1790278262.115
17802,1353.728,1790278262.208
17803,1353.792,1790278262.274
17804,1353.860,1790278262.400
17805,1353.924,1790278262.499
17806,1354.056,1790278262.685
17807,1354.124,1790278262.778
17808,1354.188,1790278262.850
17809,1354.256,1790278262.961
17810,1354.320,1790278263.060
17811,1354.388,1790278263.129
17812,1354.452,1790278263.211
17813,1354.520,1790278263.315
17814,1354.584,1790278263.388
17815,1354.652,1790278263.468
17816,1354.716,1790278263.590
17817,1354.784,1790278263.654
17818,1354.848,1790278263.733
17819,1354.916,1790278263.848
17820,1354.980,1790278263.915
17821,1355.048,1790278263.995
17822,1355.112,1790278264.112
17823,1355.180,1790278264.187
17824,1355.244,1790278264.270
17825,1355.312,1790278264.388
17826,1355.376,1790278264.464
17827,1355.444,1790278264.558
17828,1355.508,1790278264.685
17829,1355.640,1790278264.844
17830,1355.708,1790278264.963
17831,1355.772,1790278265.042
17832,1355.840,1790278265.127
17833,1355.904,1790278265.245
17834,1355.972,1790278265.325
17835,1356.036,1790278265.406
17836,1356.104,1790278265.526
17837,1356.168,1790278265.612
17838,1356.236,1790278265.699
17839,1356.300,1790278265.765
17840,1356.368,1790278265.879
17841,1356.432,1790278265.967
17842,1356.500,1790278266.036
17843,1356.564,1790278266.148
17844,1356.632,1790278266.238
17845,1356.828,1790278266.507
17846,1356.896,1790278266.568
17847,1356.960,1790278266.688
17848,1357.028,1790278266.793
17849,1357.092,1790278266.858
17850,1357.160,1790278266.972
17851,1357.292,1790278267.129
17852,1357.356,1790278267.242
17853,1357.424,1790278267.340
17854,1357.488,1790278267.412
17855,1357.556,1790278267.528
17856,1357.620,1790278267.621
17857,1357.688,1790278267.687
17858,1357.752,1790278267.768
17859,1357.820,1790278267.882
17860,1357.884,1790278267.956
17861,1357.952,1790278268.040
17862,1358.016,1790278268.147
17863,1358.084,1790278268.218
17864,1358.148,1790278268.293
17865,1358.216,1790278268.408
17866,1358.280,1790278268.478
17867,1358.348,1790278268.556
17868,1358.412,1790278268.674
17869,1358.480,1790278268.766
17870,1358.544,1790278268.840
17871,1358.612,1790278268.958
17872,1358.676,1790278269.036
17873,1358.744,1790278269.122
17874,1358.808,1790278269.261
17875,1358.876,1790278269.351
17876,1358.940,1790278269.427
17877,1359.008,1790278269.550
17878,1359.072,1790278269.632
17879,1359.140,1790278269.708
17880,1359.204,1790278269.823
17881,1359.272,1790278269.907
17882,1359.336,1790278269.993
17883,1359.404,1790278270.115
17884,1359.468,1790278270.197
17885,1359.536,1790278270.280
17886,1359.600,1790278270.345
17887,1359.668,1790278270.465
17888,1359.800,1790278270.607
17889,1359.932,1790278270.815
17890,1359.996,1790278270.880
17891,1360.064,1790278271.004
17892,1360.128,1790278271.109
17893,1360.196,1790278271.176
17894,1360.260,1790278271.286
17895,1360.328,1790278271.384
17896,1360.392,1790278271.446
17897,1360.460,1790278271.577
17898,1360.524,1790278271.672
17899,1360.592,1790278271.738
17900,1360.656,1790278271.862
17901,1360.856,1790278272.157
17902,1360.920,1790278272.255
17903,1360.988,1790278272.325
17904,1361.052,1790278272.408
17905,1361.120,1790278272.528
17906,1361.184,1790278272.599
17907,1361.252,1790278272.686
17908,1361.316,1790278272.809
17909,1361.448,1790278272.971
17910,1361.516,1790278273.097
17911,1361.580,1790278273.164
17912,1361.648,1790278273.238
17913,1361.712,1790278273.360
17914,1361.780,1790278273.432
17915,1361.844,1790278273.511
17916,1361.912,1790278273.640
17917,1361.976,1790278273.726
17918,1362.044,1790278273.808
17919,1362.108,1790278273.947
17920,1362.308,1790278274.263
17921,1362.372,1790278274.350
17922,1362.440,1790278274.444
17923,1362.504,1790278274.581
17924,1362.572,1790278274.674
17925,1362.636,1790278274.765
17926,1362.704,1790278274.894
17927,1362.768,1790278274.972
17928,1362.836,1790278275.066
17929,1362.900,1790278275.133
17930,1362.968,1790278275.247
17931,1363.032,1790278275.328
17932,1363.100,1790278275.396
17933,1363.164,1790278275.525
17934,1363.232,1790278275.627
17935,1363.296,1790278275.691
17936,1363.364,1790278275.821
17937,1363.428,1790278275.910
17938,1363.496,1790278275.972
17939,1363.560,1790278276.102
17940,1363.692,1790278276.277
17941,1363.760,1790278276.409
17942,1363.824,1790278276.517
17943,1363.892,1790278276.594
17944,1363.956,1790278276.729
17945,1364.088,1790278276.907
17946,1364.156,1790278277.051
17947,1364.220,1790278277.154
17948,1364.288,1790278277.237
17949,1364.352,1790278277.322
17950,1364.420,1790278277.446
17951,1364.484,1790278277.524
17952,1364.552,1790278277.612
17953,1364.616,1790278277.741
17954,1364.684,1790278277.810
17955,1364.748,1790278277.889
17956,1364.816,1790278278.016
17957,1364.880,1790278278.086
17958,1364.948,1790278278.164
17959,1365.080,1790278278.356
17960,1365.144,1790278278.445
17961,1365.212,1790278278.563
17962,1365.276,1790278278.645
17963,1365.344,1790278278.739
17964,1365.476,1790278278.958
17965,1365.540,1790278279.062
17966,1365.608,1790278279.192
17967,1365.672,1790278279.284
17968,1365.740,1790278279.388
17969,1365.804,1790278279.529
17970,1365.872,1790278279.618
17971,1365.936,1790278279.704
17972,1366.004,1790278279.823
17973,1366.068,1790278279.904
17974,1366.136,1790278279.988
17975,1366.200,1790278280.059
17976,1366.268,1790278280.172
17977,1366.332,1790278280.264
17978,1366.464,1790278280.454
17979,1366.532,1790278280.541
17980,1366.596,1790278280.603
17981,1366.664,1790278280.726
17982,1366.728,1790278280.808
17983,1366.796,1790278280.875
17984,1366.860,1790278280.992
17985,1366.928,1790278281.097
17986,1367.192,1790278281.450
17987,1367.256,1790278281.583
17988,1367.324,1790278281.681
17989,1367.388,1790278281.745
17990,1367.456,1790278281.859
17991,1367.520,1790278281.964
17992,1367.588,1790278282.038
17993,1367.652,1790278282.127
17994,1367.720,1790278282.244
17995,1367.784,1790278282.327
17996,1367.852,1790278282.416
17997,1367.916,1790278282.541
17998,1367.984,1790278282.609
17999,1368.048,1790278282.687
18000,1368.116,1790278282.819
18001,1368.180,1790278282.891
18002,1368.248,1790278282.972
18003,1368.312,1790278283.097
18004,1368.380,1790278283.175
18005,1368.444,1790278283.263
18006,1368.512,1790278283.382
18007,1368.644,1790278283.540
18008,1368.708,1790278283.664
18009,1368.776,1790278283.744
18010,1368.840,1790278283.830
18011,1368.908,1790278283.954
18012,1368.972,1790278284.033
18013,1369.040,1790278284.117
18014,1369.104,1790278284.241
18015,1369.172,1790278284.327
18016,1369.236,1790278284.411
18017,1369.304,1790278284.546
18018,1369.368,1790278284.624
18019,1369.436,1790278284.708
18020,1369.632,1790278284.971
18021,1369.700,1790278285.039
18022,1369.832,1790278285.255
18023,1369.896,1790278285.317
18024,1369.964,1790278285.439
18025,1370.028,1790278285.527
18026,1370.096,1790278285.593
18027,1370.160,1790278285.717
18028,1370.228,1790278285.817
18029,1370.292,1790278285.882
18030,1370.360,1790278286.002
18031,1370.424,1790278286.097
18032,1370.492,1790278286.158
18033,1370.556,1790278286.283
18034,1370.624,1790278286.383
18035,1370.688,1790278286.448
18036,1370.756,1790278286.573
18037,1370.820,1790278286.670
18038,1370.888,1790278286.738
18039,1370.952,1790278286.825
18040,1371.020,1790278286.937
18041,1371.084,1790278287.010
18042,1371.152,1790278287.098
18043,1371.216,1790278287.207
18044,1371.284,1790278287.290
18045,1371.348,1790278287.369
18046,1371.480,1790278287.567
18047,1371.548,1790278287.647
18048,1371.680,1790278287.845
18049,1371.744,1790278287.933
18050,1371.812,1790278288.053
18051,1371.876,1790278288.131
18052,1371.944,1790278288.211
18053,1372.008,1790278288.332
18054,1372.140,1790278288.488
18055,1372.208,1790278288.613
18056,1372.272,1790278288.700
18057,1372.340,1790278288.785
18058,1372.404,1790278288.904
18059,1372.472,1790278288.981
18060,1372.536,1790278289.068
18061,1372.604,1790278289.190
18062,1372.668,1790278289.273
18063,1372.736,1790278289.357
18064,1372.800,1790278289.426
18065,1372.868,1790278289.541
18066,1372.932,1790278289.632
18067,1373.000,1790278289.700
18068,1373.064,1790278289.827
18069,1373.132,1790278289.920
18070,1373.196,1790278289.984
18071,1373.264,1790278290.113
18072,1373.328,1790278290.212
18073,1373.396,1790278290.281
18074,1373.460,1790278290.401
18075,1373.528,1790278290.493
18076,1373.592,1790278290.556
18077,1373.792,1790278290.842
18078,1373.856,1790278290.962
18079,1373.924,1790278291.058
18080,1373.988,1790278291.118
18081,1374.056,1790278291.242
18082,1374.120,1790278291.347
18083,1374.188,1790278291.411
18084,1374.252,1790278291.487
18085,1374.320,1790278291.597
18086,1374.384,1790278291.668
18087,1374.452,1790278291.759
18088,1374.516,1790278291.880
18089,1374.584,1790278291.954
18090,1374.648,1790278292.034
18091,1374.716,1790278292.160
18092,1374.780,1790278292.230
18093,1374.848,1790278292.329
18094,1374.912,1790278292.467
18095,1374.980,1790278292.546
18096,1375.044,1790278292.630
18097,1375.112,1790278292.754
18098,1375.176,1790278292.831
18099,1375.244,1790278292.918
18100,1375.308,1790278293.038
18101,1375.376,1790278293.117
18102,1375.440,1790278293.202
18103,1375.508,1790278293.321
18104,1375.572,1790278293.404
18105,1375.640,1790278293.503
18106,1375.704,1790278293.630
18107,1375.772,1790278293.717
18108,1375.836,1790278293.801
18109,1375.904,1790278293.916
18110,1375.968,1790278293.995
18111,1376.036,1790278294.091
18112,1376.100,1790278294.152
18113,1376.168,1790278294.266
18114,1376.232,1790278294.352
18115,1376.300,1790278294.418
18116,1376.364,1790278294.530
18117,1376.432,1790278294.625
18118,1376.496,1790278294.690
18119,1376.564,1790278294.801
18120,1376.628,1790278294.902
18121,1376.828,1790278295.185
18122,1376.960,1790278295.367
18123,1377.024,1790278295.462
18124,1377.092,1790278295.541
18125,1377.156,1790278295.649
18126,1377.288,1790278295.814
18127,1377.356,1790278295.927
18128,1377.420,1790278296.019
18129,1377.488,1790278296.092
18130,1377.552,1790278296.171
18131,1377.620,1790278296.277
18132,1377.816,1790278296.539
18133,1377.884,1790278296.622
18134,1377.948,1790278296.702
18135,1378.016,1790278296.818
18136,1378.148,1790278296.971
18137,1378.212,1790278297.094
18138,1378.280,1790278297.170
18139,1378.344,1790278297.250
18140,1378.412,1790278297.365
18141,1378.476,1790278297.444
18142,1378.544,1790278297.531
18143,1378.608,1790278297.652
18144,1378.740,1790278297.805
18145,1378.808,1790278297.930
18146,1378.872,1790278298.002
18147,1378.940,1790278298.090
18148,1379.204,1790278298.490
18149,1379.268,1790278298.569
18150,1379.336,1790278298.657
18151,1379.400,1790278298.724
18152,1379.468,1790278298.840
18153,1379.532,1790278298.929
18154,1379.600,1790278298.993
18155,1379.732,1790278299.197
18156,1379.864,1790278299.369
18157,1379.928,1790278299.456
18158,1379.996,1790278299.520
18159,1380.060,1790278299.639
18160,1380.128,1790278299.743
18161,1380.192,1790278299.808
18162,1380.392,1790278300.084
18163,1380.456,1790278300.204
18164,1380.524,1790278300.307
18165,1380.588,1790278300.376
18166,1380.656,1790278300.494
18167,1380.788,1790278300.659
18168,1380.920,1790278300.866
18169,1381.052,1790278301.018
18170,1381.116,1790278301.140
18171,1381.184,1790278301.220
18172,1381.316,1790278301.426
18173,1381.380,1790278301.498
18174,1381.448,1790278301.580
18175,1381.512,1790278301.714
18176,1381.580,1790278301.786
18177,1381.644,1790278301.867
18178,1381.712,1790278301.986
18179,1381.776,1790278302.059
18180,1381.844,1790278302.143
18181,1381.908,1790278302.268
18182,1381.976,1790278302.349
18183,1382.040,1790278302.422
18184,1382.172,1790278302.649
18185,1382.240,1790278302.737
18186,1382.304,1790278302.854
18187,1382.372,1790278302.942
18188,1382.568,1790278303.238
18189,1382.636,1790278303.321
18190,1382.700,1790278303.385
18191,1382.768,1790278303.495
18192,1382.832,1790278303.577
18193,1382.900,1790278303.642
18194,1382.964,1790278303.753
18195,1383.032,1790278303.839
18196,1383.096,1790278303.904
18197,1383.164,1790278304.026
18198,1383.228,1790278304.122
18199,1383.296,1790278304.199
18200,1383.360,1790278304.339
18201,1383.428,1790278304.446
18202,1383.560,1790278304.655
18203,1383.624,1790278304.760
18204,1383.692,1790278304.842
18205,1383.756,1790278304.982
18206,1383.824,1790278305.090
18207,1383.888,1790278305.165
18208,1383.956,1790278305.300
18209,1384.020,1790278305.397
18210,1384.152,1790278305.560
18211,1384.220,1790278305.691
18212,1384.284,1790278305.759
18213,1384.352,1790278305.857
18214,1384.416,1790278305.988
18215,1384.548,1790278306.149
18216,1384.616,1790278306.284
18217,1384.680,1790278306.361
18218,1384.748,1790278306.449
18219,1384.812,1790278306.589
18220,1384.880,1790278306.675
18221,1384.944,1790278306.767
18222,1385.012,1790278306.902
18223,1385.076,1790278306.982
18224,1385.144,1790278307.080
18225,1385.208,1790278307.206
18226,1385.276,1790278307.290
18227,1385.340,1790278307.370
18228,1385.408,1790278307.492
18229,1385.472,1790278307.574
18230,1385.540,1790278307.659
18231,1385.604,1790278307.777
18232,1385.672,1790278307.869
18233,1385.736,1790278307.964
18234,1385.804,1790278308.099
18235,1385.868,1790278308.191
18236,1386.068,1790278308.484
18237,1386.132,1790278308.586
18238,1386.200,1790278308.655
18239,1386.264,1790278308.783
18240,1386.332,1790278308.879
18241,1386.396,1790278308.954
18242,1386.464,1790278309.095
18243,1386.528,1790278309.194
18244,1386.596,1790278309.271
18245,1386.660,1790278309.401
18246,1386.792,1790278309.578
18247,1386.860,1790278309.712
18248,1386.924,1790278309.810
18249,1386.992,1790278309.886
18250,1387.056,1790278310.043
18251,1387.124,1790278310.149
18252,1387.188,1790278310.219
18253,1387.256,1790278310.346
18254,1387.320,1790278310.457
18255,1387.388,1790278310.541
18256,1387.452,1790278310.627
18257,1387.520,1790278310.753
18258,1387.584,1790278310.829
18259,1387.652,1790278310.916
18260,1387.716,1790278311.042
18261,1387.784,1790278311.122
18262,1387.848,1790278311.205
18263,1387.916,1790278311.339
18264,1387.980,1790278311.419
18265,1388.048,1790278311.496
18266,1388.112,1790278311.622
18267,1388.180,1790278311.703
18268,1388.244,1790278311.790
18269,1388.312,1790278311.931
18270,1388.376,1790278312.015
18271,1388.444,1790278312.121
18272,1388.508,1790278312.245
18273,1388.576,1790278312.331
18274,1388.640,1790278312.417
18275,1388.708,1790278312.541
18276,1388.904,1790278312.848
18277,1389.036,1790278313.035
18278,1389.104,1790278313.171
18279,1389.168,1790278313.261
18280,1389.236,1790278313.364
18281,1389.300,1790278313.429
18282,1389.432,1790278313.648
18283,1389.500,1790278313.720
18284,1389.564,1790278313.849
18285,1389.632,1790278313.950
18286,1389.696,1790278314.018
18287,1389.764,1790278314.148
18288,1389.828,1790278314.248
18289,1389.896,1790278314.321
18290,1389.960,1790278314.447
18291,1390.092,1790278314.623
18292,1390.160,1790278314.750
18293,1390.356,1790278315.050
18294,1390.424,1790278315.157
18295,1390.488,1790278315.225
18296,1390.556,1790278315.357
18297,1390.620,1790278315.463
18298,1390.688,1790278315.546
18299,1390.820,1790278315.756
18300,1390.884,1790278315.835
18301,1391.016,1790278316.040
18302,1391.084,1790278316.117
18303,1391.148,1790278316.204
18304,1391.216,1790278316.338
18305,1391.280,1790278316.411
18306,1391.348,1790278316.497
18307,1391.412,1790278316.624
18308,1391.480,1790278316.703
18309,1391.544,1790278316.790
18310,1391.612,1790278316.925
18311,1391.676,1790278317.008
18312,1391.744,1790278317.100
18313,1391.808,1790278317.225
18314,1391.876,1790278317.307
18315,1391.940,1790278317.398
18316,1392.008,1790278317.533
18317,1392.072,1790278317.616
18318,1392.140,1790278317.705
18319,1392.204,1790278317.835
18320,1392.272,1790278317.931
18321,1392.336,1790278318.022
18322,1392.404,1790278318.154
18323,1392.468,1790278318.248
18324,1392.536,1790278318.341
18325,1392.600,1790278318.409
18326,1392.668,1790278318.535
18327,1392.732,1790278318.627
18328,1392.800,1790278318.694
18329,1392.864,1790278318.822
18330,1392.932,1790278318.919
18331,1392.996,1790278318.986
18332,1393.064,1790278319.118
18333,1393.128,1790278319.217
18334,1393.196,1790278319.289
18335,1393.260,1790278319.419
18336,1393.328,1790278319.534
18337,1393.392,1790278319.604
18338,1393.460,1790278319.732
18339,1393.524,1790278319.843
18340,1393.592,1790278319.920
18341,1393.656,1790278320.066
18342,1393.788,1790278320.238
18343,1393.856,1790278320.385
18344,1393.988,1790278320.558
18345,1394.052,1790278320.642
18346,1394.120,1790278320.765
18347,1394.184,1790278320.846
18348,1394.252,1790278320.937
18349,1394.316,1790278321.066
18350,1394.384,1790278321.143
18351,1394.448,1790278321.231
18352,1394.516,1790278321.366
18353,1394.580,1790278321.447
18354,1394.648,1790278321.535
18355,1394.712,1790278321.670
18356,1394.780,1790278321.756
18357,1394.844,1790278321.839
18358,1394.976,1790278322.063
18359,1395.044,1790278322.151
18360,1395.108,1790278322.302
18361,1395.176,1790278322.396
18362,1395.240,1790278322.486
18363,1395.308,1790278322.620
18364,1395.372,1790278322.700
18365,1395.440,1790278322.794
18366,1395.504,1790278322.929
18367,1395.636,1790278323.124
18368,1395.704,1790278323.255
18369,1395.768,1790278323.346
18370,1395.836,1790278323.452
18371,1395.900,1790278323.523
18372,1395.968,1790278323.647
18373,1396.032,1790278323.745
18374,1396.100,1790278323.817
18375,1396.164,1790278323.935
18376,1396.232,1790278324.042
18377,1396.428,1790278324.357
18378,1396.496,1790278324.432
18379,1396.560,1790278324.567
18380,1396.628,1790278324.675
18381,1396.692,1790278324.744
18382,1396.760,1790278324.874
18383,1396.824,1790278324.977
18384,1396.892,1790278325.054
18385,1396.956,1790278325.192
18386,1397.024,1790278325.290
18387,1397.088,1790278325.369
18388,1397.156,1790278325.501
18389,1397.220,1790278325.602
18390,1397.288,1790278325.678
18391,1397.352,1790278325.761
18392,1397.420,1790278325.893
18393,1397.484,1790278325.970
18394,1397.552,1790278326.059
18395,1397.616,1790278326.189
18396,1397.684,1790278326.266
18397,1397.748,1790278326.365
18398,1397.880,1790278326.578
18399,1397.948,1790278326.663
18400,1398.012,1790278326.806
18401,1398.080,1790278326.897
18402,1398.144,1790278326.982
18403,1398.212,1790278327.121
18404,1398.276,1790278327.210
18405,1398.344,1790278327.307
18406,1398.476,1790278327.527
18407,1398.540,1790278327.617
18408,1398.608,1790278327.750
18409,1398.672,1790278327.839
18410,1398.740,1790278327.925
18411,1398.804,1790278328.050
18412,1398.872,1790278328.141
18413,1398.936,1790278328.233
18414,1399.004,1790278328.360
18415,1399.068,1790278328.455
18416,1399.136,1790278328.548
18417,1399.200,1790278328.622
18418,1399.332,1790278328.840
18419,1399.400,1790278328.919
18420,1399.464,1790278329.057
18421,1399.532,1790278329.157
18422,1399.596,1790278329.232
18423,1399.664,1790278329.358
18424,1399.728,1790278329.463
18425,1399.796,1790278329.532
18426,1399.860,1790278329.671
18427,1399.992,1790278329.843
18428,1400.060,1790278329.977
18429,1400.124,1790278330.078
18430,1400.192,1790278330.158
18431,1400.256,1790278330.283
18432,1400.324,1790278330.386
18433,1400.388,1790278330.461
18434,1400.456,1790278330.588
18435,1400.520,1790278330.698
18436,1400.652,1790278330.864
18437,1400.720,1790278330.985
18438,1400.784,1790278331.062
18439,1400.852,1790278331.151
18440,1400.916,1790278331.282
18441,1400.984,1790278331.363
18442,1401.116,1790278331.588
18443,1401.180,1790278331.664
18444,1401.248,1790278331.751
18445,1401.312,1790278331.880
18446,1401.380,1790278331.973
18447,1401.444,1790278332.060
18448,1401.512,1790278332.189
18449,1401.576,1790278332.278
18450,1401.644,1790278332.378
18451,1401.708,1790278332.506
18452,1401.776,1790278332.598
18453,1401.840,1790278332.681
18454,1401.908,1790278332.821
18455,1401.972,1790278332.912
18456,1402.040,1790278333.001
18457,1402.104,1790278333.137
18458,1402.172,1790278333.224
18459,1402.236,1790278333.323
18460,1402.304,1790278333.463
18461,1402.368,1790278333.549
18462,1402.436,1790278333.647
18463,1402.500,1790278333.715
18464,1402.568,1790278333.848
18465,1402.632,1790278333.946
18466,1402.700,1790278334.013
18467,1402.832,1790278334.236
18468,1402.964,1790278334.447
18469,1403.028,1790278334.547
18470,1403.096,1790278334.613
18471,1403.160,1790278334.743
18472,1403.228,1790278334.855
18473,1403.292,1790278334.927
18474,1403.360,1790278335.064
18475,1403.424,1790278335.167
18476,1403.492,1790278335.238
18477,1403.556,1790278335.373
18478,1403.624,1790278335.477
18479,1403.688,1790278335.553
18480,1403.756,1790278335.686
18481,1403.820,1790278335.789
18482,1403.888,1790278335.882
18483,1403.952,1790278335.970
18484,1404.020,1790278336.105
18485,1404.084,1790278336.182
18486,1404.152,1790278336.266
18487,1404.216,1790278336.395
18488,1404.284,1790278336.471
18489,1404.348,1790278336.560
18490,1404.416,1790278336.695
18491,1404.480,1790278336.773
18492,1404.548,1790278336.869
18493,1404.612,1790278336.992
18494,1404.680,1790278337.078
18495,1404.744,1790278337.160
18496,1404.812,1790278337.304
18497,1404.876,1790278337.385
18498,1404.944,1790278337.472
18499,1405.008,1790278337.600
18500,1405.076,1790278337.683
18501,1405.140,1790278337.776
18502,1405.208,1790278337.906
18503,1405.272,1790278337.987
18504,1405.340,1790278338.080
18505,1405.404,1790278338.211
18506,1405.472,1790278338.302
18507,1405.536,1790278338.384
18508,1405.668,1790278338.600
18509,1405.736,1790278338.692
18510,1405.800,1790278338.760
18511,1405.868,1790278338.882
18512,1405.932,1790278338.990
18513,1406.000,1790278339.061
18514,1406.064,1790278339.198
18515,1406.132,1790278339.297
18516,1406.196,1790278339.365
18517,1406.264,1790278339.497
18518,1406.328,1790278339.599
18519,1406.396,1790278339.671
18520,1406.460,1790278339.804
18521,1406.528,1790278339.907
18522,1406.592,1790278339.980
18523,1406.660,1790278340.109
18524,1406.792,1790278340.280
18525,1406.856,1790278340.409
18526,1406.924,1790278340.530
18527,1406.988,1790278340.604
18528,1407.056,1790278340.739
18529,1407.120,1790278340.843
18530,1407.188,1790278340.920
18531,1407.252,1790278341.003
18532,1407.320,1790278341.147
18533,1407.452,1790278341.305
18534,1407.516,1790278341.432
18535,1407.584,1790278341.507
18536,1407.648,1790278341.593
18537,1407.716,1790278341.738
18538,1407.780,1790278341.818
18539,1407.848,1790278341.902
18540,1407.912,1790278342.048
18541,1407.980,1790278342.124
18542,1408.044,1790278342.219
18543,1408.112,1790278342.344
18544,1408.176,1790278342.435
18545,1408.244,1790278342.520
18546,1408.376,1790278342.732
18547,1408.440,1790278342.821
18548,1408.508,1790278342.948
18549,1408.572,1790278343.042
18550,1408.640,1790278343.138
18551,1408.704,1790278343.272
18552,1408.772,1790278343.366
18553,1408.836,1790278343.456
18554,1408.904,1790278343.595
18555,1408.968,1790278343.690
18556,1409.036,1790278343.786
18557,1409.100,1790278343.854
18558,1409.168,1790278343.984
18559,1409.232,1790278344.081
18560,1409.300,1790278344.164
18561,1409.364,1790278344.290
18562,1409.432,1790278344.386
18563,1409.496,1790278344.454
18564,1409.564,1790278344.586
18565,1409.628,1790278344.684
18566,1409.696,1790278344.752
18567,1409.760,1790278344.887
18568,1409.828,1790278344.996
18569,1409.892,1790278345.079
18570,1409.960,1790278345.211
18571,1410.024,1790278345.316
18572,1410.092,1790278345.393
18573,1410.156,1790278345.530
18574,1410.224,1790278345.641
18575,1410.288,1790278345.716
18576,1410.356,1790278345.860
18577,1410.420,1790278345.978
18578,1410.488,1790278346.056
18579,1410.552,1790278346.141
18580,1410.620,1790278346.272
18581,1410.684,1790278346.343
18582,1410.752,1790278346.430
18583,1410.816,1790278346.553
18584,1410.884,1790278346.634
18585,1410.948,1790278346.716
18586,1411.016,1790278346.848
18587,1411.080,1790278346.933
18588,1411.148,1790278347.015
18589,1411.280,1790278347.249
18590,1411.412,1790278347.463
18591,1411.476,1790278347.547
18592,1411.544,1790278347.640
18593,1411.608,1790278347.771
18594,1411.676,1790278347.852
18595,1411.740,1790278347.945
18596,1411.808,1790278348.070
18597,1411.872,1790278348.158
18598,1411.940,1790278348.253
18599,1412.004,1790278348.382
18600,1412.136,1790278348.558
18601,1412.204,1790278348.694
18602,1412.336,1790278348.886
18603,1412.400,1790278348.952
18604,1412.468,1790278349.082
18605,1412.532,1790278349.178
18606,1412.600,1790278349.245
18607,1412.664,1790278349.385
18608,1412.732,1790278349.480
18609,1412.796,1790278349.555
18610,1412.864,1790278349.691
18611,1412.928,1790278349.795
18612,1412.996,1790278349.867
18613,1413.060,1790278349.996
18614,1413.192,1790278350.169
18615,1413.260,1790278350.297
18616,1413.324,1790278350.402
18617,1413.456,1790278350.601
18618,1413.588,1790278350.780
18619,1413.656,1790278350.919
18620,1413.720,1790278351.022
18621,1413.788,1790278351.101
18622,1413.920,1790278351.318
18623,1413.984,1790278351.392
18624,1414.052,1790278351.482
18625,1414.116,1790278351.606
18626,1414.184,1790278351.687
18627,1414.248,1790278351.777
18628,1414.316,1790278351.913
18629,1414.380,1790278351.995
18630,1414.448,1790278352.083
18631,1414.512,1790278352.214
18632,1414.644,1790278352.383
18633,1414.712,1790278352.517
18634,1414.776,1790278352.607
18635,1414.844,1790278352.697
18636,1414.908,1790278352.826
18637,1414.976,1790278352.921
18638,1415.040,1790278353.011
18639,1415.108,1790278353.162
18640,1415.172,1790278353.250
18641,1415.240,1790278353.336
18642,1415.304,1790278353.473
18643,1415.372,1790278353.562
18644,1415.436,1790278353.657
18645,1415.504,1790278353.783
18646,1415.568,1790278353.892
18647,1415.636,1790278353.979
18648,1415.700,1790278354.051
18649,1415.768,1790278354.205
18650,1415.832,1790278354.295
18651,1415.900,1790278354.369
18652,1415.964,1790278354.499
18653,1416.032,1790278354.592
18654,1416.096,1790278354.658
18655,1416.164,1790278354.786
18656,1416.228,1790278354.882
18657,1416.296,1790278354.956
18658,1416.360,1790278355.096
18659,1416.428,1790278355.194
18660,1416.492,1790278355.264
18661,1416.560,1790278355.391
18662,1416.624,1790278355.499
18663,1416.692,1790278355.571
18664,1416.824,1790278355.796
18665,1416.956,1790278356.010
18666,1417.020,1790278356.118
18667,1417.088,1790278356.192
18668,1417.152,1790278356.275
18669,1417.220,1790278356.405
18670,1417.284,1790278356.490
18671,1417.352,1790278356.576
18672,1417.416,1790278356.705
18673,1417.484,1790278356.782
18674,1417.548,1790278356.868
18675,1417.616,1790278357.001
18676,1417.680,1790278357.081
18677,1417.748,1790278357.179
18678,1417.880,1790278357.402
18679,1417.944,1790278357.493
18680,1418.012,1790278357.635
18681,1418.076,1790278357.720
18682,1418.144,1790278357.815
18683,1418.208,1790278357.939
18684,1418.276,1790278358.031
18685,1418.340,1790278358.125
18686,1418.408,1790278358.249
18687,1418.472,1790278358.337
18688,1418.540,1790278358.437
18689,1418.604,1790278358.573
18690,1418.672,1790278358.655
18691,1418.736,1790278358.759
18692,1418.868,1790278358.980
18693,1418.936,1790278359.077
18694,1419.068,1790278359.270
18695,1419.132,1790278359.374
18696,1419.200,1790278359.441
18697,1419.264,1790278359.575
18698,1419.332,1790278359.675
18699,1419.396,1790278359.739
18700,1419.464,1790278359.876
18701,1419.596,1790278360.038
18702,1419.660,1790278360.173
18703,1419.728,1790278360.279
18704,1419.792,1790278360.344
18705,1419.860,1790278360.487
18706,1419.924,1790278360.597
18707,1419.992,1790278360.674
18708,1420.056,1790278360.806
18709,1420.124,1790278360.909
18710,1420.188,1790278360.978
18711,1420.256,1790278361.103
18712,1420.320,1790278361.219
18713,1420.388,1790278361.305
18714,1420.452,1790278361.390
18715,1420.520,1790278361.523
18716,1420.584,1790278361.596
18717,1420.652,1790278361.683
18718,1420.716,1790278361.802
18719,1420.784,1790278361.879
18720,1420.848,1790278361.970
18721,1420.916,1790278362.113
18722,1420.980,1790278362.192
18723,1421.112,1790278362.411
18724,1421.180,1790278362.501
18725,1421.244,1790278362.584
18726,1421.312,1790278362.720
18727,1421.444,1790278362.891
18728,1421.508,1790278363.018
18729,1421.576,1790278363.107
18730,1421.640,1790278363.198
18731,1421.708,1790278363.320
18732,1421.772,1790278363.407
18733,1421.840,1790278363.504
18734,1421.904,1790278363.632
18735,1421.972,1790278363.735
18736,1422.036,1790278363.824
18737,1422.104,1790278363.944
18738,1422.168,1790278364.030
18739,1422.236,1790278364.125
18740,1422.300,1790278364.209
18741,1422.368,1790278364.335
18742,1422.432,1790278364.437
18743,1422.500,1790278364.505
18744,1422.564,1790278364.625
18745,1422.696,1790278364.806
18746,1422.764,1790278364.926
18747,1422.828,1790278365.025
18748,1422.896,1790278365.094
18749,1422.960,1790278365.227
18750,1423.028,1790278365.330
18751,1423.092,1790278365.397
18752,1423.160,1790278365.517
18753,1423.292,1790278365.689
18754,1423.356,1790278365.817
18755,1423.424,1790278365.921
18756,1423.488,1790278365.997
18757,1423.556,1790278366.127
18758,1423.620,1790278366.233
18759,1423.688,1790278366.316
18760,1423.752,1790278366.408
18761,1423.820,1790278366.537
18762,1423.884,1790278366.618
18763,1423.952,1790278366.716
18764,1424.016,1790278366.847
18765,1424.084,1790278366.924
18766,1424.148,1790278367.006
18767,1424.216,1790278367.142
18768,1424.280,1790278367.229
18769,1424.412,1790278367.442
18770,1424.480,1790278367.521
18771,1424.544,1790278367.608
18772,1424.612,1790278367.735
18773,1424.676,1790278367.814
18774,1424.744,1790278367.912
18775,1424.808,1790278368.042
18776,1424.940,1790278368.224
18777,1425.008,1790278368.348
18778,1425.072,1790278368.435
18779,1425.140,1790278368.525
18780,1425.204,1790278368.651
18781,1425.272,1790278368.742
18782,1425.336,1790278368.832
18783,1425.404,1790278368.967
18784,1425.468,1790278369.059
18785,1425.536,1790278369.161
18786,1425.600,1790278369.228
18787,1425.668,1790278369.350
18788,1425.732,1790278369.449
18789,1425.800,1790278369.516
18790,1425.864,1790278369.643
18791,1425.932,1790278369.734
18792,1425.996,1790278369.804
18793,1426.064,1790278369.941
18794,1426.128,1790278370.043
18795,1426.260,1790278370.255
18796,1426.328,1790278370.355
18797,1426.392,1790278370.420
18798,1426.460,1790278370.554
18799,1426.592,1790278370.735
18800,1426.656,1790278370.860
18801,1426.724,1790278370.978
18802,1426.788,1790278371.049
18803,1426.856,1790278371.167
18804,1427.052,1790278371.440
18805,1427.252,1790278371.736
18806,1427.384,1790278371.945
18807,1427.516,1790278372.183
18808,1427.580,1790278372.259
18809,1427.648,1790278372.341
18810,1427.712,1790278372.460
18811,1427.780,1790278372.529
18812,1427.844,1790278372.601
18813,1427.912,1790278372.729
18814,1427.976,1790278372.808
18815,1428.044,1790278372.887
18816,1428.176,1790278373.105
18817,1428.240,1790278373.189
18818,1428.308,1790278373.319
18819,1428.372,1790278373.404
18820,1428.440,1790278373.493
18821,1428.572,1790278373.718
18822,1428.636,1790278373.804
18823,1428.704,1790278373.940
18824,1428.768,1790278374.028
18825,1428.836,1790278374.123
18826,1428.900,1790278374.194
18827,1428.968,1790278374.305
18828,1429.032,1790278374.392
18829,1429.100,1790278374.462
18830,1429.164,1790278374.572
18831,1429.296,1790278374.730
18832,1429.364,1790278374.840
18833,1429.560,1790278375.129
18834,1429.760,1790278375.407
18835,1429.824,1790278375.503
18836,1429.892,1790278375.571
18837,1430.024,1790278375.788
18838,1430.088,1790278375.857
18839,1430.156,1790278375.968
18840,1430.220,1790278376.078
18841,1430.288,1790278376.153
18842,1430.352,1790278376.238
18843,1430.420,1790278376.357
18844,1430.484,1790278376.424
18845,1430.552,1790278376.504
18846,1430.616,1790278376.615
18847,1430.684,1790278376.690
18848,1430.880,1790278376.958
18849,1430.948,1790278377.040
18850,1431.012,1790278377.162
18851,1431.080,1790278377.230
18852,1431.212,1790278377.437
18853,1431.276,1790278377.509
18854,1431.344,1790278377.587
18855,1431.476,1790278377.789
18856,1431.540,1790278377.875
18857,1431.608,1790278377.998
18858,1431.672,1790278378.082
18859,1431.804,1790278378.286
18860,1431.872,1790278378.367
18861,1431.936,1790278378.457
18862,1432.004,1790278378.578
18863,1432.068,1790278378.657
18864,1432.136,1790278378.744
18865,1432.200,1790278378.812
18866,1432.332,1790278379.006
18867,1432.400,1790278379.073
18868,1432.464,1790278379.188
18869,1432.532,1790278379.289
18870,1432.596,1790278379.349
18871,1432.664,1790278379.462
18872,1432.728,1790278379.553
18873,1432.860,1790278379.744
18874,1432.928,1790278379.838
18875,1432.992,1790278379.901
18876,1433.060,1790278380.009
18877,1433.124,1790278380.109
18878,1433.192,1790278380.178
18879,1433.256,1790278380.308
18880,1433.324,1790278380.410
18881,1433.388,1790278380.470
18882,1433.456,1790278380.576
18883,1433.520,1790278380.677
18884,1433.652,1790278380.827
18885,1433.720,1790278380.937
18886,1433.784,1790278381.005
18887,1433.852,1790278381.091
18888,1433.916,1790278381.205
18889,1433.984,1790278381.274
18890,1434.048,1790278381.354
18891,1434.116,1790278381.475
18892,1434.180,1790278381.545
18893,1434.248,1790278381.619
18894,1434.312,1790278381.732
18895,1434.380,1790278381.801
18896,1434.444,1790278381.883
18897,1434.512,1790278381.996
18898,1434.576,1790278382.074
18899,1434.644,1790278382.150
18900,1434.708,1790278382.265
18901,1434.776,1790278382.359
18902,1434.840,1790278382.435
18903,1434.908,1790278382.554
18904,1434.972,1790278382.632
18905,1435.040,1790278382.718
18906,1435.104,1790278382.831
18907,1435.172,1790278382.916
18908,1435.236,1790278382.992
18909,1435.304,1790278383.115
18910,1435.368,1790278383.201
18911,1435.436,1790278383.285
18912,1435.500,1790278383.354
18913,1435.568,1790278383.470
18914,1435.632,1790278383.554
18915,1435.700,1790278383.620
18916,1435.764,1790278383.739
18917,1435.832,1790278383.831
18918,1435.896,1790278383.896
18919,1435.964,1790278384.017
18920,1436.028,1790278384.107
18921,1436.096,1790278384.172
18922,1436.160,1790278384.308
18923,1436.228,1790278384.407
18924,1436.292,1790278384.469
18925,1436.360,1790278384.586
18926,1436.424,1790278384.680
18927,1436.492,1790278384.746
18928,1436.556,1790278384.864
18929,1436.624,1790278384.959
18930,1436.688,1790278385.022
18931,1436.820,1790278385.238
18932,1436.888,1790278385.304
18933,1436.952,1790278385.397
18934,1437.020,1790278385.513
18935,1437.084,1790278385.587
18936,1437.152,1790278385.682
18937,1437.216,1790278385.810
18938,1437.348,1790278385.996
18939,1437.416,1790278386.129
18940,1437.480,1790278386.220
18941,1437.548,1790278386.309
18942,1437.612,1790278386.458
18943,1437.680,1790278386.542
18944,1437.744,1790278386.632
18945,1437.812,1790278386.752
18946,1437.876,1790278386.828
18947,1437.944,1790278386.907
18948,1438.008,1790278387.029
18949,1438.076,1790278387.117
18950,1438.140,1790278387.196
18951,1438.208,1790278387.319
18952,1438.340,1790278387.493
18953,1438.404,1790278387.603
18954,1438.472,1790278387.685
18955,1438.536,1790278387.766
18956,1438.604,1790278387.888
18957,1438.668,1790278387.979
18958,1438.736,1790278388.089
18959,1438.800,1790278388.150
18960,1438.868,1790278388.274
18961,1438.932,1790278388.367
18962,1439.000,1790278388.445
18963,1439.064,1790278388.582
18964,1439.196,1790278388.742
18965,1439.264,1790278388.873
18966,1439.396,1790278389.052
18967,1439.460,1790278389.190
18968,1439.528,1790278389.293
18969,1439.592,1790278389.357
18970,1439.724,1790278389.601
18971,1439.792,1790278389.676
18972,1439.924,1790278389.923
18973,1439.988,1790278389.992
18974,1440.056,1790278390.121
18975,1440.120,1790278390.221
18976,1440.188,1790278390.293
18977,1440.252,1790278390.379
18978,1440.320,1790278390.486
18979,1440.384,1790278390.548
18980,1440.452,1790278390.621
18981,1440.516,1790278390.733
18982,1440.584,1790278390.823
18983,1440.648,1790278390.905
18984,1440.716,1790278391.035
18985,1440.780,1790278391.115
18986,1440.848,1790278391.200
18987,1440.912,1790278391.329
18988,1440.980,1790278391.419
18989,1441.044,1790278391.509
18990,1441.112,1790278391.642
18991,1441.176,1790278391.726
18992,1441.308,1790278391.950
18993,1441.376,1790278392.045
18994,1441.440,1790278392.134
18995,1441.508,1790278392.272
18996,1441.572,1790278392.354
18997,1441.640,1790278392.446
18998,1441.704,1790278392.578
18999,1441.772,1790278392.678
19000,1441.836,1790278392.766
19001,1441.904,1790278392.887
19002,1441.968,1790278392.973
19003,1442.036,1790278393.063
19004,1442.100,1790278393.126
19005,1442.168,1790278393.249
19006,1442.232,1790278393.338
19007,1442.300,1790278393.406
19008,1442.364,1790278393.534
19009,1442.432,1790278393.628
19010,1442.496,1790278393.690
19011,1442.564,1790278393.809
19012,1442.628,1790278393.908
19013,1442.696,1790278393.977
19014,1442.828,1790278394.216
19015,1442.892,1790278394.286
19016,1442.960,1790278394.419
19017,1443.024,1790278394.517
19018,1443.092,1790278394.585
19019,1443.156,1790278394.691
19020,1443.224,1790278394.805
19021,1443.288,1790278394.880
19022,1443.356,1790278395.007
19023,1443.420,1790278395.116
19024,1443.552,1790278395.279
19025,1443.684,1790278395.471
19026,1443.752,1790278395.553
19027,1443.816,1790278395.679
19028,1443.884,1790278395.757
19029,1444.016,1790278395.974
19030,1444.080,1790278396.056
19031,1444.148,1790278396.138
19032,1444.212,1790278396.261
19033,1444.280,1790278396.343
19034,1444.344,1790278396.428
19035,1444.412,1790278396.541
19036,1444.476,1790278396.613
19037,1444.544,1790278396.700
19038,1444.608,1790278396.823
19039,1444.676,1790278396.906
19040,1444.740,1790278396.992
19041,1444.872,1790278397.215
19042,1444.940,1790278397.302
19043,1445.004,1790278397.418
19044,1445.072,1790278397.501
19045,1445.136,1790278397.590
19046,1445.204,1790278397.711
19047,1445.268,1790278397.804
19048,1445.336,1790278397.900
19049,1445.468,1790278398.085
19050,1445.532,1790278398.173
19051,1445.600,1790278398.242
19052,1445.664,1790278398.356
19053,1445.732,1790278398.457
19054,1445.796,1790278398.523
19055,1445.864,1790278398.645
19056,1445.928,1790278398.739
19057,1445.996,1790278398.807
19058,1446.060,1790278398.942
19059,1446.128,1790278399.045
19060,1446.192,1790278399.109
19061,1446.324,1790278399.326
19062,1446.456,1790278399.504
19063,1446.524,1790278399.605
19064,1446.588,1790278399.678
19065,1446.656,1790278399.802
19066,1446.720,1790278399.906
19067,1446.788,1790278399.977
19068,1446.852,1790278400.058
19069,1446.920,1790278400.178
19070,1446.984,1790278400.250
19071,1447.052,1790278400.328
19072,1447.116,1790278400.445
19073,1447.184,1790278400.523
19074,1447.316,1790278400.737
19075,1447.380,1790278400.816
19076,1447.448,1790278400.902
19077,1447.512,1790278401.039
19078,1447.644,1790278401.204
19079,1447.712,1790278401.334
19080,1447.776,1790278401.414
19081,1447.844,1790278401.498
19082,1447.908,1790278401.620
19083,1447.976,1790278401.709
19084,1448.040,1790278401.801
19085,1448.108,1790278401.919
19086,1448.172,1790278402.014
19087,1448.240,1790278402.109
19088,1448.304,1790278402.229
19089,1448.372,1790278402.315
19090,1448.436,1790278402.410
19091,1448.504,1790278402.536
19092,1448.568,1790278402.628
19093,1448.636,1790278402.722
19094,1448.700,1790278402.785
19095,1448.768,1790278402.901
19096,1448.832,1790278402.983
19097,1448.900,1790278403.058
19098,1448.964,1790278403.180
19099,1449.228,1790278403.560
19100,1449.296,1790278403.629
19101,1449.360,1790278403.757
19102,1449.428,1790278403.858
19103,1449.492,1790278403.923
19104,1449.560,1790278404.057
19105,1449.624,1790278404.155
19106,1449.692,1790278404.226
19107,1449.756,1790278404.347
19108,1449.824,1790278404.447
19109,1449.888,1790278404.510
19110,1449.956,1790278404.636
19111,1450.020,1790278404.740
19112,1450.088,1790278404.809
19113,1450.152,1790278404.891
19114,1450.220,1790278405.007
19115,1450.284,1790278405.076
19116,1450.352,1790278405.163
19117,1450.416,1790278405.280
19118,1450.484,1790278405.356
19119,1450.548,1790278405.446
19120,1450.616,1790278405.574
19121,1450.680,1790278405.650
19122,1450.748,1790278405.732
19123,1450.812,1790278405.855
19124,1450.880,1790278405.923
19125,1450.944,1790278406.002
19126,1451.012,1790278406.136
19127,1451.076,1790278406.215
19128,1451.144,1790278406.313
19129,1451.208,1790278406.442
19130,1451.276,1790278406.530
19131,1451.340,1790278406.619
19132,1451.408,1790278406.748
19133,1451.472,1790278406.830
19134,1451.540,1790278406.915
19135,1451.604,1790278407.046
19136,1451.672,1790278407.137
19137,1451.736,1790278407.231
19138,1451.804,1790278407.357
19139,1451.868,1790278407.444
19140,1451.936,1790278407.532
19141,1452.000,1790278407.598
19142,1452.068,1790278407.712
19143,1452.200,1790278407.870
19144,1452.332,1790278408.092
19145,1452.396,1790278408.158
19146,1452.464,1790278408.302
19147,1452.528,1790278408.395
19148,1452.596,1790278408.459
19149,1452.660,1790278408.594
19150,1452.728,1790278408.699
19151,1452.792,1790278408.772
19152,1452.860,1790278408.887
19153,1452.924,1790278408.992
19154,1452.992,1790278409.059
19155,1453.056,1790278409.185
19156,1453.124,1790278409.292
19157,1453.188,1790278409.362
19158,1453.320,1790278409.589
19159,1453.388,1790278409.668
19160,1453.520,1790278409.865
19161,1453.584,1790278409.934
19162,1453.652,1790278410.013
19163,1453.716,1790278410.130
19164,1453.784,1790278410.210
19165,1453.848,1790278410.296
19166,1453.916,1790278410.423
19167,1453.980,1790278410.492
19168,1454.048,1790278410.577
19169,1454.112,1790278410.700
19170,1454.180,1790278410.784
19171,1454.244,1790278410.863
19172,1454.376,1790278411.062
19173,1454.444,1790278411.153
19174,1454.508,1790278411.294
19175,1454.576,1790278411.374
19176,1454.640,1790278411.461
19177,1454.708,1790278411.584
19178,1454.772,1790278411.664
19179,1454.840,1790278411.748
19180,1454.904,1790278411.870
19181,1454.972,1790278411.961
19182,1455.036,1790278412.053
19183,1455.104,1790278412.179
19184,1455.168,1790278412.266
19185,1455.236,1790278412.357
19186,1455.300,1790278412.423
19187,1455.432,1790278412.635
19188,1455.500,1790278412.706
19189,1455.564,1790278412.835
19190,1455.632,1790278412.933
19191,1455.696,1790278412.995
19192,1455.828,1790278413.225
19193,1455.896,1790278413.295
19194,1456.028,1790278413.518
19195,1456.092,1790278413.583
19196,1456.160,1790278413.707
19197,1456.224,1790278413.804
19198,1456.292,1790278413.871
19199,1456.356,1790278413.991
19200,1456.424,1790278414.100
19201,1456.488,1790278414.167
19202,1456.620,1790278414.394
19203,1456.688,1790278414.462
19204,1456.752,1790278414.541
19205,1456.820,1790278414.666
19206,1456.884,1790278414.738
19207,1457.016,1790278414.940
19208,1457.084,1790278415.023
19209,1457.216,1790278415.232
19210,1457.280,1790278415.307
19211,1457.348,1790278415.393
19212,1457.412,1790278415.524
19213,1457.480,1790278415.607
19214,1457.544,1790278415.690
19215,1457.612,1790278415.813
19216,1457.676,1790278415.900
19217,1457.744,1790278415.990
19218,1457.808,1790278416.115
19219,1457.876,1790278416.204
19220,1457.940,1790278416.283
19221,1458.008,1790278416.398
19222,1458.072,1790278416.487
19223,1458.140,1790278416.569
19224,1458.204,1790278416.690
19225,1458.272,1790278416.776
19226,1458.336,1790278416.870
19227,1458.404,1790278416.990
19228,1458.468,1790278417.088
19229,1458.536,1790278417.187
19230,1458.600,1790278417.248
19231,1458.668,1790278417.362
19232,1458.732,1790278417.452
19233,1458.800,1790278417.532
19234,1458.864,1790278417.650
19235,1458.932,1790278417.750
19236,1458.996,1790278417.815
19237,1459.064,1790278417.946
19238,1459.196,1790278418.106
19239,1459.260,1790278418.231
19240,1459.328,1790278418.329
19241,1459.392,1790278418.394
19242,1459.524,1790278418.613
19243,1459.592,1790278418.679
19244,1459.656,1790278418.810
19245,1459.724,1790278418.920
19246,1459.788,1790278418.994
19247,1459.856,1790278419.116
19248,1459.920,1790278419.219
19249,1459.988,1790278419.292
19250,1460.052,1790278419.376
19251,1460.120,1790278419.489
19252,1460.184,1790278419.574
19253,1460.252,1790278419.655
19254,1460.316,1790278419.780
19255,1460.384,1790278419.863
19256,1460.448,1790278419.943
19257,1460.516,1790278420.067
19258,1460.580,1790278420.138
19259,1460.648,1790278420.221
19260,1460.712,1790278420.348
19261,1460.780,1790278420.437
19262,1460.844,1790278420.517
19263,1460.912,1790278420.645
19264,1460.976,1790278420.724
19265,1461.044,1790278420.806
19266,1461.108,1790278420.937
19267,1461.176,1790278421.020
19268,1461.240,1790278421.111
19269,1461.308,1790278421.228
19270,1461.372,1790278421.329
19271,1461.440,1790278421.426
19272,1461.504,1790278421.553
19273,1461.572,1790278421.653
19274,1461.704,1790278421.862
19275,1461.900,1790278422.107
19276,1461.968,1790278422.232
19277,1462.032,1790278422.323
19278,1462.100,1790278422.390
19279,1462.164,1790278422.515
19280,1462.232,1790278422.616
19281,1462.296,1790278422.696
19282,1462.364,1790278422.824
19283,1462.428,1790278422.920
19284,1462.496,1790278422.995
19285,1462.560,1790278423.128
19286,1462.628,1790278423.227
19287,1462.692,1790278423.294
19288,1462.760,1790278423.422
19289,1462.824,1790278423.522
19290,1462.892,1790278423.593
19291,1462.956,1790278423.734
19292,1463.024,1790278423.836
19293,1463.088,1790278423.908
19294,1463.156,1790278424.039
19295,1463.220,1790278424.142
19296,1463.288,1790278424.219
19297,1463.352,1790278424.309
19298,1463.420,1790278424.426
19299,1463.484,1790278424.499
19300,1463.552,1790278424.581
19301,1463.684,1790278424.795
19302,1463.748,1790278424.882
19303,1463.816,1790278425.009
19304,1463.880,1790278425.091
19305,1463.948,1790278425.169
19306,1464.012,1790278425.301
19307,1464.080,1790278425.373
19308,1464.144,1790278425.454
19309,1464.212,1790278425.577
19310,1464.276,1790278425.658
19311,1464.344,1790278425.750
19312,1464.408,1790278425.880
19313,1464.476,1790278425.965
19314,1464.540,1790278426.059
19315,1464.608,1790278426.190
19316,1464.672,1790278426.276
19317,1464.804,1790278426.494
19318,1464.872,1790278426.584
19319,1464.936,1790278426.671
19320,1465.004,1790278426.803
19321,1465.068,1790278426.899
19322,1465.136,1790278427.003
19323,1465.200,1790278427.070
19324,1465.268,1790278427.193
19325,1465.400,1790278427.357
19326,1465.464,1790278427.487
19327,1465.532,1790278427.589
19328,1465.596,1790278427.661
19329,1465.664,1790278427.794
19330,1465.728,1790278427.893
19331,1465.796,1790278427.958
19332,1465.928,1790278428.183
19333,1465.992,1790278428.254
19334,1466.060,1790278428.388
19335,1466.124,1790278428.492
19336,1466.192,1790278428.565
19337,1466.256,1790278428.708
19338,1466.324,1790278428.815
19339,1466.388,1790278428.895
19340,1466.456,1790278429.024
19341,1466.588,1790278429.212
19342,1466.652,1790278429.307
19343,1466.720,1790278429.428
19344,1466.852,1790278429.599
19345,1466.916,1790278429.731
19346,1466.984,1790278429.815
19347,1467.048,1790278429.898
19348,1467.116,1790278430.026
19349,1467.180,1790278430.099
19350,1467.248,1790278430.182
19351,1467.312,1790278430.314
19352,1467.380,1790278430.401
19353,1467.444,1790278430.493
19354,1467.576,1790278430.696
19355,1467.644,1790278430.785
19356,1467.708,1790278430.911
19357,1467.776,1790278430.992
19358,1467.840,1790278431.089
19359,1467.908,1790278431.213
19360,1467.972,1790278431.308
19361,1468.040,1790278431.404
19362,1468.104,1790278431.530
19363,1468.172,1790278431.621
19364,1468.236,1790278431.712
19365,1468.304,1790278431.849
19366,1468.368,1790278431.942
19367,1468.436,1790278432.037
19368,1468.500,1790278432.107
19369,1468.568,1790278432.239
19370,1468.700,1790278432.407
19371,1468.764,1790278432.531
19372,1468.964,1790278432.828
19373,1469.028,1790278432.920
19374,1469.096,1790278433.005
19375,1469.160,1790278433.139
19376,1469.228,1790278433.236
19377,1469.424,1790278433.529
19378,1469.492,1790278433.600
19379,1469.556,1790278433.728
19380,1469.624,1790278433.834
19381,1469.688,1790278433.903
19382,1469.756,1790278434.056
19383,1469.820,1790278434.164
19384,1469.888,1790278434.246
19385,1469.952,1790278434.333
19386,1470.020,1790278434.460
19387,1470.084,1790278434.539
19388,1470.152,1790278434.622
19389,1470.216,1790278434.745
19390,1470.284,1790278434.825
19391,1470.348,1790278434.914
19392,1470.416,1790278435.057
19393,1470.480,1790278435.132
19394,1470.612,1790278435.365
19395,1470.680,1790278435.445
19396,1470.744,1790278435.536
19397,1470.812,1790278435.671
19398,1470.876,1790278435.754
19399,1470.944,1790278435.840
19400,1471.008,1790278435.975
19401,1471.140,1790278436.146
19402,1471.208,1790278436.281
19403,1471.272,1790278436.360
19404,1471.340,1790278436.450
19405,1471.404,1790278436.577
19406,1471.472,1790278436.664
19407,1471.536,1790278436.751
19408,1471.604,1790278436.880
19409,1471.668,1790278436.969
19410,1471.736,1790278437.056
19411,1471.800,1790278437.143
19412,1471.868,1790278437.268
19413,1471.932,1790278437.360
19414,1472.000,1790278437.431
19415,1472.064,1790278437.552
19416,1472.132,1790278437.650
19417,1472.196,1790278437.716
19418,1472.328,1790278437.913
19419,1472.396,1790278437.981
19420,1472.460,1790278438.108
19421,1472.528,1790278438.211
19422,1472.592,1790278438.270
19423,1472.660,1790278438.382
19424,1472.724,1790278438.476
19425,1472.792,1790278438.542
19426,1472.856,1790278438.660
19427,1472.924,1790278438.752
19428,1472.988,1790278438.811
19429,1473.056,1790278438.939
19430,1473.120,1790278439.040
19431,1473.188,1790278439.114
19432,1473.252,1790278439.205
19433,1473.320,1790278439.328
19434,1473.384,1790278439.400
19435,1473.452,1790278439.494
19436,1473.516,1790278439.624
19437,1473.584,1790278439.702
19438,1473.716,1790278439.901
19439,1473.780,1790278439.969
19440,1473.848,1790278440.052
19441,1473.912,1790278440.168
19442,1473.980,1790278440.250
19443,1474.112,1790278440.447
19444,1474.244,1790278440.618
19445,1474.308,1790278440.735
19446,1474.376,1790278440.820
19447,1474.508,1790278441.024
19448,1474.704,1790278441.305
19449,1474.772,1790278441.390
19450,1474.836,1790278441.474
19451,1474.904,1790278441.588
19452,1475.036,1790278441.756
19453,1475.100,1790278441.821
19454,1475.168,1790278441.932
19455,1475.232,1790278442.014
19456,1475.300,1790278442.085
19457,1475.364,1790278442.196
19458,1475.432,1790278442.293
19459,1475.496,1790278442.355
19460,1475.564,1790278442.479
19461,1475.628,1790278442.567
19462,1475.760,1790278442.748
19463,1475.828,1790278442.841
19464,1475.892,1790278442.905
19465,1475.960,1790278443.025
19466,1476.024,1790278443.119
19467,1476.092,1790278443.183
19468,1476.224,1790278443.396
19469,1476.288,1790278443.459
19470,1476.356,1790278443.570
19471,1476.488,1790278443.731
19472,1476.552,1790278443.809
19473,1476.620,1790278443.923
19474,1476.684,1790278443.988
19475,1476.752,1790278444.073
19476,1476.816,1790278444.186
19477,1476.884,1790278444.264
19478,1477.016,1790278444.467
19479,1477.080,1790278444.531
19480,1477.148,1790278444.615
19481,1477.212,1790278444.730
19482,1477.280,1790278444.807
19483,1477.344,1790278444.885
19484,1477.412,1790278445.004
19485,1477.476,1790278445.085
19486,1477.544,1790278445.165
19487,1477.608,1790278445.280
19488,1477.676,1790278445.359
19489,1477.740,1790278445.440
19490,1477.808,1790278445.553
19491,1477.872,1790278445.633
19492,1477.940,1790278445.718
19493,1478.136,1790278446.019
19494,1478.268,1790278446.218
19495,1478.336,1790278446.303
19496,1478.400,1790278446.367
19497,1478.468,1790278446.490
19498,1478.532,1790278446.573
19499,1478.600,1790278446.637
19500,1478.664,1790278446.755
19501,1478.732,1790278446.845
19502,1478.796,1790278446.905
19503,1478.864,1790278447.019
19504,1478.928,1790278447.108
19505,1478.996,1790278447.172
19506,1479.060,1790278447.281
19507,1479.128,1790278447.374
19508,1479.192,1790278447.445
19509,1479.260,1790278447.572
19510,1479.324,1790278447.669
19511,1479.392,1790278447.740
19512,1479.456,1790278447.842
19513,1479.524,1790278447.944
19514,1479.588,1790278448.012
19515,1479.656,1790278448.150
19516,1479.720,1790278448.247
19517,1479.788,1790278448.318
19518,1479.852,1790278448.411
19519,1479.920,1790278448.546
19520,1479.984,1790278448.620
19521,1480.052,1790278448.710
19522,1480.380,1790278449.217
19523,1480.448,1790278449.315
19524,1480.512,1790278449.435
19525,1480.580,1790278449.510
19526,1480.644,1790278449.584
19527,1480.712,1790278449.701
19528,1480.776,1790278449.778
19529,1480.908,1790278449.980
19530,1480.976,1790278450.062
19531,1481.040,1790278450.155
19532,1481.108,1790278450.280
19533,1481.172,1790278450.359
19534,1481.240,1790278450.450
19535,1481.372,1790278450.669
19536,1481.436,1790278450.760
19537,1481.504,1790278450.879
19538,1481.568,1790278450.965
19539,1481.636,1790278451.053
19540,1481.700,1790278451.126
19541,1481.768,1790278451.239
19542,1481.832,1790278451.329
19543,1481.900,1790278451.397
19544,1481.964,1790278451.505
19545,1482.032,1790278451.600
19546,1482.096,1790278451.668
19547,1482.164,1790278451.787
19548,1482.228,1790278451.882
19549,1482.296,1790278451.949
19550,1482.360,1790278452.078
19551,1482.428,1790278452.171
19552,1482.492,1790278452.240
19553,1482.560,1790278452.361
19554,1482.624,1790278452.458
19555,1482.692,1790278452.526
19556,1482.756,1790278452.640
19557,1482.824,1790278452.737
19558,1482.888,1790278452.805
19559,1483.020,1790278453.021
19560,1483.088,1790278453.104
19561,1483.152,1790278453.195
19562,1483.220,1790278453.315
19563,1483.284,1790278453.382
19564,1483.352,1790278453.460
19565,1483.416,1790278453.570
19566,1483.484,1790278453.643
19567,1483.616,1790278453.843
19568,1483.680,1790278453.914
19569,1483.748,1790278453.997
19570,1483.880,1790278454.202
19571,1483.944,1790278454.280
19572,1484.012,1790278454.402
19573,1484.076,1790278454.481
19574,1484.144,1790278454.561
19575,1484.276,1790278454.764
19576,1484.408,1790278454.961
19577,1484.472,1790278455.042
19578,1484.540,1790278455.120
19579,1484.604,1790278455.240
19580,1484.672,1790278455.331
19581,1484.736,1790278455.424
19582,1484.936,1790278455.725
19583,1485.000,1790278455.788
19584,1485.068,1790278455.896
19585,1485.132,1790278455.984
19586,1485.200,1790278456.052
19587,1485.264,1790278456.162
19588,1485.332,1790278456.252
19589,1485.396,1790278456.316
19590,1485.464,1790278456.439
19591,1485.528,1790278456.522
19592,1485.596,1790278456.591
19593,1485.660,1790278456.707
19594,1485.728,1790278456.800
19595,1485.792,1790278456.860
19596,1485.860,1790278456.977
19597,1485.924,1790278457.069
19598,1485.992,1790278457.134
19599,1486.056,1790278457.250
19600,1486.124,1790278457.350
19601,1486.188,1790278457.420
19602,1486.256,1790278457.539
19603,1486.388,1790278457.716
19604,1486.452,1790278457.798
19605,1486.584,1790278457.978
19606,1486.652,1790278458.060
19607,1486.716,1790278458.169
19608,1486.848,1790278458.331
19609,1486.980,1790278458.528
19610,1487.048,1790278458.604
19611,1487.112,1790278458.723
19612,1487.376,1790278459.084
19613,1487.444,1790278459.164
19614,1487.508,1790278459.285
19615,1487.576,1790278459.367
19616,1487.708,1790278459.564
19617,1487.772,1790278459.645
19618,1487.840,1790278459.726
19619,1487.904,1790278459.856
19620,1487.972,1790278459.938
19621,1488.036,1790278460.021
19622,1488.104,1790278460.148
19623,1488.236,1790278460.307
19624,1488.300,1790278460.376
19625,1488.368,1790278460.482
19626,1488.432,1790278460.564
19627,1488.500,1790278460.637
19628,1488.564,1790278460.758
19629,1488.632,1790278460.855
19630,1488.696,1790278460.924
19631,1488.764,1790278461.038
19632,1488.828,1790278461.126
19633,1488.896,1790278461.192
19634,1488.960,1790278461.305
19635,1489.092,1790278461.456
19636,1489.160,1790278461.577
19637,1489.224,1790278461.677
19638,1489.356,1790278461.877
19639,1489.488,1790278462.044
19640,1489.556,1790278462.172
19641,1489.620,1790278462.276
19642,1489.688,1790278462.345
19643,1489.752,1790278462.434
19644,1489.820,1790278462.567
19645,1489.884,1790278462.647
19646,1490.016,1790278462.865
19647,1490.084,1790278462.955
19648,1490.148,1790278463.042
19649,1490.216,1790278463.181
19650,1490.280,1790278463.253
19651,1490.348,1790278463.334
19652,1490.412,1790278463.455
19653,1490.480,1790278463.532
19654,1490.544,1790278463.607
19655,1490.612,1790278463.719
19656,1490.676,1790278463.792
19657,1490.744,1790278463.873
19658,1490.808,1790278463.987
19659,1490.876,1790278464.076
19660,1490.940,1790278464.151
19661,1491.072,1790278464.346
19662,1491.140,1790278464.431
19663,1491.204,1790278464.554
19664,1491.272,1790278464.644
19665,1491.336,1790278464.734
19666,1491.404,1790278464.859
19667,1491.536,1790278465.043
19668,1491.600,1790278465.107
19669,1491.732,1790278465.319
19670,1491.800,1790278465.383
19671,1491.864,1790278465.485
19672,1492.064,1790278465.748
19673,1492.128,1790278465.834
19674,1492.196,1790278465.902
19675,1492.260,1790278466.006
19676,1492.328,1790278466.101
19677,1492.392,1790278466.162
19678,1492.460,1790278466.276
19679,1492.524,1790278466.376
19680,1492.592,1790278466.441
19681,1492.656,1790278466.559
19682,1492.724,1790278466.655
19683,1492.856,1790278466.828
19684,1492.920,1790278466.929
19685,1492.988,1790278466.991
19686,1493.052,1790278467.076
19687,1493.120,1790278467.193
19688,1493.184,1790278467.260
19689,1493.252,1790278467.341
19690,1493.316,1790278467.462
19691,1493.384,1790278467.530
19692,1493.448,1790278467.606
19693,1493.516,1790278467.716
19694,1493.580,1790278467.781
19695,1493.712,1790278467.967
19696,1493.780,1790278468.050
19697,1493.844,1790278468.126
19698,1493.912,1790278468.247
19699,1493.976,1790278468.331
19700,1494.044,1790278468.405
19701,1494.108,1790278468.519
19702,1494.176,1790278468.596
19703,1494.240,1790278468.670
19704,1494.308,1790278468.781
19705,1494.372,1790278468.865
19706,1494.440,1790278468.944
19707,1494.504,1790278469.052
19708,1494.636,1790278469.223
19709,1494.768,1790278469.428
19710,1494.836,1790278469.511
19711,1494.900,1790278469.573
19712,1494.968,1790278469.675
19713,1495.032,1790278469.760
19714,1495.100,1790278469.826
19715,1495.164,1790278469.928
19716,1495.232,1790278470.026
19717,1495.296,1790278470.088
19718,1495.364,1790278470.207
19719,1495.428,1790278470.295
19720,1495.496,1790278470.362
19721,1495.560,1790278470.464
19722,1495.628,1790278470.553
19723,1495.692,1790278470.614
19724,1495.760,1790278470.724
19725,1495.824,1790278470.811
19726,1495.892,1790278470.880
19727,1495.956,1790278470.988
19728,1496.024,1790278471.087
19729,1496.088,1790278471.157
19730,1496.156,1790278471.279
19731,1496.220,1790278471.369
19732,1496.288,1790278471.436
19733,1496.352,1790278471.512
19734,1496.420,1790278471.615
19735,1496.484,1790278471.683
19736,1496.616,1790278471.856
19737,1496.684,1790278471.927
19738,1496.748,1790278471.993
19739,1496.880,1790278472.179
19740,1496.948,1790278472.273
19741,1497.012,1790278472.388
19742,1497.080,1790278472.459
19743,1497.144,1790278472.539
19744,1497.212,1790278472.655
19745,1497.276,1790278472.730
19746,1497.408,1790278472.919
19747,1497.476,1790278472.997
19748,1497.540,1790278473.074
19749,1497.672,1790278473.263
19750,1497.740,1790278473.345
19751,1497.804,1790278473.452
19752,1497.872,1790278473.538
19753,1497.936,1790278473.633
19754,1498.004,1790278473.743
19755,1498.136,1790278473.903
19756,1498.200,1790278473.966
19757,1498.332,1790278474.153
19758,1498.400,1790278474.224
19759,1498.464,1790278474.332
19760,1498.532,1790278474.430
19761,1498.596,1790278474.498
19762,1498.664,1790278474.602
19763,1498.728,1790278474.686
19764,1498.796,1790278474.751
19765,1498.860,1790278474.864
19766,1498.928,1790278474.956
19767,1498.992,1790278475.019
19768,1499.124,1790278475.228
19769,1499.192,1790278475.305
19770,1499.256,1790278475.420
19771,1499.324,1790278475.521
19772,1499.388,1790278475.580
19773,1499.456,1790278475.687
19774,1499.520,1790278475.796
19775,1499.588,1790278475.865
19776,1499.652,1790278475.948
19777,1499.720,1790278476.051
19778,1499.784,1790278476.114
19779,1499.916,1790278476.293
19780,1499.984,1790278476.378
19781,1500.048,1790278476.444
19782,1500.116,1790278476.558
19783,1500.180,1790278476.627
19784,1500.312,1790278476.830
19785,1500.380,1790278476.905
19786,1500.444,1790278476.983
19787,1500.512,1790278477.097
19788,1500.576,1790278477.167
19789,1500.644,1790278477.249
19790,1500.708,1790278477.366
19791,1500.840,1790278477.524
19792,1500.908,1790278477.635
19793,1500.972,1790278477.715
19794,1501.040,1790278477.796
19795,1501.104,1790278477.908
19796,1501.172,1790278477.991
19797,1501.236,1790278478.081
19798,1501.304,1790278478.191
19799,1501.368,1790278478.269
19800,1501.436,1790278478.350
19801,1501.500,1790278478.416
19802,1501.568,1790278478.537
19803,1501.632,1790278478.615
19804,1501.700,1790278478.680
19805,1501.764,1790278478.781
19806,1501.832,1790278478.867
19807,1501.896,1790278478.928
19808,1501.964,1790278479.035
19809,1502.028,1790278479.125
19810,1502.096,1790278479.194
19811,1502.160,1790278479.300
19812,1502.228,1790278479.389
19813,1502.292,1790278479.456
19814,1502.360,1790278479.574
19815,1502.492,1790278479.736
19816,1502.624,1790278479.934
19817,1502.688,1790278479.994
19818,1502.756,1790278480.097
19819,1502.952,1790278480.332
19820,1503.020,1790278480.445
19821,1503.084,1790278480.508
19822,1503.152,1790278480.587
19823,1503.216,1790278480.701
19824,1503.284,1790278480.775
19825,1503.348,1790278480.851
19826,1503.416,1790278480.978
19827,1503.480,1790278481.051
19828,1503.548,1790278481.127
19829,1503.612,1790278481.242
19830,1503.680,1790278481.315
19831,1503.744,1790278481.394
19832,1503.812,1790278481.525
19833,1503.876,1790278481.597
19834,1503.944,1790278481.681
19835,1504.008,1790278481.797
19836,1504.076,1790278481.891
19837,1504.140,1790278481.970
19838,1504.208,1790278482.082
19839,1504.272,1790278482.161
19840,1504.340,1790278482.251
19841,1504.404,1790278482.364
19842,1504.472,1790278482.447
19843,1504.536,1790278482.537
19844,1504.604,1790278482.642
19845,1504.668,1790278482.725
19846,1504.736,1790278482.812
19847,1504.800,1790278482.873
19848,1504.868,1790278482.979
19849,1504.932,1790278483.060
19850,1505.000,1790278483.123
19851,1505.064,1790278483.230
19852,1505.132,1790278483.317
19853,1505.196,1790278483.377
19854,1505.328,1790278483.574
19855,1505.396,1790278483.640
19856,1505.528,1790278483.848
19857,1505.592,1790278483.916
19858,1505.660,1790278484.023
19859,1505.724,1790278484.111
19860,1505.792,1790278484.177
19861,1505.856,1790278484.290
19862,1505.924,1790278484.393
19863,1505.988,1790278484.459
19864,1506.056,1790278484.563
19865,1506.120,1790278484.671
19866,1506.188,1790278484.734
19867,1506.252,1790278484.816
19868,1506.320,1790278484.923
19869,1506.384,1790278484.998
19870,1506.452,1790278485.077
19871,1506.516,1790278485.208
19872,1506.584,1790278485.289
19873,1506.648,1790278485.369
19874,1506.716,1790278485.494
19875,1506.780,1790278485.587
19876,1506.848,1790278485.676
19877,1506.912,1790278485.791
19878,1506.980,1790278485.866
19879,1507.044,1790278485.947
19880,1507.112,1790278486.073
19881,1507.176,1790278486.149
19882,1507.244,1790278486.226
19883,1507.308,1790278486.344
19884,1507.376,1790278486.425
19885,1507.440,1790278486.506
19886,1507.508,1790278486.621
19887,1507.572,1790278486.711
19888,1507.640,1790278486.800
19889,1507.704,1790278486.919
19890,1507.772,1790278487.004
19891,1507.836,1790278487.103
19892,1507.904,1790278487.227
19893,1508.036,1790278487.411
19894,1508.100,1790278487.482
19895,1508.232,1790278487.723
19896,1508.300,1790278487.790
19897,1508.432,1790278487.998
19898,1508.496,1790278488.059
19899,1508.564,1790278488.177
19900,1508.628,1790278488.276
19901,1508.696,1790278488.339
19902,1508.760,1790278488.450
19903,1508.828,1790278488.555
19904,1508.892,1790278488.616
19905,1508.960,1790278488.727
19906,1509.156,1790278489.007
19907,1509.288,1790278489.167
19908,1509.356,1790278489.275
19909,1509.420,1790278489.375
19910,1509.488,1790278489.437
19911,1509.552,1790278489.512
19912,1509.620,1790278489.621
19913,1509.684,1790278489.684
19914,1509.752,1790278489.776
19915,1509.816,1790278489.885
19916,1509.884,1790278489.955
19917,1510.080,1790278490.245
19918,1510.212,1790278490.460
19919,1510.344,1790278490.619
19920,1510.476,1790278490.820
19921,1510.608,1790278491.019
19922,1510.676,1790278491.099
19923,1510.740,1790278491.177
19924,1510.808,1790278491.302
19925,1510.872,1790278491.378
19926,1510.940,1790278491.455
19927,1511.004,1790278491.571
19928,1511.072,1790278491.656
19929,1511.136,1790278491.735
19930,1511.204,1790278491.852
19931,1511.268,1790278491.934
19932,1511.336,1790278492.020
19933,1511.400,1790278492.085
19934,1511.468,1790278492.189
19935,1511.532,1790278492.278
19936,1511.600,1790278492.342
19937,1511.664,1790278492.447
19938,1511.732,1790278492.549
19939,1511.796,1790278492.612
19940,1511.864,1790278492.731
19941,1511.928,1790278492.815
19942,1511.996,1790278492.885
19943,1512.060,1790278492.995
19944,1512.128,1790278493.085
19945,1512.192,1790278493.149
19946,1512.260,1790278493.257
19947,1512.324,1790278493.352
19948,1512.392,1790278493.421
19949,1512.456,1790278493.533
19950,1512.524,1790278493.634
19951,1512.588,1790278493.695
19952,1512.656,1790278493.807
19953,1512.720,1790278493.911
19954,1512.788,1790278493.973
19955,1512.852,1790278494.055
19956,1512.920,1790278494.166
19957,1512.984,1790278494.233
19958,1513.052,1790278494.314
19959,1513.116,1790278494.421
19960,1513.184,1790278494.486
19961,1513.316,1790278494.684
19962,1513.380,1790278494.757
19963,1513.448,1790278494.834
19964,1513.580,1790278495.030
19965,1513.712,1790278495.231
19966,1513.776,1790278495.305
19967,1513.844,1790278495.382
19968,1513.908,1790278495.500
19969,1513.976,1790278495.584
19970,1514.040,1790278495.667
19971,1514.108,1790278495.786
19972,1514.172,1790278495.861
19973,1514.304,1790278496.058
19974,1514.568,1790278496.427
19975,1514.636,1790278496.511
19976,1514.700,1790278496.573
19977,1514.768,1790278496.676
19978,1514.832,1790278496.765
19979,1514.900,1790278496.827
19980,1514.964,1790278496.938
19981,1515.032,1790278497.034
19982,1515.096,1790278497.091
19983,1515.164,1790278497.209
19984,1515.360,1790278497.466
19985,1515.428,1790278497.556
19986,1515.492,1790278497.613
19987,1515.560,1790278497.723
19988,1515.624,1790278497.816
19989,1515.692,1790278497.884
19990,1515.756,1790278497.991
19991,1515.824,1790278498.090
19992,1515.888,1790278498.158
19993,1515.956,1790278498.272
19994,1516.020,1790278498.370
19995,1516.088,1790278498.439
19996,1516.152,1790278498.521
19997,1516.220,1790278498.638
19998,1516.284,1790278498.703
19999,1516.352,1790278498.792
20000,1516.484,1790278498.972
20001,1516.548,1790278499.052
20002,1516.616,1790278499.172
20003,1516.680,1790278499.234
20004,1516.748,1790278499.312
20005,1516.812,1790278499.430
20006,1516.944,1790278499.583
20007,1517.012,1790278499.700
20008,1517.076,1790278499.778
20009,1517.144,1790278499.859
20010,1517.208,1790278499.972
20011,1517.276,1790278500.065
20012,1517.340,1790278500.146
20013,1517.408,1790278500.262
20014,1517.472,1790278500.342
20015,1517.540,1790278500.425
20016,1517.604,1790278500.542
20017,1517.672,1790278500.624
20018,1517.736,1790278500.698
20019,1517.804,1790278500.810
20020,1517.868,1790278500.889
20021,1517.936,1790278500.972
20022,1518.000,1790278501.035
20023,1518.068,1790278501.160
20024,1518.132,1790278501.244
20025,1518.200,1790278501.308
20026,1518.264,1790278501.415
20027,1518.396,1790278501.560
20028,1518.464,1790278501.673
20029,1518.596,1790278501.823
20030,1518.660,1790278501.930
20031,1518.728,1790278502.018
20032,1518.792,1790278502.083
20033,1518.860,1790278502.210
20034,1519.056,1790278502.482
20035,1519.124,1790278502.591
20036,1519.188,1790278502.651
20037,1519.256,1790278502.761
20038,1519.320,1790278502.860
20039,1519.388,1790278502.930
20040,1519.452,1790278503.003
20041,1519.520,1790278503.123
20042,1519.584,1790278503.197
20043,1519.652,1790278503.275
20044,1519.716,1790278503.385
20045,1519.784,1790278503.450
20046,1519.848,1790278503.527
20047,1519.916,1790278503.642
20048,1519.980,1790278503.713
20049,1520.048,1790278503.791
20050,1520.112,1790278503.907
20051,1520.180,1790278503.987
20052,1520.244,1790278504.066
20053,1520.312,1790278504.187
20054,1520.376,1790278504.267
20055,1520.444,1790278504.343
20056,1520.508,1790278504.458
20057,1520.576,1790278504.536
20058,1520.708,1790278504.729
20059,1520.772,1790278504.809
20060,1520.840,1790278504.894
20061,1520.904,1790278505.012
20062,1520.972,1790278505.096
20063,1521.036,1790278505.173
20064,1521.104,1790278505.301
20065,1521.168,1790278505.377
20066,1521.236,1790278505.470
20067,1521.300,1790278505.535
20068,1521.368,1790278505.661
20069,1521.432,1790278505.748
20070,1521.500,1790278505.812
20071,1521.564,1790278505.913
20072,1521.632,1790278506.001
20073,1521.696,1790278506.065
20074,1521.764,1790278506.191
20075,1521.828,1790278506.277
20076,1521.896,1790278506.340
20077,1521.960,1790278506.456
20078,1522.028,1790278506.554
20079,1522.092,1790278506.622
20080,1522.160,1790278506.736
20081,1522.292,1790278506.891
20082,1522.356,1790278506.997
20083,1522.424,1790278507.097
20084,1522.488,1790278507.158
20085,1522.556,1790278507.268
20086,1522.620,1790278507.364
20087,1522.688,1790278507.432
20088,1522.752,1790278507.508
20089,1522.884,1790278507.685
20090,1523.016,1790278507.876
20091,1523.084,1790278507.942
20092,1523.148,1790278508.014
20093,1523.348,1790278508.282
20094,1523.412,1790278508.400
20095,1523.612,1790278508.673
20096,1523.676,1790278508.757
20097,1523.808,1790278508.953
20098,1523.876,1790278509.033
20099,1523.940,1790278509.124
20100,1524.008,1790278509.247
20101,1524.072,1790278509.332
20102,1524.204,1790278509.546
20103,1524.272,1790278509.634
20104,1524.336,1790278509.717
20105,1524.404,1790278509.835
20106,1524.468,1790278509.914
20107,1524.536,1790278510.004
20108,1524.600,1790278510.067
20109,1524.732,1790278510.269
20110,1524.800,1790278510.336
20111,1524.932,1790278510.553
20112,1524.996,1790278510.614
20113,1525.064,1790278510.731
20114,1525.196,1790278510.889
20115,1525.260,1790278511.010
20116,1525.328,1790278511.114
20117,1525.392,1790278511.178
20118,1525.460,1790278511.290
20119,1525.524,1790278511.391
20120,1525.724,1790278511.681
20121,1525.788,1790278511.742
20122,1525.856,1790278511.855
20123,1525.920,1790278511.953
20124,1525.988,1790278512.022
20125,1526.052,1790278512.112
20126,1526.120,1790278512.220
20127,1526.184,1790278512.290
20128,1526.252,1790278512.374
20129,1526.448,1790278512.620
20130,1526.580,1790278512.806
20131,1526.648,1790278512.884
20132,1526.712,1790278512.998
20133,1526.780,1790278513.066
20134,1526.844,1790278513.151
20135,1526.912,1790278513.273
20136,1526.976,1790278513.351
20137,1527.044,1790278513.424
20138,1527.108,1790278513.545
20139,1527.176,1790278513.621
20140,1527.240,1790278513.696
20141,1527.308,1790278513.819
20142,1527.372,1790278513.891
20143,1527.440,1790278513.975
20144,1527.504,1790278514.091
20145,1527.572,1790278514.176
20146,1527.636,1790278514.253
20147,1527.704,1790278514.361
20148,1527.768,1790278514.439
20149,1527.836,1790278514.527
20150,1527.968,1790278514.711
20151,1528.032,1790278514.793
20152,1528.100,1790278514.858
20153,1528.164,1790278514.969
20154,1528.232,1790278515.054
20155,1528.296,1790278515.114
20156,1528.364,1790278515.225
20157,1528.428,1790278515.313
20158,1528.496,1790278515.379
20159,1528.628,1790278515.577
20160,1528.692,1790278515.636
20161,1528.760,1790278515.746
20162,1528.824,1790278515.835
20163,1528.892,1790278515.900
20164,1528.956,1790278516.020
20165,1529.024,1790278516.121
20166,1529.088,1790278516.187
20167,1529.156,1790278516.302
20168,1529.220,1790278516.397
20169,1529.288,1790278516.465
20170,1529.352,1790278516.547
20171,1529.420,1790278516.668
20172,1529.552,1790278516.812
20173,1529.616,1790278516.933
20174,1529.684,1790278517.000
20175,1529.748,1790278517.085
20176,1529.816,1790278517.203
20177,1529.880,1790278517.278
20178,1529.948,1790278517.359
20179,1530.012,1790278517.481
20180,1530.080,1790278517.555
20181,1530.144,1790278517.634
20182,1530.212,1790278517.757
20183,1530.276,1790278517.826
20184,1530.344,1790278517.902
20185,1530.408,1790278518.016
20186,1530.476,1790278518.094
20187,1530.540,1790278518.174
20188,1530.608,1790278518.287
20189,1530.672,1790278518.357
20190,1530.740,1790278518.440
20191,1530.804,1790278518.560
20192,1530.872,1790278518.648
20193,1530.936,1790278518.737
20194,1531.004,1790278518.856
20195,1531.068,1790278518.937
20196,1531.136,1790278519.022
20197,1531.200,1790278519.090
20198,1531.268,1790278519.215
20199,1531.332,1790278519.298
20200,1531.400,1790278519.361
20201,1531.464,1790278519.469
20202,1531.532,1790278519.558
20203,1531.596,1790278519.623
20204,1531.664,1790278519.751
20205,1531.728,1790278519.840
20206,1531.928,1790278520.113
20207,1531.992,1790278520.177
20208,1532.060,1790278520.293
20209,1532.124,1790278520.386
20210,1532.192,1790278520.451
20211,1532.256,1790278520.557
20212,1532.324,1790278520.663
20213,1532.388,1790278520.736
20214,1532.456,1790278520.844
20215,1532.520,1790278520.947
20216,1532.588,1790278521.015
20217,1532.652,1790278521.100
20218,1532.720,1790278521.205
20219,1532.784,1790278521.265
20220,1532.852,1790278521.340
20221,1532.916,1790278521.455
20222,1532.984,1790278521.527
20223,1533.048,1790278521.611
20224,1533.180,1790278521.824
20225,1533.248,1790278521.903
20226,1533.312,1790278522.021
20227,1533.380,1790278522.097
20228,1533.512,1790278522.294
20229,1533.576,1790278522.362
20230,1533.708,1790278522.561
20231,1533.776,1790278522.637
20232,1533.840,1790278522.716
20233,1533.908,1790278522.837
20234,1533.972,1790278522.916
20235,1534.040,1790278522.997
20236,1534.104,1790278523.131
20237,1534.172,1790278523.205
20238,1534.236,1790278523.289
20239,1534.304,1790278523.401
20240,1534.368,1790278523.481
20241,1534.436,1790278523.564
20242,1534.500,1790278523.629
20243,1534.568,1790278523.733
20244,1534.632,1790278523.818
20245,1534.700,1790278523.886
20246,1534.764,1790278523.991
20247,1534.832,1790278524.077
20248,1534.896,1790278524.139
20249,1534.964,1790278524.247
20250,1535.028,1790278524.332
20251,1535.160,1790278524.508
20252,1535.228,1790278524.603
20253,1535.292,1790278524.671
20254,1535.360,1790278524.793
20255,1535.424,1790278524.886
20256,1535.492,1790278524.947
20257,1535.556,1790278525.053
20258,1535.624,1790278525.145
20259,1535.688,1790278525.206
20260,1535.756,1790278525.319
20261,1535.820,1790278525.406
20262,1536.020,1790278525.655
20263,1536.084,1790278525.726
20264,1536.152,1790278525.812
20265,1536.216,1790278525.920
20266,1536.348,1790278526.078
20267,1536.416,1790278526.196
20268,1536.480,1790278526.265
20269,1536.612,1790278526.471
20270,1536.680,1790278526.552
20271,1536.744,1790278526.626
20272,1536.812,1790278526.740
20273,1536.876,1790278526.823
20274,1536.944,1790278526.906
20275,1537.008,1790278527.033
20276,1537.076,1790278527.113
20277,1537.140,1790278527.194
20278,1537.208,1790278527.307
20279,1537.272,1790278527.390
20280,1537.340,1790278527.477
20281,1537.404,1790278527.595
20282,1537.472,1790278527.675
20283,1537.536,1790278527.755
20284,1537.604,1790278527.879
20285,1537.668,1790278527.964
20286,1537.736,1790278528.066
20287,1537.800,1790278528.131
20288,1537.868,1790278528.241
20289,1537.932,1790278528.333
20290,1538.000,1790278528.396
20291,1538.064,1790278528.501
20292,1538.132,1790278528.598
20293,1538.196,1790278528.659
20294,1538.264,1790278528.762
20295,1538.328,1790278528.853
20296,1538.396,1790278528.923
20297,1538.460,1790278529.045
20298,1538.528,1790278529.145
20299,1538.592,1790278529.222
20300,1538.660,1790278529.369
20301,1538.724,1790278529.466
20302,1538.792,1790278529.535
20303,1538.856,1790278529.667
20304,1538.924,1790278529.768
20305,1538.988,1790278529.839
20306,1539.056,1790278529.966
20307,1539.120,1790278530.080
20308,1539.188,1790278530.154
20309,1539.252,1790278530.242
20310,1539.320,1790278530.374
20311,1539.384,1790278530.443
20312,1539.452,1790278530.528
20313,1539.584,1790278530.735
20314,1539.648,1790278530.823
20315,1539.716,1790278530.956
20316,1539.780,1790278531.030
20317,1539.848,1790278531.126
20318,1539.912,1790278531.257
20319,1539.980,1790278531.338
20320,1540.044,1790278531.436
20321,1540.112,1790278531.567
20322,1540.176,1790278531.652
20323,1540.308,1790278531.869
20324,1540.376,1790278531.960
20325,1540.440,1790278532.053
20326,1540.508,1790278532.196
20327,1540.572,1790278532.285
20328,1540.704,1790278532.510
20329,1540.772,1790278532.594
20330,1540.904,1790278532.801
20331,1540.968,1790278532.882
20332,1541.036,1790278532.972
20333,1541.100,1790278533.034
20334,1541.232,1790278533.248
20335,1541.300,1790278533.315
20336,1541.364,1790278533.425
20337,1541.432,1790278533.509
20338,1541.496,1790278533.570
20339,1541.564,1790278533.682
20340,1541.628,1790278533.776
20341,1541.696,1790278533.843
20342,1541.760,1790278533.955
20343,1541.828,1790278534.049
20344,1541.892,1790278534.121
20345,1541.960,1790278534.244
20346,1542.024,1790278534.345
20347,1542.092,1790278534.415
20348,1542.156,1790278534.541
20349,1542.224,1790278534.646
20350,1542.288,1790278534.718
20351,1542.356,1790278534.837
20352,1542.420,1790278534.931
20353,1542.488,1790278534.997
20354,1542.552,1790278535.072
20355,1542.620,1790278535.177
20356,1542.752,1790278535.332
20357,1542.816,1790278535.448
20358,1542.948,1790278535.599
20359,1543.016,1790278535.714
20360,1543.080,1790278535.784
20361,1543.148,1790278535.861
20362,1543.212,1790278535.977
20363,1543.280,1790278536.051
20364,1543.344,1790278536.128
20365,1543.412,1790278536.265
20366,1543.476,1790278536.331
20367,1543.544,1790278536.413
20368,1543.608,1790278536.535
20369,1543.740,1790278536.688
20370,1543.872,1790278536.886
20371,1543.940,1790278536.962
20372,1544.004,1790278537.083
20373,1544.072,1790278537.171
20374,1544.136,1790278537.250
20375,1544.204,1790278537.379
20376,1544.268,1790278537.460
20377,1544.336,1790278537.542
20378,1544.400,1790278537.607
20379,1544.532,1790278537.809
20380,1544.600,1790278537.879
20381,1544.664,1790278538.002
20382,1544.732,1790278538.089
20383,1544.796,1790278538.148
20384,1544.864,1790278538.260
20385,1544.928,1790278538.354
20386,1544.996,1790278538.419
20387,1545.060,1790278538.529
20388,1545.128,1790278538.621
20389,1545.192,1790278538.687
20390,1545.260,1790278538.796
20391,1545.324,1790278538.884
20392,1545.392,1790278538.953
20393,1545.456,1790278539.080
20394,1545.524,1790278539.176
20395,1545.656,1790278539.369
20396,1545.720,1790278539.460
20397,1545.788,1790278539.533
20398,1545.920,1790278539.725
20399,1545.984,1790278539.796
20400,1546.184,1790278540.061
20401,1546.248,1790278540.141
20402,1546.316,1790278540.255
20403,1546.380,1790278540.323
20404,1546.448,1790278540.411
20405,1546.512,1790278540.530
20406,1546.580,1790278540.605
20407,1546.644,1790278540.688
20408,1546.712,1790278540.805
20409,1546.776,1790278540.879
20410,1546.844,1790278540.956
20411,1546.908,1790278541.075
20412,1546.976,1790278541.157
20413,1547.040,1790278541.241
20414,1547.108,1790278541.356
20415,1547.172,1790278541.434
20416,1547.304,1790278541.647
20417,1547.372,1790278541.727
20418,1547.504,1790278541.919
20419,1547.568,1790278542.002
20420,1547.700,1790278542.152
20421,1547.768,1790278542.265
20422,1547.832,1790278542.348
20423,1547.900,1790278542.408
20424,1547.964,1790278542.518
20425,1548.032,1790278542.616
20426,1548.096,1790278542.677
20427,1548.164,1790278542.785
20428,1548.228,1790278542.881
20429,1548.296,1790278542.947
20430,1548.360,1790278543.066
20431,1548.428,1790278543.154
20432,1548.492,1790278543.216
20433,1548.560,1790278543.329
20434,1548.624,1790278543.423
20435,1548.692,1790278543.490
20436,1548.756,1790278543.600
20437,1548.824,1790278543.693
20438,1548.888,1790278543.758
20439,1548.956,1790278543.875
20440,1549.020,1790278543.974
20441,1549.088,1790278544.050
20442,1549.152,1790278544.124
20443,1549.220,1790278544.256
20444,1549.284,1790278544.322
20445,1549.352,1790278544.407
20446,1549.484,1790278544.596
20447,1549.548,1790278544.676
20448,1549.616,1790278544.796
20449,1549.680,1790278544.869
20450,1549.748,1790278544.940
20451,1549.812,1790278545.056
20452,1549.880,1790278545.127
20453,1550.012,1790278545.322
20454,1550.076,1790278545.397
20455,1550.144,1790278545.472
20456,1550.208,1790278545.590
20457,1550.276,1790278545.665
20458,1550.340,1790278545.749
20459,1550.472,1790278545.941
20460,1550.540,1790278546.023
20461,1550.604,1790278546.137
20462,1550.672,1790278546.215
20463,1550.804,1790278546.413
20464,1550.868,1790278546.500
20465,1550.936,1790278546.586
20466,1551.000,1790278546.659
20467,1551.068,1790278546.772
20468,1551.132,1790278546.850
20469,1551.200,1790278546.916
20470,1551.264,1790278547.024
20471,1551.332,1790278547.116
20472,1551.396,1790278547.179
20473,1551.464,1790278547.292
20474,1551.528,1790278547.373
20475,1551.596,1790278547.436
20476,1551.660,1790278547.560
20477,1551.728,1790278547.663
20478,1551.792,1790278547.723
20479,1551.860,1790278547.839
20480,1551.924,1790278547.930
20481,1551.992,1790278548.006
20482,1552.056,1790278548.121
20483,1552.124,1790278548.224
20484,1552.188,1790278548.289
20485,1552.256,1790278548.406
20486,1552.320,1790278548.496
20487,1552.388,1790278548.568
20488,1552.452,1790278548.649
20489,1552.520,1790278548.761
20490,1552.584,1790278548.827
20491,1552.652,1790278548.909
20492,1552.716,1790278549.018
20493,1552.784,1790278549.087
20494,1552.848,1790278549.174
20495,1552.916,1790278549.286
20496,1553.048,1790278549.441
20497,1553.112,1790278549.558
20498,1553.180,1790278549.642
20499,1553.244,1790278549.722
20500,1553.312,1790278549.835
20501,1553.376,1790278549.911
20502,1553.444,1790278549.993
20503,1553.508,1790278550.114
20504,1553.576,1790278550.188
20505,1553.640,1790278550.264
20506,1553.708,1790278550.380
20507,1553.840,1790278550.537
20508,1553.904,1790278550.653
20509,1553.972,1790278550.733
20510,1554.036,1790278550.820
20511,1554.104,1790278550.936
20512,1554.168,1790278551.023
20513,1554.236,1790278551.123
20514,1554.368,1790278551.291
20515,1554.432,1790278551.383
20516,1554.500,1790278551.449
20517,1554.564,1790278551.557
20518,1554.632,1790278551.642
20519,1554.696,1790278551.706
20520,1554.764,1790278551.828
20521,1554.828,1790278551.921
20522,1554.896,1790278551.988
20523,1554.960,1790278552.115
20524,1555.028,1790278552.204
20525,1555.092,1790278552.262
20526,1555.160,1790278552.389
20527,1555.224,1790278552.478
20528,1555.292,1790278552.548
20529,1555.356,1790278552.659
20530,1555.424,1790278552.750
20531,1555.488,1790278552.819
20532,1555.556,1790278552.932
20533,1555.620,1790278553.033
20534,1555.688,1790278553.099
20535,1555.752,1790278553.173
20536,1555.820,1790278553.297
20537,1555.884,1790278553.364
20538,1556.016,1790278553.555
20539,1556.084,1790278553.619
20540,1556.216,1790278553.814
20541,1556.280,1790278553.894
20542,1556.348,1790278553.967
20543,1556.412,1790278554.083
20544,1556.480,1790278554.162
20545,1556.544,1790278554.247
20546,1556.612,1790278554.367
20547,1556.676,1790278554.434
20548,1556.744,1790278554.517
20549,1556.808,1790278554.632
20550,1556.876,1790278554.708
20551,1556.940,1790278554.786
20552,1557.008,1790278554.904
20553,1557.072,1790278554.987
20554,1557.140,1790278555.072
20555,1557.204,1790278555.188
20556,1557.272,1790278555.271
20557,1557.336,1790278555.357
20558,1557.404,1790278555.472
20559,1557.468,1790278555.555
20560,1557.536,1790278555.643
20561,1557.600,1790278555.707
20562,1557.668,1790278555.830
20563,1557.732,1790278555.917
20564,1557.800,1790278555.979
20565,1557.864,1790278556.086
20566,1557.932,1790278556.182
20567,1557.996,1790278556.241
20568,1558.064,1790278556.367
20569,1558.128,1790278556.467
20570,1558.196,1790278556.529
20571,1558.260,1790278556.638
20572,1558.328,1790278556.736
20573,1558.392,1790278556.800
20574,1558.460,1790278556.909
20575,1558.524,1790278557.014
20576,1558.592,1790278557.082
20577,1558.656,1790278557.197
20578,1558.724,1790278557.296
20579,1558.788,1790278557.364
20580,1558.856,1790278557.479
20581,1558.920,1790278557.585
20582,1558.988,1790278557.654
20583,1559.120,1790278557.836
20584,1559.184,1790278557.902
20585,1559.252,1790278557.976
20586,1559.316,1790278558.085
20587,1559.384,1790278558.162
20588,1559.448,1790278558.233
20589,1559.516,1790278558.350
20590,1559.580,1790278558.421
20591,1559.648,1790278558.497
20592,1559.712,1790278558.613
20593,1559.780,1790278558.688
20594,1559.844,1790278558.769
20595,1559.912,1790278558.884
20596,1559.976,1790278558.966
20597,1560.044,1790278559.051
20598,1560.108,1790278559.168
20599,1560.176,1790278559.248
20600,1560.240,1790278559.330
20601,1560.308,1790278559.445
20602,1560.372,1790278559.525
20603,1560.440,1790278559.609
20604,1560.504,1790278559.725
20605,1560.572,1790278559.807
20606,1560.636,1790278559.899
20607,1560.768,1790278560.097
20608,1560.900,1790278560.243
20609,1560.968,1790278560.350
20610,1561.032,1790278560.443
20611,1561.100,1790278560.512
20612,1561.164,1790278560.614
20613,1561.232,1790278560.703
20614,1561.296,1790278560.764
20615,1561.364,1790278560.873
20616,1561.428,1790278560.960
20617,1561.496,1790278561.024
20618,1561.560,1790278561.144
20619,1561.628,1790278561.231
20620,1561.692,1790278561.293
20621,1561.760,1790278561.404
20622,1561.824,1790278561.502
20623,1562.088,1790278561.845
20624,1562.220,1790278562.047
20625,1562.288,1790278562.123
20626,1562.352,1790278562.208
20627,1562.420,1790278562.311
20628,1562.552,1790278562.454
20629,1562.616,1790278562.558
20630,1562.684,1790278562.626
20631,1562.748,1790278562.702
20632,1562.816,1790278562.815
20633,1562.880,1790278562.886
20634,1562.948,1790278562.965
20635,1563.012,1790278563.090
20636,1563.080,1790278563.156
20637,1563.144,1790278563.233
20638,1563.212,1790278563.364
20639,1563.344,1790278563.537
20640,1563.408,1790278563.669
20641,1563.476,1790278563.761
20642,1563.540,1790278563.849
20643,1563.608,1790278563.982
20644,1563.672,1790278564.066
20645,1563.740,1790278564.153
20646,1563.804,1790278564.293
20647,1563.872,1790278564.382
20648,1564.004,1790278564.583
20649,1564.068,1790278564.666
20650,1564.136,1790278564.752
20651,1564.200,1790278564.818
20652,1564.268,1790278564.926
20653,1564.332,1790278565.011
20654,1564.400,1790278565.082
20655,1564.464,1790278565.209
20656,1564.532,1790278565.306
20657,1564.596,1790278565.381
20658,1564.664,1790278565.517
20659,1564.728,1790278565.619
20660,1564.796,1790278565.688
20661,1564.860,1790278565.825
20662,1564.928,1790278565.921
20663,1564.992,1790278565.988
20664,1565.060,1790278566.107
20665,1565.124,1790278566.201
20666,1565.192,1790278566.273
20667,1565.256,1790278566.380
20668,1565.324,1790278566.476
20669,1565.388,1790278566.543
20670,1565.456,1790278566.655
20671,1565.520,1790278566.753
20672,1565.588,1790278566.819
20673,1565.652,1790278566.895
20674,1565.720,1790278567.004
20675,1565.784,1790278567.066
20676,1565.852,1790278567.145
20677,1565.916,1790278567.249
20678,1565.984,1790278567.321
20679,1566.116,1790278567.524
20680,1566.380,1790278567.867
20681,1566.444,1790278567.942
20682,1566.512,1790278568.067
20683,1566.576,1790278568.140
20684,1566.644,1790278568.225
20685,1566.708,1790278568.360
20686,1566.776,1790278568.445
20687,1566.908,1790278568.639
20688,1567.040,1790278568.800
20689,1567.104,1790278568.914
20690,1567.172,1790278568.987
20691,1567.236,1790278569.083
20692,1567.304,1790278569.202
20693,1567.368,1790278569.281
20694,1567.436,1790278569.373
20695,1567.500,1790278569.438
20696,1567.568,1790278569.552
20697,1567.632,1790278569.639
20698,1567.700,1790278569.705
20699,1567.764,1790278569.815
20700,1567.832,1790278569.911
20701,1567.896,1790278569.970
20702,1567.964,1790278570.089
20703,1568.028,1790278570.169
20704,1568.096,1790278570.236
20705,1568.160,1790278570.341
20706,1568.228,1790278570.437
20707,1568.292,1790278570.502
20708,1568.360,1790278570.625
20709,1568.424,1790278570.718
20710,1568.492,1790278570.786
20711,1568.556,1790278570.892
20712,1568.624,1790278570.984
20713,1568.756,1790278571.172
20714,1568.820,1790278571.269
20715,1568.888,1790278571.337
20716,1568.952,1790278571.413
20717,1569.020,1790278571.521
20718,1569.084,1790278571.591
20719,1569.152,1790278571.670
20720,1569.216,1790278571.785
20721,1569.284,1790278571.854
20722,1569.348,1790278571.936
20723,1569.416,1790278572.054
20724,1569.480,1790278572.126
20725,1569.548,1790278572.208
20726,1569.612,1790278572.327
20727,1569.680,1790278572.406
20728,1569.744,1790278572.494
20729,1569.812,1790278572.612
20730,1569.876,1790278572.681
20731,1569.944,1790278572.759
20732,1570.208,1790278573.142
20733,1570.340,1790278573.314
20734,1570.472,1790278573.540
20735,1570.536,1790278573.616
20736,1570.604,1790278573.731
20737,1570.668,1790278573.811
20738,1570.736,1790278573.898
20739,1570.800,1790278573.966
20740,1570.868,1790278574.083
20741,1570.932,1790278574.174
20742,1571.000,1790278574.237
20743,1571.064,1790278574.347
20744,1571.132,1790278574.434
20745,1571.196,1790278574.505
20746,1571.264,1790278574.623
20747,1571.328,1790278574.718
20748,1571.396,1790278574.780
20749,1571.460,1790278574.900
20750,1571.528,1790278574.992
20751,1571.592,1790278575.057
20752,1571.660,1790278575.181
20753,1571.724,1790278575.273
20754,1571.792,1790278575.343
20755,1571.856,1790278575.468
20756,1572.056,1790278575.783
20757,1572.120,1790278575.882
20758,1572.320,1790278576.155
20759,1572.384,1790278576.222
20760,1572.452,1790278576.293
20761,1572.516,1790278576.396
20762,1572.584,1790278576.463
20763,1572.648,1790278576.538
20764,1572.716,1790278576.654
20765,1572.780,1790278576.718
20766,1572.848,1790278576.799
20767,1572.980,1790278576.988
20768,1573.044,1790278577.060
20769,1573.112,1790278577.177
20770,1573.176,1790278577.244
20771,1573.244,1790278577.327
20772,1573.376,1790278577.519
20773,1573.508,1790278577.724
20774,1573.640,1790278577.886
20775,1573.704,1790278578.001
20776,1573.772,1790278578.098
20777,1573.836,1790278578.179
20778,1573.904,1790278578.290
20779,1573.968,1790278578.370
20780,1574.036,1790278578.451
20781,1574.100,1790278578.512
20782,1574.168,1790278578.629
20783,1574.232,1790278578.722
20784,1574.300,1790278578.788
20785,1574.364,1790278578.897
20786,1574.432,1790278578.983
20787,1574.496,1790278579.044
20788,1574.564,1790278579.167
20789,1574.628,1790278579.264
20790,1574.696,1790278579.329
20791,1574.760,1790278579.438
20792,1574.828,1790278579.531
20793,1574.960,1790278579.711
20794,1575.024,1790278579.812
20795,1575.092,1790278579.880
20796,1575.224,1790278580.097
20797,1575.288,1790278580.168
20798,1575.420,1790278580.389
20799,1575.488,1790278580.455
20800,1575.552,1790278580.532
20801,1575.620,1790278580.649
20802,1575.684,1790278580.723
20803,1575.752,1790278580.804
20804,1575.884,1790278580.975
20805,1575.948,1790278581.060
20806,1576.016,1790278581.182
20807,1576.080,1790278581.254
20808,1576.148,1790278581.335
20809,1576.212,1790278581.446
20810,1576.280,1790278581.518
20811,1576.344,1790278581.594
20812,1576.412,1790278581.717
20813,1576.476,1790278581.791
20814,1576.544,1790278581.868
20815,1576.608,1790278581.985
20816,1576.676,1790278582.066
20817,1576.740,1790278582.143
20818,1576.808,1790278582.257
20819,1576.940,1790278582.416
20820,1577.072,1790278582.615
20821,1577.136,1790278582.703
20822,1577.204,1790278582.817
20823,1577.336,1790278582.977
20824,1577.400,1790278583.042
20825,1577.468,1790278583.158
20826,1577.532,1790278583.245
20827,1577.600,1790278583.310
20828,1577.664,1790278583.419
20829,1577.732,1790278583.504
20830,1577.796,1790278583.567
20831,1577.864,1790278583.672
20832,1577.928,1790278583.759
20833,1577.996,1790278583.829
20834,1578.128,1790278584.023
20835,1578.260,1790278584.201
20836,1578.324,1790278584.292
20837,1578.456,1790278584.477
20838,1578.588,1790278584.632
20839,1578.656,1790278584.741
20840,1578.720,1790278584.840
20841,1578.788,1790278584.911
20842,1578.852,1790278584.990
20843,1578.920,1790278585.097
20844,1578.984,1790278585.162
20845,1579.052,1790278585.234
20846,1579.116,1790278585.344
20847,1579.184,1790278585.412
20848,1579.248,1790278585.489
20849,1579.316,1790278585.614
20850,1579.380,1790278585.685
20851,1579.448,1790278585.760
20852,1579.512,1790278585.879
20853,1579.580,1790278585.962
20854,1579.644,1790278586.040
20855,1579.712,1790278586.157
20856,1579.776,1790278586.225
20857,1579.844,1790278586.304
20858,1579.908,1790278586.426
20859,1579.976,1790278586.504
20860,1580.040,1790278586.588
20861,1580.108,1790278586.702
20862,1580.172,1790278586.778
20863,1580.240,1790278586.864
20864,1580.304,1790278586.991
20865,1580.372,1790278587.077
20866,1580.436,1790278587.159
20867,1580.504,1790278587.274
20868,1580.568,1790278587.352
20869,1580.636,1790278587.440
20870,1580.700,1790278587.500
20871,1580.832,1790278587.691
20872,1580.900,1790278587.758
20873,1580.964,1790278587.870
20874,1581.032,1790278587.962
20875,1581.096,1790278588.020
20876,1581.228,1790278588.224
20877,1581.296,1790278588.292
20878,1581.360,1790278588.414
20879,1581.428,1790278588.513
20880,1581.492,1790278588.583
20881,1581.560,1790278588.711
20882,1581.624,1790278588.814
20883,1581.692,1790278588.891
20884,1581.756,1790278589.045
20885,1581.824,1790278589.153
20886,1581.888,1790278589.221
20887,1581.956,1790278589.349
20888,1582.020,1790278589.443
20889,1582.088,1790278589.514
20890,1582.152,1790278589.599
20891,1582.220,1790278589.711
20892,1582.284,1790278589.778
20893,1582.352,1790278589.852
20894,1582.416,1790278589.959
20895,1582.484,1790278590.039
20896,1582.548,1790278590.127
20897,1582.680,1790278590.308
20898,1582.748,1790278590.387
20899,1582.812,1790278590.500
20900,1582.880,1790278590.569
20901,1582.944,1790278590.647
20902,1583.012,1790278590.764
20903,1583.076,1790278590.836
20904,1583.144,1790278590.916
20905,1583.208,1790278591.037
20906,1583.276,1790278591.127
20907,1583.340,1790278591.209
20908,1583.408,1790278591.325
20909,1583.472,1790278591.398
20910,1583.540,1790278591.481
20911,1583.672,1790278591.685
20912,1583.736,1790278591.769
20913,1583.868,1790278591.968
20914,1583.936,1790278592.055
20915,1584.000,1790278592.127
20916,1584.068,1790278592.236
20917,1584.132,1790278592.318
20918,1584.200,1790278592.382
20919,1584.264,1790278592.491
20920,1584.332,1790278592.583
20921,1584.396,1790278592.648
20922,1584.464,1790278592.761
20923,1584.528,1790278592.856
20924,1584.596,1790278592.917
20925,1584.660,1790278593.021
20926,1584.728,1790278593.121
20927,1584.792,1790278593.178
20928,1584.860,1790278593.290
20929,1584.924,1790278593.384
20930,1585.056,1790278593.557
20931,1585.124,1790278593.655
20932,1585.320,1790278593.934
20933,1585.388,1790278594.012
20934,1585.452,1790278594.100
20935,1585.520,1790278594.220
20936,1585.652,1790278594.368
20937,1585.716,1790278594.482
20938,1585.784,1790278594.549
20939,1585.848,1790278594.622
20940,1585.916,1790278594.740
20941,1585.980,1790278594.814
20942,1586.048,1790278594.896
20943,1586.112,1790278595.014
20944,1586.180,1790278595.097
20945,1586.244,1790278595.178
20946,1586.312,1790278595.294
20947,1586.376,1790278595.374
20948,1586.444,1790278595.462
20949,1586.508,1790278595.588
20950,1586.576,1790278595.674
20951,1586.640,1790278595.752
20952,1586.708,1790278595.874
20953,1586.772,1790278595.948
20954,1586.840,1790278596.037
20955,1586.972,1790278596.238
20956,1587.036,1790278596.322
20957,1587.104,1790278596.450
20958,1587.168,1790278596.534
20959,1587.236,1790278596.622
20960,1587.300,1790278596.690
20961,1587.368,1790278596.816
20962,1587.432,1790278596.914
20963,1587.500,1790278596.981
20964,1587.564,1790278597.118
20965,1587.632,1790278597.209
20966,1587.696,1790278597.281
20967,1587.764,1790278597.409
20968,1587.828,1790278597.511
20969,1587.896,1790278597.582
20970,1588.028,1790278597.807
20971,1588.092,1790278597.876
20972,1588.160,1790278598.011
20973,1588.224,1790278598.111
20974,1588.292,1790278598.186
20975,1588.356,1790278598.323
20976,1588.424,1790278598.428
20977,1588.488,1790278598.504
20978,1588.556,1790278598.636
20979,1588.620,1790278598.739
20980,1588.688,1790278598.820
20981,1588.752,1790278598.908
20982,1588.820,1790278599.039
20983,1588.884,1790278599.122
20984,1588.952,1790278599.208
20985,1589.016,1790278599.336
20986,1589.084,1790278599.420
20987,1589.148,1790278599.502
20988,1589.216,1790278599.628
20989,1589.280,1790278599.706
20990,1589.348,1790278599.786
20991,1589.412,1790278599.924
20992,1589.480,1790278600.002
20993,1589.544,1790278600.095
20994,1589.612,1790278600.227
20995,1589.676,1790278600.308
20996,1589.744,1790278600.413
20997,1589.808,1790278600.542
20998,1589.940,1790278600.726
20999,1590.008,1790278600.853
21000,1590.204,1790278601.155
21001,1590.272,1790278601.240
21002,1590.336,1790278601.338
21003,1590.404,1790278601.473
21004,1590.468,1790278601.568
21005,1590.536,1790278601.666
21006,1590.600,1790278601.738
21007,1590.668,1790278601.870
21008,1590.732,1790278601.963
21009,1590.800,1790278602.030
21010,1590.864,1790278602.170
21011,1590.932,1790278602.254
21012,1590.996,1790278602.319
21013,1591.064,1790278602.444
21014,1591.128,1790278602.539
21015,1591.196,1790278602.601
21016,1591.260,1790278602.712
21017,1591.392,1790278602.868
21018,1591.460,1790278602.983
21019,1591.524,1790278603.076
21020,1591.592,1790278603.141
21021,1591.656,1790278603.251
21022,1591.724,1790278603.352
21023,1591.788,1790278603.420
21024,1591.856,1790278603.539
21025,1591.920,1790278603.633
21026,1591.988,1790278603.695
21027,1592.052,1790278603.777
21028,1592.120,1790278603.887
21029,1592.184,1790278603.950
21030,1592.252,1790278604.026
21031,1592.316,1790278604.143
21032,1592.384,1790278604.220
21033,1592.516,1790278604.415
21034,1592.648,1790278604.567
21035,1592.780,1790278604.763
21036,1592.976,1790278605.035
21037,1593.044,1790278605.131
21038,1593.176,1790278605.330
21039,1593.308,1790278605.532
21040,1593.372,1790278605.605
21041,1593.504,1790278605.803
21042,1593.572,1790278605.892
21043,1593.636,1790278605.972
21044,1593.704,1790278606.096
21045,1593.768,1790278606.177
21046,1593.836,1790278606.271
21047,1593.968,1790278606.442
21048,1594.032,1790278606.522
21049,1594.100,1790278606.597
21050,1594.164,1790278606.713
21051,1594.232,1790278606.809
21052,1594.364,1790278606.987
21053,1594.428,1790278607.075
21054,1594.496,1790278607.139
21055,1594.560,1790278607.247
21056,1594.628,1790278607.334
21057,1594.692,1790278607.401
21058,1594.760,1790278607.522
21059,1594.824,1790278607.630
21060,1594.892,1790278607.693
21061,1594.956,1790278607.804
21062,1595.024,1790278607.898
21063,1595.088,1790278607.960
21064,1595.156,1790278608.084
21065,1595.220,1790278608.175
21066,1595.288,1790278608.242
21067,1595.420,1790278608.432
21068,1595.484,1790278608.491
21069,1595.552,1790278608.565
21070,1595.616,1790278608.692
21071,1595.748,1790278608.836
21072,1595.816,1790278608.975
21073,1595.880,1790278609.046
21074,1596.012,1790278609.261
21075,1596.080,1790278609.333
21076,1596.144,1790278609.409
21077,1596.212,1790278609.527
21078,1596.344,1790278609.695
21079,1596.408,1790278609.818
21080,1596.476,1790278609.894
21081,1596.540,1790278609.970
21082,1596.608,1790278610.092
21083,1596.672,1790278610.169
21084,1596.740,1790278610.258
21085,1596.804,1790278610.373
21086,1596.872,1790278610.456
21087,1596.936,1790278610.537
21088,1597.004,1790278610.654
21089,1597.068,1790278610.749
21090,1597.136,1790278610.833
21091,1597.200,1790278610.902
21092,1597.332,1790278611.100
21093,1597.400,1790278611.165
21094,1597.464,1790278611.280
21095,1597.532,1790278611.365
21096,1597.596,1790278611.426
21097,1597.664,1790278611.543
21098,1597.728,1790278611.628
21099,1597.796,1790278611.696
21100,1597.928,1790278611.893
21101,1597.992,1790278611.955
21102,1598.060,1790278612.077
21103,1598.192,1790278612.229
21104,1598.256,1790278612.330
21105,1598.324,1790278612.428
21106,1598.388,1790278612.493
21107,1598.456,1790278612.605
21108,1598.520,1790278612.701
21109,1598.588,1790278612.775
21110,1598.652,1790278612.854
21111,1598.720,1790278612.969
21112,1598.784,1790278613.036
21113,1598.852,1790278613.120
21114,1598.916,1790278613.230
21115,1598.984,1790278613.296
21116,1599.048,1790278613.372
21117,1599.180,1790278613.560
21118,1599.248,1790278613.642
21119,1599.312,1790278613.758
21120,1599.380,1790278613.838
21121,1599.444,1790278613.918
21122,1599.512,1790278614.035
21123,1599.644,1790278614.190
21124,1599.708,1790278614.309
21125,1599.776,1790278614.383
21126,1599.840,1790278614.465
21127,1599.972,1790278614.665
21128,1600.040,1790278614.747
21129,1600.104,1790278614.864
21130,1600.172,1790278614.943
21131,1600.236,1790278615.019
21132,1600.304,1790278615.135
21133,1600.368,1790278615.213
21134,1600.436,1790278615.298
21135,1600.500,1790278615.360
21136,1600.568,1790278615.469
21137,1600.632,1790278615.568
21138,1600.700,1790278615.632
21139,1600.832,1790278615.832
21140,1600.896,1790278615.893
21141,1600.964,1790278616.009
21142,1601.028,1790278616.111
21143,1601.096,1790278616.175
21144,1601.160,1790278616.290
21145,1601.228,1790278616.385
21146,1601.292,1790278616.441
21147,1601.360,1790278616.549
21148,1601.492,1790278616.708
21149,1601.556,1790278616.830
21150,1601.624,1790278616.920
21151,1601.756,1790278617.097
21152,1601.820,1790278617.190
21153,1601.888,1790278617.255
21154,1601.952,1790278617.339
21155,1602.020,1790278617.448
21156,1602.084,1790278617.518
21157,1602.152,1790278617.603
21158,1602.216,1790278617.716
21159,1602.284,1790278617.780
21160,1602.348,1790278617.859
21161,1602.416,1790278617.985
21162,1602.480,1790278618.058
21163,1602.612,1790278618.252
21164,1602.680,1790278618.326
21165,1602.744,1790278618.407
21166,1602.812,1790278618.530
21167,1602.876,1790278618.604
21168,1602.944,1790278618.681
21169,1603.008,1790278618.798
21170,1603.076,1790278618.875
21171,1603.140,1790278618.960
21172,1603.208,1790278619.081
21173,1603.272,1790278619.162
21174,1603.340,1790278619.250
21175,1603.472,1790278619.459
21176,1603.536,1790278619.547
21177,1603.604,1790278619.662
21178,1603.668,1790278619.748
21179,1603.736,1790278619.828
21180,1603.800,1790278619.889
21181,1603.868,1790278620.009
21182,1603.932,1790278620.094
21183,1604.000,1790278620.158
21184,1604.064,1790278620.265
21185,1604.132,1790278620.351
21186,1604.196,1790278620.412
21187,1604.264,1790278620.528
21188,1604.328,1790278620.610
21189,1604.396,1790278620.675
21190,1604.460,1790278620.787
21191,1604.528,1790278620.883
21192,1604.592,1790278620.946
21193,1604.660,1790278621.069
21194,1604.724,1790278621.155
21195,1604.792,1790278621.222
21196,1604.856,1790278621.339
21197,1604.924,1790278621.432
21198,1604.988,1790278621.492
21199,1605.056,1790278621.605
21200,1605.120,1790278621.698
21201,1605.188,1790278621.766
21202,1605.252,1790278621.858
21203,1605.320,1790278621.966
21204,1605.384,1790278622.031
21205,1605.452,1790278622.127
21206,1605.516,1790278622.236
21207,1605.584,1790278622.300
21208,1605.648,1790278622.380
21209,1605.716,1790278622.502
21210,1605.780,1790278622.571
21211,1605.848,1790278622.648
21212,1605.912,1790278622.764
21213,1605.980,1790278622.833
21214,1606.044,1790278622.910
21215,1606.112,1790278623.032
21216,1606.176,1790278623.118
21217,1606.244,1790278623.199
21218,1606.376,1790278623.398
21219,1606.440,1790278623.477
21220,1606.508,1790278623.598
21221,1606.704,1790278623.866
21222,1606.772,1790278623.950
21223,1606.836,1790278624.030
21224,1606.904,1790278624.151
21225,1606.968,1790278624.236
21226,1607.036,1790278624.329
21227,1607.100,1790278624.396
21228,1607.168,1790278624.518
21229,1607.232,1790278624.607
21230,1607.300,1790278624.672
21231,1607.364,1790278624.791
21232,1607.432,1790278624.880
21233,1607.564,1790278625.071
21234,1607.628,1790278625.160
21235,1607.696,1790278625.224
21236,1607.760,1790278625.344
21237,1607.892,1790278625.490
21238,1607.960,1790278625.622
21239,1608.024,1790278625.708
21240,1608.092,1790278625.775
21241,1608.156,1790278625.897
21242,1608.224,1790278625.994
21243,1608.288,1790278626.066
21244,1608.356,1790278626.182
21245,1608.420,1790278626.275
21246,1608.488,1790278626.339
21247,1608.552,1790278626.415
21248,1608.620,1790278626.528
21249,1608.684,1790278626.589
21250,1608.752,1790278626.662
21251,1608.816,1790278626.772
21252,1608.884,1790278626.843
21253,1608.948,1790278626.924
21254,1609.016,1790278627.038
21255,1609.080,1790278627.114
21256,1609.148,1790278627.203
21257,1609.212,1790278627.319
21258,1609.280,1790278627.394
21259,1609.412,1790278627.598
21260,1609.476,1790278627.678
21261,1609.544,1790278627.761
21262,1609.676,1790278627.955
21263,1609.740,1790278628.039
21264,1609.808,1790278628.156
21265,1609.872,1790278628.232
21266,1609.940,1790278628.326
21267,1610.004,1790278628.440
21268,1610.072,1790278628.526
21269,1610.136,1790278628.606
21270,1610.204,1790278628.728
21271,1610.268,1790278628.815
21272,1610.336,1790278628.897
21273,1610.400,1790278628.963
21274,1610.468,1790278629.070
21275,1610.532,1790278629.155
21276,1610.600,1790278629.218
21277,1610.664,1790278629.344
21278,1610.732,1790278629.433
21279,1610.796,1790278629.493
21280,1610.864,1790278629.607
21281,1610.928,1790278629.691
21282,1610.996,1790278629.757
21283,1611.060,1790278629.862
21284,1611.128,1790278629.952
21285,1611.192,1790278630.013
21286,1611.260,1790278630.123
21287,1611.324,1790278630.214
21288,1611.392,1790278630.285
21289,1611.456,1790278630.413
21290,1611.524,1790278630.509
21291,1611.588,1790278630.579
21292,1611.656,1790278630.685
21293,1611.720,1790278630.776
21294,1611.788,1790278630.848
21295,1611.852,1790278630.926
21296,1611.920,1790278631.027
21297,1611.984,1790278631.107
21298,1612.052,1790278631.186
21299,1612.116,1790278631.292
21300,1612.184,1790278631.372
21301,1612.316,1790278631.584
21302,1612.380,1790278631.656
21303,1612.448,1790278631.739
21304,1612.512,1790278631.853
21305,1612.580,1790278631.928
21306,1612.644,1790278632.004
21307,1612.712,1790278632.128
21308,1612.776,1790278632.199
21309,1612.844,1790278632.273
21310,1612.908,1790278632.387
21311,1612.976,1790278632.468
21312,1613.040,1790278632.548
21313,1613.108,1790278632.665
21314,1613.172,1790278632.740
21315,1613.240,1790278632.818
21316,1613.304,1790278632.935
21317,1613.372,1790278633.013
21318,1613.436,1790278633.099
21319,1613.504,1790278633.226
21320,1613.568,1790278633.309
21321,1613.636,1790278633.394
21322,1613.700,1790278633.461
21323,1613.768,1790278633.569
21324,1613.900,1790278633.714
21325,1613.964,1790278633.830
21326,1614.032,1790278633.917
21327,1614.096,1790278633.979
21328,1614.228,1790278634.188
21329,1614.296,1790278634.251
21330,1614.360,1790278634.378
21331,1614.428,1790278634.482
21332,1614.492,1790278634.552
21333,1614.560,1790278634.685
21334,1614.692,1790278634.862
21335,1614.756,1790278634.992
21336,1614.888,1790278635.163
21337,1614.956,1790278635.300
21338,1615.020,1790278635.399
21339,1615.088,1790278635.482
21340,1615.152,1790278635.576
21341,1615.220,1790278635.696
21342,1615.284,1790278635.769
21343,1615.352,1790278635.859
21344,1615.416,1790278636.000
21345,1615.484,1790278636.076
21346,1615.548,1790278636.173
21347,1615.616,1790278636.300
21348,1615.680,1790278636.385
21349,1615.812,1790278636.616
21350,1615.880,1790278636.697
21351,1615.944,1790278636.781
21352,1616.012,1790278636.916
21353,1616.076,1790278637.001
21354,1616.208,1790278637.224
21355,1616.276,1790278637.311
21356,1616.340,1790278637.403
21357,1616.408,1790278637.554
21358,1616.472,1790278637.622
21359,1616.540,1790278637.716
21360,1616.604,1790278637.844
21361,1616.672,1790278637.937
21362,1616.736,1790278638.028
21363,1616.804,1790278638.165
21364,1616.868,1790278638.253
21365,1616.936,1790278638.344
21366,1617.000,1790278638.413
21367,1617.068,1790278638.547
21368,1617.132,1790278638.647
21369,1617.200,1790278638.718
21370,1617.332,1790278638.940
21371,1617.396,1790278639.007
21372,1617.464,1790278639.152
21373,1617.528,1790278639.256
21374,1617.596,1790278639.321
21375,1617.660,1790278639.449
21376,1617.728,1790278639.554
21377,1617.792,1790278639.638
21378,1617.860,1790278639.769
21379,1617.924,1790278639.874
21380,1617.992,1790278639.952
21381,1618.056,1790278640.079
21382,1618.124,1790278640.191
21383,1618.188,1790278640.265
21384,1618.256,1790278640.386
21385,1618.320,1790278640.496
21386,1618.388,1790278640.560
21387,1618.452,1790278640.651
21388,1618.520,1790278640.764
21389,1618.584,1790278640.838
21390,1618.652,1790278640.914
21391,1618.784,1790278641.090
21392,1618.848,1790278641.163
21393,1618.916,1790278641.288
21394,1618.980,1790278641.365
21395,1619.048,1790278641.447
21396,1619.112,1790278641.568
21397,1619.180,1790278641.638
21398,1619.244,1790278641.721
21399,1619.312,1790278641.839
21400,1619.376,1790278641.915
21401,1619.508,1790278642.114
21402,1619.576,1790278642.196
21403,1619.640,1790278642.285
21404,1619.708,1790278642.411
21405,1619.772,1790278642.494
21406,1619.904,1790278642.705
21407,1619.972,1790278642.775
21408,1620.036,1790278642.855
21409,1620.104,1790278642.978
21410,1620.168,1790278643.062
21411,1620.236,1790278643.153
21412,1620.300,1790278643.223
21413,1620.368,1790278643.349
21414,1620.432,1790278643.440
21415,1620.500,1790278643.507
21416,1620.632,1790278643.701
21417,1620.696,1790278643.769
21418,1620.764,1790278643.878
21419,1620.828,1790278643.966
21420,1620.960,1790278644.154
21421,1621.028,1790278644.257
21422,1621.092,1790278644.320
21423,1621.160,1790278644.432
21424,1621.356,1790278644.716
21425,1621.424,1790278644.810
21426,1621.488,1790278644.875
21427,1621.556,1790278644.990
21428,1621.620,1790278645.093
21429,1621.688,1790278645.155
21430,1621.752,1790278645.238
21431,1621.820,1790278645.347
21432,1621.884,1790278645.414
21433,1621.952,1790278645.503
21434,1622.084,1790278645.680
21435,1622.148,1790278645.757
21436,1622.216,1790278645.884
21437,1622.280,1790278645.949
21438,1622.348,1790278646.031
21439,1622.412,1790278646.150
21440,1622.480,1790278646.225
21441,1622.676,1790278646.498
21442,1622.744,1790278646.585
21443,1622.808,1790278646.702
21444,1622.876,1790278646.780
21445,1623.008,1790278646.991
21446,1623.072,1790278647.071
21447,1623.140,1790278647.157
21448,1623.204,1790278647.273
21449,1623.272,1790278647.351
21450,1623.336,1790278647.432
21451,1623.404,1790278647.555
21452,1623.468,1790278647.633
21453,1623.536,1790278647.717
21454,1623.600,1790278647.794
21455,1623.668,1790278647.916
21456,1623.732,1790278648.001
21457,1623.800,1790278648.072
21458,1623.864,1790278648.204
21459,1623.932,1790278648.288
21460,1623.996,1790278648.362
21461,1624.064,1790278648.475
21462,1624.128,1790278648.573
21463,1624.196,1790278648.641
21464,1624.260,1790278648.756
21465,1624.328,1790278648.857
21466,1624.392,1790278648.929
21467,1624.524,1790278649.139
21468,1624.592,1790278649.209
21469,1624.656,1790278649.341
21470,1624.724,1790278649.433
21471,1624.788,1790278649.493
21472,1624.856,1790278649.618
21473,1624.920,1790278649.716
21474,1624.988,1790278649.786
21475,1625.052,1790278649.871
21476,1625.120,1790278650.000
21477,1625.184,1790278650.066
21478,1625.252,1790278650.145
21479,1625.316,1790278650.250
21480,1625.384,1790278650.318
21481,1625.448,1790278650.398
21482,1625.580,1790278650.594
21483,1625.648,1790278650.671
21484,1625.712,1790278650.798
21485,1625.780,1790278650.885
21486,1625.912,1790278651.090
21487,1625.976,1790278651.165
21488,1626.044,1790278651.246
21489,1626.108,1790278651.363
21490,1626.176,1790278651.442
21491,1626.240,1790278651.524
21492,1626.372,1790278651.720
21493,1626.440,1790278651.811
21494,1626.504,1790278651.929
21495,1626.572,1790278652.013
21496,1626.636,1790278652.099
21497,1626.704,1790278652.220
21498,1626.900,1790278652.458
21499,1626.968,1790278652.575
21500,1627.032,1790278652.656
21501,1627.164,1790278652.830
21502,1627.232,1790278652.924
21503,1627.296,1790278652.988
21504,1627.428,1790278653.205
21505,1627.496,1790278653.270
21506,1627.560,1790278653.378
21507,1627.760,1790278653.630
21508,1627.892,1790278653.791
21509,1627.956,1790278653.896
21510,1628.088,1790278654.062
21511,1628.220,1790278654.270
21512,1628.288,1790278654.333
21513,1628.352,1790278654.413
21514,1628.420,1790278654.526
21515,1628.484,1790278654.590
21516,1628.552,1790278654.666
21517,1628.616,1790278654.771
21518,1628.684,1790278654.848
21519,1628.748,1790278654.926
21520,1628.816,1790278655.046
21521,1628.880,1790278655.121
21522,1628.948,1790278655.200
21523,1629.012,1790278655.319
21524,1629.080,1790278655.398
21525,1629.144,1790278655.481
21526,1629.212,1790278655.601
21527,1629.276,1790278655.672
21528,1629.344,1790278655.765
21529,1629.408,1790278655.879
21530,1629.476,1790278655.958
21531,1629.540,1790278656.035
21532,1629.608,1790278656.170
21533,1629.672,1790278656.249
21534,1629.740,1790278656.335
21535,1629.804,1790278656.454
21536,1629.872,1790278656.535
21537,1629.936,1790278656.623
21538,1630.004,1790278656.739
21539,1630.068,1790278656.818
21540,1630.136,1790278656.901
21541,1630.200,1790278656.967
21542,1630.268,1790278657.084
21543,1630.332,1790278657.177
21544,1630.400,1790278657.239
21545,1630.464,1790278657.363
21546,1630.532,1790278657.448
21547,1630.596,1790278657.514
21548,1630.664,1790278657.627
21549,1630.728,1790278657.719
21550,1630.928,1790278657.992
21551,1630.992,1790278658.057
21552,1631.060,1790278658.171
21553,1631.124,1790278658.265
21554,1631.192,1790278658.329
21555,1631.256,1790278658.446
21556,1631.324,1790278658.537
21557,1631.388,1790278658.598
21558,1631.456,1790278658.712
21559,1631.652,1790278658.962
21560,1631.720,1790278659.080
21561,1631.784,1790278659.139
21562,1631.852,1790278659.234
21563,1631.916,1790278659.356
21564,1631.984,1790278659.425
21565,1632.048,1790278659.508
21566,1632.180,1790278659.690
21567,1632.248,1790278659.775
21568,1632.312,1790278659.899
21569,1632.380,1790278659.973
21570,1632.444,1790278660.049
21571,1632.512,1790278660.163
21572,1632.576,1790278660.242
21573,1632.644,1790278660.333
21574,1632.708,1790278660.454
21575,1632.972,1790278660.813
21576,1633.040,1790278660.900
21577,1633.104,1790278661.019
21578,1633.172,1790278661.105
21579,1633.236,1790278661.181
21580,1633.436,1790278661.471
21581,1633.500,1790278661.534
21582,1633.568,1790278661.650
21583,1633.764,1790278661.902
21584,1633.832,1790278661.985
21585,1633.896,1790278662.045
21586,1634.160,1790278662.432
21587,1634.228,1790278662.531
21588,1634.292,1790278662.589
21589,1634.360,1790278662.697
21590,1634.424,1790278662.789
21591,1634.492,1790278662.855
21592,1634.556,1790278662.964
21593,1634.624,1790278663.064
21594,1634.688,1790278663.135
21595,1634.756,1790278663.246
21596,1634.820,1790278663.357
21597,1634.888,1790278663.421
21598,1634.952,1790278663.497
21599,1635.020,1790278663.610
21600,1635.216,1790278663.879
21601,1635.284,1790278663.947
21602,1635.348,1790278664.021
21603,1635.416,1790278664.139
21604,1635.480,1790278664.219
21605,1635.548,1790278664.294
21606,1635.680,1790278664.506
21607,1635.744,1790278664.596
21608,1635.812,1790278664.729
21609,1635.876,1790278664.810
21610,1635.944,1790278664.896
21611,1636.008,1790278665.037
21612,1636.076,1790278665.129
21613,1636.140,1790278665.231
21614,1636.272,1790278665.455
21615,1636.340,1790278665.546
21616,1636.404,1790278665.676
21617,1636.472,1790278665.772
21618,1636.536,1790278665.856
21619,1636.668,1790278666.080
21620,1636.736,1790278666.174
21621,1636.800,1790278666.252
21622,1636.868,1790278666.386
21623,1636.932,1790278666.476
21624,1637.064,1790278666.670
21625,1637.132,1790278666.766
21626,1637.196,1790278666.832
21627,1637.396,1790278667.145
21628,1637.460,1790278667.276
21629,1637.528,1790278667.377
21630,1637.592,1790278667.450
21631,1637.660,1790278667.584
21632,1637.724,1790278667.686
21633,1637.792,1790278667.754
21634,1637.856,1790278667.885
21635,1637.924,1790278667.992
21636,1637.988,1790278668.066
21637,1638.056,1790278668.199
21638,1638.188,1790278668.387
21639,1638.252,1790278668.479
21640,1638.320,1790278668.612
21641,1638.384,1790278668.688
21642,1638.452,1790278668.770
21643,1638.516,1790278668.902
21644,1638.584,1790278668.978
21645,1638.648,1790278669.065
21646,1638.716,1790278669.208
21647,1638.780,1790278669.288
21648,1638.848,1790278669.380
21649,1638.980,1790278669.602
21650,1639.112,1790278669.820
21651,1639.176,1790278669.901
21652,1639.244,1790278669.992
21653,1639.308,1790278670.142
21654,1639.376,1790278670.225
21655,1639.440,1790278670.329
21656,1639.508,1790278670.456
21657,1639.572,1790278670.554
21658,1639.640,1790278670.653
21659,1639.704,1790278670.785
21660,1639.772,1790278670.872
21661,1639.836,1790278670.960
21662,1639.904,1790278671.087
21663,1639.968,1790278671.181
21664,1640.036,1790278671.273
21665,1640.100,1790278671.333
21666,1640.168,1790278671.454
21667,1640.300,1790278671.634
21668,1640.364,1790278671.751
21669,1640.432,1790278671.848
21670,1640.496,1790278671.919
21671,1640.564,1790278672.053
21672,1640.628,1790278672.150
21673,1640.696,1790278672.229
21674,1640.760,1790278672.354
21675,1640.828,1790278672.451
21676,1640.892,1790278672.522
21677,1640.960,1790278672.668
21678,1641.024,1790278672.768
21679,1641.092,1790278672.845
21680,1641.156,1790278672.978
21681,1641.224,1790278673.091
21682,1641.288,1790278673.165
21683,1641.356,1790278673.296
21684,1641.488,1790278673.485
21685,1641.552,1790278673.569
21686,1641.620,1790278673.698
21687,1641.684,1790278673.779
21688,1641.752,1790278673.870
21689,1641.816,1790278673.993
21690,1641.884,1790278674.078
21691,1641.948,1790278674.159
21692,1642.016,1790278674.298
21693,1642.080,1790278674.378
21694,1642.148,1790278674.473
21695,1642.212,1790278674.604
21696,1642.280,1790278674.690
21697,1642.344,1790278674.774
21698,1642.476,1790278674.992
21699,1642.544,1790278675.077
21700,1642.608,1790278675.204
21701,1642.676,1790278675.281
21702,1642.740,1790278675.368
21703,1643.004,1790278675.802
21704,1643.072,1790278675.889
21705,1643.136,1790278675.976
21706,1643.204,1790278676.110
21707,1643.268,1790278676.198
21708,1643.336,1790278676.287
21709,1643.400,1790278676.360
21710,1643.468,1790278676.484
21711,1643.532,1790278676.577
21712,1643.600,1790278676.654
21713,1643.664,1790278676.793
21714,1643.732,1790278676.888
21715,1643.864,1790278677.093
21716,1643.928,1790278677.194
21717,1643.996,1790278677.262
21718,1644.060,1790278677.387
21719,1644.128,1790278677.485
21720,1644.192,1790278677.550
21721,1644.324,1790278677.788
21722,1644.392,1790278677.856
21723,1644.456,1790278677.986
21724,1644.524,1790278678.099
21725,1644.588,1790278678.166
21726,1644.656,1790278678.297
21727,1644.720,1790278678.399
21728,1644.788,1790278678.472
21729,1644.852,1790278678.555
21730,1644.920,1790278678.675
21731,1644.984,1790278678.749
21732,1645.052,1790278678.843
21733,1645.116,1790278678.965
21734,1645.184,1790278679.039
21735,1645.248,1790278679.126
21736,1645.316,1790278679.272
21737,1645.380,1790278679.356
21738,1645.448,1790278679.448
21739,1645.512,1790278679.576
21740,1645.580,1790278679.656
21741,1645.644,1790278679.746
21742,1645.712,1790278679.887
21743,1645.776,1790278679.963
21744,1645.844,1790278680.049
21745,1645.976,1790278680.268
21746,1646.040,1790278680.354
21747,1646.108,1790278680.480
21748,1646.172,1790278680.566
21749,1646.240,1790278680.646
21750,1646.304,1790278680.785
21751,1646.372,1790278680.877
21752,1646.436,1790278680.974
21753,1646.504,1790278681.100
21754,1646.568,1790278681.189
21755,1646.636,1790278681.291
21756,1646.700,1790278681.358
21757,1646.768,1790278681.497
21758,1646.832,1790278681.588
21759,1646.900,1790278681.663
21760,1646.964,1790278681.801
21761,1647.032,1790278681.895
21762,1647.096,1790278681.963
21763,1647.164,1790278682.087
21764,1647.296,1790278682.252
21765,1647.360,1790278682.387
21766,1647.428,1790278682.480
21767,1647.492,1790278682.547
21768,1647.560,1790278682.687
21769,1647.624,1790278682.786
21770,1647.756,1790278683.007
21771,1647.824,1790278683.110
21772,1647.888,1790278683.187
21773,1647.956,1790278683.316
21774,1648.020,1790278683.426
21775,1648.088,1790278683.502
21776,1648.152,1790278683.593
21777,1648.220,1790278683.714
21778,1648.284,1790278683.788
21779,1648.352,1790278683.877
21780,1648.416,1790278684.015
21781,1648.484,1790278684.093
21782,1648.548,1790278684.178
21783,1648.616,1790278684.313
21784,1648.680,1790278684.388
21785,1648.748,1790278684.470
21786,1648.812,1790278684.601
21787,1648.880,1790278684.683
21788,1648.944,1790278684.772
21789,1649.012,1790278684.899
21790,1649.076,1790278684.984
21791,1649.144,1790278685.077
21792,1649.208,1790278685.206
21793,1649.276,1790278685.292
21794,1649.340,1790278685.377
21795,1649.408,1790278685.498
21796,1649.540,1790278685.670
21797,1649.604,1790278685.795
21798,1649.672,1790278685.890
21799,1649.736,1790278685.980
21800,1649.804,1790278686.126
21801,1649.868,1790278686.215
21802,1650.000,1790278686.372
21803,1650.132,1790278686.589
21804,1650.200,1790278686.663
21805,1650.264,1790278686.786
21806,1650.332,1790278686.885
21807,1650.396,1790278686.949
21808,1650.464,1790278687.090
21809,1650.660,1790278687.382
21810,1650.728,1790278687.482
21811,1650.792,1790278687.556
21812,1650.860,1790278687.692
21813,1650.924,1790278687.796
21814,1650.992,1790278687.865
21815,1651.056,1790278687.998
21816,1651.124,1790278688.108
21817,1651.188,1790278688.183
21818,1651.256,1790278688.311
21819,1651.320,1790278688.416
21820,1651.388,1790278688.496
21821,1651.452,1790278688.584
21822,1651.520,1790278688.720
21823,1651.584,1790278688.796
21824,1651.652,1790278688.880
21825,1651.716,1790278689.011
21826,1651.784,1790278689.089
21827,1651.916,1790278689.310
21828,1651.980,1790278689.387
21829,1652.048,1790278689.475
21830,1652.112,1790278689.635
21831,1652.180,1790278689.717
21832,1652.244,1790278689.807
21833,1652.376,1790278690.021
21834,1652.444,1790278690.120
21835,1652.508,1790278690.253
21836,1652.576,1790278690.342
21837,1652.640,1790278690.427
21838,1652.708,1790278690.556
21839,1652.772,1790278690.641
21840,1652.840,1790278690.735
21841,1652.904,1790278690.863
21842,1652.972,1790278690.949
21843,1653.036,1790278691.038
21844,1653.104,1790278691.164
21845,1653.168,1790278691.261
21846,1653.236,1790278691.360
21847,1653.300,1790278691.426
21848,1653.432,1790278691.646
21849,1653.564,1790278691.839
21850,1653.632,1790278691.939
21851,1653.696,1790278692.000
21852,1653.764,1790278692.127
21853,1653.828,1790278692.225
21854,1653.896,1790278692.290
21855,1653.960,1790278692.420
21856,1654.028,1790278692.522
21857,1654.092,1790278692.600
21858,1654.160,1790278692.731
21859,1654.224,1790278692.839
21860,1654.356,1790278693.048
21861,1654.424,1790278693.160
21862,1654.488,1790278693.232
21863,1654.556,1790278693.361
21864,1654.620,1790278693.461
21865,1654.688,1790278693.535
21866,1654.820,1790278693.750
21867,1654.884,1790278693.824
21868,1654.952,1790278693.912
21869,1655.016,1790278694.036
21870,1655.084,1790278694.120
21871,1655.148,1790278694.207
21872,1655.216,1790278694.351
21873,1655.280,1790278694.430
21874,1655.348,1790278694.521
21875,1655.412,1790278694.649
21876,1655.480,1790278694.734
21877,1655.544,1790278694.826
21878,1655.612,1790278694.960
21879,1655.676,1790278695.047
21880,1655.744,1790278695.142
21881,1655.808,1790278695.269
21882,1655.876,1790278695.368
21883,1655.940,1790278695.463
21884,1656.072,1790278695.688
21885,1656.140,1790278695.774
21886,1656.204,1790278695.908
21887,1656.272,1790278695.994
21888,1656.336,1790278696.093
21889,1656.404,1790278696.247
21890,1656.468,1790278696.334
21891,1656.536,1790278696.424
21892,1656.600,1790278696.491
21893,1656.668,1790278696.609
21894,1656.732,1790278696.701
21895,1656.800,1790278696.779
21896,1656.864,1790278696.910
21897,1656.932,1790278697.004
21898,1656.996,1790278697.077
21899,1657.064,1790278697.203
21900,1657.128,1790278697.299
21901,1657.196,1790278697.381
21902,1657.260,1790278697.503
21903,1657.328,1790278697.599
21904,1657.392,1790278697.662
21905,1657.460,1790278697.781
21906,1657.524,1790278697.878
21907,1657.592,1790278697.949
21908,1657.656,1790278698.075
21909,1657.724,1790278698.186
21910,1657.788,1790278698.252
21911,1657.920,1790278698.470
21912,1657.988,1790278698.547
21913,1658.052,1790278698.636
21914,1658.120,1790278698.747
21915,1658.184,1790278698.813
21916,1658.252,1790278698.902
21917,1658.316,1790278699.020
21918,1658.384,1790278699.097
21919,1658.448,1790278699.173
21920,1658.516,1790278699.286
21921,1658.580,1790278699.366
21922,1658.648,1790278699.451
21923,1658.712,1790278699.569
21924,1658.780,1790278699.647
21925,1658.844,1790278699.724
21926,1658.912,1790278699.846
21927,1658.976,1790278699.915
21928,1659.044,1790278700.001
21929,1659.108,1790278700.125
21930,1659.176,1790278700.209
21931,1659.240,1790278700.294
21932,1659.308,1790278700.414
21933,1659.372,1790278700.490
21934,1659.440,1790278700.591
21935,1659.504,1790278700.720
21936,1659.572,1790278700.801
21937,1659.636,1790278700.894
21938,1659.704,1790278701.020
21939,1659.768,1790278701.104
21940,1659.836,1790278701.191
21941,1659.900,1790278701.254
21942,1659.968,1790278701.362
21943,1660.032,1790278701.447
21944,1660.100,1790278701.517
21945,1660.164,1790278701.635
21946,1660.232,1790278701.734
21947,1660.296,1790278701.796
21948,1660.364,1790278701.919
21949,1660.428,1790278702.010
21950,1660.628,1790278702.278
21951,1660.760,1790278702.460
21952,1660.824,1790278702.549
21953,1660.892,1790278702.616
21954,1660.956,1790278702.738
21955,1661.024,1790278702.833
21956,1661.088,1790278702.902
21957,1661.156,1790278703.014
21958,1661.220,1790278703.118
21959,1661.288,1790278703.184
21960,1661.352,1790278703.278
21961,1661.420,1790278703.404
21962,1661.484,1790278703.473
21963,1661.552,1790278703.556
21964,1661.616,1790278703.677
21965,1661.684,1790278703.742
21966,1661.748,1790278703.823
21967,1661.816,1790278703.940
21968,1661.880,1790278704.011
21969,1661.948,1790278704.107
21970,1662.012,1790278704.233
21971,1662.080,1790278704.314
21972,1662.144,1790278704.397
21973,1662.212,1790278704.514
21974,1662.276,1790278704.585
21975,1662.408,1790278704.799
21976,1662.476,1790278704.883
21977,1662.540,1790278704.957
21978,1662.608,1790278705.071
21979,1662.672,1790278705.150
21980,1662.740,1790278705.238
21981,1662.804,1790278705.358
21982,1662.872,1790278705.444
21983,1662.936,1790278705.531
21984,1663.004,1790278705.646
21985,1663.068,1790278705.720
21986,1663.136,1790278705.801
21987,1663.200,1790278705.861
21988,1663.268,1790278705.972
21989,1663.332,1790278706.055
21990,1663.400,1790278706.119
21991,1663.464,1790278706.224
21992,1663.532,1790278706.310
21993,1663.596,1790278706.371
21994,1663.664,1790278706.483
21995,1663.728,1790278706.568
21996,1663.796,1790278706.636
21997,1663.860,1790278706.752
21998,1663.928,1790278706.839
21999,1663.992,1790278706.900
22000,1664.124,1790278707.099
22001,1664.192,1790278707.167
22002,1664.256,1790278707.270
22003,1664.324,1790278707.367
22004,1664.388,1790278707.428
22005,1664.456,1790278707.531
22006,1664.520,1790278707.627
22007,1664.588,1790278707.699
22008,1664.652,1790278707.784
22009,1664.720,1790278707.906
22010,1664.784,1790278707.971
22011,1664.852,1790278708.059
22012,1664.916,1790278708.178
22013,1664.984,1790278708.260
22014,1665.048,1790278708.342
22015,1665.116,1790278708.462
22016,1665.180,1790278708.534
22017,1665.248,1790278708.609
22018,1665.380,1790278708.802
22019,1665.512,1790278709.008
22020,1665.644,1790278709.161
22021,1665.776,1790278709.361
22022,1665.840,1790278709.435
22023,1665.972,1790278709.631
22024,1666.040,1790278709.716
22025,1666.104,1790278709.847
22026,1666.172,1790278709.928
22027,1666.236,1790278710.017
22028,1666.304,1790278710.135
22029,1666.368,1790278710.214
22030,1666.436,1790278710.304
22031,1666.500,1790278710.365
22032,1666.700,1790278710.622
22033,1666.764,1790278710.745
22034,1666.832,1790278710.842
22035,1666.896,1790278710.903
22036,1666.964,1790278711.028
22037,1667.028,1790278711.123
22038,1667.096,1790278711.192
22039,1667.160,1790278711.300
22040,1667.228,1790278711.407
22041,1667.292,1790278711.485
22042,1667.360,1790278711.599
22043,1667.424,1790278711.696
22044,1667.492,1790278711.760
22045,1667.624,1790278711.976
22046,1667.688,1790278712.040
22047,1667.756,1790278712.154
22048,1667.888,1790278712.325
22049,1667.952,1790278712.413
22050,1668.020,1790278712.530
22051,1668.084,1790278712.604
22052,1668.152,1790278712.688
22053,1668.284,1790278712.880
22054,1668.348,1790278712.967
22055,1668.416,1790278713.080
22056,1668.480,1790278713.153
22057,1668.548,1790278713.231
22058,1668.612,1790278713.351
22059,1668.744,1790278713.514
22060,1668.812,1790278713.636
22061,1668.876,1790278713.712
22062,1669.008,1790278713.918
22063,1669.076,1790278713.991
22064,1669.140,1790278714.067
22065,1669.208,1790278714.184
22066,1669.272,1790278714.264
22067,1669.340,1790278714.349
22068,1669.404,1790278714.462
22069,1669.536,1790278714.630
22070,1669.604,1790278714.749
22071,1669.668,1790278714.833
22072,1669.736,1790278714.917
22073,1669.800,1790278714.975
22074,1669.868,1790278715.100
22075,1669.932,1790278715.182
22076,1670.000,1790278715.246
22077,1670.132,1790278715.446
22078,1670.196,1790278715.510
22079,1670.264,1790278715.641
22080,1670.328,1790278715.727
22081,1670.396,1790278715.790
22082,1670.460,1790278715.900
22083,1670.528,1790278715.995
22084,1670.592,1790278716.057
22085,1670.660,1790278716.164
22086,1670.724,1790278716.254
22087,1670.792,1790278716.322
22088,1670.856,1790278716.440
22089,1670.924,1790278716.531
22090,1670.988,1790278716.594
22091,1671.056,1790278716.709
22092,1671.120,1790278716.808
22093,1671.188,1790278716.874
22094,1671.252,1790278716.955
22095,1671.320,1790278717.069
22096,1671.384,1790278717.134
22097,1671.452,1790278717.216
22098,1671.516,1790278717.332
22099,1671.584,1790278717.406
22100,1671.648,1790278717.495
22101,1671.716,1790278717.617
22102,1671.780,1790278717.699
22103,1671.848,1790278717.783
22104,1671.912,1790278717.916
22105,1672.044,1790278718.080
22106,1672.112,1790278718.203
22107,1672.176,1790278718.271
22108,1672.308,1790278718.485
22109,1672.376,1790278718.569
22110,1672.440,1790278718.657
22111,1672.508,1790278718.780
22112,1672.572,1790278718.857
22113,1672.640,1790278718.952
22114,1672.704,1790278719.072
22115,1672.772,1790278719.152
22116,1672.836,1790278719.236
22117,1672.904,1790278719.351
22118,1673.036,1790278719.515
22119,1673.100,1790278719.576
22120,1673.168,1790278719.684
22121,1673.232,1790278719.767
22122,1673.300,1790278719.830
22123,1673.364,1790278719.938
22124,1673.432,1790278720.027
22125,1673.496,1790278720.090
22126,1673.564,1790278720.217
22127,1673.628,1790278720.311
22128,1673.696,1790278720.377
22129,1673.760,1790278720.497
22130,1673.828,1790278720.595
22131,1673.892,1790278720.662
22132,1673.960,1790278720.782
22133,1674.092,1790278720.939
22134,1674.156,1790278721.046
22135,1674.224,1790278721.148
22136,1674.288,1790278721.214
22137,1674.356,1790278721.319
22138,1674.420,1790278721.410
22139,1674.488,1790278721.494
22140,1674.620,1790278721.694
22141,1674.684,1790278721.760
22142,1674.752,1790278721.844
22143,1674.884,1790278722.029
22144,1674.948,1790278722.108
22145,1675.016,1790278722.236
22146,1675.080,1790278722.306
22147,1675.148,1790278722.383
22148,1675.212,1790278722.499
22149,1675.280,1790278722.576
22150,1675.344,1790278722.663
22151,1675.412,1790278722.779
22152,1675.476,1790278722.861
22153,1675.544,1790278722.945
22154,1675.608,1790278723.064
22155,1675.676,1790278723.143
22156,1675.808,1790278723.338
22157,1675.872,1790278723.414
22158,1675.940,1790278723.509
22159,1676.004,1790278723.625
22160,1676.072,1790278723.711
22161,1676.136,1790278723.792
22162,1676.268,1790278723.992
22163,1676.336,1790278724.077
22164,1676.400,1790278724.146
22165,1676.468,1790278724.259
22166,1676.532,1790278724.340
22167,1676.600,1790278724.404
22168,1676.664,1790278724.510
22169,1676.732,1790278724.595
22170,1676.796,1790278724.658
22171,1676.864,1790278724.779
22172,1676.928,1790278724.862
22173,1676.996,1790278724.927
22174,1677.128,1790278725.141
22175,1677.192,1790278725.199
22176,1677.260,1790278725.329
22177,1677.324,1790278725.419
22178,1677.392,1790278725.483
22179,1677.456,1790278725.594
22180,1677.524,1790278725.694
22181,1677.588,1790278725.756
22182,1677.656,1790278725.870
22183,1677.720,1790278725.968
22184,1677.788,1790278726.034
22185,1677.852,1790278726.111
22186,1677.920,1790278726.222
22187,1677.984,1790278726.287
22188,1678.052,1790278726.374
22189,1678.116,1790278726.495
22190,1678.184,1790278726.574
22191,1678.248,1790278726.657
22192,1678.316,1790278726.778
22193,1678.380,1790278726.855
22194,1678.448,1790278726.930
22195,1678.512,1790278727.045
22196,1678.580,1790278727.122
22197,1678.644,1790278727.205
22198,1678.776,1790278727.403
22199,1678.844,1790278727.482
22200,1678.908,1790278727.596
22201,1678.976,1790278727.673
22202,1679.040,1790278727.753
22203,1679.108,1790278727.868
22204,1679.172,1790278727.944
22205,1679.304,1790278728.136
22206,1679.372,1790278728.213
22207,1679.436,1790278728.300
22208,1679.568,1790278728.504
22209,1679.636,1790278728.589
22210,1679.700,1790278728.652
22211,1679.832,1790278728.854
22212,1679.900,1790278728.920
22213,1679.964,1790278729.037
22214,1680.032,1790278729.123
22215,1680.096,1790278729.191
22216,1680.164,1790278729.300
22217,1680.228,1790278729.387
22218,1680.296,1790278729.457
22219,1680.360,1790278729.576
22220,1680.492,1790278729.728
22221,1680.560,1790278729.844
22222,1680.624,1790278729.935
22223,1680.692,1790278730.000
22224,1680.756,1790278730.111
22225,1680.824,1790278730.213
22226,1680.888,1790278730.274
22227,1680.956,1790278730.402
22228,1681.020,1790278730.507
22229,1681.088,1790278730.570
22230,1681.152,1790278730.658
22231,1681.220,1790278730.793
22232,1681.284,1790278730.868
22233,1681.352,1790278730.952
22234,1681.416,1790278731.090
22235,1681.484,1790278731.176
22236,1681.548,1790278731.264
22237,1681.616,1790278731.400
22238,1681.680,1790278731.483
22239,1681.748,1790278731.566
22240,1681.812,1790278731.706
22241,1681.880,1790278731.784
22242,1681.944,1790278731.870
22243,1682.076,1790278732.092
22244,1682.144,1790278732.179
22245,1682.208,1790278732.318
22246,1682.276,1790278732.401
22247,1682.340,1790278732.500
22248,1682.408,1790278732.638
22249,1682.472,1790278732.722
22250,1682.540,1790278732.813
22251,1682.604,1790278732.952
22252,1682.672,1790278733.040
22253,1682.736,1790278733.128
22254,1682.804,1790278733.261
22255,1682.868,1790278733.361
22256,1682.936,1790278733.466
22257,1683.000,1790278733.546
22258,1683.068,1790278733.694
22259,1683.132,1790278733.799
22260,1683.200,1790278733.877
22261,1683.264,1790278734.008
22262,1683.332,1790278734.103
22263,1683.396,1790278734.175
22264,1683.464,1790278734.313
22265,1683.528,1790278734.411
22266,1683.596,1790278734.485
22267,1683.660,1790278734.621
22268,1683.728,1790278734.724
22269,1683.792,1790278734.801
22270,1683.860,1790278734.944
22271,1683.924,1790278735.046
22272,1683.992,1790278735.127
22273,1684.056,1790278735.252
22274,1684.124,1790278735.358
22275,1684.188,1790278735.439
22276,1684.256,1790278735.570
22277,1684.320,1790278735.674
22278,1684.388,1790278735.749
22279,1684.452,1790278735.840
22280,1684.520,1790278735.973
22281,1684.584,1790278736.054
22282,1684.652,1790278736.143
22283,1684.716,1790278736.275
22284,1684.784,1790278736.359
22285,1684.916,1790278736.578
22286,1684.980,1790278736.662
22287,1685.048,1790278736.745
22288,1685.112,1790278736.875
22289,1685.180,1790278736.957
22290,1685.312,1790278737.170
22291,1685.376,1790278737.261
22292,1685.444,1790278737.347
22293,1685.576,1790278737.570
22294,1685.640,1790278737.652
22295,1685.708,1790278737.774
22296,1685.772,1790278737.857
22297,1685.840,1790278737.944
22298,1685.904,1790278738.074
22299,1686.036,1790278738.240
22300,1686.104,1790278738.362
22301,1686.168,1790278738.442
22302,1686.236,1790278738.526
22303,1686.300,1790278738.594
22304,1686.368,1790278738.713
22305,1686.432,1790278738.798
22306,1686.500,1790278738.866
22307,1686.564,1790278738.980
22308,1686.696,1790278739.131
22309,1686.828,1790278739.342
22310,1686.896,1790278739.405
22311,1686.960,1790278739.522
22312,1687.092,1790278739.689
22313,1687.160,1790278739.807
22314,1687.292,1790278739.965
22315,1687.356,1790278740.086
22316,1687.424,1790278740.179
22317,1687.556,1790278740.359
22318,1687.620,1790278740.447
22319,1687.688,1790278740.513
22320,1687.752,1790278740.600
22321,1687.820,1790278740.720
22322,1687.884,1790278740.779
22323,1687.952,1790278740.864
22324,1688.016,1790278740.979
22325,1688.084,1790278741.054
22326,1688.148,1790278741.134
22327,1688.216,1790278741.258
22328,1688.280,1790278741.323
22329,1688.348,1790278741.399
22330,1688.412,1790278741.515
22331,1688.544,1790278741.672
22332,1688.612,1790278741.793
22333,1688.676,1790278741.869
22334,1688.744,1790278741.948
22335,1688.808,1790278742.077
22336,1688.940,1790278742.235
22337,1689.008,1790278742.352
22338,1689.140,1790278742.516
22339,1689.204,1790278742.636
22340,1689.272,1790278742.715
22341,1689.336,1790278742.797
22342,1689.536,1790278743.084
22343,1689.600,1790278743.146
22344,1689.668,1790278743.253
22345,1689.732,1790278743.341
22346,1689.932,1790278743.597
22347,1689.996,1790278743.668
22348,1690.064,1790278743.779
22349,1690.128,1790278743.864
22350,1690.196,1790278743.930
22351,1690.260,1790278744.049
22352,1690.328,1790278744.135
22353,1690.392,1790278744.200
22354,1690.460,1790278744.312
22355,1690.524,1790278744.410
22356,1690.592,1790278744.475
22357,1690.656,1790278744.591
22358,1690.724,1790278744.693
22359,1690.788,1790278744.763
22360,1690.920,1790278744.979
22361,1690.988,1790278745.043
22362,1691.052,1790278745.129
22363,1691.120,1790278745.236
22364,1691.184,1790278745.301
22365,1691.252,1790278745.383
22366,1691.316,1790278745.494
22367,1691.384,1790278745.570
22368,1691.448,1790278745.647
22369,1691.516,1790278745.774
22370,1691.648,1790278745.919
22371,1691.844,1790278746.188
22372,1691.912,1790278746.315
22373,1691.976,1790278746.385
22374,1692.044,1790278746.471
22375,1692.108,1790278746.592
22376,1692.176,1790278746.678
22377,1692.240,1790278746.757
22378,1692.308,1790278746.877
22379,1692.372,1790278746.955
22380,1692.440,1790278747.033
22381,1692.504,1790278747.150
22382,1692.572,1790278747.236
22383,1692.636,1790278747.313
22384,1692.704,1790278747.425
22385,1692.768,1790278747.501
22386,1692.836,1790278747.582
22387,1692.900,1790278747.649
22388,1692.968,1790278747.761
22389,1693.032,1790278747.841
22390,1693.100,1790278747.911
22391,1693.164,1790278748.032
22392,1693.232,1790278748.122
22393,1693.296,1790278748.185
22394,1693.364,1790278748.300
22395,1693.496,1790278748.456
22396,1693.560,1790278748.563
22397,1693.628,1790278748.653
22398,1693.692,1790278748.714
22399,1693.760,1790278748.824
22400,1693.892,1790278748.981
22401,1693.956,1790278749.111
22402,1694.088,1790278749.280
22403,1694.156,1790278749.388
22404,1694.220,1790278749.482
22405,1694.288,1790278749.553
22406,1694.352,1790278749.631
22407,1694.420,1790278749.753
22408,1694.484,1790278749.820
22409,1694.552,1790278749.898
22410,1694.684,1790278750.087
22411,1694.880,1790278750.378
22412,1694.948,1790278750.458
22413,1695.012,1790278750.578
22414,1695.080,1790278750.653
22415,1695.144,1790278750.737
22416,1695.276,1790278750.931
22417,1695.344,1790278751.016
22418,1695.408,1790278751.153
22419,1695.476,1790278751.229
22420,1695.672,1790278751.525
22421,1695.740,1790278751.615
22422,1695.804,1790278751.736
22423,1695.872,1790278751.819
22424,1695.936,1790278751.914
22425,1696.004,1790278752.035
22426,1696.068,1790278752.122
22427,1696.136,1790278752.209
22428,1696.200,1790278752.271
22429,1696.268,1790278752.385
22430,1696.332,1790278752.466
22431,1696.400,1790278752.530
22432,1696.464,1790278752.637
22433,1696.532,1790278752.732
22434,1696.796,1790278753.068
22435,1696.928,1790278753.291
22436,1696.992,1790278753.353
22437,1697.060,1790278753.478
22438,1697.124,1790278753.570
22439,1697.192,1790278753.636
22440,1697.256,1790278753.748
22441,1697.324,1790278753.846
22442,1697.388,1790278753.913
22443,1697.456,1790278754.021
22444,1697.520,1790278754.124
22445,1697.588,1790278754.205
22446,1697.652,1790278754.284
22447,1697.720,1790278754.393
22448,1697.784,1790278754.459
22449,1697.852,1790278754.547
22450,1697.916,1790278754.669
22451,1697.984,1790278754.738
22452,1698.048,1790278754.821
22453,1698.116,1790278754.950
22454,1698.180,1790278755.016
22455,1698.248,1790278755.100
22456,1698.312,1790278755.248
22457,1698.380,1790278755.319
22458,1698.444,1790278755.404
22459,1698.512,1790278755.525
22460,1698.576,1790278755.601
22461,1698.644,1790278755.684
22462,1698.708,1790278755.805
22463,1698.776,1790278755.887
22464,1698.840,1790278755.968
22465,1698.908,1790278756.085
22466,1698.972,1790278756.162
22467,1699.040,1790278756.247
22468,1699.104,1790278756.364
22469,1699.172,1790278756.442
22470,1699.236,1790278756.526
22471,1699.304,1790278756.644
22472,1699.500,1790278756.869
22473,1699.568,1790278756.977
22474,1699.632,1790278757.074
22475,1699.700,1790278757.135
22476,1699.764,1790278757.242
22477,1699.832,1790278757.344
22478,1699.896,1790278757.405
22479,1700.028,1790278757.598
22480,1700.096,1790278757.665
22481,1700.228,1790278757.865
22482,1700.292,1790278757.925
22483,1700.360,1790278758.039
22484,1700.424,1790278758.131
22485,1700.492,1790278758.198
22486,1700.556,1790278758.313
22487,1700.624,1790278758.400
22488,1700.688,1790278758.465
22489,1700.756,1790278758.579
22490,1700.820,1790278758.684
22491,1700.888,1790278758.750
22492,1700.952,1790278758.833
22493,1701.020,1790278758.945
22494,1701.084,1790278759.016
22495,1701.152,1790278759.097
22496,1701.216,1790278759.207
22497,1701.284,1790278759.274
22498,1701.348,1790278759.355
22499,1701.480,1790278759.544
22500,1701.612,1790278759.757
22501,1701.680,1790278759.827
22502,1701.744,1790278759.901
22503,1701.812,1790278760.022
22504,1701.876,1790278760.095
22505,1701.944,1790278760.176
22506,1702.008,1790278760.292
22507,1702.076,1790278760.379
22508,1702.140,1790278760.459
22509,1702.208,1790278760.576
22510,1702.272,1790278760.663
22511,1702.340,1790278760.742
22512,1702.404,1790278760.858
22513,1702.472,1790278760.939
22514,1702.536,1790278761.017
22515,1702.604,1790278761.134
22516,1702.668,1790278761.212
22517,1702.800,1790278761.362
22518,1702.868,1790278761.480
22519,1702.932,1790278761.571
22520,1703.064,1790278761.759
22521,1703.132,1790278761.854
22522,1703.196,1790278761.917
22523,1703.264,1790278762.038
22524,1703.328,1790278762.129
22525,1703.396,1790278762.199
22526,1703.460,1790278762.314
22527,1703.528,1790278762.407
22528,1703.592,1790278762.484
22529,1703.724,1790278762.708
22530,1703.792,1790278762.774
22531,1703.856,1790278762.887
22532,1703.924,1790278762.979
22533,1703.988,1790278763.055
22534,1704.056,1790278763.169
22535,1704.120,1790278763.263
22536,1704.188,1790278763.330
22537,1704.252,1790278763.411
22538,1704.320,1790278763.539
22539,1704.384,1790278763.608
22540,1704.452,1790278763.694
22541,1704.516,1790278763.806
22542,1704.584,1790278763.877
22543,1704.648,1790278763.954
22544,1704.716,1790278764.076
22545,1704.780,1790278764.154
22546,1704.848,1790278764.240
22547,1704.912,1790278764.361
22548,1704.980,1790278764.433
22549,1705.044,1790278764.519
22550,1705.176,1790278764.717
22551,1705.244,1790278764.806
22552,1705.308,1790278764.923
22553,1705.440,1790278765.091
22554,1705.508,1790278765.219
22555,1705.572,1790278765.297
22556,1705.772,1790278765.594
22557,1705.968,1790278765.874
22558,1706.036,1790278765.960
22559,1706.100,1790278766.028
22560,1706.168,1790278766.139
22561,1706.232,1790278766.226
22562,1706.364,1790278766.410
22563,1706.432,1790278766.509
22564,1706.496,1790278766.577
22565,1706.564,1790278766.702
22566,1706.628,1790278766.792
22567,1706.696,1790278766.856
22568,1706.760,1790278766.973
22569,1706.828,1790278767.065
22570,1706.892,1790278767.130
22571,1706.960,1790278767.254
22572,1707.024,1790278767.342
22573,1707.092,1790278767.413
22574,1707.156,1790278767.525
22575,1707.224,1790278767.633
22576,1707.288,1790278767.708
22577,1707.356,1790278767.826
22578,1707.420,1790278767.935
22579,1707.488,1790278767.997
22580,1707.552,1790278768.077
22581,1707.620,1790278768.192
22582,1707.684,1790278768.259
22583,1707.752,1790278768.337
22584,1707.816,1790278768.457
22585,1707.884,1790278768.531
22586,1707.948,1790278768.620
22587,1708.080,1790278768.821
22588,1708.148,1790278768.898
22589,1708.212,1790278769.024
22590,1708.280,1790278769.099
22591,1708.344,1790278769.183
22592,1708.412,1790278769.310
22593,1708.476,1790278769.387
22594,1708.544,1790278769.464
22595,1708.740,1790278769.760
22596,1708.808,1790278769.878
22597,1708.872,1790278769.960
22598,1708.940,1790278770.052
22599,1709.004,1790278770.166
22600,1709.072,1790278770.250
22601,1709.136,1790278770.338
22602,1709.204,1790278770.459
22603,1709.268,1790278770.541
22604,1709.336,1790278770.620
22605,1709.400,1790278770.690
22606,1709.532,1790278770.891
22607,1709.600,1790278770.957
22608,1709.664,1790278771.074
22609,1709.732,1790278771.169
22610,1709.796,1790278771.229
22611,1709.996,1790278771.506
22612,1710.060,1790278771.635
22613,1710.128,1790278771.725
22614,1710.192,1790278771.793
22615,1710.260,1790278771.911
22616,1710.324,1790278772.012
22617,1710.392,1790278772.079
22618,1710.456,1790278772.195
22619,1710.524,1790278772.290
22620,1710.588,1790278772.354
22621,1710.656,1790278772.477
22622,1710.720,1790278772.579
22623,1710.788,1790278772.653
22624,1710.920,1790278772.856
22625,1710.984,1790278772.919
22626,1711.052,1790278772.997
22627,1711.116,1790278773.112
22628,1711.184,1790278773.180
22629,1711.248,1790278773.262
22630,1711.316,1790278773.390
22631,1711.380,1790278773.456
22632,1711.448,1790278773.531
22633,1711.580,1790278773.738
22634,1711.644,1790278773.823
22635,1711.712,1790278773.936
22636,1711.776,1790278774.021
22637,1711.844,1790278774.098
22638,1711.908,1790278774.226
22639,1711.976,1790278774.305
22640,1712.108,1790278774.506
22641,1712.240,1790278774.674
22642,1712.372,1790278774.897
22643,1712.436,1790278774.976
22644,1712.504,1790278775.101
22645,1712.568,1790278775.180
22646,1712.636,1790278775.268
22647,1712.700,1790278775.337
22648,1712.768,1790278775.461
22649,1712.832,1790278775.548
22650,1712.900,1790278775.614
22651,1712.964,1790278775.730
22652,1713.032,1790278775.822
22653,1713.164,1790278776.003
22654,1713.228,1790278776.089
22655,1713.296,1790278776.153
22656,1713.360,1790278776.258
22657,1713.492,1790278776.412
22658,1713.560,1790278776.526
22659,1713.624,1790278776.616
22660,1713.692,1790278776.685
22661,1713.824,1790278776.897
22662,1713.888,1790278776.962
22663,1713.956,1790278777.076
22664,1714.088,1790278777.238
22665,1714.152,1790278777.318
22666,1714.220,1790278777.426
22667,1714.284,1790278777.497
22668,1714.352,1790278777.582
22669,1714.416,1790278777.700
22670,1714.484,1790278777.768
22671,1714.548,1790278777.854
22672,1714.616,1790278777.980
22673,1714.680,1790278778.051
22674,1714.748,1790278778.135
22675,1714.812,1790278778.256
22676,1714.880,1790278778.339
22677,1715.076,1790278778.610
22678,1715.276,1790278778.882
22679,1715.340,1790278778.980
22680,1715.408,1790278779.103
22681,1715.472,1790278779.183
22682,1715.540,1790278779.273
22683,1715.604,1790278779.412
22684,1715.672,1790278779.513
22685,1715.736,1790278779.619
22686,1715.868,1790278779.862
22687,1715.936,1790278779.963
22688,1716.068,1790278780.161
22689,1716.132,1790278780.255
22690,1716.200,1790278780.318
22691,1716.264,1790278780.425
22692,1716.332,1790278780.513
22693,1716.396,1790278780.578
22694,1716.528,1790278780.778
22695,1716.596,1790278780.850
22696,1716.660,1790278780.967
22697,1716.728,1790278781.063
22698,1716.792,1790278781.132
22699,1716.860,1790278781.254
22700,1716.924,1790278781.346
22701,1716.992,1790278781.419
22702,1717.056,1790278781.550
22703,1717.188,1790278781.734
22704,1717.256,1790278781.873
22705,1717.388,1790278782.047
22706,1717.452,1790278782.135
22707,1717.520,1790278782.258
22708,1717.584,1790278782.332
22709,1717.652,1790278782.420
22710,1717.784,1790278782.618
22711,1717.848,1790278782.699
22712,1717.916,1790278782.816
22713,1717.980,1790278782.898
22714,1718.048,1790278782.981
22715,1718.112,1790278783.107
22716,1718.180,1790278783.197
22717,1718.244,1790278783.285
22718,1718.312,1790278783.406
22719,1718.376,1790278783.488
22720,1718.444,1790278783.575
22721,1718.508,1790278783.704
22722,1718.576,1790278783.795
22723,1718.708,1790278784.022
22724,1718.772,1790278784.111
22725,1718.840,1790278784.208
22726,1718.904,1790278784.339
22727,1719.036,1790278784.519
22728,1719.104,1790278784.651
22729,1719.168,1790278784.737
22730,1719.236,1790278784.829
22731,1719.300,1790278784.899
22732,1719.368,1790278785.034
22733,1719.432,1790278785.130
22734,1719.500,1790278785.209
22735,1719.564,1790278785.335
22736,1719.632,1790278785.433
22737,1719.696,1790278785.500
22738,1719.764,1790278785.633
22739,1719.828,1790278785.736
22740,1719.896,1790278785.804
22741,1719.960,1790278785.931
22742,1720.028,1790278786.033
22743,1720.092,1790278786.107
22744,1720.160,1790278786.242
22745,1720.224,1790278786.339
22746,1720.292,1790278786.408
22747,1720.356,1790278786.535
22748,1720.424,1790278786.653
22749,1720.488,1790278786.720
22750,1720.556,1790278786.849
22751,1720.620,1790278786.964
22752,1720.688,1790278787.036
22753,1720.752,1790278787.132
22754,1720.884,1790278787.336
22755,1720.952,1790278787.436
22756,1721.016,1790278787.564
22757,1721.084,1790278787.640
22758,1721.148,1790278787.732
22759,1721.216,1790278787.869
22760,1721.280,1790278787.943
22761,1721.348,1790278788.033
22762,1721.412,1790278788.167
22763,1721.480,1790278788.256
22764,1721.544,1790278788.357
22765,1721.612,1790278788.494
22766,1721.676,1790278788.583
22767,1721.744,1790278788.675
22768,1721.808,1790278788.813
22769,1721.876,1790278788.896
22770,1721.940,1790278788.987
22771,1722.140,1790278789.298
22772,1722.204,1790278789.414
22773,1722.272,1790278789.505
22774,1722.336,1790278789.589
22775,1722.404,1790278789.709
22776,1722.468,1790278789.793
22777,1722.536,1790278789.877
22778,1722.600,1790278789.942
22779,1722.668,1790278790.049
22780,1722.800,1790278790.206
22781,1722.864,1790278790.329
22782,1722.932,1790278790.436
22783,1722.996,1790278790.499
22784,1723.064,1790278790.616
22785,1723.128,1790278790.709
22786,1723.196,1790278790.775
22787,1723.260,1790278790.884
22788,1723.328,1790278790.973
22789,1723.392,1790278791.036
22790,1723.460,1790278791.140
22791,1723.524,1790278791.236
22792,1723.592,1790278791.301
22793,1723.656,1790278791.417
22794,1723.724,1790278791.513
22795,1723.788,1790278791.584
22796,1723.856,1790278791.701
22797,1723.920,1790278791.796
22798,1723.988,1790278791.860
22799,1724.052,1790278791.936
22800,1724.120,1790278792.040
22801,1724.184,1790278792.102
22802,1724.252,1790278792.177
22803,1724.384,1790278792.355
22804,1724.448,1790278792.431
22805,1724.580,1790278792.609
22806,1724.648,1790278792.684
22807,1724.712,1790278792.805
22808,1724.780,1790278792.877
22809,1724.844,1790278792.950
22810,1724.912,1790278793.072
22811,1724.976,1790278793.144
22812,1725.044,1790278793.226
22813,1725.108,1790278793.338
22814,1725.176,1790278793.419
22815,1725.240,1790278793.504
22816,1725.308,1790278793.623
22817,1725.440,1790278793.789
22818,1725.504,1790278793.909
22819,1725.572,1790278793.994
22820,1725.636,1790278794.086
22821,1725.768,1790278794.283
22822,1725.900,1790278794.432
22823,1725.968,1790278794.565
22824,1726.032,1790278794.670
22825,1726.100,1790278794.741
22826,1726.164,1790278794.867
22827,1726.364,1790278795.172
22828,1726.428,1790278795.267
22829,1726.560,1790278795.442
22830,1726.628,1790278795.549
22831,1726.692,1790278795.611
22832,1726.824,1790278795.810
22833,1726.892,1790278795.877
22834,1726.956,1790278795.995
22835,1727.024,1790278796.088
22836,1727.088,1790278796.151
22837,1727.156,1790278796.273
22838,1727.220,1790278796.366
22839,1727.288,1790278796.430
22840,1727.352,1790278796.512
22841,1727.420,1790278796.625
22842,1727.484,1790278796.696
22843,1727.552,1790278796.777
22844,1727.616,1790278796.884
22845,1727.684,1790278796.953
22846,1727.748,1790278797.034
22847,1727.880,1790278797.220
22848,1727.948,1790278797.303
22849,1728.080,1790278797.503
22850,1728.144,1790278797.590
22851,1728.212,1790278797.723
22852,1728.344,1790278797.874
22853,1728.476,1790278798.080
22854,1728.540,1790278798.169
22855,1728.608,1790278798.296
22856,1728.672,1790278798.373
22857,1728.740,1790278798.459
22858,1728.804,1790278798.573
22859,1728.872,1790278798.658
22860,1728.936,1790278798.738
22861,1729.004,1790278798.857
22862,1729.136,1790278799.023
22863,1729.200,1790278799.096
22864,1729.332,1790278799.316
22865,1729.400,1790278799.388
22866,1729.464,1790278799.514
22867,1729.596,1790278799.687
22868,1729.664,1790278799.804
22869,1729.728,1790278799.892
22870,1729.796,1790278799.961
22871,1729.860,1790278800.069
22872,1729.992,1790278800.220
22873,1730.060,1790278800.336
22874,1730.124,1790278800.425
22875,1730.192,1790278800.495
22876,1730.256,1790278800.627
22877,1730.324,1790278800.722
22878,1730.388,1790278800.787
22879,1730.456,1790278800.895
22880,1730.520,1790278800.998
22881,1730.588,1790278801.075
22882,1730.652,1790278801.157
22883,1730.720,1790278801.290
22884,1730.784,1790278801.364
22885,1730.852,1790278801.457
22886,1730.916,1790278801.589
22887,1730.984,1790278801.673
22888,1731.048,1790278801.775
22889,1731.180,1790278801.988
22890,1731.248,1790278802.068
22891,1731.312,1790278802.204
22892,1731.380,1790278802.279
22893,1731.444,1790278802.359
22894,1731.512,1790278802.489
22895,1731.576,1790278802.580
22896,1731.644,1790278802.675
22897,1731.708,1790278802.817
22898,1731.776,1790278802.908
22899,1731.840,1790278802.997
22900,1731.972,1790278803.214
22901,1732.040,1790278803.303
22902,1732.104,1790278803.440
22903,1732.172,1790278803.528
22904,1732.236,1790278803.619
22905,1732.304,1790278803.746
22906,1732.500,1790278804.019
22907,1732.568,1790278804.149
22908,1732.632,1790278804.246
22909,1732.700,1790278804.315
22910,1732.764,1790278804.446
22911,1732.832,1790278804.549
22912,1732.896,1790278804.621
22913,1732.964,1790278804.751
22914,1733.028,1790278804.853
22915,1733.096,1790278804.923
22916,1733.160,1790278805.056
22917,1733.292,1790278805.228
22918,1733.360,1790278805.363
22919,1733.424,1790278805.474
22920,1733.492,1790278805.545
22921,1733.556,1790278805.680
22922,1733.624,1790278805.787
22923,1733.688,1790278805.872
22924,1733.756,1790278806.012
22925,1733.820,1790278806.112
22926,1733.888,1790278806.197
22927,1733.952,1790278806.287
22928,1734.020,1790278806.412
22929,1734.084,1790278806.489
22930,1734.152,1790278806.576
22931,1734.216,1790278806.720
22932,1734.284,1790278806.805
22933,1734.348,1790278806.903
22934,1734.416,1790278807.032
22935,1734.480,1790278807.114
22936,1734.548,1790278807.198
22937,1734.612,1790278807.332
22938,1734.680,1790278807.419
22939,1734.744,1790278807.515
22940,1734.812,1790278807.654
22941,1734.876,1790278807.732
22942,1734.944,1790278807.822
22943,1735.076,1790278808.056
22944,1735.140,1790278808.148
22945,1735.208,1790278808.278
22946,1735.340,1790278808.427
22947,1735.404,1790278808.539
22948,1735.472,1790278808.629
22949,1735.536,1790278808.715
22950,1735.604,1790278808.830
22951,1735.668,1790278808.923
22952,1735.736,1790278809.009
22953,1735.800,1790278809.072
22954,1735.868,1790278809.179
22955,1735.932,1790278809.272
22956,1736.000,1790278809.337
22957,1736.064,1790278809.453
22958,1736.132,1790278809.543
22959,1736.196,1790278809.605
22960,1736.264,1790278809.718
22961,1736.328,1790278809.804
22962,1736.396,1790278809.870
22963,1736.460,1790278809.993
22964,1736.528,1790278810.078
22965,1736.592,1790278810.142
22966,1736.660,1790278810.263
22967,1736.724,1790278810.353
22968,1736.792,1790278810.417
22969,1736.856,1790278810.542
22970,1736.924,1790278810.637
22971,1736.988,1790278810.703
22972,1737.056,1790278810.824
22973,1737.120,1790278810.917
22974,1737.188,1790278810.982
22975,1737.252,1790278811.073
22976,1737.452,1790278811.336
22977,1737.584,1790278811.533
22978,1737.648,1790278811.620
22979,1737.716,1790278811.741
22980,1737.780,1790278811.817
22981,1737.848,1790278811.893
22982,1737.912,1790278812.010
22983,1737.980,1790278812.093
22984,1738.044,1790278812.168
22985,1738.112,1790278812.298
22986,1738.176,1790278812.379
22987,1738.244,1790278812.467
22988,1738.308,1790278812.591
22989,1738.376,1790278812.671
22990,1738.440,1790278812.757
22991,1738.508,1790278812.871
22992,1738.572,1790278812.950
22993,1738.772,1790278813.256
22994,1738.836,1790278813.337
22995,1738.904,1790278813.453
22996,1738.968,1790278813.538
22997,1739.036,1790278813.621
22998,1739.100,1790278813.686
22999,1739.168,1790278813.808
23000,1739.364,1790278814.091
23001,1739.432,1790278814.199
23002,1739.496,1790278814.265
23003,1739.564,1790278814.394
23004,1739.628,1790278814.491
23005,1739.696,1790278814.561
23006,1739.760,1790278814.676
23007,1739.828,1790278814.771
23008,1739.892,1790278814.834
23009,1739.960,1790278814.943
23010,1740.024,1790278815.041
23011,1740.092,1790278815.115
23012,1740.156,1790278815.236
23013,1740.224,1790278815.334
23014,1740.288,1790278815.406
23015,1740.356,1790278815.541
23016,1740.488,1790278815.722
23017,1740.552,1790278815.807
23018,1740.620,1790278815.929
23019,1740.684,1790278816.010
23020,1740.752,1790278816.102
23021,1740.884,1790278816.298
23022,1740.948,1790278816.386
23023,1741.016,1790278816.522
23024,1741.080,1790278816.599
23025,1741.212,1790278816.825
23026,1741.280,1790278816.913
23027,1741.344,1790278816.998
23028,1741.412,1790278817.137
23029,1741.476,1790278817.217
23030,1741.608,1790278817.413
23031,1741.676,1790278817.494
23032,1741.740,1790278817.579
23033,1741.808,1790278817.708
23034,1741.872,1790278817.787
23035,1741.940,1790278817.870
23036,1742.004,1790278817.988
23037,1742.072,1790278818.069
23038,1742.136,1790278818.152
23039,1742.204,1790278818.289
23040,1742.336,1790278818.471
23041,1742.400,1790278818.538
23042,1742.468,1790278818.669
23043,1742.532,1790278818.763
23044,1742.600,1790278818.830
23045,1742.664,1790278818.961
23046,1742.732,1790278819.059
23047,1742.796,1790278819.133
23048,1742.864,1790278819.283
23049,1742.928,1790278819.368
23050,1742.996,1790278819.434
23051,1743.060,1790278819.544
23052,1743.128,1790278819.654
23053,1743.192,1790278819.720
23054,1743.260,1790278819.827
23055,1743.324,1790278819.918
23056,1743.392,1790278819.988
23057,1743.456,1790278820.111
23058,1743.524,1790278820.208
23059,1743.656,1790278820.396
23060,1743.852,1790278820.656
23061,1743.920,1790278820.790
23062,1743.984,1790278820.877
23063,1744.052,1790278820.977
23064,1744.116,1790278821.124
23065,1744.248,1790278821.290
23066,1744.316,1790278821.432
23067,1744.380,1790278821.517
23068,1744.448,1790278821.600
23069,1744.512,1790278821.738
23070,1744.580,1790278821.821
23071,1744.712,1790278822.025
23072,1744.776,1790278822.115
23073,1744.844,1790278822.201
23074,1744.908,1790278822.337
23075,1745.040,1790278822.508
23076,1745.108,1790278822.646
23077,1745.172,1790278822.732
23078,1745.240,1790278822.823
23079,1745.304,1790278822.956
23080,1745.372,1790278823.053
23081,1745.436,1790278823.151
23082,1745.504,1790278823.283
23083,1745.568,1790278823.379
23084,1745.636,1790278823.473
23085,1745.700,1790278823.547
23086,1745.768,1790278823.686
23087,1745.832,1790278823.780
23088,1745.900,1790278823.857
23089,1745.964,1790278823.996
23090,1746.032,1790278824.098
23091,1746.096,1790278824.174
23092,1746.164,1790278824.310
23093,1746.228,1790278824.424
23094,1746.296,1790278824.498
23095,1746.360,1790278824.630
23096,1746.428,1790278824.736
23097,1746.492,1790278824.813
23098,1746.560,1790278824.943
23099,1746.624,1790278825.040
23100,1746.692,1790278825.112
23101,1746.824,1790278825.351
23102,1746.888,1790278825.425
23103,1746.956,1790278825.557
23104,1747.020,1790278825.667
23105,1747.088,1790278825.749
23106,1747.152,1790278825.846
23107,1747.220,1790278825.986
23108,1747.284,1790278826.066
23109,1747.352,1790278826.150
23110,1747.416,1790278826.295
23111,1747.484,1790278826.377
23112,1747.548,1790278826.460
23113,1747.616,1790278826.606
23114,1747.680,1790278826.686
23115,1747.748,1790278826.776
23116,1747.812,1790278826.914
23117,1747.880,1790278827.002
23118,1748.012,1790278827.222
23119,1748.076,1790278827.307
23120,1748.144,1790278827.404
23121,1748.208,1790278827.547
23122,1748.276,1790278827.641
23123,1748.340,1790278827.730
23124,1748.408,1790278827.853
23125,1748.472,1790278827.930
23126,1748.540,1790278828.016
23127,1748.604,1790278828.140
23128,1748.672,1790278828.231
23129,1748.736,1790278828.310
23130,1748.804,1790278828.427
23131,1748.868,1790278828.509
23132,1748.936,1790278828.592
23133,1749.000,1790278828.658
23134,1749.068,1790278828.779
23135,1749.132,1790278828.864
23136,1749.200,1790278828.929
23137,1749.264,1790278829.043
23138,1749.332,1790278829.131
23139,1749.396,1790278829.197
23140,1749.464,1790278829.306
23141,1749.528,1790278829.393
23142,1749.596,1790278829.459
23143,1749.660,1790278829.586
23144,1749.728,1790278829.680
23145,1749.792,1790278829.741
23146,1749.860,1790278829.869
23147,1749.924,1790278829.962
23148,1749.992,1790278830.032
23149,1750.056,1790278830.145
23150,1750.124,1790278830.241
23151,1750.188,1790278830.305
23152,1750.256,1790278830.415
23153,1750.320,1790278830.507
23154,1750.388,1790278830.577
23155,1750.452,1790278830.669
23156,1750.520,1790278830.785
23157,1750.584,1790278830.847
23158,1750.652,1790278830.934
23159,1750.716,1790278831.045
23160,1750.784,1790278831.120
23161,1750.848,1790278831.206
23162,1750.916,1790278831.330
23163,1750.980,1790278831.395
23164,1751.048,1790278831.480
23165,1751.112,1790278831.607
23166,1751.180,1790278831.683
23167,1751.244,1790278831.764
23168,1751.444,1790278832.046
23169,1751.508,1790278832.167
23170,1751.576,1790278832.253
23171,1751.640,1790278832.337
23172,1751.708,1790278832.455
23173,1751.772,1790278832.535
23174,1751.840,1790278832.624
23175,1751.904,1790278832.747
23176,1751.972,1790278832.830
23177,1752.036,1790278832.917
23178,1752.104,1790278833.032
23179,1752.168,1790278833.124
23180,1752.236,1790278833.224
23181,1752.300,1790278833.299
23182,1752.432,1790278833.536
23183,1752.500,1790278833.605
23184,1752.632,1790278833.850
23185,1752.696,1790278833.930
23186,1752.764,1790278834.080
23187,1752.828,1790278834.177
23188,1752.960,1790278834.370
23189,1753.028,1790278834.472
23190,1753.092,1790278834.535
23191,1753.160,1790278834.667
23192,1753.224,1790278834.770
23193,1753.292,1790278834.848
23194,1753.356,1790278834.977
23195,1753.424,1790278835.078
23196,1753.488,1790278835.147
23197,1753.556,1790278835.279
23198,1753.620,1790278835.385
23199,1753.688,1790278835.455
23200,1753.752,1790278835.544
23201,1753.820,1790278835.668
23202,1753.884,1790278835.754
23203,1753.952,1790278835.852
23204,1754.084,1790278836.057
23205,1754.148,1790278836.147
23206,1754.216,1790278836.271
23207,1754.280,1790278836.343
23208,1754.348,1790278836.428
23209,1754.412,1790278836.555
23210,1754.480,1790278836.635
23211,1754.544,1790278836.727
23212,1754.676,1790278836.952
23213,1754.744,1790278837.046
23214,1754.808,1790278837.164
23215,1754.940,1790278837.349
23216,1755.008,1790278837.466
23217,1755.272,1790278837.859
23218,1755.336,1790278837.956
23219,1755.404,1790278838.083
23220,1755.468,1790278838.170
23221,1755.536,1790278838.279
23222,1755.600,1790278838.349
23223,1755.668,1790278838.493
23224,1755.732,1790278838.582
23225,1755.800,1790278838.657
23226,1755.864,1790278838.797
23227,1755.932,1790278838.916
23228,1755.996,1790278838.983
23229,1756.064,1790278839.113
23230,1756.128,1790278839.223
23231,1756.196,1790278839.286
23232,1756.260,1790278839.403
23233,1756.328,1790278839.502
23234,1756.392,1790278839.570
23235,1756.460,1790278839.700
23236,1756.524,1790278839.805
23237,1756.592,1790278839.881
23238,1756.656,1790278839.999
23239,1756.724,1790278840.100
23240,1756.788,1790278840.171
23241,1756.856,1790278840.303
23242,1756.988,1790278840.494
23243,1757.052,1790278840.583
23244,1757.120,1790278840.726
23245,1757.184,1790278840.813
23246,1757.252,1790278840.920
23247,1757.316,1790278841.065
23248,1757.448,1790278841.245
23249,1757.516,1790278841.398
23250,1757.580,1790278841.472
23251,1757.648,1790278841.561
23252,1757.712,1790278841.687
23253,1757.780,1790278841.765
23254,1757.844,1790278841.861
23255,1757.912,1790278842.011
23256,1757.976,1790278842.105
23257,1758.044,1790278842.200
23258,1758.108,1790278842.335
23259,1758.176,1790278842.427
23260,1758.240,1790278842.518
23261,1758.308,1790278842.649
23262,1758.372,1790278842.740
23263,1758.440,1790278842.831
23264,1758.572,1790278843.052
23265,1758.636,1790278843.146
23266,1758.704,1790278843.280
23267,1758.768,1790278843.370
23268,1758.836,1790278843.474
23269,1758.900,1790278843.544
23270,1759.032,1790278843.771
23271,1759.164,1790278843.987
23272,1759.232,1790278844.089
23273,1759.296,1790278844.153
23274,1759.364,1790278844.290
23275,1759.428,1790278844.395
23276,1759.496,1790278844.467
23277,1759.692,1790278844.789
23278,1759.760,1790278844.926
23279,1759.824,1790278845.029
23280,1759.892,1790278845.107
23281,1759.956,1790278845.245
23282,1760.088,1790278845.423
23283,1760.156,1790278845.557
23284,1760.288,1790278845.742
23285,1760.352,1790278845.840
23286,1760.420,1790278845.968
23287,1760.484,1790278846.046
23288,1760.552,1790278846.132
23289,1760.616,1790278846.255
23290,1760.684,1790278846.336
23291,1760.748,1790278846.438
23292,1760.816,1790278846.573
23293,1760.880,1790278846.651
23294,1761.012,1790278846.878
23295,1761.080,1790278846.968
23296,1761.144,1790278847.065
23297,1761.276,1790278847.285
23298,1761.344,1790278847.381
23299,1761.540,1790278847.706
23300,1761.672,1790278847.902
23301,1761.740,1790278847.989
23302,1761.936,1790278848.276
23303,1762.004,1790278848.391
23304,1762.068,1790278848.474
23305,1762.136,1790278848.568
23306,1762.200,1790278848.626
23307,1762.268,1790278848.744
23308,1762.332,1790278848.835
23309,1762.400,1790278848.901
23310,1762.464,1790278849.012
23311,1762.532,1790278849.100
23312,1762.596,1790278849.165
23313,1762.664,1790278849.287
23314,1762.728,1790278849.381
23315,1762.860,1790278849.555
23316,1762.928,1790278849.650
23317,1762.992,1790278849.714
23318,1763.060,1790278849.823
23319,1763.124,1790278849.912
23320,1763.192,1790278849.979
23321,1763.256,1790278850.092
23322,1763.324,1790278850.194
23323,1763.388,1790278850.257
23324,1763.456,1790278850.362
23325,1763.520,1790278850.467
23326,1763.588,1790278850.532
23327,1763.652,1790278850.612
23328,1763.720,1790278850.724
23329,1763.784,1790278850.788
23330,1763.852,1790278850.866
23331,1763.916,1790278850.973
23332,1763.984,1790278851.051
23333,1764.048,1790278851.130
23334,1764.116,1790278851.253
23335,1764.180,1790278851.320
23336,1764.248,1790278851.397
23337,1764.312,1790278851.512
23338,1764.380,1790278851.589
23339,1764.444,1790278851.667
23340,1764.512,1790278851.780
23341,1764.576,1790278851.858
23342,1764.708,1790278852.064
23343,1764.776,1790278852.143
23344,1764.840,1790278852.229
23345,1764.908,1790278852.347
23346,1764.972,1790278852.432
23347,1765.040,1790278852.525
23348,1765.104,1790278852.643
23349,1765.172,1790278852.727
23350,1765.304,1790278852.939
23351,1765.368,1790278853.023
23352,1765.436,1790278853.115
23353,1765.500,1790278853.186
23354,1765.568,1790278853.319
23355,1765.632,1790278853.412
23356,1765.700,1790278853.478
23357,1765.764,1790278853.601
23358,1765.832,1790278853.704
23359,1765.964,1790278853.897
23360,1766.096,1790278854.056
23361,1766.160,1790278854.170
23362,1766.228,1790278854.275
23363,1766.292,1790278854.339
23364,1766.360,1790278854.449
23365,1766.424,1790278854.544
23366,1766.492,1790278854.610
23367,1766.624,1790278854.816
23368,1766.820,1790278855.113
23369,1766.888,1790278855.183
23370,1766.952,1790278855.272
23371,1767.020,1790278855.411
23372,1767.084,1790278855.477
23373,1767.216,1790278855.680
23374,1767.284,1790278855.754
23375,1767.348,1790278855.833
23376,1767.416,1790278855.963
23377,1767.480,1790278856.038
23378,1767.548,1790278856.127
23379,1767.612,1790278856.248
23380,1767.744,1790278856.408
23381,1767.812,1790278856.527
23382,1767.876,1790278856.595
23383,1767.944,1790278856.686
23384,1768.008,1790278856.804
23385,1768.076,1790278856.883
23386,1768.140,1790278856.971
23387,1768.208,1790278857.090
23388,1768.272,1790278857.165
23389,1768.340,1790278857.252
23390,1768.404,1790278857.372
23391,1768.472,1790278857.457
23392,1768.536,1790278857.542
23393,1768.604,1790278857.657
23394,1768.668,1790278857.742
23395,1768.736,1790278857.833
23396,1768.800,1790278857.901
23397,1768.868,1790278858.040
23398,1768.932,1790278858.130
23399,1769.000,1790278858.212
23400,1769.064,1790278858.337
23401,1769.132,1790278858.442
23402,1769.264,1790278858.629
23403,1769.328,1790278858.719
23404,1769.396,1790278858.785
23405,1769.460,1790278858.898
23406,1769.528,1790278858.989
23407,1769.592,1790278859.052
23408,1769.724,1790278859.256
23409,1769.792,1790278859.321
23410,1769.856,1790278859.431
23411,1769.924,1790278859.534
23412,1769.988,1790278859.592
23413,1770.056,1790278859.709
23414,1770.120,1790278859.810
23415,1770.188,1790278859.884
23416,1770.252,1790278859.976
23417,1770.320,1790278860.104
23418,1770.384,1790278860.174
23419,1770.452,1790278860.269
23420,1770.584,1790278860.476
23421,1770.648,1790278860.561
23422,1770.716,1790278860.701
23423,1770.848,1790278860.863
23424,1770.912,1790278860.981
23425,1770.980,1790278861.066
23426,1771.044,1790278861.156
23427,1771.112,1790278861.295
23428,1771.176,1790278861.376
23429,1771.244,1790278861.462
23430,1771.308,1790278861.609
23431,1771.376,1790278861.699
23432,1771.440,1790278861.792
23433,1771.508,1790278861.923
23434,1771.572,1790278862.016
23435,1771.640,1790278862.106
23436,1771.704,1790278862.240
23437,1771.772,1790278862.332
23438,1771.836,1790278862.430
23439,1772.036,1790278862.760
23440,1772.100,1790278862.834
23441,1772.168,1790278862.974
23442,1772.232,1790278863.078
23443,1772.300,1790278863.154
23444,1772.364,1790278863.293
23445,1772.432,1790278863.397
23446,1772.496,1790278863.474
23447,1772.564,1790278863.613
23448,1772.628,1790278863.714
23449,1772.696,1790278863.783
23450,1772.828,1790278864.032
23451,1772.960,1790278864.255
23452,1773.156,1790278864.569
23453,1773.288,1790278864.748
23454,1773.420,1790278864.983
23455,1773.552,1790278865.151
23456,1773.620,1790278865.286
23457,1773.684,1790278865.372
23458,1773.816,1790278865.591
23459,1773.884,1790278865.684
23460,1774.016,1790278865.932
23461,1774.080,1790278866.017
23462,1774.280,1790278866.335
23463,1774.344,1790278866.439
23464,1774.412,1790278866.573
23465,1774.476,1790278866.653
23466,1774.544,1790278866.746
23467,1774.608,1790278866.886
23468,1774.740,1790278867.056
23469,1774.808,1790278867.176
23470,1774.872,1790278867.254
23471,1774.940,1790278867.344
23472,1775.072,1790278867.547
23473,1775.136,1790278867.629
23474,1775.204,1790278867.742
23475,1775.268,1790278867.829
23476,1775.336,1790278867.910
23477,1775.400,1790278867.969
23478,1775.468,1790278868.087
23479,1775.600,1790278868.234
23480,1775.664,1790278868.347
23481,1775.796,1790278868.512
23482,1775.864,1790278868.637
23483,1775.928,1790278868.733
23484,1775.996,1790278868.797
23485,1776.060,1790278868.916
23486,1776.128,1790278869.016
23487,1776.192,1790278869.079
23488,1776.260,1790278869.205
23489,1776.324,1790278869.299
23490,1776.392,1790278869.372
23491,1776.456,1790278869.484
23492,1776.524,1790278869.588
23493,1776.588,1790278869.656
23494,1776.656,1790278869.769
23495,1776.720,1790278869.866
23496,1776.788,1790278869.933
23497,1776.852,1790278870.017
23498,1776.920,1790278870.128
23499,1776.984,1790278870.193
23500,1777.052,1790278870.269
23501,1777.116,1790278870.378
23502,1777.184,1790278870.460
23503,1777.248,1790278870.546
23504,1777.316,1790278870.672
23505,1777.380,1790278870.736
23506,1777.448,1790278870.810
23507,1777.580,1790278871.017
23508,1777.644,1790278871.099
23509,1777.776,1790278871.301
23510,1777.844,1790278871.384
23511,1777.908,1790278871.503
23512,1777.976,1790278871.584
23513,1778.040,1790278871.669
23514,1778.172,1790278871.871
23515,1778.240,1790278871.965
23516,1778.304,1790278872.078
23517,1778.372,1790278872.162
23518,1778.436,1790278872.246
23519,1778.504,1790278872.368
23520,1778.568,1790278872.456
23521,1778.636,1790278872.554
23522,1778.700,1790278872.622
23523,1778.768,1790278872.756
23524,1778.900,1790278872.928
23525,1778.964,1790278873.061
23526,1779.032,1790278873.160
23527,1779.096,1790278873.233
23528,1779.164,1790278873.365
23529,1779.296,1790278873.517
23530,1779.360,1790278873.633
23531,1779.428,1790278873.739
23532,1779.492,1790278873.813
23533,1779.560,1790278873.928
23534,1779.624,1790278874.024
23535,1779.692,1790278874.088
23536,1779.756,1790278874.210
23537,1779.824,1790278874.308
23538,1779.888,1790278874.374
23539,1779.956,1790278874.492
23540,1780.088,1790278874.656
23541,1780.152,1790278874.738
23542,1780.220,1790278874.855
23543,1780.284,1790278874.923
23544,1780.352,1790278875.005
23545,1780.416,1790278875.116
23546,1780.484,1790278875.182
23547,1780.548,1790278875.263
23548,1780.616,1790278875.392
23549,1780.680,1790278875.463
23550,1780.748,1790278875.545
23551,1780.812,1790278875.672
23552,1780.880,1790278875.742
23553,1780.944,1790278875.819
23554,1781.012,1790278875.942
23555,1781.076,1790278876.017
23556,1781.144,1790278876.104
23557,1781.276,1790278876.297
23558,1781.340,1790278876.375
23559,1781.408,1790278876.494
23560,1781.540,1790278876.653
23561,1781.604,1790278876.776
23562,1781.672,1790278876.856
23563,1781.736,1790278876.942
23564,1781.804,1790278877.065
23565,1781.868,1790278877.151
23566,1781.936,1790278877.247
23567,1782.000,1790278877.322
23568,1782.068,1790278877.470
23569,1782.132,1790278877.568
23570,1782.200,1790278877.638
23571,1782.264,1790278877.764
23572,1782.332,1790278877.869
23573,1782.396,1790278877.941
23574,1782.464,1790278878.056
23575,1782.528,1790278878.155
23576,1782.596,1790278878.219
23577,1782.660,1790278878.344
23578,1782.728,1790278878.436
23579,1782.792,1790278878.498
23580,1782.860,1790278878.611
23581,1782.924,1790278878.711
23582,1783.056,1790278878.905
23583,1783.124,1790278879.008
23584,1783.188,1790278879.078
23585,1783.256,1790278879.207
23586,1783.320,1790278879.332
23587,1783.388,1790278879.418
23588,1783.520,1790278879.648
23589,1783.584,1790278879.725
23590,1783.652,1790278879.812
23591,1783.716,1790278879.939
23592,1783.848,1790278880.100
23593,1783.916,1790278880.241
23594,1783.980,1790278880.322
23595,1784.048,1790278880.407
23596,1784.112,1790278880.532
23597,1784.180,1790278880.611
23598,1784.244,1790278880.696
23599,1784.312,1790278880.842
23600,1784.376,1790278880.920
23601,1784.444,1790278881.018
23602,1784.508,1790278881.156
23603,1784.576,1790278881.244
23604,1784.640,1790278881.336
23605,1784.708,1790278881.481
23606,1784.772,1790278881.566
23607,1784.840,1790278881.666
23608,1784.904,1790278881.801
23609,1784.972,1790278881.894
23610,1785.036,1790278881.994
23611,1785.104,1790278882.134
23612,1785.168,1790278882.233
23613,1785.236,1790278882.331
23614,1785.300,1790278882.400
23615,1785.368,1790278882.532
23616,1785.432,1790278882.631
23617,1785.564,1790278882.832
23618,1785.632,1790278882.924
23619,1785.696,1790278882.992
23620,1785.828,1790278883.229
23621,1785.896,1790278883.311
23622,1785.960,1790278883.441
23623,1786.028,1790278883.545
23624,1786.092,1790278883.615
23625,1786.160,1790278883.752
23626,1786.224,1790278883.858
23627,1786.292,1790278883.932
23628,1786.356,1790278884.069
23629,1786.424,1790278884.172
23630,1786.488,1790278884.241
23631,1786.556,1790278884.387
23632,1786.620,1790278884.493
23633,1786.688,1790278884.574
23634,1786.752,1790278884.667
23635,1786.884,1790278884.886
23636,1786.952,1790278884.979
23637,1787.016,1790278885.123
23638,1787.084,1790278885.207
23639,1787.148,1790278885.298
23640,1787.216,1790278885.448
23641,1787.280,1790278885.533
23642,1787.348,1790278885.622
23643,1787.412,1790278885.759
23644,1787.480,1790278885.847
23645,1787.612,1790278886.093
23646,1787.676,1790278886.179
23647,1787.744,1790278886.270
23648,1787.808,1790278886.401
23649,1787.876,1790278886.481
23650,1787.940,1790278886.568
23651,1788.072,1790278886.752
23652,1788.140,1790278886.841
23653,1788.204,1790278886.963
23654,1788.272,1790278887.046
23655,1788.336,1790278887.132
23656,1788.404,1790278887.249
23657,1788.468,1790278887.331
23658,1788.536,1790278887.422
23659,1788.600,1790278887.485
23660,1788.668,1790278887.595
23661,1788.732,1790278887.681
23662,1788.800,1790278887.746
23663,1788.864,1790278887.853
23664,1788.932,1790278887.948
23665,1788.996,1790278888.010
23666,1789.064,1790278888.125
23667,1789.196,1790278888.283
23668,1789.260,1790278888.392
23669,1789.328,1790278888.497
23670,1789.392,1790278888.567
23671,1789.460,1790278888.682
23672,1789.524,1790278888.778
23673,1789.592,1790278888.841
23674,1789.656,1790278888.958
23675,1789.788,1790278889.118
23676,1789.920,1790278889.336
23677,1789.988,1790278889.412
23678,1790.052,1790278889.498
23679,1790.184,1790278889.688
23680,1790.252,1790278889.774
23681,1790.316,1790278889.898
23682,1790.384,1790278889.965
23683,1790.448,1790278890.052
23684,1790.516,1790278890.173
23685,1790.648,1790278890.321
23686,1790.712,1790278890.447
23687,1790.780,1790278890.522
23688,1790.844,1790278890.600
23689,1790.912,1790278890.722
23690,1790.976,1790278890.798
23691,1791.044,1790278890.887
23692,1791.108,1790278891.001
23693,1791.176,1790278891.078
23694,1791.240,1790278891.161
23695,1791.308,1790278891.279
23696,1791.440,1790278891.443
23697,1791.504,1790278891.563
23698,1791.572,1790278891.651
23699,1791.636,1790278891.731
23700,1791.704,1790278891.851
23701,1791.768,1790278891.951
23702,1791.836,1790278892.051
23703,1791.900,1790278892.122
23704,1792.032,1790278892.355
23705,1792.100,1790278892.421
23706,1792.164,1790278892.550
23707,1792.232,1790278892.654
23708,1792.296,1790278892.727
23709,1792.428,1790278892.941
23710,1792.496,1790278893.011
23711,1792.560,1790278893.125
23712,1792.760,1790278893.393
23713,1792.824,1790278893.486
23714,1792.892,1790278893.550
23715,1792.956,1790278893.676
23716,1793.024,1790278893.773
23717,1793.220,1790278894.044
23718,1793.288,1790278894.112
23719,1793.352,1790278894.193
23720,1793.420,1790278894.303
23721,1793.484,1790278894.374
23722,1793.552,1790278894.453
23723,1793.616,1790278894.563
23724,1793.684,1790278894.650
23725,1793.748,1790278894.731
23726,1793.816,1790278894.852
23727,1793.880,1790278894.923
23728,1794.012,1790278895.121
23729,1794.080,1790278895.196
23730,1794.144,1790278895.275
23731,1794.212,1790278895.398
23732,1794.276,1790278895.471
23733,1794.344,1790278895.547
23734,1794.408,1790278895.687
23735,1794.476,1790278895.765
23736,1794.540,1790278895.838
23737,1794.608,1790278895.956
23738,1794.672,1790278896.036
23739,1794.740,1790278896.122
23740,1794.804,1790278896.244
23741,1794.872,1790278896.327
23742,1795.004,1790278896.554
23743,1795.136,1790278896.738
23744,1795.200,1790278896.800
23745,1795.268,1790278896.922
23746,1795.332,1790278897.019
23747,1795.400,1790278897.082
23748,1795.464,1790278897.208
23749,1795.532,1790278897.295
23750,1795.596,1790278897.355
23751,1795.728,1790278897.562
23752,1795.796,1790278897.629
23753,1795.860,1790278897.756
23754,1795.928,1790278897.850
23755,1795.992,1790278897.911
23756,1796.060,1790278898.017
23757,1796.192,1790278898.174
23758,1796.256,1790278898.277
23759,1796.324,1790278898.377
23760,1796.388,1790278898.440
23761,1796.456,1790278898.569
23762,1796.520,1790278898.680
23763,1796.588,1790278898.756
23764,1796.652,1790278898.843
23765,1796.720,1790278898.978
23766,1796.784,1790278899.053
23767,1796.852,1790278899.143
23768,1796.916,1790278899.280
23769,1796.984,1790278899.359
23770,1797.048,1790278899.444
23771,1797.116,1790278899.573
23772,1797.180,1790278899.649
23773,1797.312,1790278899.880
23774,1797.380,1790278899.957
23775,1797.444,1790278900.045
23776,1797.512,1790278900.189
23777,1797.576,1790278900.273
23778,1797.644,1790278900.359
23779,1797.708,1790278900.496
23780,1797.776,1790278900.585
23781,1797.840,1790278900.684
23782,1797.972,1790278900.908
23783,1798.040,1790278900.999
23784,1798.104,1790278901.138
23785,1798.172,1790278901.232
23786,1798.236,1790278901.324
23787,1798.304,1790278901.465
23788,1798.500,1790278901.718
23789,1798.568,1790278901.843
23790,1798.632,1790278901.957
23791,1798.700,1790278902.026
23792,1798.764,1790278902.148
23793,1798.832,1790278902.244
23794,1798.896,1790278902.311
23795,1798.964,1790278902.445
23796,1799.028,1790278902.542
23797,1799.096,1790278902.619
23798,1799.228,1790278902.857
23799,1799.292,1790278902.932
23800,1799.360,1790278903.066
23801,1799.424,1790278903.166
23802,1799.492,1790278903.242
23803,1799.556,1790278903.374
23804,1799.624,1790278903.480
23805,1799.688,1790278903.549
23806,1799.756,1790278903.677
23807,1799.820,1790278903.776
23808,1799.888,1790278903.849
23809,1799.952,1790278903.945
23810,1800.084,1790278904.152
23811,1800.152,1790278904.241
23812,1800.216,1790278904.372
23813,1800.284,1790278904.452
23814,1800.348,1790278904.538
23815,1800.416,1790278904.671
23816,1800.480,1790278904.752
23817,1800.680,1790278905.061
23818,1800.812,1790278905.280
23819,1800.876,1790278905.370
23820,1800.944,1790278905.461
23821,1801.008,1790278905.579
23822,1801.076,1790278905.651
23823,1801.140,1790278905.735
23824,1801.208,1790278905.854
23825,1801.340,1790278906.016
23826,1801.404,1790278906.128
23827,1801.472,1790278906.209
23828,1801.536,1790278906.291
23829,1801.604,1790278906.406
23830,1801.668,1790278906.488
23831,1801.736,1790278906.577
23832,1801.800,1790278906.635
23833,1801.868,1790278906.751
23834,1801.932,1790278906.839
23835,1802.000,1790278906.906
23836,1802.064,1790278907.012
23837,1802.132,1790278907.099
23838,1802.196,1790278907.163
23839,1802.264,1790278907.282
23840,1802.328,1790278907.387
23841,1802.396,1790278907.452
23842,1802.460,1790278907.581
23843,1802.528,1790278907.671
23844,1802.592,1790278907.737
23845,1802.660,1790278907.859
23846,1802.724,1790278907.955
23847,1802.792,1790278908.021
23848,1802.856,1790278908.139
23849,1802.924,1790278908.241
23850,1802.988,1790278908.307
23851,1803.056,1790278908.420
23852,1803.188,1790278908.594
23853,1803.252,1790278908.674
23854,1803.320,1790278908.794
23855,1803.384,1790278908.854
23856,1803.452,1790278908.923
23857,1803.516,1790278909.049
23858,1803.584,1790278909.123
23859,1803.648,1790278909.210
23860,1803.716,1790278909.329
23861,1803.780,1790278909.400
23862,1803.848,1790278909.484
23863,1803.980,1790278909.676
23864,1804.044,1790278909.750
23865,1804.112,1790278909.870
23866,1804.176,1790278909.950
23867,1804.308,1790278910.158
23868,1804.376,1790278910.238
23869,1804.508,1790278910.444
23870,1804.572,1790278910.522
23871,1804.640,1790278910.609
23872,1804.704,1790278910.724
23873,1804.772,1790278910.804
23874,1804.836,1790278910.903
23875,1804.904,1790278911.047
23876,1804.968,1790278911.149
23877,1805.036,1790278911.249
23878,1805.100,1790278911.318
23879,1805.168,1790278911.443
23880,1805.232,1790278911.548
23881,1805.364,1790278911.746
23882,1805.432,1790278911.837
23883,1805.496,1790278911.906
23884,1805.564,1790278912.034
23885,1805.628,1790278912.117
23886,1805.696,1790278912.188
23887,1805.760,1790278912.305
23888,1805.828,1790278912.389
23889,1805.892,1790278912.452
23890,1805.960,1790278912.570
23891,1806.024,1790278912.691
23892,1806.224,1790278912.973
23893,1806.356,1790278913.158
23894,1806.488,1790278913.349
23895,1806.552,1790278913.437
23896,1806.620,1790278913.591
23897,1806.684,1790278913.667
23898,1806.752,1790278913.759
23899,1806.816,1790278913.887
23900,1806.948,1790278914.053
23901,1807.016,1790278914.272
23902,1807.148,1790278914.373
23903,1807.212,1790278914.517
23904,1807.280,1790278914.605
23905,1807.344,1790278914.706
23906,1807.412,1790278914.829
23907,1807.476,1790278914.906
23908,1807.544,1790278914.988
23909,1807.608,1790278915.109
23910,1807.676,1790278915.187
23911,1807.740,1790278915.275
23912,1807.808,1790278915.396
23913,1807.872,1790278915.469
23914,1807.940,1790278915.550
23915,1808.004,1790278915.668
23916,1808.072,1790278915.753
23917,1808.136,1790278915.834
23918,1808.204,1790278915.947
23919,1808.268,1790278916.033
23920,1808.336,1790278916.128
23921,1808.400,1790278916.195
23922,1808.468,1790278916.331
23923,1808.532,1790278916.416
23924,1808.600,1790278916.483
23925,1808.664,1790278916.607
23926,1808.732,1790278916.705
23927,1808.796,1790278916.775
23928,1808.864,1790278916.908
23929,1808.928,1790278917.002
23930,1808.996,1790278917.074
23931,1809.060,1790278917.200
23932,1809.128,1790278917.302
23933,1809.192,1790278917.374
23934,1809.260,1790278917.500
23935,1809.324,1790278917.602
23936,1809.392,1790278917.672
23937,1809.456,1790278917.803
23938,1809.524,1790278917.919
23939,1809.588,1790278917.989
23940,1809.656,1790278918.120
23941,1809.720,1790278918.218
23942,1809.788,1790278918.295
23943,1809.852,1790278918.385
23944,1809.920,1790278918.512
23945,1809.984,1790278918.594
23946,1810.052,1790278918.689
23947,1810.116,1790278918.815
23948,1810.184,1790278918.893
23949,1810.248,1790278918.979
23950,1810.316,1790278919.107
23951,1810.380,1790278919.186
23952,1810.448,1790278919.275
23953,1810.512,1790278919.411
23954,1810.580,1790278919.499
23955,1810.644,1790278919.587
23956,1810.776,1790278919.806
23957,1810.844,1790278919.895
23958,1810.908,1790278920.033
23959,1810.976,1790278920.113
23960,1811.108,1790278920.346
23961,1811.172,1790278920.440
23962,1811.240,1790278920.533
23963,1811.304,1790278920.668
23964,1811.372,1790278920.756
23965,1811.436,1790278920.849
23966,1811.568,1790278921.077
23967,1811.700,1790278921.256
23968,1811.768,1790278921.388
23969,1811.832,1790278921.494
23970,1811.900,1790278921.566
23971,1811.964,1790278921.699
23972,1812.032,1790278921.794
23973,1812.096,1790278921.867
23974,1812.164,1790278921.996
23975,1812.228,1790278922.092
23976,1812.296,1790278922.158
23977,1812.360,1790278922.268
23978,1812.428,1790278922.355
23979,1812.560,1790278922.534
23980,1812.624,1790278922.630
23981,1812.692,1790278922.702
23982,1812.756,1790278922.810
23983,1812.824,1790278922.902
23984,1812.956,1790278923.086
23985,1813.088,1790278923.266
23986,1813.152,1790278923.356
23987,1813.220,1790278923.497
23988,1813.284,1790278923.563
23989,1813.352,1790278923.654
23990,1813.416,1790278923.789
23991,1813.484,1790278923.875
23992,1813.616,1790278924.080
23993,1813.680,1790278924.159
23994,1813.748,1790278924.240
23995,1813.812,1790278924.367
23996,1813.880,1790278924.451
23997,1813.944,1790278924.544
23998,1814.012,1790278924.670
23999,1814.076,1790278924.751
24000,1814.144,1790278924.839
24001,1814.208,1790278924.959
24002,1814.276,1790278925.040
24003,1814.340,1790278925.116
24004,1814.408,1790278925.231
24005,1814.472,1790278925.310
24006,1814.540,1790278925.390
24007,1814.604,1790278925.523
24008,1814.672,1790278925.614
24009,1814.736,1790278925.707
24010,1814.804,1790278925.850
24011,1814.868,1790278925.950
24012,1814.936,1790278926.043
24013,1815.000,1790278926.117
24014,1815.068,1790278926.249
24015,1815.132,1790278926.346
24016,1815.200,1790278926.418
24017,1815.264,1790278926.563
24018,1815.332,1790278926.666
24019,1815.396,1790278926.730
24020,1815.464,1790278926.864
24021,1815.528,1790278926.964
24022,1815.596,1790278927.029
24023,1815.660,1790278927.155
24024,1815.728,1790278927.250
24025,1815.792,1790278927.311
24026,1815.860,1790278927.422
24027,1815.924,1790278927.510
24028,1815.992,1790278927.575
24029,1816.056,1790278927.700
24030,1816.124,1790278927.801
24031,1816.188,1790278927.863
24032,1816.256,1790278927.971
24033,1816.320,1790278928.065
24034,1816.388,1790278928.134
24035,1816.452,1790278928.221
24036,1816.520,1790278928.343
24037,1816.652,1790278928.503
24038,1816.716,1790278928.647
24039,1816.784,1790278928.716
24040,1816.848,1790278928.807
24041,1816.916,1790278928.936
24042,1816.980,1790278929.019
24043,1817.048,1790278929.111
24044,1817.112,1790278929.247
24045,1817.180,1790278929.325
24046,1817.312,1790278929.540
24047,1817.376,1790278929.629
24048,1817.508,1790278929.857
24049,1817.576,1790278929.938
24050,1817.708,1790278930.158
24051,1817.772,1790278930.247
24052,1817.840,1790278930.334
24053,1817.904,1790278930.461
24054,1817.972,1790278930.547
24055,1818.036,1790278930.633
24056,1818.104,1790278930.777
24057,1818.168,1790278930.863
24058,1818.236,1790278930.953
24059,1818.300,1790278931.024
24060,1818.368,1790278931.154
24061,1818.432,1790278931.254
24062,1818.500,1790278931.323
24063,1818.564,1790278931.455
24064,1818.632,1790278931.553
24065,1818.696,1790278931.628
24066,1818.764,1790278931.763
24067,1818.828,1790278931.865
24068,1818.896,1790278931.937
24069,1818.960,1790278932.080
24070,1819.092,1790278932.264
24071,1819.224,1790278932.493
24072,1819.292,1790278932.566
24073,1819.356,1790278932.695
24074,1819.424,1790278932.805
24075,1819.488,1790278932.871
24076,1819.556,1790278933.012
24077,1819.620,1790278933.136
24078,1819.688,1790278933.217
24079,1819.752,1790278933.312
24080,1819.820,1790278933.431
24081,1819.884,1790278933.505
24082,1819.952,1790278933.600
24083,1820.084,1790278933.836
24084,1820.148,1790278933.921
24085,1820.280,1790278934.129
24086,1820.348,1790278934.216
24087,1820.412,1790278934.340
24088,1820.480,1790278934.423
24089,1820.612,1790278934.644
24090,1820.744,1790278934.816
24091,1820.808,1790278934.963
24092,1820.876,1790278935.049
24093,1820.940,1790278935.134
24094,1821.008,1790278935.259
24095,1821.072,1790278935.342
24096,1821.272,1790278935.653
24097,1821.336,1790278935.748
24098,1821.404,1790278935.877
24099,1821.468,1790278935.967
24100,1821.536,1790278936.064
24101,1821.600,1790278936.136
24102,1821.668,1790278936.261
24103,1821.732,1790278936.356
24104,1821.800,1790278936.425
24105,1821.932,1790278936.643
24106,1821.996,1790278936.712
24107,1822.064,1790278936.841
24108,1822.128,1790278936.950
24109,1822.196,1790278937.019
24110,1822.260,1790278937.148
24111,1822.328,1790278937.248
24112,1822.392,1790278937.318
24113,1822.460,1790278937.446
24114,1822.524,1790278937.553
24115,1822.592,1790278937.623
24116,1822.656,1790278937.759
24117,1822.724,1790278937.866
24118,1822.788,1790278937.942
24119,1822.856,1790278938.071
24120,1822.920,1790278938.173
24121,1822.988,1790278938.244
24122,1823.052,1790278938.331
24123,1823.316,1790278938.737
24124,1823.384,1790278938.817
24125,1823.448,1790278938.907
24126,1823.516,1790278939.057
24127,1823.580,1790278939.139
24128,1823.648,1790278939.229
24129,1823.712,1790278939.359
24130,1823.780,1790278939.452
24131,1823.844,1790278939.550
24132,1823.976,1790278939.775
24133,1824.044,1790278939.860
24134,1824.176,1790278940.078
24135,1824.240,1790278940.168
24136,1824.308,1790278940.303
24137,1824.440,1790278940.479
24138,1824.504,1790278940.600
24139,1824.572,1790278940.699
24140,1824.636,1790278940.790
24141,1824.768,1790278941.014
24142,1824.836,1790278941.118
24143,1824.900,1790278941.191
24144,1824.968,1790278941.325
24145,1825.032,1790278941.420
24146,1825.100,1790278941.487
24147,1825.164,1790278941.611
24148,1825.296,1790278941.786
24149,1825.364,1790278941.928
24150,1825.428,1790278942.023
24151,1825.496,1790278942.095
24152,1825.560,1790278942.220
24153,1825.628,1790278942.324
24154,1825.692,1790278942.399
24155,1825.760,1790278942.529
24156,1825.824,1790278942.625
24157,1825.892,1790278942.707
24158,1825.956,1790278942.838
24159,1826.088,1790278943.006
24160,1826.156,1790278943.150
24161,1826.220,1790278943.256
24162,1826.288,1790278943.327
24163,1826.352,1790278943.409
24164,1826.420,1790278943.536
24165,1826.484,1790278943.622
24166,1826.552,1790278943.711
24167,1826.616,1790278943.841
24168,1826.684,1790278943.928
24169,1826.748,1790278944.007
24170,1826.816,1790278944.141
24171,1826.948,1790278944.307
24172,1827.012,1790278944.435
24173,1827.080,1790278944.515
24174,1827.144,1790278944.607
24175,1827.212,1790278944.742
24176,1827.276,1790278944.826
24177,1827.344,1790278944.915
24178,1827.408,1790278945.039
24179,1827.476,1790278945.125
24180,1827.540,1790278945.222
24181,1827.608,1790278945.351
24182,1827.672,1790278945.437
24183,1827.740,1790278945.530
24184,1827.804,1790278945.652
24185,1827.936,1790278945.831
24186,1828.004,1790278945.959
24187,1828.068,1790278946.050
24188,1828.136,1790278946.142
24189,1828.200,1790278946.212
24190,1828.268,1790278946.339
24191,1828.332,1790278946.427
24192,1828.400,1790278946.496
24193,1828.532,1790278946.737
24194,1828.596,1790278946.801
24195,1828.664,1790278946.936
24196,1828.728,1790278947.044
24197,1828.796,1790278947.117
24198,1828.860,1790278947.255
24199,1828.928,1790278947.354
24200,1828.992,1790278947.425
24201,1829.060,1790278947.572
24202,1829.124,1790278947.672
24203,1829.192,1790278947.739
24204,1829.256,1790278947.877
24205,1829.324,1790278947.978
24206,1829.456,1790278948.177
24207,1829.588,1790278948.374
24208,1829.652,1790278948.471
24209,1829.784,1790278948.682
24210,1829.852,1790278948.762
24211,1829.916,1790278948.897
24212,1829.984,1790278948.980
24213,1830.116,1790278949.195
24214,1830.248,1790278949.375
24215,1830.312,1790278949.515
24216,1830.380,1790278949.594
24217,1830.444,1790278949.692
24218,1830.512,1790278949.820
24219,1830.576,1790278949.902
24220,1830.644,1790278949.991
24221,1830.708,1790278950.125
24222,1830.776,1790278950.207
24223,1830.840,1790278950.301
24224,1830.908,1790278950.434
24225,1830.972,1790278950.517
24226,1831.040,1790278950.613
24227,1831.104,1790278950.739
24228,1831.172,1790278950.829
24229,1831.236,1790278950.920
24230,1831.304,1790278951.047
24231,1831.436,1790278951.228
24232,1831.500,1790278951.294
24233,1831.568,1790278951.427
24234,1831.632,1790278951.519
24235,1831.700,1790278951.588
24236,1831.764,1790278951.718
24237,1831.832,1790278951.810
24238,1831.896,1790278951.876
24239,1831.964,1790278952.002
24240,1832.028,1790278952.104
24241,1832.160,1790278952.320
24242,1832.228,1790278952.437
24243,1832.292,1790278952.509
24244,1832.360,1790278952.637
24245,1832.424,1790278952.751
24246,1832.492,1790278952.823
24247,1832.556,1790278952.965
24248,1832.624,1790278953.073
24249,1832.688,1790278953.148
24250,1832.756,1790278953.278
24251,1832.820,1790278953.386
24252,1832.888,1790278953.465
24253,1832.952,1790278953.560
24254,1833.020,1790278953.698
24255,1833.084,1790278953.777
24256,1833.152,1790278953.857
24257,1833.284,1790278954.066
24258,1833.416,1790278954.291
24259,1833.480,1790278954.378
24260,1833.548,1790278954.481
24261,1833.612,1790278954.620
24262,1833.680,1790278954.702
24263,1833.744,1790278954.799
24264,1833.812,1790278954.936
24265,1833.944,1790278955.120
24266,1834.008,1790278955.249
24267,1834.076,1790278955.330
24268,1834.140,1790278955.422
24269,1834.208,1790278955.550
24270,1834.272,1790278955.632
24271,1834.340,1790278955.722
24272,1834.404,1790278955.838
24273,1834.536,1790278955.994
24274,1834.668,1790278956.189
24275,1834.736,1790278956.273
24276,1834.800,1790278956.333
24277,1834.868,1790278956.462
24278,1834.932,1790278956.565
24279,1835.000,1790278956.635
24280,1835.064,1790278956.761
24281,1835.132,1790278956.861
24282,1835.196,1790278956.923
24283,1835.264,1790278957.061
24284,1835.328,1790278957.162
24285,1835.396,1790278957.231
24286,1835.460,1790278957.347
24287,1835.528,1790278957.437
24288,1835.592,1790278957.499
24289,1835.660,1790278957.621
24290,1835.724,1790278957.716
24291,1835.792,1790278957.779
24292,1835.856,1790278957.884
24293,1835.924,1790278957.984
24294,1835.988,1790278958.043
24295,1836.056,1790278958.152
24296,1836.120,1790278958.251
24297,1836.188,1790278958.317
24298,1836.252,1790278958.395
24299,1836.320,1790278958.501
24300,1836.384,1790278958.576
24301,1836.452,1790278958.665
24302,1836.516,1790278958.787
24303,1836.584,1790278958.869
24304,1836.716,1790278959.087
24305,1836.780,1790278959.169
24306,1836.912,1790278959.380
24307,1836.980,1790278959.463
24308,1837.044,1790278959.553
24309,1837.176,1790278959.760
24310,1837.244,1790278959.843
24311,1837.308,1790278959.968
24312,1837.376,1790278960.047
24313,1837.440,1790278960.122
24314,1837.640,1790278960.397
24315,1837.704,1790278960.516
24316,1837.772,1790278960.601
24317,1837.836,1790278960.692
24318,1837.968,1790278960.895
24319,1838.036,1790278960.981
24320,1838.100,1790278961.050
24321,1838.232,1790278961.238
24322,1838.300,1790278961.303
24323,1838.364,1790278961.415
24324,1838.432,1790278961.510
24325,1838.496,1790278961.572
24326,1838.564,1790278961.711
24327,1838.628,1790278961.796
24328,1838.696,1790278961.862
24329,1838.760,1790278961.988
24330,1838.828,1790278962.081
24331,1838.892,1790278962.141
24332,1839.024,1790278962.352
24333,1839.092,1790278962.414
24334,1839.156,1790278962.531
24335,1839.224,1790278962.626
24336,1839.288,1790278962.696
24337,1839.356,1790278962.816
24338,1839.420,1790278962.912
24339,1839.488,1790278962.981
24340,1839.552,1790278963.063
24341,1839.620,1790278963.167
24342,1839.684,1790278963.230
24343,1839.752,1790278963.313
24344,1839.816,1790278963.423
24345,1839.884,1790278963.491
24346,1839.948,1790278963.565
24347,1840.016,1790278963.688
24348,1840.080,1790278963.764
24349,1840.148,1790278963.845
24350,1840.212,1790278963.968
24351,1840.280,1790278964.044
24352,1840.344,1790278964.121
24353,1840.412,1790278964.244
24354,1840.476,1790278964.319
24355,1840.544,1790278964.396
24356,1840.608,1790278964.523
24357,1840.676,1790278964.600
24358,1840.808,1790278964.802
24359,1840.872,1790278964.882
24360,1841.004,1790278965.083
24361,1841.072,1790278965.164
24362,1841.136,1790278965.253
24363,1841.204,1790278965.367
24364,1841.268,1790278965.447
24365,1841.336,1790278965.532
24366,1841.400,1790278965.596
24367,1841.468,1790278965.713
24368,1841.532,1790278965.795
24369,1841.600,1790278965.860
24370,1841.664,1790278965.974
24371,1841.732,1790278966.067
24372,1841.796,1790278966.132
24373,1841.928,1790278966.328
24374,1841.996,1790278966.397
24375,1842.060,1790278966.502
24376,1842.128,1790278966.600
24377,1842.192,1790278966.671
24378,1842.260,1790278966.784
24379,1842.324,1790278966.884
24380,1842.392,1790278966.954
24381,1842.456,1790278967.067
24382,1842.524,1790278967.158
24383,1842.588,1790278967.224
24384,1842.656,1790278967.337
24385,1842.720,1790278967.429
24386,1842.788,1790278967.499
24387,1842.852,1790278967.575
24388,1842.920,1790278967.690
24389,1842.984,1790278967.757
24390,1843.052,1790278967.834
24391,1843.116,1790278967.947
24392,1843.184,1790278968.022
24393,1843.248,1790278968.101
24394,1843.316,1790278968.224
24395,1843.380,1790278968.297
24396,1843.448,1790278968.375
24397,1843.512,1790278968.489
24398,1843.580,1790278968.574
24399,1843.644,1790278968.651
24400,1843.712,1790278968.768
24401,1843.776,1790278968.841
24402,1843.844,1790278968.923
24403,1843.908,1790278969.039
24404,1843.976,1790278969.124
24405,1844.040,1790278969.215
24406,1844.108,1790278969.334
24407,1844.172,1790278969.413
24408,1844.240,1790278969.489
24409,1844.304,1790278969.611
24410,1844.372,1790278969.703
24411,1844.436,1790278969.788
24412,1844.568,1790278969.988
24413,1844.636,1790278970.080
24414,1844.700,1790278970.141
24415,1844.768,1790278970.253
24416,1844.832,1790278970.343
24417,1844.900,1790278970.407
24418,1844.964,1790278970.531
24419,1845.032,1790278970.621
24420,1845.096,1790278970.683
24421,1845.164,1790278970.801
24422,1845.228,1790278970.893
24423,1845.296,1790278970.969
24424,1845.360,1790278971.079
24425,1845.428,1790278971.175
24426,1845.492,1790278971.238
24427,1845.624,1790278971.441
24428,1845.692,1790278971.512
24429,1845.756,1790278971.640
24430,1845.824,1790278971.736
24431,1845.888,1790278971.800
24432,1845.956,1790278971.912
24433,1846.020,1790278972.018
24434,1846.088,1790278972.087
24435,1846.220,1790278972.275
24436,1846.284,1790278972.347
24437,1846.352,1790278972.427
24438,1846.416,1790278972.536
24439,1846.484,1790278972.602
24440,1846.548,1790278972.676
24441,1846.616,1790278972.798
24442,1846.680,1790278972.869
24443,1846.748,1790278972.947
24444,1846.812,1790278973.065
24445,1846.880,1790278973.144
24446,1846.944,1790278973.228
24447,1847.012,1790278973.344
24448,1847.076,1790278973.413
24449,1847.144,1790278973.492
24450,1847.276,1790278973.703
24451,1847.340,1790278973.784
24452,1847.408,1790278973.903
24453,1847.472,1790278973.978
24454,1847.540,1790278974.070
24455,1847.604,1790278974.190
24456,1847.736,1790278974.356
24457,1847.804,1790278974.478
24458,1847.868,1790278974.558
24459,1847.936,1790278974.641
24460,1848.068,1790278974.823
24461,1848.132,1790278974.910
24462,1848.200,1790278974.969
24463,1848.332,1790278975.170
24464,1848.396,1790278975.235
24465,1848.464,1790278975.360
24466,1848.528,1790278975.463
24467,1848.596,1790278975.528
24468,1848.660,1790278975.654
24469,1848.728,1790278975.746
24470,1848.860,1790278975.956
24471,1848.924,1790278976.056
24472,1848.992,1790278976.144
24473,1849.056,1790278976.265
24474,1849.124,1790278976.362
24475,1849.188,1790278976.430
24476,1849.256,1790278976.550
24477,1849.320,1790278976.646
24478,1849.388,1790278976.725
24479,1849.452,1790278976.808
24480,1849.520,1790278976.920
24481,1849.584,1790278976.984
24482,1849.652,1790278977.066
24483,1849.784,1790278977.244
24484,1849.848,1790278977.322
24485,1849.916,1790278977.448
24486,1850.048,1790278977.593
24487,1850.112,1790278977.721
24488,1850.180,1790278977.793
24489,1850.244,1790278977.874
24490,1850.312,1790278977.992
24491,1850.376,1790278978.078
24492,1850.444,1790278978.169
24493,1850.508,1790278978.305
24494,1850.576,1790278978.387
24495,1850.640,1790278978.460
24496,1850.840,1790278978.748
24497,1850.904,1790278978.868
24498,1851.036,1790278979.029
24499,1851.104,1790278979.153
24500,1851.168,1790278979.237
24501,1851.236,1790278979.327
24502,1851.300,1790278979.387
24503,1851.368,1790278979.503
24504,1851.432,1790278979.584
24505,1851.500,1790278979.658
24506,1851.564,1790278979.768
24507,1851.632,1790278979.855
24508,1851.696,1790278979.915
24509,1851.764,1790278980.030
24510,1851.896,1790278980.186
24511,1852.028,1790278980.409
24512,1852.092,1790278980.476
24513,1852.224,1790278980.688
24514,1852.292,1790278980.753
24515,1852.356,1790278980.865
24516,1852.424,1790278980.963
24517,1852.488,1790278981.024
24518,1852.556,1790278981.136
24519,1852.620,1790278981.228
24520,1852.688,1790278981.311
24521,1852.752,1790278981.389
24522,1852.820,1790278981.496
24523,1852.884,1790278981.558
24524,1852.952,1790278981.644
24525,1853.084,1790278981.827
24526,1853.148,1790278981.902
24527,1853.216,1790278982.028
24528,1853.280,1790278982.107
24529,1853.348,1790278982.188
24530,1853.412,1790278982.310
24531,1853.480,1790278982.379
24532,1853.612,1790278982.573
24533,1853.676,1790278982.646
24534,1853.808,1790278982.835
24535,1853.876,1790278982.910
24536,1853.940,1790278982.995
24537,1854.008,1790278983.115
24538,1854.072,1790278983.199
24539,1854.140,1790278983.284
24540,1854.204,1790278983.398
24541,1854.272,1790278983.484
24542,1854.336,1790278983.569
24543,1854.404,1790278983.687
24544,1854.468,1790278983.772
24545,1854.536,1790278983.857
24546,1854.600,1790278983.916
24547,1854.668,1790278984.026
24548,1854.732,1790278984.116
24549,1854.800,1790278984.181
24550,1855.064,1790278984.581
24551,1855.128,1790278984.678
24552,1855.260,1790278984.855
24553,1855.328,1790278984.951
24554,1855.392,1790278985.010
24555,1855.460,1790278985.115
24556,1855.524,1790278985.209
24557,1855.592,1790278985.274
24558,1855.724,1790278985.476
24559,1855.788,1790278985.543
24560,1855.856,1790278985.661
24561,1855.920,1790278985.765
24562,1855.988,1790278985.828
24563,1856.052,1790278985.918
24564,1856.120,1790278986.032
24565,1856.184,1790278986.099
24566,1856.252,1790278986.189
24567,1856.384,1790278986.362
24568,1856.448,1790278986.446
24569,1856.516,1790278986.574
24570,1856.580,1790278986.639
24571,1856.648,1790278986.721
24572,1856.712,1790278986.845
24573,1856.780,1790278986.925
24574,1856.844,1790278987.002
24575,1856.912,1790278987.119
24576,1856.976,1790278987.185
24577,1857.044,1790278987.269
24578,1857.108,1790278987.391
24579,1857.176,1790278987.464
24580,1857.240,1790278987.539
24581,1857.308,1790278987.656
24582,1857.372,1790278987.731
24583,1857.440,1790278987.819
24584,1857.572,1790278988.026
24585,1857.636,1790278988.108
24586,1857.704,1790278988.229
24587,1857.768,1790278988.305
24588,1857.836,1790278988.397
24589,1857.900,1790278988.458
24590,1858.032,1790278988.663
24591,1858.100,1790278988.726
24592,1858.164,1790278988.849
24593,1858.232,1790278988.941
24594,1858.296,1790278989.003
24595,1858.428,1790278989.217
24596,1858.496,1790278989.284
24597,1858.560,1790278989.401
24598,1858.628,1790278989.513
24599,1858.692,1790278989.585
24600,1858.760,1790278989.704
24601,1858.892,1790278989.867
24602,1858.956,1790278989.979
24603,1859.024,1790278990.078
24604,1859.088,1790278990.140
24605,1859.156,1790278990.251
24606,1859.220,1790278990.355
24607,1859.288,1790278990.422
24608,1859.352,1790278990.507
24609,1859.420,1790278990.628
24610,1859.484,1790278990.702
24611,1859.552,1790278990.776
24612,1859.684,1790278990.954
24613,1859.816,1790278991.147
24614,1859.880,1790278991.219
24615,1859.948,1790278991.299
24616,1860.012,1790278991.419
24617,1860.080,1790278991.507
24618,1860.144,1790278991.589
24619,1860.212,1790278991.705
24620,1860.276,1790278991.773
24621,1860.344,1790278991.854
24622,1860.408,1790278991.973
24623,1860.540,1790278992.132
24624,1860.608,1790278992.247
24625,1860.672,1790278992.324
24626,1860.740,1790278992.408
24627,1860.872,1790278992.602
24628,1860.936,1790278992.685
24629,1861.068,1790278992.889
24630,1861.136,1790278992.980
24631,1861.200,1790278993.043
24632,1861.268,1790278993.154
24633,1861.332,1790278993.232
24634,1861.400,1790278993.297
24635,1861.464,1790278993.399
24636,1861.596,1790278993.550
24637,1861.664,1790278993.669
24638,1861.796,1790278993.830
24639,1861.860,1790278993.937
24640,1861.928,1790278994.021
24641,1861.992,1790278994.087
24642,1862.060,1790278994.195
24643,1862.192,1790278994.359
24644,1862.256,1790278994.465
24645,1862.324,1790278994.563
24646,1862.388,1790278994.632
24647,1862.456,1790278994.757
24648,1862.520,1790278994.853
24649,1862.588,1790278994.918
24650,1862.652,1790278994.998
24651,1862.852,1790278995.258
24652,1862.916,1790278995.369
24653,1862.984,1790278995.444
24654,1863.048,1790278995.523
24655,1863.116,1790278995.637
24656,1863.180,1790278995.728
24657,1863.248,1790278995.797
24658,1863.312,1790278995.917
24659,1863.380,1790278995.992
24660,1863.444,1790278996.074
24661,1863.512,1790278996.186
24662,1863.576,1790278996.268
24663,1863.644,1790278996.351
24664,1863.708,1790278996.476
24665,1863.776,1790278996.557
24666,1863.840,1790278996.638
24667,1863.908,1790278996.755
24668,1864.040,1790278996.910
24669,1864.104,1790278997.023
24670,1864.172,1790278997.109
24671,1864.236,1790278997.200
24672,1864.304,1790278997.316
24673,1864.368,1790278997.400
24674,1864.436,1790278997.485
24675,1864.500,1790278997.546
24676,1864.568,1790278997.650
24677,1864.632,1790278997.740
24678,1864.700,1790278997.803
24679,1864.764,1790278997.915
24680,1864.896,1790278998.061
24681,1864.964,1790278998.171
24682,1865.028,1790278998.256
24683,1865.096,1790278998.324
24684,1865.160,1790278998.443
24685,1865.228,1790278998.536
24686,1865.360,1790278998.711
24687,1865.424,1790278998.808
24688,1865.492,1790278998.877
24689,1865.556,1790278998.994
24690,1865.624,1790278999.093
24691,1865.688,1790278999.156
24692,1865.756,1790278999.273
24693,1865.820,1790278999.368
24694,1865.888,1790278999.442
24695,1865.952,1790278999.522
24696,1866.020,1790278999.633
24697,1866.084,1790278999.703
24698,1866.152,1790278999.790
24699,1866.216,1790278999.908
24700,1866.284,1790278999.980
24701,1866.348,1790279000.062
24702,1866.416,1790279000.195
24703,1866.480,1790279000.273
24704,1866.548,1790279000.358
24705,1866.612,1790279000.485
24706,1866.680,1790279000.571
24707,1866.744,1790279000.654
24708,1866.812,1790279000.791
24709,1866.876,1790279000.872
24710,1866.944,1790279000.955
24711,1867.076,1790279001.186
24712,1867.140,1790279001.275
24713,1867.208,1790279001.405
24714,1867.340,1790279001.585
24715,1867.472,1790279001.803
24716,1867.536,1790279001.898
24717,1867.604,1790279002.033
24718,1867.668,1790279002.122
24719,1867.736,1790279002.213
24720,1867.800,1790279002.276
24721,1867.932,1790279002.492
24722,1868.000,1790279002.573
24723,1868.064,1790279002.702
24724,1868.132,1790279002.795
24725,1868.196,1790279002.868
24726,1868.264,1790279003.000
24727,1868.328,1790279003.090
24728,1868.396,1790279003.159
24729,1868.460,1790279003.282
24730,1868.528,1790279003.384
24731,1868.592,1790279003.451
24732,1868.724,1790279003.675
24733,1868.792,1790279003.743
24734,1868.856,1790279003.870
24735,1868.924,1790279003.974
24736,1868.988,1790279004.046
24737,1869.056,1790279004.172
24738,1869.120,1790279004.281
24739,1869.188,1790279004.361
24740,1869.252,1790279004.449
24741,1869.320,1790279004.576
24742,1869.384,1790279004.654
24743,1869.516,1790279004.872
24744,1869.584,1790279004.948
24745,1869.648,1790279005.044
24746,1869.716,1790279005.180
24747,1869.780,1790279005.263
24748,1869.848,1790279005.354
24749,1869.912,1790279005.491
24750,1869.980,1790279005.573
24751,1870.044,1790279005.658
24752,1870.112,1790279005.782
24753,1870.176,1790279005.863
24754,1870.244,1790279005.947
24755,1870.376,1790279006.159
24756,1870.440,1790279006.249
24757,1870.508,1790279006.369
24758,1870.572,1790279006.452
24759,1870.640,1790279006.538
24760,1870.704,1790279006.660
24761,1870.772,1790279006.758
24762,1870.836,1790279006.855
24763,1870.904,1790279006.981
24764,1870.968,1790279007.074
24765,1871.036,1790279007.164
24766,1871.100,1790279007.235
24767,1871.168,1790279007.369
24768,1871.232,1790279007.469
24769,1871.300,1790279007.542
24770,1871.364,1790279007.666
24771,1871.432,1790279007.764
24772,1871.496,1790279007.839
24773,1871.564,1790279007.970
24774,1871.628,1790279008.070
24775,1871.696,1790279008.139
24776,1871.760,1790279008.275
24777,1871.828,1790279008.366
24778,1871.892,1790279008.433
24779,1871.960,1790279008.562
24780,1872.024,1790279008.662
24781,1872.092,1790279008.742
24782,1872.156,1790279008.873
24783,1872.224,1790279008.977
24784,1872.356,1790279009.187
24785,1872.420,1790279009.295
24786,1872.488,1790279009.367
24787,1872.552,1790279009.453
24788,1872.620,1790279009.589
24789,1872.684,1790279009.660
24790,1872.816,1790279009.863
24791,1872.884,1790279009.949
24792,1872.948,1790279010.031
24793,1873.016,1790279010.164
24794,1873.080,1790279010.242
24795,1873.148,1790279010.318
24796,1873.212,1790279010.449
24797,1873.280,1790279010.541
24798,1873.344,1790279010.631
24799,1873.412,1790279010.756
24800,1873.476,1790279010.834
24801,1873.544,1790279010.916
24802,1873.608,1790279011.038
24803,1873.676,1790279011.129
24804,1873.740,1790279011.222
24805,1873.808,1790279011.358
24806,1873.872,1790279011.447
24807,1873.940,1790279011.533
24808,1874.004,1790279011.656
24809,1874.072,1790279011.751
24810,1874.136,1790279011.840
24811,1874.204,1790279011.975
24812,1874.268,1790279012.065
24813,1874.336,1790279012.154
24814,1874.400,1790279012.223
24815,1874.468,1790279012.349
24816,1874.532,1790279012.437
24817,1874.600,1790279012.503
24818,1874.664,1790279012.624
24819,1874.732,1790279012.730
24820,1874.796,1790279012.796
24821,1874.864,1790279012.935
24822,1874.928,1790279013.034
24823,1875.060,1790279013.240
24824,1875.128,1790279013.341
24825,1875.192,1790279013.407
24826,1875.260,1790279013.534
24827,1875.324,1790279013.636
24828,1875.392,1790279013.709
24829,1875.456,1790279013.841
24830,1875.524,1790279013.950
24831,1875.588,1790279014.027
24832,1875.656,1790279014.156
24833,1875.720,1790279014.258
24834,1875.788,1790279014.332
24835,1875.852,1790279014.412
24836,1875.920,1790279014.536
24837,1876.052,1790279014.708
24838,1876.116,1790279014.834
24839,1876.184,1790279014.913
24840,1876.248,1790279015.002
24841,1876.380,1790279015.209
24842,1876.448,1790279015.291
24843,1876.512,1790279015.424
24844,1876.580,1790279015.506
24845,1876.712,1790279015.731
24846,1876.776,1790279015.811
24847,1876.844,1790279015.894
24848,1876.908,1790279016.028
24849,1876.976,1790279016.112
24850,1877.040,1790279016.199
24851,1877.108,1790279016.344
24852,1877.172,1790279016.423
24853,1877.240,1790279016.510
24854,1877.304,1790279016.643
24855,1877.372,1790279016.736
24856,1877.436,1790279016.830
24857,1877.504,1790279016.978
24858,1877.568,1790279017.063
24859,1877.636,1790279017.157
24860,1877.768,1790279017.346
24861,1877.832,1790279017.443
24862,1877.900,1790279017.516
24863,1877.964,1790279017.644
24864,1878.032,1790279017.740
24865,1878.096,1790279017.809
24866,1878.164,1790279017.944
24867,1878.228,1790279018.039
24868,1878.296,1790279018.104
24869,1878.492,1790279018.400
24870,1878.560,1790279018.524
24871,1878.624,1790279018.623
24872,1878.692,1790279018.699
24873,1878.756,1790279018.824
24874,1878.824,1790279018.931
24875,1878.888,1790279019.003
24876,1878.956,1790279019.131
24877,1879.020,1790279019.235
24878,1879.088,1790279019.309
24879,1879.220,1790279019.513
24880,1879.284,1790279019.598
24881,1879.352,1790279019.688
24882,1879.416,1790279019.809
24883,1879.484,1790279019.890
24884,1879.548,1790279019.982
24885,1879.616,1790279020.110
24886,1879.680,1790279020.190
24887,1879.748,1790279020.281
24888,1879.812,1790279020.404
24889,1879.880,1790279020.491
24890,1879.944,1790279020.570
24891,1880.012,1790279020.704
24892,1880.076,1790279020.782
24893,1880.144,1790279020.869
24894,1880.208,1790279020.991
24895,1880.276,1790279021.072
24896,1880.340,1790279021.167
24897,1880.472,1790279021.379
24898,1880.540,1790279021.468
24899,1880.604,1790279021.605
24900,1880.672,1790279021.695
24901,1880.736,1790279021.783
24902,1880.804,1790279021.913
24903,1880.868,1790279021.997
24904,1880.936,1790279022.093
24905,1881.000,1790279022.164
24906,1881.132,1790279022.375
24907,1881.200,1790279022.441
24908,1881.264,1790279022.571
24909,1881.332,1790279022.666
24910,1881.396,1790279022.731
24911,1881.464,1790279022.855
24912,1881.528,1790279022.945
24913,1881.596,1790279023.015
24914,1881.660,1790279023.134
24915,1881.728,1790279023.228
24916,1881.792,1790279023.291
24917,1881.860,1790279023.418
24918,1881.924,1790279023.513
24919,1881.992,1790279023.588
24920,1882.124,1790279023.810
24921,1882.188,1790279023.871
24922,1882.256,1790279023.983
24923,1882.320,1790279024.084
24924,1882.388,1790279024.149
24925,1882.584,1790279024.398
24926,1882.652,1790279024.475
24927,1882.716,1790279024.582
24928,1882.784,1790279024.668
24929,1882.848,1790279024.751
24930,1882.916,1790279024.872
24931,1882.980,1790279024.947
24932,1883.048,1790279025.033
24933,1883.180,1790279025.238
24934,1883.244,1790279025.320
24935,1883.312,1790279025.456
24936,1883.376,1790279025.534
24937,1883.444,1790279025.626
24938,1883.508,1790279025.750
24939,1883.576,1790279025.830
24940,1883.640,1790279025.915
24941,1883.708,1790279026.028
24942,1883.772,1790279026.109
24943,1883.840,1790279026.191
24944,1883.904,1790279026.303
24945,1883.972,1790279026.381
24946,1884.036,1790279026.461
24947,1884.104,1790279026.580
24948,1884.168,1790279026.664
24949,1884.236,1790279026.748
24950,1884.300,1790279026.807
24951,1884.368,1790279026.917
24952,1884.432,1790279026.998
24953,1884.564,1790279027.177
24954,1884.632,1790279027.268
24955,1884.696,1790279027.329
24956,1884.764,1790279027.432
24957,1884.828,1790279027.527
24958,1884.960,1790279027.708
24959,1885.028,1790279027.797
24960,1885.092,1790279027.857
24961,1885.160,1790279027.963
24962,1885.224,1790279028.057
24963,1885.292,1790279028.125
24964,1885.356,1790279028.228
24965,1885.424,1790279028.322
24966,1885.488,1790279028.383
24967,1885.556,1790279028.492
24968,1885.620,1790279028.590
24969,1885.688,1790279028.658
24970,1885.752,1790279028.735
24971,1885.820,1790279028.842
24972,1885.884,1790279028.905
24973,1886.016,1790279029.092
24974,1886.084,1790279029.159
24975,1886.280,1790279029.428
24976,1886.348,1790279029.511
24977,1886.412,1790279029.626
24978,1886.480,1790279029.704
24979,1886.544,1790279029.783
24980,1886.612,1790279029.899
24981,1886.676,1790279029.977
24982,1886.744,1790279030.065
24983,1886.876,1790279030.268
24984,1886.940,1790279030.345
24985,1887.008,1790279030.459
24986,1887.204,1790279030.734
24987,1887.272,1790279030.823
24988,1887.336,1790279030.905
24989,1887.468,1790279031.113
24990,1887.536,1790279031.202
24991,1887.600,1790279031.268
24992,1887.668,1790279031.393
24993,1887.732,1790279031.478
24994,1887.800,1790279031.547
24995,1887.864,1790279031.672
24996,1887.932,1790279031.761
24997,1887.996,1790279031.828
24998,1888.128,1790279032.041
24999,1888.196,1790279032.107
25000,1888.260,1790279032.221
25001,1888.328,1790279032.317
25002,1888.392,1790279032.389
25003,1888.460,1790279032.511
25004,1888.524,1790279032.601
25005,1888.592,1790279032.668
25006,1888.656,1790279032.774
25007,1888.724,1790279032.872
25008,1888.788,1790279032.933
25009,1888.856,1790279033.043
25010,1888.920,1790279033.137
25011,1888.988,1790279033.203
25012,1889.052,1790279033.274
25013,1889.120,1790279033.388
25014,1889.184,1790279033.447
25015,1889.252,1790279033.532
25016,1889.316,1790279033.640
25017,1889.384,1790279033.710
25018,1889.448,1790279033.785
25019,1889.516,1790279033.901
25020,1889.580,1790279033.965
25021,1889.648,1790279034.039
25022,1889.844,1790279034.311
25023,1889.912,1790279034.432
25024,1889.976,1790279034.515
25025,1890.044,1790279034.600
25026,1890.108,1790279034.728
25027,1890.176,1790279034.809
25028,1890.240,1790279034.901
25029,1890.308,1790279035.021
25030,1890.372,1790279035.101
25031,1890.504,1790279035.316
25032,1890.572,1790279035.403
25033,1890.636,1790279035.497
25034,1890.768,1790279035.726
25035,1890.836,1790279035.814
25036,1890.900,1790279035.889
25037,1891.100,1790279036.192
25038,1891.296,1790279036.497
25039,1891.428,1790279036.727
25040,1891.496,1790279036.793
25041,1891.560,1790279036.912
25042,1891.628,1790279037.013
25043,1891.692,1790279037.083
25044,1891.824,1790279037.297
25045,1891.892,1790279037.364
25046,1891.956,1790279037.491
25047,1892.024,1790279037.595
25048,1892.088,1790279037.669
25049,1892.156,1790279037.804
25050,1892.220,1790279037.911
25051,1892.288,1790279037.991
25052,1892.352,1790279038.087
25053,1892.484,1790279038.293
25054,1892.552,1790279038.383
25055,1892.616,1790279038.517
25056,1892.684,1790279038.603
25057,1892.748,1790279038.692
25058,1892.880,1790279038.903
25059,1893.012,1790279039.113
25060,1893.080,1790279039.198
25061,1893.144,1790279039.292
25062,1893.212,1790279039.420
25063,1893.276,1790279039.504
25064,1893.344,1790279039.599
25065,1893.408,1790279039.730
25066,1893.476,1790279039.814
25067,1893.540,1790279039.908
25068,1893.608,1790279040.043
25069,1893.672,1790279040.138
25070,1893.740,1790279040.232
25071,1893.804,1790279040.356
25072,1893.872,1790279040.447
25073,1893.936,1790279040.547
25074,1894.004,1790279040.679
25075,1894.068,1790279040.765
25076,1894.136,1790279040.865
25077,1894.200,1790279040.937
25078,1894.268,1790279041.068
25079,1894.332,1790279041.166
25080,1894.400,1790279041.237
25081,1894.464,1790279041.364
25082,1894.532,1790279041.458
25083,1894.596,1790279041.525
25084,1894.664,1790279041.649
25085,1894.728,1790279041.747
25086,1894.796,1790279041.817
25087,1894.860,1790279041.949
25088,1894.992,1790279042.121
25089,1895.060,1790279042.247
25090,1895.124,1790279042.350
25091,1895.192,1790279042.423
25092,1895.256,1790279042.554
25093,1895.324,1790279042.653
25094,1895.388,1790279042.731
25095,1895.456,1790279042.854
25096,1895.520,1790279042.953
25097,1895.588,1790279043.027
25098,1895.652,1790279043.112
25099,1895.720,1790279043.242
25100,1895.784,1790279043.321
25101,1895.852,1790279043.409
25102,1895.916,1790279043.543
25103,1896.048,1790279043.722
25104,1896.116,1790279043.863
25105,1896.312,1790279044.161
25106,1896.444,1790279044.340
25107,1896.512,1790279044.478
25108,1896.576,1790279044.569
25109,1896.644,1790279044.657
25110,1896.708,1790279044.802
25111,1896.776,1790279044.886
25112,1896.840,1790279044.971
25113,1896.908,1790279045.104
25114,1896.972,1790279045.199
25115,1897.040,1790279045.292
25116,1897.172,1790279045.483
25117,1897.236,1790279045.584
25118,1897.304,1790279045.701
25119,1897.436,1790279045.866
25120,1897.500,1790279045.927
25121,1897.568,1790279046.032
25122,1897.632,1790279046.116
25123,1897.700,1790279046.180
25124,1897.764,1790279046.289
25125,1897.832,1790279046.377
25126,1897.896,1790279046.438
25127,1897.964,1790279046.541
25128,1898.028,1790279046.629
25129,1898.096,1790279046.693
25130,1898.160,1790279046.810
25131,1898.228,1790279046.897
25132,1898.360,1790279047.088
25133,1898.424,1790279047.183
25134,1898.492,1790279047.250
25135,1898.556,1790279047.365
25136,1898.624,1790279047.454
25137,1898.688,1790279047.523
25138,1898.756,1790279047.636
25139,1898.820,1790279047.735
25140,1898.888,1790279047.800
25141,1898.952,1790279047.872
25142,1899.020,1790279047.985
25143,1899.084,1790279048.049
25144,1899.152,1790279048.124
25145,1899.216,1790279048.245
25146,1899.284,1790279048.310
25147,1899.416,1790279048.505
25148,1899.548,1790279048.650
25149,1899.612,1790279048.761
25150,1899.680,1790279048.833
25151,1899.744,1790279048.904
25152,1899.876,1790279049.092
25153,1899.944,1790279049.175
25154,1900.008,1790279049.285
25155,1900.076,1790279049.368
25156,1900.140,1790279049.451
25157,1900.208,1790279049.569
25158,1900.272,1790279049.645
25159,1900.340,1790279049.729
25160,1900.404,1790279049.845
25161,1900.472,1790279049.927
25162,1900.536,1790279050.012
25163,1900.604,1790279050.125
25164,1900.668,1790279050.207
25165,1900.736,1790279050.288
25166,1900.800,1790279050.348
25167,1900.868,1790279050.454
25168,1900.932,1790279050.536
25169,1901.064,1790279050.701
25170,1901.132,1790279050.789
25171,1901.196,1790279050.851
25172,1901.264,1790279050.965
25173,1901.328,1790279051.048
25174,1901.396,1790279051.112
25175,1901.528,1790279051.315
25176,1901.592,1790279051.374
25177,1901.660,1790279051.485
25178,1901.724,1790279051.579
25179,1901.792,1790279051.644
25180,1901.856,1790279051.757
25181,1901.924,1790279051.852
25182,1901.988,1790279051.915
25183,1902.120,1790279052.127
25184,1902.320,1790279052.390
25185,1902.384,1790279052.458
25186,1902.452,1790279052.532
25187,1902.516,1790279052.635
25188,1902.648,1790279052.789
25189,1902.780,1790279052.966
25190,1902.848,1790279053.040
25191,1902.980,1790279053.230
25192,1903.044,1790279053.304
25193,1903.112,1790279053.420
25194,1903.176,1790279053.498
25195,1903.244,1790279053.583
25196,1903.308,1790279053.706
25197,1903.376,1790279053.781
25198,1903.440,1790279053.865
25199,1903.508,1790279053.982
25200,1903.572,1790279054.058
25201,1903.640,1790279054.143
25202,1903.704,1790279054.261
25203,1903.772,1790279054.342
25204,1903.836,1790279054.429
25205,1903.904,1790279054.539
25206,1903.968,1790279054.619
25207,1904.036,1790279054.700
25208,1904.100,1790279054.764
25209,1904.168,1790279054.865
25210,1904.232,1790279054.945
25211,1904.300,1790279055.010
25212,1904.364,1790279055.114
25213,1904.432,1790279055.209
25214,1904.564,1790279055.376
25215,1904.628,1790279055.472
25216,1904.696,1790279055.540
25217,1904.760,1790279055.667
25218,1904.828,1790279055.753
25219,1904.892,1790279055.821
25220,1904.960,1790279055.925
25221,1905.024,1790279056.022
25222,1905.092,1790279056.089
25223,1905.156,1790279056.198
25224,1905.224,1790279056.292
25225,1905.288,1790279056.358
25226,1905.356,1790279056.465
25227,1905.420,1790279056.558
25228,1905.488,1790279056.633
25229,1905.552,1790279056.708
25230,1905.684,1790279056.881
25231,1905.752,1790279056.958
25232,1905.884,1790279057.136
25233,1906.016,1790279057.319
25234,1906.080,1790279057.386
25235,1906.212,1790279057.574
25236,1906.280,1790279057.645
25237,1906.344,1790279057.723
25238,1906.412,1790279057.844
25239,1906.476,1790279057.924
25240,1906.544,1790279058.007
25241,1906.608,1790279058.123
25242,1906.676,1790279058.193
25243,1906.740,1790279058.269
25244,1906.808,1790279058.377
25245,1906.872,1790279058.448
25246,1906.940,1790279058.534
25247,1907.004,1790279058.645
25248,1907.136,1790279058.804
25249,1907.204,1790279058.918
25250,1907.268,1790279059.006
25251,1907.336,1790279059.088
25252,1907.468,1790279059.266
25253,1907.532,1790279059.350
25254,1907.600,1790279059.413
25255,1907.664,1790279059.514
25256,1907.732,1790279059.603
25257,1907.796,1790279059.664
25258,1907.864,1790279059.779
25259,1907.928,1790279059.871
25260,1907.996,1790279059.936
25261,1908.060,1790279060.047
25262,1908.128,1790279060.145
25263,1908.192,1790279060.209
25264,1908.324,1790279060.442
25265,1908.456,1790279060.647
25266,1908.524,1790279060.749
25267,1908.588,1790279060.834
25268,1908.656,1790279060.963
25269,1908.720,1790279061.068
25270,1908.788,1790279061.134
25271,1908.920,1790279061.324
25272,1908.984,1790279061.387
25273,1909.052,1790279061.471
25274,1909.184,1790279061.641
25275,1909.248,1790279061.721
25276,1909.316,1790279061.843
25277,1909.380,1790279061.918
25278,1909.448,1790279061.997
25279,1909.512,1790279062.109
25280,1909.580,1790279062.198
25281,1909.644,1790279062.282
25282,1909.712,1790279062.419
25283,1909.776,1790279062.521
25284,1909.844,1790279062.614
25285,1909.908,1790279062.755
25286,1910.040,1790279062.936
25287,1910.108,1790279063.064
25288,1910.172,1790279063.140
25289,1910.240,1790279063.223
25290,1910.304,1790279063.333
25291,1910.436,1790279063.490
25292,1910.568,1790279063.686
25293,1910.636,1790279063.769
25294,1910.700,1790279063.833
25295,1910.768,1790279063.947
25296,1910.832,1790279064.030
25297,1910.900,1790279064.096
25298,1910.964,1790279064.201
25299,1911.032,1790279064.283
25300,1911.096,1790279064.343
25301,1911.164,1790279064.453
25302,1911.296,1790279064.606
25303,1911.360,1790279064.732
25304,1911.492,1790279064.883
25305,1911.560,1790279064.991
25306,1911.624,1790279065.085
25307,1911.692,1790279065.154
25308,1911.756,1790279065.267
25309,1911.824,1790279065.361
25310,1911.888,1790279065.428
25311,1911.956,1790279065.543
25312,1912.020,1790279065.639
25313,1912.088,1790279065.710
25314,1912.152,1790279065.791
25315,1912.220,1790279065.906
25316,1912.284,1790279065.968
25317,1912.352,1790279066.045
25318,1912.416,1790279066.157
25319,1912.484,1790279066.227
25320,1912.548,1790279066.305
25321,1912.616,1790279066.418
25322,1912.680,1790279066.492
25323,1912.748,1790279066.568
25324,1912.812,1790279066.690
25325,1912.880,1790279066.774
25326,1912.944,1790279066.849
25327,1913.076,1790279067.052
25328,1913.276,1790279067.338
25329,1913.340,1790279067.416
25330,1913.408,1790279067.538
25331,1913.472,1790279067.620
25332,1913.540,1790279067.704
25333,1913.604,1790279067.816
25334,1913.672,1790279067.898
25335,1913.736,1790279067.983
25336,1913.804,1790279068.096
25337,1913.868,1790279068.171
25338,1913.936,1790279068.260
25339,1914.000,1790279068.326
25340,1914.068,1790279068.434
25341,1914.132,1790279068.512
25342,1914.200,1790279068.577
25343,1914.264,1790279068.688
25344,1914.332,1790279068.778
25345,1914.396,1790279068.840
25346,1914.464,1790279068.957
25347,1914.528,1790279069.043
25348,1914.596,1790279069.108
25349,1914.728,1790279069.313
25350,1914.792,1790279069.370
25351,1914.860,1790279069.479
25352,1914.992,1790279069.642
25353,1915.056,1790279069.756
25354,1915.124,1790279069.855
25355,1915.256,1790279070.037
25356,1915.320,1790279070.128
25357,1915.584,1790279070.439
25358,1915.652,1790279070.515
25359,1915.716,1790279070.619
25360,1915.784,1790279070.695
25361,1915.848,1790279070.776
25362,1915.980,1790279070.957
25363,1916.048,1790279071.040
25364,1916.112,1790279071.161
25365,1916.180,1790279071.246
25366,1916.312,1790279071.449
25367,1916.444,1790279071.602
25368,1916.508,1790279071.722
25369,1916.576,1790279071.802
25370,1916.640,1790279071.885
25371,1916.708,1790279072.003
25372,1916.772,1790279072.080
25373,1916.840,1790279072.168
25374,1916.904,1790279072.286
25375,1916.972,1790279072.372
25376,1917.036,1790279072.453
25377,1917.104,1790279072.569
25378,1917.168,1790279072.643
25379,1917.236,1790279072.737
25380,1917.300,1790279072.798
25381,1917.368,1790279072.905
25382,1917.432,1790279072.984
25383,1917.500,1790279073.050
25384,1917.632,1790279073.285
25385,1917.696,1790279073.350
25386,1917.764,1790279073.460
25387,1917.828,1790279073.545
25388,1917.896,1790279073.611
25389,1917.960,1790279073.720
25390,1918.028,1790279073.808
25391,1918.092,1790279073.871
25392,1918.160,1790279073.987
25393,1918.224,1790279074.077
25394,1918.292,1790279074.144
25395,1918.424,1790279074.362
25396,1918.488,1790279074.424
25397,1918.556,1790279074.537
25398,1918.620,1790279074.639
25399,1918.688,1790279074.707
25400,1918.752,1790279074.784
25401,1918.820,1790279074.889
25402,1918.884,1790279074.965
25403,1918.952,1790279075.040
25404,1919.016,1790279075.149
25405,1919.084,1790279075.217
25406,1919.148,1790279075.300
25407,1919.280,1790279075.488
25408,1919.348,1790279075.560
25409,1919.412,1790279075.682
25410,1919.480,1790279075.755
25411,1919.544,1790279075.839
25412,1919.612,1790279075.959
25413,1919.676,1790279076.038
25414,1919.744,1790279076.120
25415,1919.808,1790279076.256
25416,1919.876,1790279076.336
25417,1919.940,1790279076.423
25418,1920.008,1790279076.546
25419,1920.072,1790279076.628
25420,1920.140,1790279076.729
25421,1920.204,1790279076.854
25422,1920.272,1790279076.946
25423,1920.336,1790279077.033
25424,1920.404,1790279077.165
25425,1920.468,1790279077.255
25426,1920.536,1790279077.339
25427,1920.600,1790279077.410
25428,1920.668,1790279077.541
25429,1920.732,1790279077.631
25430,1920.800,1790279077.700
25431,1920.864,1790279077.818
25432,1920.932,1790279077.918
25433,1920.996,1790279077.994
25434,1921.064,1790279078.126
25435,1921.196,1790279078.291
25436,1921.260,1790279078.397
25437,1921.328,1790279078.483
25438,1921.392,1790279078.548
25439,1921.460,1790279078.684
25440,1921.524,1790279078.780
25441,1921.592,1790279078.847
25442,1921.656,1790279078.957
25443,1921.724,1790279079.061
25444,1921.788,1790279079.120
25445,1921.856,1790279079.233
25446,1921.920,1790279079.339
25447,1921.988,1790279079.411
25448,1922.052,1790279079.498
25449,1922.184,1790279079.695
25450,1922.252,1790279079.783
25451,1922.316,1790279079.912
25452,1922.448,1790279080.070
25453,1922.516,1790279080.209
25454,1922.648,1790279080.371
25455,1922.712,1790279080.486
25456,1922.844,1790279080.642
25457,1922.912,1790279080.766
25458,1922.976,1790279080.837
25459,1923.044,1790279080.923
25460,1923.176,1790279081.124
25461,1923.240,1790279081.212
25462,1923.308,1790279081.325
25463,1923.372,1790279081.409
25464,1923.440,1790279081.492
25465,1923.572,1790279081.691
25466,1923.636,1790279081.776
25467,1923.704,1790279081.889
25468,1923.768,1790279081.969
25469,1923.836,1790279082.052
25470,1923.900,1790279082.113
25471,1923.968,1790279082.226
25472,1924.032,1790279082.311
25473,1924.100,1790279082.373
25474,1924.164,1790279082.492
25475,1924.232,1790279082.589
25476,1924.296,1790279082.651
25477,1924.364,1790279082.767
25478,1924.428,1790279082.855
25479,1924.496,1790279082.916
25480,1924.560,1790279083.022
25481,1924.628,1790279083.113
25482,1924.692,1790279083.175
25483,1924.760,1790279083.281
25484,1924.824,1790279083.376
25485,1924.892,1790279083.442
25486,1924.956,1790279083.550
25487,1925.024,1790279083.646
25488,1925.088,1790279083.712
25489,1925.156,1790279083.820
25490,1925.288,1790279083.984
25491,1925.352,1790279084.061
25492,1925.420,1790279084.173
25493,1925.484,1790279084.244
25494,1925.552,1790279084.314
25495,1925.616,1790279084.423
25496,1925.684,1790279084.501
25497,1925.748,1790279084.581
25498,1925.816,1790279084.699
25499,1925.880,1790279084.777
25500,1926.012,1790279084.963
25501,1926.080,1790279085.034
25502,1926.144,1790279085.116
25503,1926.212,1790279085.228
25504,1926.276,1790279085.295
25505,1926.344,1790279085.375
25506,1926.408,1790279085.494
25507,1926.476,1790279085.570
25508,1926.540,1790279085.648
25509,1926.608,1790279085.765
25510,1926.740,1790279085.930
25511,1926.804,1790279086.045
25512,1926.936,1790279086.212
25513,1927.004,1790279086.330
25514,1927.068,1790279086.412
25515,1927.136,1790279086.510
25516,1927.200,1790279086.581
25517,1927.332,1790279086.798
25518,1927.400,1790279086.864
25519,1927.464,1790279086.993
25520,1927.532,1790279087.089
25521,1927.596,1790279087.153
25522,1927.664,1790279087.273
25523,1927.728,1790279087.362
25524,1927.796,1790279087.424
25525,1927.860,1790279087.538
25526,1927.992,1790279087.711
25527,1928.060,1790279087.831
25528,1928.124,1790279087.920
25529,1928.324,1790279088.198
25530,1928.388,1790279088.262
25531,1928.456,1790279088.383
25532,1928.520,1790279088.487
25533,1928.588,1790279088.555
25534,1928.652,1790279088.646
25535,1928.720,1790279088.775
25536,1928.784,1790279088.853
25537,1928.852,1790279088.938
25538,1928.916,1790279089.058
25539,1928.984,1790279089.134
25540,1929.048,1790279089.215
25541,1929.116,1790279089.346
25542,1929.180,1790279089.419
25543,1929.248,1790279089.500
25544,1929.312,1790279089.621
25545,1929.380,1790279089.702
25546,1929.512,1790279089.901
25547,1929.644,1790279090.060
25548,1929.708,1790279090.181
25549,1929.776,1790279090.267
25550,1929.840,1790279090.344
25551,1929.908,1790279090.455
25552,1929.972,1790279090.532
25553,1930.040,1790279090.612
25554,1930.104,1790279090.745
25555,1930.172,1790279090.827
25556,1930.236,1790279090.910
25557,1930.304,1790279091.018
25558,1930.436,1790279091.180
25559,1930.500,1790279091.242
25560,1930.632,1790279091.428
25561,1930.700,1790279091.499
25562,1930.764,1790279091.608
25563,1930.832,1790279091.692
25564,1930.896,1790279091.763
25565,1930.964,1790279091.872
25566,1931.028,1790279091.962
25567,1931.096,1790279092.025
25568,1931.160,1790279092.150
25569,1931.228,1790279092.240
25570,1931.360,1790279092.415
25571,1931.424,1790279092.512
25572,1931.556,1790279092.689
25573,1931.624,1790279092.810
25574,1931.688,1790279092.876
25575,1931.756,1790279092.985
25576,1931.820,1790279093.082
25577,1931.888,1790279093.148
25578,1931.952,1790279093.231
25579,1932.084,1790279093.413
25580,1932.216,1790279093.589
25581,1932.284,1790279093.665
25582,1932.348,1790279093.742
25583,1932.416,1790279093.857
25584,1932.480,1790279093.922
25585,1932.548,1790279093.998
25586,1932.612,1790279094.121
25587,1932.680,1790279094.210
25588,1932.744,1790279094.294
25589,1932.812,1790279094.414
25590,1932.876,1790279094.485
25591,1932.944,1790279094.564
25592,1933.008,1790279094.681
25593,1933.140,1790279094.839
25594,1933.208,1790279094.951
25595,1933.272,1790279095.032
25596,1933.404,1790279095.225
25597,1933.536,1790279095.388
25598,1933.604,1790279095.502
25599,1933.736,1790279095.665
25600,1933.800,1790279095.725
25601,1933.868,1790279095.831
25602,1933.932,1790279095.924
25603,1934.000,1790279095.991
25604,1934.064,1790279096.098
25605,1934.132,1790279096.182
25606,1934.196,1790279096.248
25607,1934.328,1790279096.454
25608,1934.396,1790279096.519
25609,1934.460,1790279096.639
25610,1934.528,1790279096.728
25611,1934.592,1790279096.787
25612,1934.660,1790279096.899
25613,1934.724,1790279096.995
25614,1934.792,1790279097.060
25615,1934.856,1790279097.175
25616,1934.988,1790279097.341
25617,1935.056,1790279097.444
25618,1935.120,1790279097.539
25619,1935.188,1790279097.605
25620,1935.252,1790279097.677
25621,1935.320,1790279097.794
25622,1935.452,1790279097.947
25623,1935.516,1790279098.054
25624,1935.584,1790279098.130
25625,1935.716,1790279098.334
25626,1935.780,1790279098.404
25627,1935.848,1790279098.489
25628,1935.912,1790279098.605
25629,1935.980,1790279098.686
25630,1936.044,1790279098.771
25631,1936.112,1790279098.891
25632,1936.176,1790279098.968
25633,1936.244,1790279099.045
25634,1936.308,1790279099.166
25635,1936.508,1790279099.433
25636,1936.572,1790279099.510
25637,1936.640,1790279099.603
25638,1936.704,1790279099.722
25639,1936.836,1790279099.896
25640,1936.904,1790279100.032
25641,1936.968,1790279100.111
25642,1937.036,1790279100.190
25643,1937.100,1790279100.253
25644,1937.232,1790279100.458
25645,1937.300,1790279100.521
25646,1937.364,1790279100.633
25647,1937.432,1790279100.719
25648,1937.496,1790279100.780
25649,1937.564,1790279100.895
25650,1937.628,1790279100.986
25651,1937.696,1790279101.056
25652,1937.828,1790279101.272
25653,1937.892,1790279101.333
25654,1937.960,1790279101.445
25655,1938.092,1790279101.601
25656,1938.156,1790279101.722
25657,1938.224,1790279101.818
25658,1938.288,1790279101.883
25659,1938.356,1790279101.996
25660,1938.420,1790279102.099
25661,1938.552,1790279102.237
25662,1938.620,1790279102.342
25663,1938.684,1790279102.422
25664,1938.752,1790279102.497
25665,1938.816,1790279102.604
25666,1938.884,1790279102.679
25667,1938.948,1790279102.754
25668,1939.148,1790279103.025
25669,1939.212,1790279103.136
25670,1939.280,1790279103.206
25671,1939.344,1790279103.302
25672,1939.412,1790279103.437
25673,1939.608,1790279103.713
25674,1939.676,1790279103.795
25675,1939.740,1790279103.881
25676,1939.808,1790279103.999
25677,1939.872,1790279104.076
25678,1940.072,1790279104.354
25679,1940.136,1790279104.435
25680,1940.204,1790279104.547
25681,1940.268,1790279104.627
25682,1940.336,1790279104.730
25683,1940.400,1790279104.824
25684,1940.468,1790279104.928
25685,1940.532,1790279105.004
25686,1940.600,1790279105.069
25687,1940.664,1790279105.185
25688,1940.732,1790279105.277
25689,1940.796,1790279105.338
25690,1940.864,1790279105.444
25691,1940.928,1790279105.541
25692,1940.996,1790279105.608
25693,1941.060,1790279105.719
25694,1941.128,1790279105.810
25695,1941.260,1790279105.999
25696,1941.324,1790279106.107
25697,1941.392,1790279106.177
25698,1941.456,1790279106.295
25699,1941.524,1790279106.390
25700,1941.588,1790279106.452
25701,1941.656,1790279106.566
25702,1941.720,1790279106.663
25703,1941.788,1790279106.735
25704,1941.852,1790279106.817
25705,1941.920,1790279106.927
25706,1941.984,1790279106.994
25707,1942.052,1790279107.078
25708,1942.184,1790279107.248
25709,1942.380,1790279107.516
25710,1942.448,1790279107.589
25711,1942.512,1790279107.704
25712,1942.580,1790279107.782
25713,1942.644,1790279107.862
25714,1942.712,1790279107.979
25715,1942.776,1790279108.054
25716,1942.844,1790279108.133
25717,1942.908,1790279108.253
25718,1942.976,1790279108.334
25719,1943.040,1790279108.411
25720,1943.108,1790279108.525
25721,1943.172,1790279108.602
25722,1943.372,1790279108.897
25723,1943.436,1790279108.976
25724,1943.504,1790279109.092
25725,1943.568,1790279109.170
25726,1943.636,1790279109.261
25727,1943.700,1790279109.325
25728,1943.768,1790279109.426
25729,1943.832,1790279109.510
25730,1943.900,1790279109.575
25731,1943.964,1790279109.694
25732,1944.032,1790279109.780
25733,1944.096,1790279109.844
25734,1944.164,1790279109.966
25735,1944.296,1790279110.119
25736,1944.360,1790279110.235
25737,1944.428,1790279110.333
25738,1944.492,1790279110.393
25739,1944.560,1790279110.512
25740,1944.624,1790279110.600
25741,1944.692,1790279110.664
25742,1944.756,1790279110.784
25743,1944.824,1790279110.877
25744,1944.888,1790279110.948
25745,1944.956,1790279111.054
25746,1945.020,1790279111.148
25747,1945.088,1790279111.219
25748,1945.152,1790279111.291
25749,1945.220,1790279111.419
25750,1945.284,1790279111.491
25751,1945.352,1790279111.574
25752,1945.416,1790279111.681
25753,1945.484,1790279111.753
25754,1945.548,1790279111.835
25755,1945.616,1790279111.950
25756,1945.680,1790279112.023
25757,1945.748,1790279112.103
25758,1945.812,1790279112.215
25759,1945.880,1790279112.284
25760,1945.944,1790279112.369
25761,1946.144,1790279112.632
25762,1946.208,1790279112.747
25763,1946.276,1790279112.824
25764,1946.340,1790279112.899
25765,1946.408,1790279113.014
25766,1946.472,1790279113.090
25767,1946.540,1790279113.163
25768,1946.604,1790279113.278
25769,1946.672,1790279113.360
25770,1946.736,1790279113.446
25771,1946.804,1790279113.558
25772,1947.000,1790279113.790
25773,1947.068,1790279113.898
25774,1947.132,1790279113.985
25775,1947.200,1790279114.049
25776,1947.332,1790279114.251
25777,1947.396,1790279114.312
25778,1947.464,1790279114.431
25779,1947.528,1790279114.514
25780,1947.660,1790279114.687
25781,1947.728,1790279114.787
25782,1947.792,1790279114.845
25783,1947.860,1790279114.957
25784,1947.924,1790279115.049
25785,1947.992,1790279115.113
25786,1948.056,1790279115.221
25787,1948.188,1790279115.380
25788,1948.256,1790279115.495
25789,1948.320,1790279115.594
25790,1948.388,1790279115.662
25791,1948.452,1790279115.738
25792,1948.520,1790279115.849
25793,1948.584,1790279115.918
25794,1948.652,1790279115.989
25795,1948.716,1790279116.096
25796,1948.848,1790279116.240
25797,1948.916,1790279116.360
25798,1948.980,1790279116.425
25799,1949.048,1790279116.499
25800,1949.112,1790279116.622
25801,1949.244,1790279116.772
25802,1949.312,1790279116.890
25803,1949.376,1790279116.963
25804,1949.444,1790279117.045
25805,1949.508,1790279117.158
25806,1949.576,1790279117.237
25807,1949.640,1790279117.317
25808,1949.708,1790279117.433
25809,1949.772,1790279117.517
25810,1949.840,1790279117.600
25811,1949.904,1790279117.718
25812,1949.972,1790279117.799
25813,1950.036,1790279117.879
25814,1950.104,1790279117.991
25815,1950.168,1790279118.071
25816,1950.236,1790279118.153
25817,1950.300,1790279118.214
25818,1950.368,1790279118.318
25819,1950.432,1790279118.407
25820,1950.500,1790279118.474
25821,1950.632,1790279118.666
25822,1950.696,1790279118.727
25823,1950.828,1790279118.943
25824,1950.896,1790279119.008
25825,1950.960,1790279119.125
25826,1951.028,1790279119.225
25827,1951.092,1790279119.285
25828,1951.160,1790279119.400
25829,1951.224,1790279119.493
25830,1951.292,1790279119.556
25831,1951.356,1790279119.679
25832,1951.424,1790279119.774
25833,1951.488,1790279119.838
25834,1951.556,1790279119.947
25835,1951.620,1790279120.042
25836,1951.688,1790279120.108
25837,1951.752,1790279120.179
25838,1951.820,1790279120.288
25839,1951.884,1790279120.353
25840,1951.952,1790279120.442
25841,1952.016,1790279120.555
25842,1952.084,1790279120.629
25843,1952.148,1790279120.711
25844,1952.216,1790279120.831
25845,1952.280,1790279120.898
25846,1952.348,1790279120.984
25847,1952.412,1790279121.114
25848,1952.480,1790279121.191
25849,1952.544,1790279121.271
25850,1952.612,1790279121.382
25851,1952.676,1790279121.458
25852,1952.808,1790279121.673
25853,1952.876,1790279121.745
25854,1952.940,1790279121.827
25855,1953.008,1790279121.942
25856,1953.072,1790279122.017
25857,1953.140,1790279122.098
25858,1953.204,1790279122.214
25859,1953.272,1790279122.297
25860,1953.336,1790279122.379
25861,1953.404,1790279122.496
25862,1953.468,1790279122.579
25863,1953.536,1790279122.661
25864,1953.668,1790279122.836
25865,1953.732,1790279122.928
25866,1953.800,1790279122.992
25867,1953.864,1790279123.100
25868,1953.932,1790279123.193
25869,1953.996,1790279123.252
25870,1954.064,1790279123.363
25871,1954.128,1790279123.459
25872,1954.196,1790279123.522
25873,1954.260,1790279123.634
25874,1954.328,1790279123.731
25875,1954.392,1790279123.790
25876,1954.524,1790279123.986
25877,1954.592,1790279124.052
25878,1954.656,1790279124.170
25879,1954.724,1790279124.265
25880,1954.856,1790279124.452
25881,1954.920,1790279124.546
25882,1955.052,1790279124.696
25883,1955.184,1790279124.879
25884,1955.252,1790279124.958
25885,1955.316,1790279125.069
25886,1955.384,1790279125.146
25887,1955.448,1790279125.217
25888,1955.516,1790279125.332
25889,1955.580,1790279125.402
25890,1955.648,1790279125.483
25891,1955.712,1790279125.608
25892,1955.780,1790279125.683
25893,1955.844,1790279125.768
25894,1955.976,1790279125.966
25895,1956.044,1790279126.052
25896,1956.108,1790279126.169
25897,1956.176,1790279126.251
25898,1956.240,1790279126.328
25899,1956.308,1790279126.445
25900,1956.372,1790279126.523
25901,1956.440,1790279126.609
25902,1956.504,1790279126.728
25903,1956.572,1790279126.808
25904,1956.636,1790279126.897
25905,1956.768,1790279127.086
25906,1956.836,1790279127.177
25907,1956.900,1790279127.238
25908,1956.968,1790279127.348
25909,1957.032,1790279127.433
25910,1957.100,1790279127.498
25911,1957.232,1790279127.701
25912,1957.296,1790279127.762
25913,1957.364,1790279127.893
25914,1957.496,1790279128.040
25915,1957.628,1790279128.245
25916,1957.692,1790279128.309
25917,1957.760,1790279128.434
25918,1957.824,1790279128.528
25919,1957.892,1790279128.599
25920,1957.956,1790279128.723
25921,1958.024,1790279128.823
25922,1958.088,1790279128.887
25923,1958.156,1790279129.008
25924,1958.220,1790279129.102
25925,1958.288,1790279129.171
25926,1958.352,1790279129.256
25927,1958.420,1790279129.366
25928,1958.484,1790279129.430
25929,1958.552,1790279129.509
25930,1958.616,1790279129.616
25931,1958.684,1790279129.695
25932,1958.748,1790279129.778
25933,1958.816,1790279129.908
25934,1958.880,1790279129.982
25935,1958.948,1790279130.052
25936,1959.012,1790279130.166
25937,1959.080,1790279130.237
25938,1959.144,1790279130.319
25939,1959.344,1790279130.593
25940,1959.408,1790279130.709
25941,1959.476,1790279130.779
25942,1959.540,1790279130.862
25943,1959.608,1790279130.991
25944,1959.672,1790279131.065
25945,1959.740,1790279131.142
25946,1959.804,1790279131.257
25947,1959.872,1790279131.338
25948,1959.936,1790279131.424
25949,1960.004,1790279131.541
25950,1960.068,1790279131.627
25951,1960.136,1790279131.719
25952,1960.268,1790279131.888
25953,1960.332,1790279131.970
25954,1960.400,1790279132.037
25955,1960.464,1790279132.146
25956,1960.532,1790279132.232
25957,1960.596,1790279132.294
25958,1960.664,1790279132.426
25959,1960.796,1790279132.579
25960,1960.860,1790279132.696
25961,1960.928,1790279132.788
25962,1960.992,1790279132.849
25963,1961.124,1790279133.056
25964,1961.324,1790279133.323
25965,1961.388,1790279133.386
25966,1961.456,1790279133.487
25967,1961.520,1790279133.584
25968,1961.588,1790279133.647
25969,1961.652,1790279133.729
25970,1961.720,1790279133.842
25971,1961.784,1790279133.907
25972,1961.852,1790279133.986
25973,1961.984,1790279134.171
25974,1962.048,1790279134.244
25975,1962.116,1790279134.356
25976,1962.380,1790279134.703
25977,1962.444,1790279134.781
25978,1962.512,1790279134.901
25979,1962.576,1790279134.975
25980,1962.644,1790279135.053
25981,1962.708,1790279135.174
25982,1962.776,1790279135.245
25983,1962.908,1790279135.440
25984,1962.972,1790279135.519
25985,1963.040,1790279135.604
25986,1963.104,1790279135.719
25987,1963.172,1790279135.800
25988,1963.236,1790279135.882
25989,1963.304,1790279135.993
25990,1963.368,1790279136.076
25991,1963.436,1790279136.163
25992,1963.500,1790279136.223
25993,1963.632,1790279136.429
25994,1963.700,1790279136.494
25995,1963.764,1790279136.600
25996,1963.832,1790279136.697
25997,1963.896,1790279136.756
25998,1963.964,1790279136.869
25999,1964.028,1790279136.953
26000,1964.096,1790279137.017
26001,1964.160,1790279137.132
26002,1964.228,1790279137.231
26003,1964.292,1790279137.295
26004,1964.360,1790279137.418
26005,1964.424,1790279137.517
26006,1964.492,1790279137.592
26007,1964.556,1790279137.721
26008,1964.624,1790279137.810
26009,1964.688,1790279137.873
26010,1964.756,1790279137.978
26011,1964.820,1790279138.078
26012,1964.888,1790279138.154
26013,1964.952,1790279138.238
26014,1965.020,1790279138.354
26015,1965.084,1790279138.425
26016,1965.152,1790279138.504
26017,1965.216,1790279138.628
26018,1965.348,1790279138.770
26019,1965.416,1790279138.896
26020,1965.480,1790279138.964
26021,1965.548,1790279139.051
26022,1965.612,1790279139.169
26023,1965.680,1790279139.258
26024,1965.744,1790279139.338
26025,1965.812,1790279139.456
26026,1965.876,1790279139.538
26027,1966.076,1790279139.826
26028,1966.140,1790279139.903
26029,1966.208,1790279140.021
26030,1966.272,1790279140.104
26031,1966.340,1790279140.178
26032,1966.404,1790279140.308
26033,1966.472,1790279140.388
26034,1966.536,1790279140.471
26035,1966.668,1790279140.666
26036,1966.736,1790279140.763
26037,1966.800,1790279140.831
26038,1966.932,1790279141.019
26039,1967.000,1790279141.083
26040,1967.064,1790279141.208
26041,1967.132,1790279141.294
26042,1967.328,1790279141.574
26043,1967.396,1790279141.638
26044,1967.460,1790279141.766
26045,1967.592,1790279141.930
26046,1967.660,1790279142.052
26047,1967.724,1790279142.150
26048,1967.792,1790279142.221
26049,1967.856,1790279142.353
26050,1967.924,1790279142.448
26051,1967.988,1790279142.515
26052,1968.056,1790279142.628
26053,1968.120,1790279142.731
26054,1968.188,1790279142.809
26055,1968.252,1790279142.881
26056,1968.384,1790279143.070
26057,1968.452,1790279143.156
26058,1968.516,1790279143.263
26059,1968.584,1790279143.344
26060,1968.648,1790279143.443
26061,1968.716,1790279143.571
26062,1968.848,1790279143.715
26063,1968.912,1790279143.832
26064,1968.980,1790279143.901
26065,1969.044,1790279143.975
26066,1969.112,1790279144.092
26067,1969.176,1790279144.163
26068,1969.244,1790279144.247
26069,1969.308,1790279144.368
26070,1969.440,1790279144.533
26071,1969.572,1790279144.731
26072,1969.640,1790279144.814
26073,1969.704,1790279144.929
26074,1969.772,1790279145.012
26075,1969.836,1790279145.091
26076,1969.904,1790279145.201
26077,1969.968,1790279145.284
26078,1970.036,1790279145.371
26079,1970.168,1790279145.548
26080,1970.232,1790279145.637
26081,1970.300,1790279145.707
26082,1970.364,1790279145.816
26083,1970.432,1790279145.901
26084,1970.496,1790279145.965
26085,1970.564,1790279146.077
26086,1970.828,1790279146.441
26087,1970.892,1790279146.504
26088,1970.960,1790279146.624
26089,1971.024,1790279146.725
26090,1971.092,1790279146.789
26091,1971.156,1790279146.913
26092,1971.224,1790279147.006
26093,1971.288,1790279147.073
26094,1971.356,1790279147.195
26095,1971.420,1790279147.297
26096,1971.488,1790279147.363
26097,1971.620,1790279147.573
26098,1971.684,1790279147.641
26099,1971.816,1790279147.829
26100,1971.884,1790279147.895
26101,1971.948,1790279147.976
26102,1972.016,1790279148.100
26103,1972.080,1790279148.170
26104,1972.148,1790279148.243
26105,1972.280,1790279148.428
26106,1972.344,1790279148.505
26107,1972.412,1790279148.620
26108,1972.476,1790279148.696
26109,1972.544,1790279148.779
26110,1972.676,1790279148.970
26111,1972.808,1790279149.169
26112,1972.872,1790279149.246
26113,1972.940,1790279149.329
26114,1973.004,1790279149.444
26115,1973.072,1790279149.524
26116,1973.136,1790279149.614
26117,1973.204,1790279149.742
26118,1973.268,1790279149.821
26119,1973.336,1790279149.909
26120,1973.400,1790279149.973
26121,1973.468,1790279150.081
26122,1973.532,1790279150.162
26123,1973.600,1790279150.228
26124,1973.664,1790279150.345
26125,1973.732,1790279150.432
26126,1973.796,1790279150.494
26127,1973.864,1790279150.611
26128,1973.928,1790279150.696
26129,1973.996,1790279150.761
26130,1974.060,1790279150.861
26131,1974.128,1790279150.956
26132,1974.260,1790279151.124
26133,1974.324,1790279151.220
26134,1974.392,1790279151.285
26135,1974.456,1790279151.400
26136,1974.524,1790279151.491
26137,1974.588,1790279151.559
26138,1974.656,1790279151.688
26139,1974.720,1790279151.787
26140,1974.788,1790279151.863
26141,1974.852,1790279151.938
26142,1974.920,1790279152.048
26143,1974.984,1790279152.115
26144,1975.052,1790279152.199
26145,1975.116,1790279152.309
26146,1975.184,1790279152.378
26147,1975.248,1790279152.466
26148,1975.316,1790279152.587
26149,1975.380,1790279152.656
26150,1975.448,1790279152.740
26151,1975.512,1790279152.865
26152,1975.580,1790279152.940
26153,1975.644,1790279153.028
26154,1975.712,1790279153.152
26155,1975.776,1790279153.233
26156,1975.844,1790279153.319
26157,1975.908,1790279153.438
26158,1975.976,1790279153.522
26159,1976.040,1790279153.607
26160,1976.108,1790279153.737
26161,1976.172,1790279153.810
26162,1976.240,1790279153.899
26163,1976.304,1790279154.024
26164,1976.372,1790279154.108
26165,1976.436,1790279154.194
26166,1976.504,1790279154.314
26167,1976.568,1790279154.397
26168,1976.636,1790279154.484
26169,1976.700,1790279154.547
26170,1976.768,1790279154.664
26171,1976.832,1790279154.751
26172,1976.900,1790279154.816
26173,1976.964,1790279154.933
26174,1977.032,1790279155.025
26175,1977.096,1790279155.093
26176,1977.164,1790279155.207
26177,1977.228,1790279155.292
26178,1977.296,1790279155.357
26179,1977.428,1790279155.561
26180,1977.492,1790279155.621
26181,1977.560,1790279155.741
26182,1977.692,1790279155.920
26183,1977.824,1790279156.129
26184,1977.888,1790279156.188
26185,1978.020,1790279156.399
26186,1978.088,1790279156.465
26187,1978.152,1790279156.546
26188,1978.284,1790279156.731
26189,1978.416,1790279156.920
26190,1978.484,1790279156.993
26191,1978.548,1790279157.074
26192,1978.616,1790279157.188
26193,1978.680,1790279157.265
26194,1978.748,1790279157.342
26195,1978.812,1790279157.475
26196,1978.880,1790279157.548
26197,1978.944,1790279157.631
26198,1979.012,1790279157.762
26199,1979.076,1790279157.849
26200,1979.144,1790279157.940
26201,1979.208,1790279158.074
26202,1979.276,1790279158.162
26203,1979.340,1790279158.262
26204,1979.408,1790279158.395
26205,1979.472,1790279158.479
26206,1979.540,1790279158.562
26207,1979.672,1790279158.779
26208,1979.736,1790279158.870
26209,1979.804,1790279158.990
26210,1979.868,1790279159.071
26211,1979.936,1790279159.154
26212,1980.000,1790279159.224
26213,1980.068,1790279159.340
26214,1980.200,1790279159.488
26215,1980.264,1790279159.589
26216,1980.332,1790279159.679
26217,1980.396,1790279159.746
26218,1980.464,1790279159.876
26219,1980.528,1790279159.977
26220,1980.596,1790279160.043
26221,1980.660,1790279160.185
26222,1980.728,1790279160.284
26223,1980.792,1790279160.353
26224,1980.924,1790279160.588
26225,1981.124,1790279160.901
26226,1981.188,1790279160.973
26227,1981.256,1790279161.083
26228,1981.320,1790279161.188
26229,1981.388,1790279161.257
26230,1981.452,1790279161.340
26231,1981.520,1790279161.460
26232,1981.584,1790279161.526
26233,1981.652,1790279161.599
26234,1981.716,1790279161.713
26235,1981.784,1790279161.781
26236,1981.848,1790279161.864
26237,1981.916,1790279161.985
26238,1981.980,1790279162.059
26239,1982.048,1790279162.139
26240,1982.112,1790279162.259
26241,1982.180,1790279162.334
26242,1982.244,1790279162.408
26243,1982.312,1790279162.526
26244,1982.376,1790279162.599
26245,1982.444,1790279162.677
26246,1982.576,1790279162.879
26247,1982.640,1790279162.961
26248,1982.708,1790279163.091
26249,1982.772,1790279163.168
26250,1982.840,1790279163.252
26251,1982.904,1790279163.366
26252,1982.972,1790279163.451
26253,1983.036,1790279163.534
26254,1983.104,1790279163.653
26255,1983.168,1790279163.742
26256,1983.236,1790279163.826
26257,1983.300,1790279163.889
26258,1983.368,1790279163.997
26259,1983.432,1790279164.083
26260,1983.500,1790279164.148
26261,1983.564,1790279164.268
26262,1983.632,1790279164.363
26263,1983.696,1790279164.433
26264,1983.764,1790279164.562
26265,1983.828,1790279164.663
26266,1983.896,1790279164.728
26267,1983.960,1790279164.861
26268,1984.028,1790279164.961
26269,1984.092,1790279165.020
26270,1984.160,1790279165.153
26271,1984.224,1790279165.248
26272,1984.292,1790279165.315
26273,1984.356,1790279165.436
26274,1984.424,1790279165.539
26275,1984.488,1790279165.603
26276,1984.620,1790279165.812
26277,1984.752,1790279165.960
26278,1984.820,1790279166.075
26279,1984.884,1790279166.151
26280,1985.084,1790279166.394
26281,1985.216,1790279166.594
26282,1985.280,1790279166.667
26283,1985.348,1790279166.750
26284,1985.480,1790279166.941
26285,1985.544,1790279167.016
26286,1985.612,1790279167.131
26287,1985.676,1790279167.206
26288,1985.744,1790279167.278
26289,1985.940,1790279167.559
26290,1986.008,1790279167.680
26291,1986.072,1790279167.756
26292,1986.272,1790279168.026
26293,1986.404,1790279168.232
26294,1986.536,1790279168.408
26295,1986.600,1790279168.473
26296,1986.668,1790279168.584
26297,1986.732,1790279168.676
26298,1986.800,1790279168.739
26299,1986.864,1790279168.859
26300,1986.932,1790279168.947
26301,1986.996,1790279169.008
26302,1987.064,1790279169.128
26303,1987.128,1790279169.228
26304,1987.196,1790279169.286
26305,1987.260,1790279169.394
26306,1987.328,1790279169.488
26307,1987.392,1790279169.551
26308,1987.460,1790279169.661
26309,1987.524,1790279169.755
26310,1987.592,1790279169.819
26311,1987.656,1790279169.931
26312,1987.724,1790279170.038
26313,1987.788,1790279170.096
26314,1987.856,1790279170.215
26315,1987.920,1790279170.314
26316,1987.988,1790279170.380
26317,1988.052,1790279170.468
26318,1988.184,1790279170.644
26319,1988.252,1790279170.736
26320,1988.316,1790279170.852
26321,1988.384,1790279170.921
26322,1988.448,1790279170.997
26323,1988.516,1790279171.125
26324,1988.580,1790279171.194
26325,1988.648,1790279171.278
26326,1988.712,1790279171.398
26327,1988.780,1790279171.470
26328,1988.844,1790279171.543
26329,1988.912,1790279171.660
26330,1988.976,1790279171.746
26331,1989.108,1790279171.959
26332,1989.176,1790279172.034
26333,1989.308,1790279172.242
26334,1989.372,1790279172.324
26335,1989.440,1790279172.409
26336,1989.504,1790279172.537
26337,1989.572,1790279172.619
26338,1989.636,1790279172.703
26339,1989.704,1790279172.822
26340,1989.768,1790279172.897
26341,1989.836,1790279172.979
26342,1989.900,1790279173.045
26343,1989.968,1790279173.151
26344,1990.032,1790279173.237
26345,1990.100,1790279173.308
26346,1990.164,1790279173.432
26347,1990.296,1790279173.591
26348,1990.364,1790279173.710
26349,1990.428,1790279173.802
26350,1990.496,1790279173.866
26351,1990.560,1790279173.977
26352,1990.628,1790279174.066
26353,1990.692,1790279174.127
26354,1990.824,1790279174.331
26355,1990.892,1790279174.404
26356,1991.088,1790279174.672
26357,1991.156,1790279174.797
26358,1991.220,1790279174.896
26359,1991.288,1790279174.962
26360,1991.352,1790279175.041
26361,1991.420,1790279175.146
26362,1991.484,1790279175.216
26363,1991.552,1790279175.304
26364,1991.616,1790279175.416
26365,1991.684,1790279175.484
26366,1991.748,1790279175.559
26367,1991.816,1790279175.677
26368,1991.948,1790279175.824
26369,1992.012,1790279175.950
26370,1992.080,1790279176.015
26371,1992.144,1790279176.102
26372,1992.212,1790279176.225
26373,1992.276,1790279176.299
26374,1992.344,1790279176.373
26375,1992.408,1790279176.509
26376,1992.476,1790279176.583
26377,1992.608,1790279176.783
26378,1992.740,1790279176.943
26379,1992.804,1790279177.063
26380,1992.872,1790279177.139
26381,1992.936,1790279177.224
26382,1993.004,1790279177.336
26383,1993.068,1790279177.417
26384,1993.136,1790279177.511
26385,1993.268,1790279177.696
26386,1993.332,1790279177.776
26387,1993.400,1790279177.842
26388,1993.464,1790279177.950
26389,1993.532,1790279178.034
26390,1993.596,1790279178.097
26391,1993.664,1790279178.207
26392,1993.728,1790279178.295
26393,1993.860,1790279178.468
26394,1993.928,1790279178.565
26395,1993.992,1790279178.628
26396,1994.060,1790279178.735
26397,1994.124,1790279178.826
26398,1994.192,1790279178.892
26399,1994.256,1790279179.005
26400,1994.324,1790279179.101
26401,1994.388,1790279179.162
26402,1994.456,1790279179.276
26403,1994.520,1790279179.367
26404,1994.588,1790279179.433
26405,1994.652,1790279179.522
26406,1994.720,1790279179.635
26407,1994.784,1790279179.697
26408,1994.852,1790279179.773
26409,1994.916,1790279179.876
26410,1994.984,1790279179.941
26411,1995.048,1790279180.023
26412,1995.116,1790279180.136
26413,1995.180,1790279180.203
26414,1995.248,1790279180.280
26415,1995.380,1790279180.470
26416,1995.444,1790279180.546
26417,1995.512,1790279180.666
26418,1995.576,1790279180.745
26419,1995.644,1790279180.822
26420,1995.708,1790279180.939
26421,1995.776,1790279181.019
26422,1995.840,1790279181.093
26423,1995.908,1790279181.210
26424,1995.972,1790279181.286
26425,1996.040,1790279181.370
26426,1996.104,1790279181.494
26427,1996.236,1790279181.661
26428,1996.304,1790279181.776
26429,1996.368,1790279181.858
26430,1996.436,1790279181.947
26431,1996.500,1790279182.005
26432,1996.568,1790279182.115
26433,1996.632,1790279182.196
26434,1996.700,1790279182.260
26435,1996.764,1790279182.370
26436,1996.832,1790279182.460
26437,1996.896,1790279182.520
26438,1996.964,1790279182.643
26439,1997.028,1790279182.726
26440,1997.096,1790279182.792
26441,1997.228,1790279183.010
26442,1997.292,1790279183.071
26443,1997.360,1790279183.177
26444,1997.424,1790279183.280
26445,1997.492,1790279183.341
26446,1997.556,1790279183.454
26447,1997.624,1790279183.553
26448,1997.688,1790279183.614
26449,1997.756,1790279183.740
26450,1997.820,1790279183.841
26451,1997.888,1790279183.907
26452,1997.952,1790279183.979
26453,1998.020,1790279184.084
26454,1998.084,1790279184.158
26455,1998.152,1790279184.237
26456,1998.216,1790279184.347
26457,1998.284,1790279184.423
26458,1998.348,1790279184.504
26459,1998.416,1790279184.622
26460,1998.480,1790279184.700
26461,1998.548,1790279184.780
26462,1998.612,1790279184.894
26463,1998.680,1790279184.968
26464,1998.744,1790279185.050
26465,1998.812,1790279185.166
26466,1998.876,1790279185.237
26467,1998.944,1790279185.310
26468,1999.008,1790279185.419
26469,1999.076,1790279185.502
26470,1999.140,1790279185.582
26471,1999.208,1790279185.701
26472,1999.272,1790279185.778
26473,1999.340,1790279185.858
26474,1999.472,1790279186.054
26475,1999.536,1790279186.132
26476,1999.736,1790279186.415
26477,1999.800,1790279186.479
26478,1999.868,1790279186.587
26479,1999.932,1790279186.665
26480,2000.000,1790279186.732
26481,2000.064,1790279186.849
26482,2000.132,1790279186.939
26483,2000.196,1790279187.001
26484,2000.264,1790279187.116
26485,2000.460,1790279187.375
26486,2000.592,1790279187.538
26487,2000.660,1790279187.643
26488,2000.724,1790279187.739
26489,2000.792,1790279187.809
26490,2000.856,1790279187.919
26491,2000.924,1790279188.016
26492,2000.988,1790279188.087
26493,2001.056,1790279188.200
26494,2001.120,1790279188.304
26495,2001.188,1790279188.376
26496,2001.252,1790279188.454
26497,2001.320,1790279188.559
26498,2001.384,1790279188.635
26499,2001.452,1790279188.707
26500,2001.516,1790279188.818
26501,2001.584,1790279188.887
26502,2001.648,1790279188.966
26503,2001.716,1790279189.080
26504,2001.780,1790279189.154
26505,2001.848,1790279189.232
26506,2001.980,1790279189.423
26507,2002.044,1790279189.501
26508,2002.112,1790279189.613
26509,2002.176,1790279189.686
26510,2002.244,1790279189.767
26511,2002.308,1790279189.887
26512,2002.376,1790279189.967
26513,2002.440,1790279190.043
26514,2002.508,1790279190.162
26515,2002.572,1790279190.236
26516,2002.640,1790279190.319
26517,2002.704,1790279190.433
26518,2002.836,1790279190.602
26519,2002.904,1790279190.719
26520,2002.968,1790279190.799
26521,2003.036,1790279190.888
26522,2003.100,1790279190.954
26523,2003.168,1790279191.067
26524,2003.232,1790279191.151
26525,2003.300,1790279191.218
26526,2003.364,1790279191.340
26527,2003.432,1790279191.427
26528,2003.496,1790279191.488
26529,2003.564,1790279191.597
26530,2003.628,1790279191.705
26531,2003.696,1790279191.771
26532,2003.760,1790279191.869
26533,2003.828,1790279191.969
26534,2003.892,1790279192.028
26535,2003.960,1790279192.136
26536,2004.024,1790279192.239
26537,2004.092,1790279192.309
26538,2004.156,1790279192.414
26539,2004.224,1790279192.506
26540,2004.288,1790279192.577
26541,2004.356,1790279192.688
26542,2004.420,1790279192.786
26543,2004.488,1790279192.855
26544,2004.552,1790279192.934
26545,2004.620,1790279193.043
26546,2004.684,1790279193.115
26547,2004.752,1790279193.191
26548,2004.816,1790279193.296
26549,2004.884,1790279193.360
26550,2005.080,1790279193.631
26551,2005.148,1790279193.705
26552,2005.212,1790279193.823
26553,2005.280,1790279193.898
26554,2005.344,1790279193.969
26555,2005.412,1790279194.092
26556,2005.476,1790279194.166
26557,2005.544,1790279194.255
26558,2005.608,1790279194.368
26559,2005.676,1790279194.445
26560,2005.808,1790279194.629
26561,2005.940,1790279194.788
26562,2006.004,1790279194.902
26563,2006.204,1790279195.181
26564,2006.268,1790279195.258
26565,2006.336,1790279195.350
26566,2006.400,1790279195.418
26567,2006.468,1790279195.528
26568,2006.532,1790279195.607
26569,2006.600,1790279195.673
26570,2006.664,1790279195.791
26571,2006.796,1790279195.943
26572,2006.864,1790279196.066
26573,2006.996,1790279196.218
26574,2007.060,1790279196.340
26575,2007.128,1790279196.442
26576,2007.192,1790279196.517
26577,2007.260,1790279196.642
26578,2007.324,1790279196.733
26579,2007.392,1790279196.805
26580,2007.524,1790279197.015
26581,2007.588,1790279197.082
26582,2007.656,1790279197.203
26583,2007.720,1790279197.302
26584,2007.788,1790279197.372
26585,2007.852,1790279197.450
26586,2007.920,1790279197.556
26587,2007.984,1790279197.617
26588,2008.052,1790279197.694
26589,2008.316,1790279198.081
26590,2008.380,1790279198.158
26591,2008.448,1790279198.231
26592,2008.512,1790279198.343
26593,2008.580,1790279198.418
26594,2008.644,1790279198.499
26595,2008.712,1790279198.617
26596,2008.776,1790279198.689
26597,2008.844,1790279198.766
26598,2008.908,1790279198.879
26599,2008.976,1790279198.951
26600,2009.040,1790279199.029
26601,2009.108,1790279199.147
26602,2009.172,1790279199.228
26603,2009.304,1790279199.427
26604,2009.372,1790279199.507
26605,2009.436,1790279199.594
26606,2009.504,1790279199.713
26607,2009.568,1790279199.795
26608,2009.636,1790279199.876
26609,2009.700,1790279199.939
26610,2009.768,1790279200.054
26611,2009.832,1790279200.142
26612,2009.900,1790279200.211
26613,2009.964,1790279200.333
26614,2010.032,1790279200.421
26615,2010.096,1790279200.492
26616,2010.164,1790279200.608
26617,2010.228,1790279200.696
26618,2010.296,1790279200.761
26619,2010.360,1790279200.871
26620,2010.560,1790279201.141
26621,2010.624,1790279201.245
26622,2010.692,1790279201.306
26623,2010.756,1790279201.422
26624,2010.824,1790279201.524
26625,2010.888,1790279201.595
26626,2010.956,1790279201.721
26627,2011.020,1790279201.819
26628,2011.088,1790279201.887
26629,2011.152,1790279201.968
26630,2011.220,1790279202.092
26631,2011.284,1790279202.163
26632,2011.352,1790279202.248
26633,2011.416,1790279202.365
26634,2011.484,1790279202.436
26635,2011.548,1790279202.523
26636,2011.616,1790279202.656
26637,2011.680,1790279202.740
26638,2011.748,1790279202.826
26639,2011.880,1790279203.043
26640,2011.944,1790279203.123
26641,2012.076,1790279203.328
26642,2012.144,1790279203.413
26643,2012.208,1790279203.540
26644,2012.276,1790279203.625
26645,2012.340,1790279203.716
26646,2012.408,1790279203.844
26647,2012.472,1790279203.923
26648,2012.540,1790279204.013
26649,2012.604,1790279204.134
26650,2012.672,1790279204.219
26651,2012.736,1790279204.306
26652,2012.804,1790279204.436
26653,2012.868,1790279204.520
26654,2012.936,1790279204.626
26655,2013.000,1790279204.690
26656,2013.068,1790279204.837
26657,2013.132,1790279204.919
26658,2013.200,1790279204.989
26659,2013.264,1790279205.120
26660,2013.332,1790279205.212
26661,2013.396,1790279205.274
26662,2013.528,1790279205.486
26663,2013.596,1790279205.553
26664,2013.660,1790279205.686
26665,2013.728,1790279205.783
26666,2013.860,1790279205.979
26667,2013.924,1790279206.073
26668,2013.992,1790279206.144
26669,2014.056,1790279206.274
26670,2014.124,1790279206.375
26671,2014.188,1790279206.453
26672,2014.256,1790279206.579
26673,2014.320,1790279206.678
26674,2014.452,1790279206.834
26675,2014.584,1790279207.033
26676,2014.652,1790279207.118
26677,2014.716,1790279207.234
26678,2014.784,1790279207.314
26679,2014.848,1790279207.392
26680,2014.980,1790279207.607
26681,2015.112,1790279207.820
26682,2015.180,1790279207.906
26683,2015.244,1790279207.983
26684,2015.312,1790279208.112
26685,2015.376,1790279208.195
26686,2015.444,1790279208.276
26687,2015.576,1790279208.496
26688,2015.640,1790279208.580
26689,2015.708,1790279208.716
26690,2015.772,1790279208.804
26691,2015.904,1790279209.011
26692,2015.972,1790279209.107
26693,2016.036,1790279209.191
26694,2016.104,1790279209.309
26695,2016.168,1790279209.392
26696,2016.236,1790279209.483
26697,2016.300,1790279209.547
26698,2016.368,1790279209.665
26699,2016.432,1790279209.754
26700,2016.500,1790279209.819
26701,2016.632,1790279210.040
26702,2016.696,1790279210.110
26703,2016.764,1790279210.228
26704,2016.960,1790279210.513
26705,2017.028,1790279210.613
26706,2017.092,1790279210.681
26707,2017.160,1790279210.802
26708,2017.224,1790279210.900
26709,2017.292,1790279210.977
26710,2017.356,1790279211.105
26711,2017.424,1790279211.211
26712,2017.620,1790279211.491
26713,2017.688,1790279211.573
26714,2017.752,1790279211.652
26715,2017.820,1790279211.781
26716,2017.884,1790279211.852
26717,2017.952,1790279211.927
26718,2018.016,1790279212.050
26719,2018.084,1790279212.126
26720,2018.148,1790279212.209
26721,2018.216,1790279212.329
26722,2018.280,1790279212.404
26723,2018.348,1790279212.488
26724,2018.480,1790279212.700
26725,2018.544,1790279212.780
26726,2018.612,1790279212.898
26727,2018.744,1790279213.058
26728,2018.808,1790279213.181
26729,2018.940,1790279213.355
26730,2019.008,1790279213.474
26731,2019.072,1790279213.551
26732,2019.140,1790279213.638
26733,2019.204,1790279213.764
26734,2019.272,1790279213.847
26735,2019.336,1790279213.939
26736,2019.468,1790279214.142
26737,2019.536,1790279214.231
26738,2019.600,1790279214.292
26739,2019.668,1790279214.407
26740,2019.732,1790279214.498
26741,2019.864,1790279214.679
26742,2019.932,1790279214.775
26743,2019.996,1790279214.843
26744,2020.064,1790279214.959
26745,2020.328,1790279215.328
26746,2020.392,1790279215.402
26747,2020.524,1790279215.612
26748,2020.592,1790279215.676
26749,2020.656,1790279215.811
26750,2020.724,1790279215.914
26751,2020.856,1790279216.109
26752,2020.920,1790279216.207
26753,2020.988,1790279216.285
26754,2021.052,1790279216.369
26755,2021.184,1790279216.553
26756,2021.252,1790279216.637
26757,2021.316,1790279216.757
26758,2021.448,1790279216.914
26759,2021.516,1790279217.052
26760,2021.580,1790279217.129
26761,2021.648,1790279217.210
26762,2021.844,1790279217.507
26763,2021.912,1790279217.631
26764,2021.976,1790279217.715
26765,2022.044,1790279217.808
26766,2022.108,1790279217.936
26767,2022.176,1790279218.024
26768,2022.240,1790279218.110
26769,2022.308,1790279218.233
26770,2022.372,1790279218.320
26771,2022.440,1790279218.411
26772,2022.572,1790279218.622
26773,2022.636,1790279218.706
26774,2022.704,1790279218.835
26775,2022.768,1790279218.919
26776,2022.836,1790279219.022
26777,2022.968,1790279219.214
26778,2023.032,1790279219.305
26779,2023.100,1790279219.370
26780,2023.164,1790279219.490
26781,2023.232,1790279219.585
26782,2023.296,1790279219.652
26783,2023.428,1790279219.871
26784,2023.496,1790279219.935
26785,2023.560,1790279220.060
26786,2023.628,1790279220.151
26787,2023.692,1790279220.215
26788,2023.760,1790279220.345
26789,2023.824,1790279220.448
26790,2023.892,1790279220.512
26791,2024.088,1790279220.795
26792,2024.156,1790279220.932
26793,2024.288,1790279221.113
26794,2024.352,1790279221.197
26795,2024.484,1790279221.397
26796,2024.552,1790279221.478
26797,2024.684,1790279221.686
26798,2024.748,1790279221.789
26799,2024.816,1790279221.914
26800,2024.880,1790279221.990
26801,2024.948,1790279222.079
26802,2025.012,1790279222.207
26803,2025.080,1790279222.286
26804,2025.144,1790279222.376
26805,2025.212,1790279222.497
26806,2025.276,1790279222.577
26807,2025.344,1790279222.659
26808,2025.476,1790279222.884
26809,2025.540,1790279222.969
26810,2025.608,1790279223.089
26811,2025.672,1790279223.174
26812,2025.740,1790279223.273
26813,2025.804,1790279223.409
26814,2025.872,1790279223.492
26815,2025.936,1790279223.580
26816,2026.004,1790279223.700
26817,2026.136,1790279223.877
26818,2026.200,1790279223.942
26819,2026.268,1790279224.064
26820,2026.332,1790279224.160
26821,2026.400,1790279224.227
26822,2026.464,1790279224.352
26823,2026.596,1790279224.503
26824,2026.664,1790279224.622
26825,2026.728,1790279224.717
26826,2026.796,1790279224.782
26827,2026.860,1790279224.894
26828,2026.992,1790279225.059
26829,2027.124,1790279225.271
26830,2027.192,1790279225.348
26831,2027.256,1790279225.480
26832,2027.324,1790279225.580
26833,2027.388,1790279225.645
26834,2027.456,1790279225.786
26835,2027.520,1790279225.887
26836,2027.588,1790279225.951
26837,2027.652,1790279226.039
26838,2027.720,1790279226.160
26839,2027.784,1790279226.235
26840,2027.852,1790279226.318
26841,2027.916,1790279226.434
26842,2027.984,1790279226.509
26843,2028.048,1790279226.598
26844,2028.116,1790279226.727
26845,2028.180,1790279226.805
26846,2028.248,1790279226.894
26847,2028.312,1790279227.018
26848,2028.380,1790279227.107
26849,2028.444,1790279227.191
26850,2028.512,1790279227.314
26851,2028.576,1790279227.392
26852,2028.644,1790279227.478
26853,2028.776,1790279227.690
26854,2028.840,1790279227.780
26855,2028.908,1790279227.915
26856,2029.040,1790279228.093
26857,2029.104,1790279228.214
26858,2029.172,1790279228.300
26859,2029.236,1790279228.407
26860,2029.436,1790279228.736
26861,2029.500,1790279228.809
26862,2029.568,1790279228.946
26863,2029.632,1790279229.050
26864,2029.700,1790279229.115
26865,2029.764,1790279229.245
26866,2029.832,1790279229.337
26867,2029.896,1790279229.407
26868,2029.964,1790279229.544
26869,2030.028,1790279229.645
26870,2030.096,1790279229.721
26871,2030.160,1790279229.842
26872,2030.228,1790279229.947
26873,2030.292,1790279230.024
26874,2030.360,1790279230.164
26875,2030.424,1790279230.268
26876,2030.492,1790279230.338
26877,2030.624,1790279230.591
26878,2030.688,1790279230.664
26879,2030.820,1790279230.903
26880,2030.952,1790279231.063
26881,2031.020,1790279231.189
26882,2031.084,1790279231.273
26883,2031.152,1790279231.359
26884,2031.216,1790279231.492
26885,2031.284,1790279231.571
26886,2031.348,1790279231.657
26887,2031.416,1790279231.801
26888,2031.480,1790279231.883
26889,2031.548,1790279231.971
26890,2031.612,1790279232.111
26891,2031.680,1790279232.197
26892,2031.744,1790279232.285
26893,2031.812,1790279232.417
26894,2031.876,1790279232.493
26895,2031.944,1790279232.583
26896,2032.008,1790279232.715
26897,2032.140,1790279232.884
26898,2032.208,1790279233.016
26899,2032.272,1790279233.096
26900,2032.340,1790279233.185
26901,2032.404,1790279233.304
26902,2032.472,1790279233.386
26903,2032.536,1790279233.469
26904,2032.604,1790279233.587
26905,2032.668,1790279233.673
26906,2032.736,1790279233.771
26907,2032.800,1790279233.831
26908,2032.868,1790279233.959
26909,2032.932,1790279234.046
26910,2033.000,1790279234.110
26911,2033.064,1790279234.227
26912,2033.132,1790279234.329
26913,2033.196,1790279234.390
26914,2033.264,1790279234.510
26915,2033.396,1790279234.671
26916,2033.460,1790279234.800
26917,2033.528,1790279234.902
26918,2033.660,1790279235.095
26919,2033.724,1790279235.189
26920,2033.792,1790279235.262
26921,2033.856,1790279235.390
26922,2033.924,1790279235.490
26923,2033.988,1790279235.567
26924,2034.056,1790279235.682
26925,2034.120,1790279235.781
26926,2034.188,1790279235.850
26927,2034.252,1790279235.934
26928,2034.320,1790279236.047
26929,2034.384,1790279236.121
26930,2034.452,1790279236.203
26931,2034.516,1790279236.319
26932,2034.584,1790279236.401
26933,2034.648,1790279236.484
26934,2034.716,1790279236.608
26935,2034.780,1790279236.687
26936,2034.848,1790279236.769
26937,2034.912,1790279236.889
26938,2034.980,1790279236.978
26939,2035.044,1790279237.055
26940,2035.112,1790279237.182
26941,2035.176,1790279237.266
26942,2035.244,1790279237.348
26943,2035.308,1790279237.476
26944,2035.376,1790279237.559
26945,2035.440,1790279237.640
26946,2035.508,1790279237.768
26947,2035.704,1790279238.079
26948,2035.772,1790279238.170
26949,2035.836,1790279238.254
26950,2035.904,1790279238.376
26951,2035.968,1790279238.471
26952,2036.036,1790279238.558
26953,2036.100,1790279238.624
26954,2036.168,1790279238.751
26955,2036.232,1790279238.838
26956,2036.300,1790279238.904
26957,2036.364,1790279239.023
26958,2036.432,1790279239.119
26959,2036.496,1790279239.188
26960,2036.564,1790279239.311
26961,2036.696,1790279239.472
26962,2036.760,1790279239.610
26963,2036.828,1790279239.712
26964,2036.892,1790279239.775
26965,2036.960,1790279239.898
26966,2037.024,1790279239.999
26967,2037.092,1790279240.061
26968,2037.156,1790279240.176
26969,2037.224,1790279240.277
26970,2037.288,1790279240.352
26971,2037.356,1790279240.481
26972,2037.420,1790279240.584
26973,2037.488,1790279240.652
26974,2037.552,1790279240.747
26975,2037.620,1790279240.867
26976,2037.684,1790279240.947
26977,2037.752,1790279241.031
26978,2037.816,1790279241.149
26979,2037.884,1790279241.225
26980,2037.948,1790279241.303
26981,2038.016,1790279241.433
26982,2038.080,1790279241.517
26983,2038.148,1790279241.610
26984,2038.212,1790279241.735
26985,2038.280,1790279241.808
26986,2038.344,1790279241.892
26987,2038.412,1790279242.015
26988,2038.476,1790279242.098
26989,2038.544,1790279242.188
26990,2038.608,1790279242.317
26991,2038.676,1790279242.396
26992,2038.740,1790279242.482
26993,2038.808,1790279242.607
26994,2038.872,1790279242.686
26995,2038.940,1790279242.775
26996,2039.004,1790279242.895
26997,2039.072,1790279242.979
26998,2039.136,1790279243.066
26999,2039.204,1790279243.186
27000,2039.268,1790279243.276
27001,2039.336,1790279243.370
27002,2039.400,1790279243.434
27003,2039.468,1790279243.551
27004,2039.532,1790279243.640
27005,2039.600,1790279243.707
27006,2039.664,1790279243.818
27007,2039.732,1790279243.905
27008,2039.796,1790279243.967
27009,2039.864,1790279244.080
27010,2039.996,1790279244.239
27011,2040.060,1790279244.360
27012,2040.128,1790279244.447
27013,2040.260,1790279244.631
27014,2040.324,1790279244.732
27015,2040.392,1790279244.796
27016,2040.456,1790279244.909
27017,2040.524,1790279245.010
27018,2040.588,1790279245.075
27019,2040.720,1790279245.298
27020,2040.852,1790279245.442
27021,2040.984,1790279245.620
27022,2041.052,1790279245.709
27023,2041.116,1790279245.832
27024,2041.184,1790279245.902
27025,2041.248,1790279245.980
27026,2041.316,1790279246.104
27027,2041.380,1790279246.175
27028,2041.448,1790279246.253
27029,2041.580,1790279246.461
27030,2041.712,1790279246.660
27031,2041.776,1790279246.743
27032,2041.844,1790279246.833
27033,2041.908,1790279246.952
27034,2042.040,1790279247.118
27035,2042.172,1790279247.325
27036,2042.240,1790279247.420
27037,2042.304,1790279247.540
27038,2042.372,1790279247.633
27039,2042.436,1790279247.730
27040,2042.504,1790279247.852
27041,2042.568,1790279247.940
27042,2042.636,1790279248.025
27043,2042.700,1790279248.091
27044,2042.768,1790279248.212
27045,2042.832,1790279248.299
27046,2042.900,1790279248.363
27047,2042.964,1790279248.481
27048,2043.032,1790279248.582
27049,2043.096,1790279248.654
27050,2043.164,1790279248.784
27051,2043.228,1790279248.880
27052,2043.296,1790279248.950
27053,2043.360,1790279249.068
27054,2043.428,1790279249.161
27055,2043.492,1790279249.226
27056,2043.560,1790279249.354
27057,2043.692,1790279249.518
27058,2043.756,1790279249.641
27059,2043.824,1790279249.744
27060,2043.888,1790279249.817
27061,2043.956,1790279249.946
27062,2044.020,1790279250.048
27063,2044.088,1790279250.122
27064,2044.152,1790279250.210
27065,2044.220,1790279250.333
27066,2044.284,1790279250.411
27067,2044.352,1790279250.502
27068,2044.416,1790279250.624
27069,2044.484,1790279250.702
27070,2044.548,1790279250.780
27071,2044.616,1790279250.912
27072,2044.748,1790279251.077
27073,2044.812,1790279251.203
27074,2044.880,1790279251.278
27075,2044.944,1790279251.358
27076,2045.012,1790279251.483
27077,2045.076,1790279251.565
27078,2045.144,1790279251.651
27079,2045.208,1790279251.771
27080,2045.276,1790279251.858
27081,2045.340,1790279251.944
27082,2045.408,1790279252.070
27083,2045.472,1790279252.153
27084,2045.540,1790279252.237
27085,2045.604,1790279252.360
27086,2045.672,1790279252.446
27087,2045.736,1790279252.529
27088,2045.804,1790279252.646
27089,2045.868,1790279252.734
27090,2045.936,1790279252.829
27091,2046.000,1790279252.890
27092,2046.068,1790279253.019
27093,2046.132,1790279253.109
27094,2046.200,1790279253.172
27095,2046.332,1790279253.387
27096,2046.396,1790279253.450
27097,2046.464,1790279253.569
27098,2046.528,1790279253.655
27099,2046.596,1790279253.730
27100,2046.660,1790279253.846
27101,2046.728,1790279253.942
27102,2046.792,1790279254.023
27103,2046.860,1790279254.136
27104,2046.924,1790279254.242
27105,2046.992,1790279254.312
27106,2047.056,1790279254.431
27107,2047.124,1790279254.525
27108,2047.188,1790279254.594
27109,2047.256,1790279254.708
27110,2047.320,1790279254.804
27111,2047.388,1790279254.875
27112,2047.452,1790279254.956
27113,2047.520,1790279255.088
27114,2047.584,1790279255.163
27115,2047.652,1790279255.243
27116,2047.716,1790279255.360
27117,2047.784,1790279255.436
27118,2047.848,1790279255.524
27119,2047.916,1790279255.645
27120,2047.980,1790279255.719
27121,2048.048,1790279255.798
27122,2048.112,1790279255.920
27123,2048.180,1790279255.995
27124,2048.244,1790279256.081
27125,2048.312,1790279256.202
27126,2048.376,1790279256.281
27127,2048.444,1790279256.368
27128,2048.508,1790279256.497
27129,2048.576,1790279256.579
27130,2048.640,1790279256.657
27131,2048.708,1790279256.783
27132,2048.772,1790279256.864
27133,2048.840,1790279256.950
27134,2048.904,1790279257.077
27135,2048.972,1790279257.159
27136,2049.036,1790279257.242
27137,2049.104,1790279257.364
27138,2049.168,1790279257.454
27139,2049.236,1790279257.549
27140,2049.300,1790279257.617
27141,2049.368,1790279257.740
27142,2049.432,1790279257.827
27143,2049.500,1790279257.894
27144,2049.564,1790279258.014
27145,2049.632,1790279258.109
27146,2049.696,1790279258.179
27147,2049.764,1790279258.303
27148,2049.828,1790279258.395
27149,2049.896,1790279258.465
27150,2049.960,1790279258.597
27151,2050.028,1790279258.696
27152,2050.092,1790279258.771
27153,2050.160,1790279258.896
27154,2050.224,1790279258.993
27155,2050.292,1790279259.066
27156,2050.356,1790279259.195
27157,2050.488,1790279259.374
27158,2050.556,1790279259.495
27159,2050.620,1790279259.591
27160,2050.688,1790279259.660
27161,2050.752,1790279259.742
27162,2050.884,1790279259.940
27163,2050.952,1790279260.016
27164,2051.016,1790279260.141
27165,2051.084,1790279260.225
27166,2051.148,1790279260.312
27167,2051.216,1790279260.446
27168,2051.280,1790279260.527
27169,2051.348,1790279260.608
27170,2051.412,1790279260.736
27171,2051.480,1790279260.817
27172,2051.544,1790279260.896
27173,2051.612,1790279261.017
27174,2051.676,1790279261.097
27175,2051.744,1790279261.183
27176,2051.808,1790279261.310
27177,2052.008,1790279261.617
27178,2052.072,1790279261.701
27179,2052.140,1790279261.796
27180,2052.204,1790279261.931
27181,2052.272,1790279262.019
27182,2052.336,1790279262.101
27183,2052.404,1790279262.231
27184,2052.468,1790279262.321
27185,2052.536,1790279262.413
27186,2052.600,1790279262.473
27187,2052.668,1790279262.599
27188,2052.732,1790279262.706
27189,2052.800,1790279262.787
27190,2052.864,1790279262.917
27191,2052.932,1790279263.018
27192,2052.996,1790279263.081
27193,2053.064,1790279263.204
27194,2053.328,1790279263.598
27195,2053.460,1790279263.808
27196,2053.524,1790279263.910
27197,2053.592,1790279263.982
27198,2053.656,1790279264.110
27199,2053.724,1790279264.216
27200,2053.788,1790279264.281
27201,2053.856,1790279264.407
27202,2053.920,1790279264.500
27203,2053.988,1790279264.582
27204,2054.052,1790279264.664
27205,2054.120,1790279264.780
27206,2054.252,1790279264.939
27207,2054.316,1790279265.053
27208,2054.384,1790279265.138
27209,2054.448,1790279265.217
27210,2054.516,1790279265.346
27211,2054.580,1790279265.425
27212,2054.648,1790279265.505
27213,2054.712,1790279265.629
27214,2054.780,1790279265.708
27215,2054.844,1790279265.789
27216,2054.912,1790279265.917
27217,2054.976,1790279265.996
27218,2055.044,1790279266.081
27219,2055.108,1790279266.204
27220,2055.176,1790279266.282
27221,2055.240,1790279266.369
27222,2055.308,1790279266.511
27223,2055.372,1790279266.597
27224,2055.440,1790279266.686
27225,2055.504,1790279266.818
27226,2055.572,1790279266.906
27227,2055.636,1790279267.000
27228,2055.704,1790279267.119
27229,2055.768,1790279267.207
27230,2055.836,1790279267.293
27231,2055.900,1790279267.359
27232,2056.032,1790279267.573
27233,2056.100,1790279267.643
27234,2056.164,1790279267.766
27235,2056.232,1790279267.858
27236,2056.296,1790279267.924
27237,2056.364,1790279268.053
27238,2056.428,1790279268.146
27239,2056.496,1790279268.214
27240,2056.560,1790279268.335
27241,2056.628,1790279268.426
27242,2056.692,1790279268.507
27243,2056.760,1790279268.629
27244,2056.824,1790279268.738
27245,2056.892,1790279268.808
27246,2056.956,1790279268.926
27247,2057.024,1790279269.025
27248,2057.088,1790279269.092
27249,2057.156,1790279269.204
27250,2057.220,1790279269.303
27251,2057.288,1790279269.377
27252,2057.352,1790279269.465
27253,2057.420,1790279269.587
27254,2057.484,1790279269.661
27255,2057.552,1790279269.737
27256,2057.616,1790279269.857
27257,2057.684,1790279269.938
27258,2057.816,1790279270.135
27259,2057.880,1790279270.212
27260,2057.948,1790279270.292
27261,2058.012,1790279270.415
27262,2058.080,1790279270.497
27263,2058.144,1790279270.580
27264,2058.212,1790279270.696
27265,2058.276,1790279270.777
27266,2058.344,1790279270.859
27267,2058.408,1790279270.976
27268,2058.476,1790279271.059
27269,2058.540,1790279271.139
27270,2058.608,1790279271.258
27271,2058.672,1790279271.339
27272,2058.740,1790279271.426
27273,2058.804,1790279271.541
27274,2058.936,1790279271.724
27275,2059.004,1790279271.845
27276,2059.068,1790279271.932
27277,2059.136,1790279272.030
27278,2059.200,1790279272.093
27279,2059.268,1790279272.212
27280,2059.332,1790279272.306
27281,2059.400,1790279272.377
27282,2059.464,1790279272.496
27283,2059.532,1790279272.598
27284,2059.596,1790279272.667
27285,2059.664,1790279272.793
27286,2059.728,1790279272.883
27287,2059.796,1790279272.950
27288,2059.860,1790279273.063
27289,2059.928,1790279273.151
27290,2059.992,1790279273.214
27291,2060.060,1790279273.331
27292,2060.124,1790279273.427
27293,2060.192,1790279273.494
27294,2060.256,1790279273.609
27295,2060.388,1790279273.781
27296,2060.456,1790279273.894
27297,2060.520,1790279273.990
27298,2060.588,1790279274.061
27299,2060.652,1790279274.135
27300,2060.720,1790279274.250
27301,2060.784,1790279274.319
27302,2060.852,1790279274.402
27303,2060.916,1790279274.517
27304,2060.984,1790279274.597
27305,2061.048,1790279274.680
27306,2061.116,1790279274.799
27307,2061.180,1790279274.879
27308,2061.248,1790279274.961
27309,2061.312,1790279275.082
27310,2061.380,1790279275.158
27311,2061.444,1790279275.237
27312,2061.512,1790279275.357
27313,2061.576,1790279275.433
27314,2061.644,1790279275.520
27315,2061.708,1790279275.643
27316,2061.776,1790279275.736
27317,2061.840,1790279275.816
27318,2061.908,1790279275.933
27319,2061.972,1790279276.013
27320,2062.040,1790279276.099
27321,2062.368,1790279276.594
27322,2062.632,1790279276.952
27323,2062.700,1790279277.018
27324,2062.764,1790279277.122
27325,2062.832,1790279277.225
27326,2062.896,1790279277.289
27327,2062.964,1790279277.399
27328,2063.028,1790279277.491
27329,2063.096,1790279277.562
27330,2063.160,1790279277.681
27331,2063.228,1790279277.781
27332,2063.292,1790279277.844
27333,2063.360,1790279277.959
27334,2063.424,1790279278.053
27335,2063.492,1790279278.127
27336,2063.556,1790279278.251
27337,2063.624,1790279278.352
27338,2063.688,1790279278.418
27339,2063.756,1790279278.531
27340,2063.820,1790279278.627
27341,2063.888,1790279278.697
27342,2063.952,1790279278.783
27343,2064.020,1790279278.894
27344,2064.084,1790279278.964
27345,2064.152,1790279279.040
27346,2064.216,1790279279.164
27347,2064.284,1790279279.243
27348,2064.348,1790279279.324
27349,2064.416,1790279279.443
27350,2064.480,1790279279.516
27351,2064.548,1790279279.591
27352,2064.612,1790279279.710
27353,2064.680,1790279279.792
27354,2064.744,1790279279.881
27355,2064.812,1790279279.996
27356,2064.876,1790279280.070
27357,2064.944,1790279280.155
27358,2065.008,1790279280.281
27359,2065.076,1790279280.362
27360,2065.140,1790279280.447
27361,2065.208,1790279280.568
27362,2065.272,1790279280.650
27363,2065.340,1790279280.743
27364,2065.404,1790279280.880
27365,2065.472,1790279280.963
27366,2065.536,1790279281.055
27367,2065.604,1790279281.174
27368,2065.668,1790279281.265
27369,2065.736,1790279281.349
27370,2065.800,1790279281.413
27371,2065.868,1790279281.537
27372,2065.932,1790279281.623
27373,2066.000,1790279281.691
27374,2066.064,1790279281.807
27375,2066.132,1790279281.895
27376,2066.196,1790279281.954
27377,2066.264,1790279282.076
27378,2066.328,1790279282.173
27379,2066.396,1790279282.239
27380,2066.460,1790279282.360
27381,2066.528,1790279282.458
27382,2066.592,1790279282.524
27383,2066.660,1790279282.644
27384,2066.724,1790279282.741
27385,2066.792,1790279282.815
27386,2066.856,1790279282.954
27387,2066.924,1790279283.058
27388,2066.988,1790279283.122
27389,2067.056,1790279283.236
27390,2067.120,1790279283.332
27391,2067.188,1790279283.411
27392,2067.252,1790279283.493
27393,2067.320,1790279283.615
27394,2067.384,1790279283.688
27395,2067.452,1790279283.776
27396,2067.516,1790279283.894
27397,2067.584,1790279283.974
27398,2067.648,1790279284.055
27399,2067.716,1790279284.181
27400,2067.780,1790279284.259
27401,2067.848,1790279284.343
27402,2067.912,1790279284.458
27403,2067.980,1790279284.529
27404,2068.044,1790279284.612
27405,2068.244,1790279284.891
27406,2068.308,1790279285.017
27407,2068.376,1790279285.101
27408,2068.440,1790279285.184
27409,2068.508,1790279285.307
27410,2068.572,1790279285.394
27411,2068.640,1790279285.480
27412,2068.836,1790279285.758
27413,2068.904,1790279285.873
27414,2068.968,1790279285.960
27415,2069.036,1790279286.052
27416,2069.100,1790279286.113
27417,2069.168,1790279286.218
27418,2069.300,1790279286.371
27419,2069.432,1790279286.571
27420,2069.496,1790279286.639
27421,2069.564,1790279286.761
27422,2069.628,1790279286.852
27423,2069.696,1790279286.917
27424,2069.760,1790279287.049
27425,2070.024,1790279287.443
27426,2070.092,1790279287.513
27427,2070.156,1790279287.631
27428,2070.224,1790279287.738
27429,2070.288,1790279287.805
27430,2070.420,1790279288.013
27431,2070.488,1790279288.094
27432,2070.552,1790279288.176
27433,2070.620,1790279288.283
27434,2070.684,1790279288.355
27435,2070.752,1790279288.437
27436,2070.816,1790279288.551
27437,2070.884,1790279288.624
27438,2070.948,1790279288.706
27439,2071.016,1790279288.825
27440,2071.080,1790279288.895
27441,2071.148,1790279288.973
27442,2071.212,1790279289.109
27443,2071.280,1790279289.184
27444,2071.344,1790279289.268
27445,2071.412,1790279289.389
27446,2071.476,1790279289.462
27447,2071.608,1790279289.673
27448,2071.676,1790279289.758
27449,2071.740,1790279289.838
27450,2071.872,1790279290.039
27451,2071.940,1790279290.131
27452,2072.004,1790279290.253
27453,2072.072,1790279290.340
27454,2072.136,1790279290.432
27455,2072.268,1790279290.641
27456,2072.336,1790279290.723
27457,2072.400,1790279290.786
27458,2072.468,1790279290.899
27459,2072.532,1790279290.979
27460,2072.600,1790279291.045
27461,2072.664,1790279291.170
27462,2072.732,1790279291.256
27463,2072.796,1790279291.320
27464,2072.864,1790279291.439
27465,2072.928,1790279291.531
27466,2072.996,1790279291.606
27467,2073.060,1790279291.732
27468,2073.128,1790279291.833
27469,2073.192,1790279291.896
27470,2073.260,1790279292.015
27471,2073.324,1790279292.107
27472,2073.392,1790279292.178
27473,2073.456,1790279292.291
27474,2073.524,1790279292.393
27475,2073.588,1790279292.464
27476,2073.656,1790279292.591
27477,2073.720,1790279292.689
27478,2073.788,1790279292.758
27479,2073.920,1790279292.947
27480,2074.052,1790279293.097
27481,2074.116,1790279293.212
27482,2074.184,1790279293.288
27483,2074.248,1790279293.373
27484,2074.380,1790279293.570
27485,2074.448,1790279293.656
27486,2074.512,1790279293.773
27487,2074.580,1790279293.850
27488,2074.644,1790279293.937
27489,2074.712,1790279294.051
27490,2074.776,1790279294.131
27491,2074.844,1790279294.228
27492,2074.908,1790279294.349
27493,2074.976,1790279294.434
27494,2075.040,1790279294.516
27495,2075.108,1790279294.631
27496,2075.172,1790279294.715
27497,2075.304,1790279294.925
27498,2075.372,1790279295.010
27499,2075.436,1790279295.097
27500,2075.504,1790279295.216
27501,2075.568,1790279295.302
27502,2075.636,1790279295.393
27503,2075.700,1790279295.461
27504,2075.768,1790279295.574
27505,2075.832,1790279295.665
27506,2075.900,1790279295.729
27507,2076.032,1790279295.933
27508,2076.096,1790279295.996
27509,2076.164,1790279296.111
27510,2076.228,1790279296.196
27511,2076.296,1790279296.261
27512,2076.428,1790279296.477
27513,2076.492,1790279296.541
27514,2076.560,1790279296.658
27515,2076.624,1790279296.755
27516,2076.692,1790279296.823
27517,2076.824,1790279297.032
27518,2076.888,1790279297.095
27519,2076.956,1790279297.205
27520,2077.020,1790279297.305
27521,2077.088,1790279297.380
27522,2077.152,1790279297.462
27523,2077.284,1790279297.634
27524,2077.352,1790279297.711
27525,2077.416,1790279297.823
27526,2077.484,1790279297.892
27527,2077.548,1790279297.973
27528,2077.680,1790279298.170
27529,2077.748,1790279298.253
27530,2077.812,1790279298.383
27531,2077.880,1790279298.455
27532,2077.944,1790279298.537
27533,2078.012,1790279298.669
27534,2078.076,1790279298.749
27535,2078.144,1790279298.833
27536,2078.208,1790279298.968
27537,2078.276,1790279299.059
27538,2078.340,1790279299.143
27539,2078.408,1790279299.266
27540,2078.472,1790279299.344
27541,2078.540,1790279299.445
27542,2078.604,1790279299.561
27543,2078.672,1790279299.643
27544,2078.736,1790279299.730
27545,2078.804,1790279299.858
27546,2078.868,1790279299.950
27547,2078.936,1790279300.037
27548,2079.000,1790279300.099
27549,2079.068,1790279300.220
27550,2079.132,1790279300.313
27551,2079.332,1790279300.602
27552,2079.396,1790279300.662
27553,2079.464,1790279300.786
27554,2079.528,1790279300.889
27555,2079.596,1790279300.953
27556,2079.660,1790279301.078
27557,2079.728,1790279301.174
27558,2079.792,1790279301.235
27559,2079.860,1790279301.346
27560,2079.924,1790279301.444
27561,2079.992,1790279301.521
27562,2080.056,1790279301.645
27563,2080.188,1790279301.816
27564,2080.256,1790279301.932
27565,2080.320,1790279302.027
27566,2080.388,1790279302.107
27567,2080.452,1790279302.190
27568,2080.520,1790279302.296
27569,2080.584,1790279302.377
27570,2080.652,1790279302.456
27571,2080.716,1790279302.581
27572,2080.848,1790279302.741
27573,2080.916,1790279302.863
27574,2080.980,1790279302.940
27575,2081.112,1790279303.148
27576,2081.180,1790279303.223
27577,2081.244,1790279303.310
27578,2081.376,1790279303.512
27579,2081.444,1790279303.602
27580,2081.508,1790279303.730
27581,2081.576,1790279303.810
27582,2081.640,1790279303.888
27583,2081.708,1790279304.003
27584,2081.772,1790279304.088
27585,2081.904,1790279304.286
27586,2081.972,1790279304.375
27587,2082.036,1790279304.457
27588,2082.104,1790279304.582
27589,2082.168,1790279304.674
27590,2082.236,1790279304.760
27591,2082.368,1790279304.935
27592,2082.432,1790279305.025
27593,2082.500,1790279305.092
27594,2082.632,1790279305.287
27595,2082.696,1790279305.349
27596,2082.828,1790279305.563
27597,2082.896,1790279305.637
27598,2082.960,1790279305.758
27599,2083.028,1790279305.852
27600,2083.092,1790279305.920
27601,2083.160,1790279306.047
27602,2083.224,1790279306.144
27603,2083.292,1790279306.212
27604,2083.424,1790279306.428
27605,2083.488,1790279306.496
27606,2083.556,1790279306.610
27607,2083.620,1790279306.717
27608,2083.688,1790279306.801
27609,2083.752,1790279306.871
27610,2083.884,1790279307.043
27611,2083.952,1790279307.125
27612,2084.016,1790279307.257
27613,2084.084,1790279307.331
27614,2084.148,1790279307.412
27615,2084.216,1790279307.532
27616,2084.280,1790279307.613
27617,2084.348,1790279307.700
27618,2084.412,1790279307.816
27619,2084.480,1790279307.896
27620,2084.544,1790279307.980
27621,2084.612,1790279308.098
27622,2084.676,1790279308.175
27623,2084.744,1790279308.256
27624,2084.808,1790279308.375
27625,2084.940,1790279308.550
27626,2085.008,1790279308.671
27627,2085.072,1790279308.765
27628,2085.140,1790279308.853
27629,2085.204,1790279308.977
27630,2085.272,1790279309.065
27631,2085.336,1790279309.153
27632,2085.404,1790279309.274
27633,2085.468,1790279309.361
27634,2085.536,1790279309.458
27635,2085.600,1790279309.518
27636,2085.732,1790279309.722
27637,2085.800,1790279309.787
27638,2085.864,1790279309.899
27639,2085.996,1790279310.056
27640,2086.128,1790279310.278
27641,2086.196,1790279310.346
27642,2086.260,1790279310.466
27643,2086.328,1790279310.564
27644,2086.392,1790279310.628
27645,2086.460,1790279310.762
27646,2086.524,1790279310.858
27647,2086.592,1790279310.928
27648,2086.656,1790279311.049
27649,2086.724,1790279311.158
27650,2086.788,1790279311.226
27651,2086.856,1790279311.349
27652,2086.920,1790279311.450
27653,2086.988,1790279311.519
27654,2087.052,1790279311.595
27655,2087.120,1790279311.705
27656,2087.184,1790279311.781
27657,2087.252,1790279311.861
27658,2087.316,1790279311.978
27659,2087.384,1790279312.063
27660,2087.448,1790279312.138
27661,2087.516,1790279312.260
27662,2087.580,1790279312.335
27663,2087.648,1790279312.424
27664,2087.712,1790279312.536
27665,2087.780,1790279312.619
27666,2087.844,1790279312.699
27667,2087.912,1790279312.824
27668,2087.976,1790279312.903
27669,2088.044,1790279312.984
27670,2088.108,1790279313.106
27671,2088.176,1790279313.191
27672,2088.240,1790279313.277
27673,2088.308,1790279313.395
27674,2088.372,1790279313.479
27675,2088.440,1790279313.565
27676,2088.504,1790279313.680
27677,2088.572,1790279313.764
27678,2088.636,1790279313.849
27679,2088.704,1790279313.972
27680,2088.768,1790279314.059
27681,2088.836,1790279314.159
27682,2088.900,1790279314.224
27683,2088.968,1790279314.336
27684,2089.100,1790279314.500
27685,2089.164,1790279314.623
27686,2089.232,1790279314.711
27687,2089.296,1790279314.771
27688,2089.364,1790279314.894
27689,2089.496,1790279315.061
27690,2089.560,1790279315.194
27691,2089.628,1790279315.299
27692,2089.692,1790279315.366
27693,2089.760,1790279315.490
27694,2089.824,1790279315.582
27695,2089.892,1790279315.648
27696,2089.956,1790279315.762
27697,2090.024,1790279315.861
27698,2090.088,1790279315.924
27699,2090.156,1790279316.058
27700,2090.220,1790279316.154
27701,2090.288,1790279316.233
27702,2090.352,1790279316.315
27703,2090.420,1790279316.440
27704,2090.484,1790279316.510
27705,2090.552,1790279316.586
27706,2090.616,1790279316.698
27707,2090.684,1790279316.775
27708,2090.748,1790279316.852
27709,2090.816,1790279316.977
27710,2090.880,1790279317.057
27711,2090.948,1790279317.142
27712,2091.012,1790279317.256
27713,2091.080,1790279317.331
27714,2091.144,1790279317.405
27715,2091.212,1790279317.524
27716,2091.276,1790279317.602
27717,2091.344,1790279317.690
27718,2091.408,1790279317.807
27719,2091.476,1790279317.889
27720,2091.540,1790279317.973
27721,2091.608,1790279318.097
27722,2091.740,1790279318.264
27723,2091.804,1790279318.379
27724,2091.872,1790279318.462
27725,2091.936,1790279318.548
27726,2092.004,1790279318.662
27727,2092.068,1790279318.749
27728,2092.136,1790279318.848
27729,2092.200,1790279318.907
27730,2092.268,1790279319.029
27731,2092.332,1790279319.125
27732,2092.400,1790279319.191
27733,2092.464,1790279319.326
27734,2092.532,1790279319.425
27735,2092.596,1790279319.487
27736,2092.664,1790279319.607
27737,2092.728,1790279319.703
27738,2092.796,1790279319.766
27739,2092.860,1790279319.888
27740,2092.928,1790279319.985
27741,2092.992,1790279320.043
27742,2093.060,1790279320.163
27743,2093.124,1790279320.257
27744,2093.192,1790279320.323
27745,2093.256,1790279320.440
27746,2093.324,1790279320.548
27747,2093.388,1790279320.612
27748,2093.456,1790279320.730
27749,2093.520,1790279320.830
27750,2093.588,1790279320.903
27751,2093.652,1790279320.981
27752,2093.720,1790279321.101
27753,2093.784,1790279321.173
27754,2093.916,1790279321.357
27755,2093.984,1790279321.436
27756,2094.048,1790279321.523
27757,2094.116,1790279321.640
27758,2094.180,1790279321.717
27759,2094.248,1790279321.802
27760,2094.312,1790279321.923
27761,2094.380,1790279322.008
27762,2094.444,1790279322.094
27763,2094.512,1790279322.226
27764,2094.576,1790279322.300
27765,2094.644,1790279322.386
27766,2094.708,1790279322.503
27767,2094.776,1790279322.588
27768,2094.840,1790279322.673
27769,2094.908,1790279322.798
27770,2095.040,1790279322.960
27771,2095.104,1790279323.072
27772,2095.172,1790279323.159
27773,2095.236,1790279323.239
27774,2095.304,1790279323.362
27775,2095.368,1790279323.447
27776,2095.436,1790279323.531
27777,2095.500,1790279323.591
27778,2095.568,1790279323.706
27779,2095.632,1790279323.795
27780,2095.700,1790279323.858
27781,2095.896,1790279324.135
27782,2095.964,1790279324.259
27783,2096.028,1790279324.349
27784,2096.096,1790279324.416
27785,2096.160,1790279324.528
27786,2096.228,1790279324.620
27787,2096.292,1790279324.690
27788,2096.360,1790279324.828
27789,2096.424,1790279324.920
27790,2096.492,1790279324.986
27791,2096.556,1790279325.106
27792,2096.624,1790279325.207
27793,2096.688,1790279325.287
27794,2096.756,1790279325.418
27795,2096.820,1790279325.523
27796,2096.888,1790279325.600
27797,2096.952,1790279325.680
27798,2097.020,1790279325.794
27799,2097.084,1790279325.865
27800,2097.152,1790279325.947
27801,2097.216,1790279326.058
27802,2097.284,1790279326.126
27803,2097.348,1790279326.198
27804,2097.416,1790279326.327
27805,2097.480,1790279326.408
27806,2097.548,1790279326.494
27807,2097.612,1790279326.615
27808,2097.680,1790279326.697
27809,2097.744,1790279326.784
27810,2097.812,1790279326.909
27811,2097.876,1790279326.989
27812,2097.944,1790279327.078
27813,2098.008,1790279327.203
27814,2098.076,1790279327.287
27815,2098.140,1790279327.374
27816,2098.208,1790279327.493
27817,2098.272,1790279327.575
27818,2098.340,1790279327.675
27819,2098.404,1790279327.796
27820,2098.536,1790279327.971
27821,2098.668,1790279328.174
27822,2098.736,1790279328.251
27823,2098.800,1790279328.316
27824,2098.868,1790279328.431
27825,2098.932,1790279328.519
27826,2099.064,1790279328.691
27827,2099.132,1790279328.786
27828,2099.196,1790279328.857
27829,2099.264,1790279329.005
27830,2099.328,1790279329.112
27831,2099.460,1790279329.321
27832,2099.528,1790279329.437
27833,2099.660,1790279329.637
27834,2099.724,1790279329.733
27835,2099.792,1790279329.797
27836,2099.856,1790279329.911
27837,2099.924,1790279330.004
27838,2099.988,1790279330.066
27839,2100.056,1790279330.172
27840,2100.120,1790279330.259
27841,2100.188,1790279330.333
27842,2100.252,1790279330.433
27843,2100.320,1790279330.536
27844,2100.384,1790279330.601
27845,2100.452,1790279330.684
27846,2100.584,1790279330.859
27847,2100.648,1790279330.944
27848,2100.716,1790279331.063
27849,2100.780,1790279331.125
27850,2100.848,1790279331.197
27851,2100.980,1790279331.390
27852,2101.044,1790279331.476
27853,2101.112,1790279331.591
27854,2101.176,1790279331.672
27855,2101.244,1790279331.765
27856,2101.308,1790279331.886
27857,2101.376,1790279331.964
27858,2101.440,1790279332.042
27859,2101.572,1790279332.234
27860,2101.640,1790279332.320
27861,2101.704,1790279332.435
27862,2101.772,1790279332.527
27863,2101.836,1790279332.610
27864,2101.968,1790279332.801
27865,2102.036,1790279332.885
27866,2102.168,1790279333.078
27867,2102.232,1790279333.159
27868,2102.300,1790279333.225
27869,2102.496,1790279333.509
27870,2102.564,1790279333.625
27871,2102.696,1790279333.788
27872,2102.760,1790279333.903
27873,2102.828,1790279333.997
27874,2102.960,1790279334.169
27875,2103.024,1790279334.257
27876,2103.092,1790279334.322
27877,2103.156,1790279334.431
27878,2103.288,1790279334.594
27879,2103.356,1790279334.705
27880,2103.420,1790279334.800
27881,2103.488,1790279334.868
27882,2103.552,1790279334.945
27883,2103.620,1790279335.051
27884,2103.684,1790279335.122
27885,2103.752,1790279335.196
27886,2103.884,1790279335.381
27887,2103.948,1790279335.463
27888,2104.016,1790279335.587
27889,2104.080,1790279335.655
27890,2104.148,1790279335.726
27891,2104.212,1790279335.836
27892,2104.280,1790279335.912
27893,2104.344,1790279335.986
27894,2104.412,1790279336.105
27895,2104.476,1790279336.178
27896,2104.544,1790279336.253
27897,2104.608,1790279336.366
27898,2104.676,1790279336.444
27899,2104.740,1790279336.519
27900,2104.808,1790279336.635
27901,2104.872,1790279336.718
27902,2105.136,1790279337.081
27903,2105.204,1790279337.188
27904,2105.268,1790279337.266
27905,2105.336,1790279337.353
27906,2105.400,1790279337.416
27907,2105.468,1790279337.530
27908,2105.532,1790279337.620
27909,2105.600,1790279337.684
27910,2105.664,1790279337.795
27911,2105.732,1790279337.895
27912,2105.796,1790279337.953
27913,2105.928,1790279338.149
27914,2105.996,1790279338.216
27915,2106.060,1790279338.334
27916,2106.128,1790279338.423
27917,2106.192,1790279338.486
27918,2106.260,1790279338.587
27919,2106.324,1790279338.678
27920,2106.392,1790279338.741
27921,2106.456,1790279338.848
27922,2106.524,1790279338.955
27923,2106.588,1790279339.019
27924,2106.720,1790279339.225
27925,2106.788,1790279339.291
27926,2106.852,1790279339.368
27927,2106.984,1790279339.548
27928,2107.052,1790279339.623
27929,2107.184,1790279339.811
27930,2107.248,1790279339.882
27931,2107.316,1790279339.993
27932,2107.380,1790279340.062
27933,2107.448,1790279340.133
27934,2107.580,1790279340.311
27935,2107.644,1790279340.385
27936,2107.776,1790279340.581
27937,2107.844,1790279340.667
27938,2107.908,1790279340.801
27939,2107.976,1790279340.879
27940,2108.040,1790279340.957
27941,2108.108,1790279341.073
27942,2108.172,1790279341.148
27943,2108.240,1790279341.232
27944,2108.304,1790279341.344
27945,2108.372,1790279341.428
27946,2108.436,1790279341.507
27947,2108.504,1790279341.625
27948,2108.568,1790279341.703
27949,2108.636,1790279341.788
27950,2108.768,1790279341.958
27951,2108.832,1790279342.048
27952,2108.900,1790279342.111
27953,2108.964,1790279342.219
27954,2109.032,1790279342.307
27955,2109.096,1790279342.372
27956,2109.164,1790279342.488
27957,2109.296,1790279342.639
27958,2109.360,1790279342.752
27959,2109.428,1790279342.845
27960,2109.624,1790279343.105
27961,2109.692,1790279343.171
27962,2109.756,1790279343.283
27963,2109.824,1790279343.376
27964,2109.888,1790279343.435
27965,2109.956,1790279343.540
27966,2110.020,1790279343.641
27967,2110.088,1790279343.709
27968,2110.152,1790279343.789
27969,2110.220,1790279343.902
27970,2110.284,1790279343.975
27971,2110.352,1790279344.063
27972,2110.416,1790279344.164
27973,2110.484,1790279344.226
27974,2110.548,1790279344.303
27975,2110.748,1790279344.569
27976,2110.812,1790279344.682
27977,2110.880,1790279344.760
27978,2110.944,1790279344.834
27979,2111.012,1790279344.964
27980,2111.076,1790279345.034
27981,2111.144,1790279345.111
27982,2111.208,1790279345.227
27983,2111.276,1790279345.307
27984,2111.340,1790279345.396
27985,2111.408,1790279345.519
27986,2111.540,1790279345.676
27987,2111.604,1790279345.792
27988,2111.672,1790279345.879
27989,2111.736,1790279345.964
27990,2111.804,1790279346.075
27991,2111.868,1790279346.154
27992,2111.936,1790279346.244
27993,2112.000,1790279346.304
27994,2112.132,1790279346.493
27995,2112.200,1790279346.559
27996,2112.264,1790279346.672
27997,2112.332,1790279346.765
27998,2112.396,1790279346.830
27999,2112.464,1790279346.946
28000,2112.528,1790279347.033
28001,2112.596,1790279347.100
28002,2112.660,1790279347.223
28003,2112.728,1790279347.324
28004,2112.860,1790279347.498
28005,2112.924,1790279347.587
28006,2112.992,1790279347.654
28007,2113.056,1790279347.761
28008,2113.124,1790279347.861
28009,2113.188,1790279347.927
28010,2113.256,1790279348.045
28011,2113.320,1790279348.137
28012,2113.388,1790279348.207
28013,2113.584,1790279348.472
28014,2113.784,1790279348.723
28015,2113.848,1790279348.803
28016,2113.916,1790279348.924
28017,2113.980,1790279348.990
28018,2114.048,1790279349.062
28019,2114.112,1790279349.184
28020,2114.180,1790279349.257
28021,2114.244,1790279349.326
28022,2114.312,1790279349.444
28023,2114.376,1790279349.512
28024,2114.444,1790279349.591
28025,2114.508,1790279349.707
28026,2114.576,1790279349.798
28027,2114.640,1790279349.876
28028,2114.708,1790279349.999
28029,2114.772,1790279350.080
28030,2114.840,1790279350.172
28031,2114.904,1790279350.288
28032,2114.972,1790279350.370
28033,2115.036,1790279350.454
28034,2115.104,1790279350.564
28035,2115.168,1790279350.647
28036,2115.236,1790279350.729
28037,2115.300,1790279350.789
28038,2115.368,1790279350.893
28039,2115.432,1790279350.975
28040,2115.500,1790279351.040
28041,2115.564,1790279351.157
28042,2115.632,1790279351.249
28043,2115.696,1790279351.312
28044,2115.828,1790279351.520
28045,2115.896,1790279351.588
28046,2116.028,1790279351.782
28047,2116.092,1790279351.840
28048,2116.160,1790279351.950
28049,2116.224,1790279352.041
28050,2116.292,1790279352.107
28051,2116.356,1790279352.210
28052,2116.424,1790279352.301
28053,2116.488,1790279352.366
28054,2116.556,1790279352.482
28055,2116.620,1790279352.578
28056,2116.688,1790279352.646
28057,2116.752,1790279352.720
28058,2116.820,1790279352.832
28059,2116.884,1790279352.897
28060,2116.952,1790279352.970
28061,2117.016,1790279353.079
28062,2117.084,1790279353.147
28063,2117.148,1790279353.217
28064,2117.216,1790279353.330
28065,2117.280,1790279353.407
28066,2117.348,1790279353.476
28067,2117.412,1790279353.589
28068,2117.480,1790279353.661
28069,2117.612,1790279353.854
28070,2117.676,1790279353.928
28071,2117.744,1790279354.006
28072,2117.808,1790279354.121
28073,2117.940,1790279354.292
28074,2118.008,1790279354.418
28075,2118.072,1790279354.495
28076,2118.140,1790279354.586
28077,2118.204,1790279354.703
28078,2118.272,1790279354.788
28079,2118.404,1790279354.984
28080,2118.468,1790279355.068
28081,2118.536,1790279355.153
28082,2118.600,1790279355.220
28083,2118.668,1790279355.319
28084,2118.732,1790279355.413
28085,2118.800,1790279355.481
28086,2118.932,1790279355.677
28087,2118.996,1790279355.739
28088,2119.196,1790279356.019
28089,2119.260,1790279356.144
28090,2119.328,1790279356.238
28091,2119.392,1790279356.313
28092,2119.460,1790279356.428
28093,2119.524,1790279356.528
28094,2119.592,1790279356.597
28095,2119.656,1790279356.702
28096,2119.724,1790279356.803
28097,2119.788,1790279356.876
28098,2119.856,1790279356.975
28099,2119.920,1790279357.077
28100,2119.988,1790279357.144
28101,2120.052,1790279357.222
28102,2120.120,1790279357.328
28103,2120.184,1790279357.404
28104,2120.252,1790279357.479
28105,2120.316,1790279357.578
28106,2120.384,1790279357.657
28107,2120.448,1790279357.726
28108,2120.516,1790279357.851
28109,2120.580,1790279357.916
28110,2120.648,1790279357.992
28111,2120.712,1790279358.108
28112,2120.780,1790279358.180
28113,2120.844,1790279358.256
28114,2120.976,1790279358.446
28115,2121.044,1790279358.529
28116,2121.176,1790279358.728
28117,2121.240,1790279358.806
28118,2121.308,1790279358.929
28119,2121.440,1790279359.094
28120,2121.504,1790279359.209
28121,2121.572,1790279359.286
28122,2121.636,1790279359.366
28123,2121.704,1790279359.480
28124,2121.768,1790279359.554
28125,2121.836,1790279359.638
28126,2121.900,1790279359.699
28127,2121.968,1790279359.800
28128,2122.032,1790279359.880
28129,2122.100,1790279359.946
28130,2122.164,1790279360.047
28131,2122.232,1790279360.132
28132,2122.428,1790279360.382
28133,2122.496,1790279360.446
28134,2122.628,1790279360.655
28135,2122.760,1790279360.831
28136,2122.824,1790279360.921
28137,2122.892,1790279360.983
28138,2122.956,1790279361.086
28139,2123.024,1790279361.185
28140,2123.088,1790279361.243
28141,2123.156,1790279361.345
28142,2123.220,1790279361.441
28143,2123.288,1790279361.512
28144,2123.352,1790279361.584
28145,2123.484,1790279361.754
28146,2123.552,1790279361.821
28147,2123.616,1790279361.937
28148,2123.684,1790279362.005
28149,2123.748,1790279362.080
