image_path,mask_path,depth_path,normal_path,defect_id,label,is_positive,resolution,camera_pose,subject_distance_m,achieved_gsd_mm_px,view_obliquity_deg,feature_size_mm,min_detect_range_m,defect_background_contrast,contrast_limited,escalation_reason,avi_condition,host_structure,scenario
dataset/images/POS_001_MDR_LOOP_0001.png,dataset/masks/POS_001_MDR_LOOP_0001.exr,dataset/depth/POS_001_MDR_LOOP_0001.exr,dataset/normals/POS_001_MDR_LOOP_0001.exr,DEFECT_CRACK_HAIRLINE_001,CRACK_HAIRLINE,True,640x480,"{'position_m': [261.6673, 3.1475, 13.581], 'target_m': [261.629, 2.85, 13.581]}",0.3,0.64441,4.6,0.165,0.0256,0.00834,False,below_resolution,POOR,ROAD,BASELINE
dataset/images/POS_001_MDR_CAPTURE_0001.png,dataset/masks/POS_001_MDR_CAPTURE_0001.exr,dataset/depth/POS_001_MDR_CAPTURE_0001.exr,dataset/normals/POS_001_MDR_CAPTURE_0001.exr,DEFECT_CRACK_HAIRLINE_001,CRACK_HAIRLINE,True,1920x1080,"{'position_m': [261.6673, 3.1475, 13.581], 'target_m': [261.629, 2.85, 13.581]}",0.3,0.21478,5.83,0.165,0.0256,0.00834,False,below_resolution,POOR,ROAD,BASELINE
dataset/images/POS_001_SURVEY_LOOP_0001.png,dataset/masks/POS_001_SURVEY_LOOP_0001.exr,dataset/depth/POS_001_SURVEY_LOOP_0001.exr,dataset/normals/POS_001_SURVEY_LOOP_0001.exr,DEFECT_CRACK_HAIRLINE_001,CRACK_HAIRLINE,True,640x480,"{'position_m': [261.8207, 4.3377, 13.581], 'target_m': [261.629, 2.85, 13.581]}",1.5002,3.22208,6.26,0.165,0.0256,0.00834,False,below_resolution,POOR,ROAD,BASELINE
dataset/images/POS_002_MDR_LOOP_0001.png,dataset/masks/POS_002_MDR_LOOP_0001.exr,dataset/depth/POS_002_MDR_LOOP_0001.exr,dataset/normals/POS_002_MDR_LOOP_0001.exr,DEFECT_CRACK_HAIRLINE_002,CRACK_HAIRLINE,True,640x480,"{'position_m': [230.2593, -2.3525, 13.62], 'target_m': [230.221, -2.65, 13.62]}",0.3,0.64441,6.18,0.18,0.0279,0.00042,False,below_resolution,POOR,ROAD,BASELINE
dataset/images/POS_002_SURVEY_LOOP_0001.png,dataset/masks/POS_002_SURVEY_LOOP_0001.exr,dataset/depth/POS_002_SURVEY_LOOP_0001.exr,dataset/normals/POS_002_SURVEY_LOOP_0001.exr,DEFECT_CRACK_HAIRLINE_002,CRACK_HAIRLINE,True,640x480,"{'position_m': [230.4127, -1.1623, 13.62], 'target_m': [230.221, -2.65, 13.62]}",1.5002,3.22208,6.17,0.18,0.0279,0.00042,False,below_resolution,POOR,ROAD,BASELINE
dataset/images/POS_003_MDR_LOOP_0001.png,dataset/masks/POS_003_MDR_LOOP_0001.exr,dataset/depth/POS_003_MDR_LOOP_0001.exr,dataset/normals/POS_003_MDR_LOOP_0001.exr,DEFECT_CRACK_HAIRLINE_003,CRACK_HAIRLINE,True,640x480,"{'position_m': [233.7683, 3.1475, 13.365], 'target_m': [233.73, 2.85, 13.365]}",0.3,0.64441,8.24,0.179,0.0278,0.01856,False,below_resolution,POOR,ROAD,BASELINE
dataset/images/POS_003_SURVEY_LOOP_0001.png,dataset/masks/POS_003_SURVEY_LOOP_0001.exr,dataset/depth/POS_003_SURVEY_LOOP_0001.exr,dataset/normals/POS_003_SURVEY_LOOP_0001.exr,DEFECT_CRACK_HAIRLINE_003,CRACK_HAIRLINE,True,640x480,"{'position_m': [233.9217, 4.3377, 13.365], 'target_m': [233.73, 2.85, 13.365]}",1.5002,3.22207,8.04,0.179,0.0278,0.01856,False,below_resolution,POOR,ROAD,BASELINE
dataset/images/POS_004_MDR_LOOP_0001.png,dataset/masks/POS_004_MDR_LOOP_0001.exr,dataset/depth/POS_004_MDR_LOOP_0001.exr,dataset/normals/POS_004_MDR_LOOP_0001.exr,DEFECT_CRACK_HAIRLINE_004,CRACK_HAIRLINE,True,640x480,"{'position_m': [268.7469, -3.5165, 11.622], 'target_m': [269.1, -3.562, 11.622]}",0.356,0.76468,8.67,2.294,0.356,0.07759,False,none,POOR,ROAD,BASELINE
dataset/images/POS_004_SURVEY_LOOP_0001.png,dataset/masks/POS_004_SURVEY_LOOP_0001.exr,dataset/depth/POS_004_SURVEY_LOOP_0001.exr,dataset/normals/POS_004_SURVEY_LOOP_0001.exr,DEFECT_CRACK_HAIRLINE_004,CRACK_HAIRLINE,True,640x480,"{'position_m': [267.6123, -3.3703, 11.622], 'target_m': [269.1, -3.562, 11.622]}",1.5002,3.2221,7.37,2.294,0.356,0.07759,False,none,POOR,ROAD,BASELINE
dataset/images/POS_005_MDR_LOOP_0001.png,dataset/masks/POS_005_MDR_LOOP_0001.exr,dataset/depth/POS_005_MDR_LOOP_0001.exr,dataset/normals/POS_005_MDR_LOOP_0001.exr,DEFECT_CRACK_HAIRLINE_005,CRACK_HAIRLINE,True,640x480,"{'position_m': [226.1975, 2.7837, 10.608], 'target_m': [225.9, 2.822, 10.608]}",0.3,0.64442,7.1,0.247,0.0383,0.06364,False,below_resolution,POOR,ROAD,BASELINE
dataset/images/POS_005_SURVEY_LOOP_0001.png,dataset/masks/POS_005_SURVEY_LOOP_0001.exr,dataset/depth/POS_005_SURVEY_LOOP_0001.exr,dataset/normals/POS_005_SURVEY_LOOP_0001.exr,DEFECT_CRACK_HAIRLINE_005,CRACK_HAIRLINE,True,640x480,"{'position_m': [227.3877, 2.6303, 10.608], 'target_m': [225.9, 2.822, 10.608]}",1.5002,3.22207,7.12,0.247,0.0383,0.06364,False,below_resolution,POOR,ROAD,BASELINE
dataset/images/POS_006_MDR_LOOP_0001.png,dataset/masks/POS_006_MDR_LOOP_0001.exr,dataset/depth/POS_006_MDR_LOOP_0001.exr,dataset/normals/POS_006_MDR_LOOP_0001.exr,DEFECT_CRACK_HAIRLINE_006,CRACK_HAIRLINE,True,640x480,"{'position_m': [254.5525, 0.9473, 13.362], 'target_m': [254.85, 0.909, 13.362]}",0.3,0.64442,8.46,1.175,0.1824,0.04302,True,below_resolution,POOR,ROAD,BASELINE
dataset/images/POS_006_SURVEY_LOOP_0001.png,dataset/masks/POS_006_SURVEY_LOOP_0001.exr,dataset/depth/POS_006_SURVEY_LOOP_0001.exr,dataset/normals/POS_006_SURVEY_LOOP_0001.exr,DEFECT_CRACK_HAIRLINE_006,CRACK_HAIRLINE,True,640x480,"{'position_m': [253.3623, 1.1007, 13.362], 'target_m': [254.85, 0.909, 13.362]}",1.5002,3.22207,7.27,1.175,0.1824,0.04302,True,below_resolution,POOR,ROAD,BASELINE
dataset/images/POS_007_MDR_LOOP_0001.png,dataset/masks/POS_007_MDR_LOOP_0001.exr,dataset/depth/POS_007_MDR_LOOP_0001.exr,dataset/normals/POS_007_MDR_LOOP_0001.exr,DEFECT_CRACK_HAIRLINE_007,CRACK_HAIRLINE,True,640x480,"{'position_m': [133.8025, -2.6277, 11.638], 'target_m': [134.1, -2.666, 11.638]}",0.2994,0.64298,8.79,0.087,0.0135,0.01831,False,below_resolution,POOR,ROAD,BASELINE
dataset/images/POS_007_SURVEY_LOOP_0001.png,dataset/masks/POS_007_SURVEY_LOOP_0001.exr,dataset/depth/POS_007_SURVEY_LOOP_0001.exr,dataset/normals/POS_007_SURVEY_LOOP_0001.exr,DEFECT_CRACK_HAIRLINE_007,CRACK_HAIRLINE,True,640x480,"{'position_m': [132.6123, -2.4743, 11.638], 'target_m': [134.1, -2.666, 11.638]}",1.5002,3.22209,8.77,0.087,0.0135,0.01831,False,below_resolution,POOR,ROAD,BASELINE
dataset/images/POS_008_MDR_LOOP_0001.png,dataset/masks/POS_008_MDR_LOOP_0001.exr,dataset/depth/POS_008_MDR_LOOP_0001.exr,dataset/normals/POS_008_MDR_LOOP_0001.exr,DEFECT_CRACK_HAIRLINE_008,CRACK_HAIRLINE,True,640x480,"{'position_m': [198.8285, -3.8967, 13.161], 'target_m': [199.126, -3.935, 13.161]}",3.1443,6.75317,7.34,0.149,0.0231,0.54232,False,below_resolution,POOR,ROAD,BASELINE
dataset/images/POS_008_SURVEY_LOOP_0001.png,dataset/masks/POS_008_SURVEY_LOOP_0001.exr,dataset/depth/POS_008_SURVEY_LOOP_0001.exr,dataset/normals/POS_008_SURVEY_LOOP_0001.exr,DEFECT_CRACK_HAIRLINE_008,CRACK_HAIRLINE,True,640x480,"{'position_m': [197.6383, -3.7433, 13.161], 'target_m': [199.126, -3.935, 13.161]}",4.7009,10.09636,7.34,0.149,0.0231,0.54232,False,below_resolution,POOR,ROAD,BASELINE
dataset/images/POS_009_MDR_LOOP_0001.png,dataset/masks/POS_009_MDR_LOOP_0001.exr,dataset/depth/POS_009_MDR_LOOP_0001.exr,dataset/normals/POS_009_MDR_LOOP_0001.exr,DEFECT_CRACK_HAIRLINE_009,CRACK_HAIRLINE,True,640x480,"{'position_m': [135.7651, -3.593, 5.777], 'target_m': [135.5818, -3.3555, 5.777]}",0.1516,0.32549,37.55,0.071,0.011,0.04816,False,below_resolution,POOR,ROAD,BASELINE
dataset/images/POS_009_SURVEY_LOOP_0001.png,dataset/masks/POS_009_SURVEY_LOOP_0001.exr,dataset/depth/POS_009_SURVEY_LOOP_0001.exr,dataset/normals/POS_009_SURVEY_LOOP_0001.exr,DEFECT_CRACK_HAIRLINE_009,CRACK_HAIRLINE,True,640x480,"{'position_m': [136.4983, -4.5431, 5.777], 'target_m': [135.5818, -3.3555, 5.777]}",1.3506,2.9007,43.95,0.071,0.011,0.04816,False,below_resolution,POOR,ROAD,BASELINE
dataset/images/POS_010_MDR_LOOP_0001.png,dataset/masks/POS_010_MDR_LOOP_0001.exr,dataset/depth/POS_010_MDR_LOOP_0001.exr,dataset/normals/POS_010_MDR_LOOP_0001.exr,DEFECT_CRACK_HAIRLINE_010,CRACK_HAIRLINE,True,640x480,"{'position_m': [147.3995, 2.7603, 13.297], 'target_m': [147.697, 2.722, 13.297]}",9.9838,21.44269,7.34,0.095,0.0147,0.0,False,below_resolution,POOR,ROAD,BASELINE
dataset/images/POS_011_MDR_LOOP_0001.png,dataset/masks/POS_011_MDR_LOOP_0001.exr,dataset/depth/POS_011_MDR_LOOP_0001.exr,dataset/normals/POS_011_MDR_LOOP_0001.exr,DEFECT_CRACK_HAIRLINE_011,CRACK_HAIRLINE,True,640x480,"{'position_m': [161.1715, 1.4257, 13.572], 'target_m': [160.874, 1.464, 13.572]}",3.5007,7.5187,7.34,0.075,0.0116,0.63747,False,below_resolution,POOR,ROAD,BASELINE
dataset/images/POS_011_SURVEY_LOOP_0001.png,dataset/masks/POS_011_SURVEY_LOOP_0001.exr,dataset/depth/POS_011_SURVEY_LOOP_0001.exr,dataset/normals/POS_011_SURVEY_LOOP_0001.exr,DEFECT_CRACK_HAIRLINE_011,CRACK_HAIRLINE,True,640x480,"{'position_m': [162.3617, 1.2723, 13.572], 'target_m': [160.874, 1.464, 13.572]}",4.7009,10.09637,7.34,0.075,0.0116,0.63747,False,below_resolution,POOR,ROAD,BASELINE
dataset/images/POS_012_MDR_LOOP_0001.png,dataset/masks/POS_012_MDR_LOOP_0001.exr,dataset/depth/POS_012_MDR_LOOP_0001.exr,dataset/normals/POS_012_MDR_LOOP_0001.exr,DEFECT_CRACK_HAIRLINE_012,CRACK_HAIRLINE,True,640x480,"{'position_m': [224.528, -5.4617, 11.735], 'target_m': [224.528, -5.5, 11.4375]}",0.3,0.64424,7.52,0.118,0.0183,0.25616,False,below_resolution,POOR,ROAD,BASELINE
dataset/images/POS_012_SURVEY_LOOP_0001.png,dataset/masks/POS_012_SURVEY_LOOP_0001.exr,dataset/depth/POS_012_SURVEY_LOOP_0001.exr,dataset/normals/POS_012_SURVEY_LOOP_0001.exr,DEFECT_CRACK_HAIRLINE_012,CRACK_HAIRLINE,True,640x480,"{'position_m': [224.528, -5.3083, 12.9252], 'target_m': [224.528, -5.5, 11.4375]}",1.4998,3.22119,8.26,0.118,0.0183,0.25616,False,below_resolution,POOR,ROAD,BASELINE
dataset/images/POS_013_MDR_LOOP_0001.png,dataset/masks/POS_013_MDR_LOOP_0001.exr,dataset/depth/POS_013_MDR_LOOP_0001.exr,dataset/normals/POS_013_MDR_LOOP_0001.exr,DEFECT_CRACK_HAIRLINE_013,CRACK_HAIRLINE,True,640x480,"{'position_m': [104.5525, -4.1627, 13.527], 'target_m': [104.85, -4.201, 13.527]}",0.3,0.64441,8.39,1.57,0.2437,0.1069,False,below_resolution,POOR,ROAD,BASELINE
dataset/images/POS_013_SURVEY_LOOP_0001.png,dataset/masks/POS_013_SURVEY_LOOP_0001.exr,dataset/depth/POS_013_SURVEY_LOOP_0001.exr,dataset/normals/POS_013_SURVEY_LOOP_0001.exr,DEFECT_CRACK_HAIRLINE_013,CRACK_HAIRLINE,True,640x480,"{'position_m': [103.3623, -4.0093, 13.527], 'target_m': [104.85, -4.201, 13.527]}",1.5002,3.22208,6.91,1.57,0.2437,0.1069,False,below_resolution,POOR,ROAD,BASELINE
dataset/images/POS_014_MDR_LOOP_0001.png,dataset/masks/POS_014_MDR_LOOP_0001.exr,dataset/depth/POS_014_MDR_LOOP_0001.exr,dataset/normals/POS_014_MDR_LOOP_0001.exr,DEFECT_CRACK_HAIRLINE_014,CRACK_HAIRLINE,True,640x480,"{'position_m': [212.4743, -2.3425, 13.34], 'target_m': [212.436, -2.64, 13.34]}",10000000000.0,21477529956.30041,,0.117,0.0182,0.16941,False,below_resolution,POOR,ROAD,BASELINE
dataset/images/POS_014_SURVEY_LOOP_0001.png,dataset/masks/POS_014_SURVEY_LOOP_0001.exr,dataset/depth/POS_014_SURVEY_LOOP_0001.exr,dataset/normals/POS_014_SURVEY_LOOP_0001.exr,DEFECT_CRACK_HAIRLINE_014,CRACK_HAIRLINE,True,640x480,"{'position_m': [212.6277, -1.1523, 13.34], 'target_m': [212.436, -2.64, 13.34]}",10000000000.0,21477529956.30041,,0.117,0.0182,0.16941,False,below_resolution,POOR,ROAD,BASELINE
dataset/images/POS_015_MDR_LOOP_0001.png,dataset/masks/POS_015_MDR_LOOP_0001.exr,dataset/depth/POS_015_MDR_LOOP_0001.exr,dataset/normals/POS_015_MDR_LOOP_0001.exr,DEFECT_CRACK_HAIRLINE_015,CRACK_HAIRLINE,True,640x480,"{'position_m': [136.1037, 2.4495, 6.865], 'target_m': [135.8158, 2.5339, 6.865]}",0.3001,0.64448,10.98,0.189,0.0293,0.04863,False,below_resolution,POOR,ROAD,BASELINE
dataset/images/POS_015_SURVEY_LOOP_0001.png,dataset/masks/POS_015_SURVEY_LOOP_0001.exr,dataset/depth/POS_015_SURVEY_LOOP_0001.exr,dataset/normals/POS_015_SURVEY_LOOP_0001.exr,DEFECT_CRACK_HAIRLINE_015,CRACK_HAIRLINE,True,640x480,"{'position_m': [137.2552, 2.1118, 6.865], 'target_m': [135.8158, 2.5339, 6.865]}",1.5003,3.22217,12.46,0.189,0.0293,0.04863,False,below_resolution,POOR,ROAD,BASELINE
dataset/images/POS_016_MDR_LOOP_0001.png,dataset/masks/POS_016_MDR_LOOP_0001.exr,dataset/depth/POS_016_MDR_LOOP_0001.exr,dataset/normals/POS_016_MDR_LOOP_0001.exr,DEFECT_CRACK_HAIRLINE_016,CRACK_HAIRLINE,True,640x480,"{'position_m': [237.405, 2.7547, 12.2931], 'target_m': [237.405, 2.793, 12.5906]}",0.3001,0.64447,9.93,0.278,0.0431,0.00761,True,below_resolution,POOR,ROAD,BASELINE
dataset/images/POS_016_SURVEY_LOOP_0001.png,dataset/masks/POS_016_SURVEY_LOOP_0001.exr,dataset/depth/POS_016_SURVEY_LOOP_0001.exr,dataset/normals/POS_016_SURVEY_LOOP_0001.exr,DEFECT_CRACK_HAIRLINE_016,CRACK_HAIRLINE,True,640x480,"{'position_m': [237.405, 2.6013, 11.1029], 'target_m': [237.405, 2.793, 12.5906]}",1.5002,3.22213,8.22,0.278,0.0431,0.00761,True,below_resolution,POOR,ROAD,BASELINE
dataset/images/POS_017_MDR_LOOP_0001.png,dataset/masks/POS_017_MDR_LOOP_0001.exr,dataset/depth/POS_017_MDR_LOOP_0001.exr,dataset/normals/POS_017_MDR_LOOP_0001.exr,DEFECT_CRACK_HAIRLINE_017,CRACK_HAIRLINE,True,640x480,"{'position_m': [269.5264, -1.7152, 8.256], 'target_m': [269.6273, -1.9977, 8.256]}",0.3,0.64435,27.72,0.617,0.0958,0.08201,False,below_resolution,POOR,ROAD,BASELINE
dataset/images/POS_017_SURVEY_LOOP_0001.png,dataset/masks/POS_017_SURVEY_LOOP_0001.exr,dataset/depth/POS_017_SURVEY_LOOP_0001.exr,dataset/normals/POS_017_SURVEY_LOOP_0001.exr,DEFECT_CRACK_HAIRLINE_017,CRACK_HAIRLINE,True,640x480,"{'position_m': [269.1227, -0.5852, 8.256], 'target_m': [269.6273, -1.9977, 8.256]}",1.5001,3.22195,26.25,0.617,0.0958,0.08201,False,below_resolution,POOR,ROAD,BASELINE
dataset/images/POS_018_MDR_LOOP_0001.png,dataset/masks/POS_018_MDR_LOOP_0001.exr,dataset/depth/POS_018_MDR_LOOP_0001.exr,dataset/normals/POS_018_MDR_LOOP_0001.exr,DEFECT_CRACK_HAIRLINE_018,CRACK_HAIRLINE,True,640x480,"{'position_m': [90.9392, 2.0886, 8.923], 'target_m': [90.6915, 2.2578, 8.923]}",0.3001,0.6445,29.23,0.264,0.041,0.06246,False,below_resolution,POOR,ROAD,BASELINE
dataset/images/POS_018_SURVEY_LOOP_0001.png,dataset/masks/POS_018_SURVEY_LOOP_0001.exr,dataset/depth/POS_018_SURVEY_LOOP_0001.exr,dataset/normals/POS_018_SURVEY_LOOP_0001.exr,DEFECT_CRACK_HAIRLINE_018,CRACK_HAIRLINE,True,640x480,"{'position_m': [91.9301, 1.4116, 8.923], 'target_m': [90.6915, 2.2578, 8.923]}",1.5002,3.22216,30.15,0.264,0.041,0.06246,False,below_resolution,POOR,ROAD,BASELINE
dataset/images/POS_019_MDR_LOOP_0001.png,dataset/masks/POS_019_MDR_LOOP_0001.exr,dataset/depth/POS_019_MDR_LOOP_0001.exr,dataset/normals/POS_019_MDR_LOOP_0001.exr,DEFECT_CRACK_HAIRLINE_019,CRACK_HAIRLINE,True,640x480,"{'position_m': [175.7753, -6.3025, 15.428], 'target_m': [175.737, -6.6, 15.428]}",0.3,0.64441,9.54,0.154,0.0239,0.23265,False,below_resolution,POOR,ROAD,BASELINE
dataset/images/POS_019_SURVEY_LOOP_0001.png,dataset/masks/POS_019_SURVEY_LOOP_0001.exr,dataset/depth/POS_019_SURVEY_LOOP_0001.exr,dataset/normals/POS_019_SURVEY_LOOP_0001.exr,DEFECT_CRACK_HAIRLINE_019,CRACK_HAIRLINE,True,640x480,"{'position_m': [175.9287, -5.1123, 15.428], 'target_m': [175.737, -6.6, 15.428]}",1.5002,3.22208,8.04,0.154,0.0239,0.23265,False,below_resolution,POOR,ROAD,BASELINE
dataset/images/POS_020_MDR_LOOP_0001.png,dataset/masks/POS_020_MDR_LOOP_0001.exr,dataset/depth/POS_020_MDR_LOOP_0001.exr,dataset/normals/POS_020_MDR_LOOP_0001.exr,DEFECT_CRACK_HAIRLINE_020,CRACK_HAIRLINE,True,640x480,"{'position_m': [252.634, 1.5937, 13.8931], 'target_m': [252.634, 1.632, 14.1906]}",0.3001,0.64447,5.95,0.147,0.0228,0.00472,False,below_resolution,POOR,ROAD,BASELINE
dataset/images/POS_020_SURVEY_LOOP_0001.png,dataset/masks/POS_020_SURVEY_LOOP_0001.exr,dataset/depth/POS_020_SURVEY_LOOP_0001.exr,dataset/normals/POS_020_SURVEY_LOOP_0001.exr,DEFECT_CRACK_HAIRLINE_020,CRACK_HAIRLINE,True,640x480,"{'position_m': [252.634, 1.4403, 12.7029], 'target_m': [252.634, 1.632, 14.1906]}",1.5002,3.22213,5.67,0.147,0.0228,0.00472,False,below_resolution,POOR,ROAD,BASELINE
dataset/images/POS_021_MDR_LOOP_0001.png,dataset/masks/POS_021_MDR_LOOP_0001.exr,dataset/depth/POS_021_MDR_LOOP_0001.exr,dataset/normals/POS_021_MDR_LOOP_0001.exr,DEFECT_CRACK_HAIRLINE_021,CRACK_HAIRLINE,True,640x480,"{'position_m': [96.3463, -5.1025, 13.208], 'target_m': [96.308, -5.4, 13.208]}",0.3,0.64442,10.34,0.163,0.0253,0.01174,False,below_resolution,POOR,ROAD,BASELINE
dataset/images/POS_021_SURVEY_LOOP_0001.png,dataset/masks/POS_021_SURVEY_LOOP_0001.exr,dataset/depth/POS_021_SURVEY_LOOP_0001.exr,dataset/normals/POS_021_SURVEY_LOOP_0001.exr,DEFECT_CRACK_HAIRLINE_021,CRACK_HAIRLINE,True,640x480,"{'position_m': [96.4997, -3.9123, 13.208], 'target_m': [96.308, -5.4, 13.208]}",1.5002,3.22208,9.17,0.163,0.0253,0.01174,False,below_resolution,POOR,ROAD,BASELINE
dataset/images/POS_022_MDR_LOOP_0001.png,dataset/masks/POS_022_MDR_LOOP_0001.exr,dataset/depth/POS_022_MDR_LOOP_0001.exr,dataset/normals/POS_022_MDR_LOOP_0001.exr,DEFECT_CRACK_HAIRLINE_022,CRACK_HAIRLINE,True,640x480,"{'position_m': [251.072, -3.2093, 13.8931], 'target_m': [251.072, -3.171, 14.1906]}",0.3001,0.64447,8.2,0.139,0.0216,0.00851,False,below_resolution,POOR,ROAD,BASELINE
dataset/images/POS_022_SURVEY_LOOP_0001.png,dataset/masks/POS_022_SURVEY_LOOP_0001.exr,dataset/depth/POS_022_SURVEY_LOOP_0001.exr,dataset/normals/POS_022_SURVEY_LOOP_0001.exr,DEFECT_CRACK_HAIRLINE_022,CRACK_HAIRLINE,True,640x480,"{'position_m': [251.072, -3.3627, 12.7029], 'target_m': [251.072, -3.171, 14.1906]}",1.5002,3.22213,6.91,0.139,0.0216,0.00851,False,below_resolution,POOR,ROAD,BASELINE
dataset/images/POS_023_MDR_LOOP_0001.png,dataset/masks/POS_023_MDR_LOOP_0001.exr,dataset/depth/POS_023_MDR_LOOP_0001.exr,dataset/normals/POS_023_MDR_LOOP_0001.exr,DEFECT_CRACK_HAIRLINE_023,CRACK_HAIRLINE,True,640x480,"{'position_m': [255.4505, 5.4482, 13.6694], 'target_m': [255.15, 5.456, 13.581]}",0.3134,0.67315,17.89,2.019,0.3133,0.2412,False,below_resolution,POOR,ROAD,BASELINE
dataset/images/POS_023_SURVEY_LOOP_0001.png,dataset/masks/POS_023_SURVEY_LOOP_0001.exr,dataset/depth/POS_023_SURVEY_LOOP_0001.exr,dataset/normals/POS_023_SURVEY_LOOP_0001.exr,DEFECT_CRACK_HAIRLINE_023,CRACK_HAIRLINE,True,640x480,"{'position_m': [256.5885, 5.4188, 14.0045], 'target_m': [255.15, 5.456, 13.581]}",1.5005,3.22275,16.38,2.019,0.3133,0.2412,False,below_resolution,POOR,ROAD,BASELINE
dataset/images/POS_024_MDR_LOOP_0001.png,dataset/masks/POS_024_MDR_LOOP_0001.exr,dataset/depth/POS_024_MDR_LOOP_0001.exr,dataset/normals/POS_024_MDR_LOOP_0001.exr,DEFECT_CRACK_HAIRLINE_024,CRACK_HAIRLINE,True,640x480,"{'position_m': [232.6973, 5.8975, 13.174], 'target_m': [232.659, 5.6, 13.174]}",0.3,0.64442,5.73,0.117,0.0182,0.16735,False,below_resolution,POOR,ROAD,BASELINE
dataset/images/POS_024_SURVEY_LOOP_0001.png,dataset/masks/POS_024_SURVEY_LOOP_0001.exr,dataset/depth/POS_024_SURVEY_LOOP_0001.exr,dataset/normals/POS_024_SURVEY_LOOP_0001.exr,DEFECT_CRACK_HAIRLINE_024,CRACK_HAIRLINE,True,640x480,"{'position_m': [232.8507, 7.0877, 13.174], 'target_m': [232.659, 5.6, 13.174]}",1.5002,3.22208,6.91,0.117,0.0182,0.16735,False,below_resolution,POOR,ROAD,BASELINE
dataset/images/POS_025_MDR_LOOP_0001.png,dataset/masks/POS_025_MDR_LOOP_0001.exr,dataset/depth/POS_025_MDR_LOOP_0001.exr,dataset/normals/POS_025_MDR_LOOP_0001.exr,DEFECT_CRACK_LONGITUDINAL_001,CRACK_LONGITUDINAL,True,640x480,"{'position_m': [225.0493, 1.6065, 8.519], 'target_m': [225.0406, 1.9064, 8.519]}",0.3001,0.64449,32.73,0.139,0.0216,0.0108,False,below_resolution,POOR,ROAD,BASELINE
dataset/images/POS_025_MDR_CAPTURE_0001.png,dataset/masks/POS_025_MDR_CAPTURE_0001.exr,dataset/depth/POS_025_MDR_CAPTURE_0001.exr,dataset/normals/POS_025_MDR_CAPTURE_0001.exr,DEFECT_CRACK_LONGITUDINAL_001,CRACK_LONGITUDINAL,True,1920x1080,"{'position_m': [225.0493, 1.6065, 8.519], 'target_m': [225.0406, 1.9064, 8.519]}",0.3,0.21481,31.93,0.139,0.0216,0.0108,False,below_resolution,POOR,ROAD,BASELINE
dataset/images/POS_025_SURVEY_LOOP_0001.png,dataset/masks/POS_025_SURVEY_LOOP_0001.exr,dataset/depth/POS_025_SURVEY_LOOP_0001.exr,dataset/normals/POS_025_SURVEY_LOOP_0001.exr,DEFECT_CRACK_LONGITUDINAL_001,CRACK_LONGITUDINAL,True,640x480,"{'position_m': [225.084, 0.407, 8.519], 'target_m': [225.0406, 1.9064, 8.519]}",1.5003,3.2222,32.61,0.139,0.0216,0.0108,False,below_resolution,POOR,ROAD,BASELINE
dataset/images/POS_026_MDR_LOOP_0001.png,dataset/masks/POS_026_MDR_LOOP_0001.exr,dataset/depth/POS_026_MDR_LOOP_0001.exr,dataset/normals/POS_026_MDR_LOOP_0001.exr,DEFECT_CRACK_LONGITUDINAL_002,CRACK_LONGITUDINAL,True,640x480,"{'position_m': [149.5177, -5.9075, 13.252], 'target_m': [149.556, -5.61, 13.252]}",10000000000.0,21477529956.30041,,0.419,0.065,0.17474,False,below_resolution,POOR,ROAD,BASELINE
dataset/images/POS_026_SURVEY_LOOP_0001.png,dataset/masks/POS_026_SURVEY_LOOP_0001.exr,dataset/depth/POS_026_SURVEY_LOOP_0001.exr,dataset/normals/POS_026_SURVEY_LOOP_0001.exr,DEFECT_CRACK_LONGITUDINAL_002,CRACK_LONGITUDINAL,True,640x480,"{'position_m': [149.3643, -7.0977, 13.252], 'target_m': [149.556, -5.61, 13.252]}",10000000000.0,21477529956.30041,,0.419,0.065,0.17474,False,below_resolution,POOR,ROAD,BASELINE
dataset/images/POS_027_MDR_LOOP_0001.png,dataset/masks/POS_027_MDR_LOOP_0001.exr,dataset/depth/POS_027_MDR_LOOP_0001.exr,dataset/normals/POS_027_MDR_LOOP_0001.exr,DEFECT_CRACK_LONGITUDINAL_003,CRACK_LONGITUDINAL,True,640x480,"{'position_m': [130.9608, 5.979, 13.424], 'target_m': [130.912, 5.6, 13.424]}",0.3822,0.82077,5.54,2.462,0.3821,0.03322,True,below_contrast,POOR,ROAD,BASELINE
dataset/images/POS_027_SURVEY_LOOP_0001.png,dataset/masks/POS_027_SURVEY_LOOP_0001.exr,dataset/depth/POS_027_SURVEY_LOOP_0001.exr,dataset/normals/POS_027_SURVEY_LOOP_0001.exr,DEFECT_CRACK_LONGITUDINAL_003,CRACK_LONGITUDINAL,True,640x480,"{'position_m': [131.1037, 7.0877, 13.424], 'target_m': [130.912, 5.6, 13.424]}",1.5002,3.22208,7.07,2.462,0.3821,0.03322,True,below_contrast,POOR,ROAD,BASELINE
dataset/images/POS_028_MDR_LOOP_0001.png,dataset/masks/POS_028_MDR_LOOP_0001.exr,dataset/depth/POS_028_MDR_LOOP_0001.exr,dataset/normals/POS_028_MDR_LOOP_0001.exr,DEFECT_CRACK_LONGITUDINAL_004,CRACK_LONGITUDINAL,True,640x480,"{'position_m': [126.8477, 5.1025, 13.271], 'target_m': [126.886, 5.4, 13.271]}",0.3,0.64442,4.85,1.103,0.1712,0.02859,True,below_resolution,POOR,ROAD,BASELINE
dataset/images/POS_028_SURVEY_LOOP_0001.png,dataset/masks/POS_028_SURVEY_LOOP_0001.exr,dataset/depth/POS_028_SURVEY_LOOP_0001.exr,dataset/normals/POS_028_SURVEY_LOOP_0001.exr,DEFECT_CRACK_LONGITUDINAL_004,CRACK_LONGITUDINAL,True,640x480,"{'position_m': [126.6943, 3.9123, 13.271], 'target_m': [126.886, 5.4, 13.271]}",1.5002,3.22208,6.79,1.103,0.1712,0.02859,True,below_resolution,POOR,ROAD,BASELINE
dataset/images/POS_029_MDR_LOOP_0001.png,dataset/masks/POS_029_MDR_LOOP_0001.exr,dataset/depth/POS_029_MDR_LOOP_0001.exr,dataset/normals/POS_029_MDR_LOOP_0001.exr,DEFECT_CRACK_LONGITUDINAL_005,CRACK_LONGITUDINAL,True,640x480,"{'position_m': [96.3679, -1.4325, 13.236], 'target_m': [96.211, -2.65, 13.236]}",1.2217,2.62395,7.27,7.91,1.2276,0.02873,True,below_contrast,POOR,ROAD,BASELINE
dataset/images/POS_029_SURVEY_LOOP_0001.png,dataset/masks/POS_029_SURVEY_LOOP_0001.exr,dataset/depth/POS_029_SURVEY_LOOP_0001.exr,dataset/normals/POS_029_SURVEY_LOOP_0001.exr,DEFECT_CRACK_LONGITUDINAL_005,CRACK_LONGITUDINAL,True,640x480,"{'position_m': [96.4027, -1.1623, 13.236], 'target_m': [96.211, -2.65, 13.236]}",1.4942,3.20908,7.29,7.91,1.2276,0.02873,True,below_contrast,POOR,ROAD,BASELINE
dataset/images/POS_030_MDR_LOOP_0001.png,dataset/masks/POS_030_MDR_LOOP_0001.exr,dataset/depth/POS_030_MDR_LOOP_0001.exr,dataset/normals/POS_030_MDR_LOOP_0001.exr,DEFECT_CRACK_LONGITUDINAL_006,CRACK_LONGITUDINAL,True,640x480,"{'position_m': [175.6987, 6.3025, 14.827], 'target_m': [175.737, 6.6, 14.827]}",0.3,0.64442,4.12,0.354,0.0549,0.23231,False,below_resolution,POOR,ROAD,BASELINE
dataset/images/POS_030_SURVEY_LOOP_0001.png,dataset/masks/POS_030_SURVEY_LOOP_0001.exr,dataset/depth/POS_030_SURVEY_LOOP_0001.exr,dataset/normals/POS_030_SURVEY_LOOP_0001.exr,DEFECT_CRACK_LONGITUDINAL_006,CRACK_LONGITUDINAL,True,640x480,"{'position_m': [175.5453, 5.1123, 14.827], 'target_m': [175.737, 6.6, 14.827]}",1.5002,3.22207,5.28,0.354,0.0549,0.23231,False,below_resolution,POOR,ROAD,BASELINE
dataset/images/POS_031_MDR_LOOP_0001.png,dataset/masks/POS_031_MDR_LOOP_0001.exr,dataset/depth/POS_031_MDR_LOOP_0001.exr,dataset/normals/POS_031_MDR_LOOP_0001.exr,DEFECT_CRACK_LONGITUDINAL_007,CRACK_LONGITUDINAL,True,640x480,"{'position_m': [130.0728, -1.7049, 13.41], 'target_m': [129.951, -2.65, 13.41]}",0.947,2.03388,7.34,6.14,0.9529,0.20071,False,none,POOR,ROAD,BASELINE
dataset/images/POS_031_SURVEY_LOOP_0001.png,dataset/masks/POS_031_SURVEY_LOOP_0001.exr,dataset/depth/POS_031_SURVEY_LOOP_0001.exr,dataset/normals/POS_031_SURVEY_LOOP_0001.exr,DEFECT_CRACK_LONGITUDINAL_007,CRACK_LONGITUDINAL,True,640x480,"{'position_m': [130.1427, -1.1623, 13.41], 'target_m': [129.951, -2.65, 13.41]}",1.4942,3.20908,7.36,6.14,0.9529,0.20071,False,none,POOR,ROAD,BASELINE
dataset/images/POS_032_MDR_LOOP_0001.png,dataset/masks/POS_032_MDR_LOOP_0001.exr,dataset/depth/POS_032_MDR_LOOP_0001.exr,dataset/normals/POS_032_MDR_LOOP_0001.exr,DEFECT_CRACK_LONGITUDINAL_008,CRACK_LONGITUDINAL,True,640x480,"{'position_m': [126.2457, -5.8975, 13.603], 'target_m': [126.284, -5.6, 13.603]}",0.298,0.64008,6.78,0.237,0.0368,0.10332,False,below_resolution,POOR,ROAD,BASELINE
dataset/images/POS_032_SURVEY_LOOP_0001.png,dataset/masks/POS_032_SURVEY_LOOP_0001.exr,dataset/depth/POS_032_SURVEY_LOOP_0001.exr,dataset/normals/POS_032_SURVEY_LOOP_0001.exr,DEFECT_CRACK_LONGITUDINAL_008,CRACK_LONGITUDINAL,True,640x480,"{'position_m': [126.0923, -7.0877, 13.603], 'target_m': [126.284, -5.6, 13.603]}",1.4975,3.2163,7.05,0.237,0.0368,0.10332,False,below_resolution,POOR,ROAD,BASELINE
dataset/images/POS_033_MDR_LOOP_0001.png,dataset/masks/POS_033_MDR_LOOP_0001.exr,dataset/depth/POS_033_MDR_LOOP_0001.exr,dataset/normals/POS_033_MDR_LOOP_0001.exr,DEFECT_CRACK_LONGITUDINAL_009,CRACK_LONGITUDINAL,True,640x480,"{'position_m': [233.1933, -5.1025, 13.507], 'target_m': [233.155, -5.4, 13.507]}",0.3,0.64441,8.72,0.181,0.0281,0.00327,False,below_resolution,POOR,ROAD,BASELINE
dataset/images/POS_033_SURVEY_LOOP_0001.png,dataset/masks/POS_033_SURVEY_LOOP_0001.exr,dataset/depth/POS_033_SURVEY_LOOP_0001.exr,dataset/normals/POS_033_SURVEY_LOOP_0001.exr,DEFECT_CRACK_LONGITUDINAL_009,CRACK_LONGITUDINAL,True,640x480,"{'position_m': [233.3467, -3.9123, 13.507], 'target_m': [233.155, -5.4, 13.507]}",1.5002,3.22208,6.63,0.181,0.0281,0.00327,False,below_resolution,POOR,ROAD,BASELINE
dataset/images/POS_034_MDR_LOOP_0001.png,dataset/masks/POS_034_MDR_LOOP_0001.exr,dataset/depth/POS_034_MDR_LOOP_0001.exr,dataset/normals/POS_034_MDR_LOOP_0001.exr,DEFECT_CRACK_LONGITUDINAL_010,CRACK_LONGITUDINAL,True,640x480,"{'position_m': [265.3643, -5.1025, 13.44], 'target_m': [265.326, -5.4, 13.44]}",0.3,0.64442,7.14,0.225,0.0349,0.01902,True,below_resolution,POOR,ROAD,BASELINE
dataset/images/POS_034_SURVEY_LOOP_0001.png,dataset/masks/POS_034_SURVEY_LOOP_0001.exr,dataset/depth/POS_034_SURVEY_LOOP_0001.exr,dataset/normals/POS_034_SURVEY_LOOP_0001.exr,DEFECT_CRACK_LONGITUDINAL_010,CRACK_LONGITUDINAL,True,640x480,"{'position_m': [265.5177, -3.9123, 13.44], 'target_m': [265.326, -5.4, 13.44]}",1.5002,3.22208,5.89,0.225,0.0349,0.01902,True,below_resolution,POOR,ROAD,BASELINE
dataset/images/POS_035_MDR_LOOP_0001.png,dataset/masks/POS_035_MDR_LOOP_0001.exr,dataset/depth/POS_035_MDR_LOOP_0001.exr,dataset/normals/POS_035_MDR_LOOP_0001.exr,DEFECT_CRACK_LONGITUDINAL_011,CRACK_LONGITUDINAL,True,640x480,"{'position_m': [133.9875, 3.2675, 2.119], 'target_m': [134.2352, 3.0983, 2.119]}",0.3001,0.64449,32.04,1.583,0.2457,0.33546,False,below_resolution,POOR,ROAD,BASELINE
dataset/images/POS_035_SURVEY_LOOP_0001.png,dataset/masks/POS_035_SURVEY_LOOP_0001.exr,dataset/depth/POS_035_SURVEY_LOOP_0001.exr,dataset/normals/POS_035_SURVEY_LOOP_0001.exr,DEFECT_CRACK_LONGITUDINAL_011,CRACK_LONGITUDINAL,True,640x480,"{'position_m': [132.9966, 3.9445, 2.119], 'target_m': [134.2352, 3.0983, 2.119]}",1.5002,3.22214,32.46,1.583,0.2457,0.33546,False,below_resolution,POOR,ROAD,BASELINE
dataset/images/POS_036_MDR_LOOP_0001.png,dataset/masks/POS_036_MDR_LOOP_0001.exr,dataset/depth/POS_036_MDR_LOOP_0001.exr,dataset/normals/POS_036_MDR_LOOP_0001.exr,DEFECT_CRACK_LONGITUDINAL_012,CRACK_LONGITUDINAL,True,640x480,"{'position_m': [96.6763, 0.3975, 13.3], 'target_m': [96.638, 0.1, 13.3]}",0.3,0.64441,8.3,0.499,0.0774,0.01144,True,below_resolution,POOR,ROAD,BASELINE
dataset/images/POS_036_SURVEY_LOOP_0001.png,dataset/masks/POS_036_SURVEY_LOOP_0001.exr,dataset/depth/POS_036_SURVEY_LOOP_0001.exr,dataset/normals/POS_036_SURVEY_LOOP_0001.exr,DEFECT_CRACK_LONGITUDINAL_012,CRACK_LONGITUDINAL,True,640x480,"{'position_m': [96.8297, 1.5877, 13.3], 'target_m': [96.638, 0.1, 13.3]}",1.5002,3.22208,7.58,0.499,0.0774,0.01144,True,below_resolution,POOR,ROAD,BASELINE
dataset/images/POS_037_MDR_LOOP_0001.png,dataset/masks/POS_037_MDR_LOOP_0001.exr,dataset/depth/POS_037_MDR_LOOP_0001.exr,dataset/normals/POS_037_MDR_LOOP_0001.exr,DEFECT_CRACK_TRANSVERSE_001,CRACK_TRANSVERSE,True,640x480,"{'position_m': [184.8106, 3.4551, 14.1348], 'target_m': [185.072, 3.5, 14.275]}",0.3006,0.64568,63.06,0.18,0.0279,0.705,False,below_resolution,POOR,ROAD,BASELINE
dataset/images/POS_037_MDR_CAPTURE_0001.png,dataset/masks/POS_037_MDR_CAPTURE_0001.exr,dataset/depth/POS_037_MDR_CAPTURE_0001.exr,dataset/normals/POS_037_MDR_CAPTURE_0001.exr,DEFECT_CRACK_TRANSVERSE_001,CRACK_TRANSVERSE,True,1920x1080,"{'position_m': [184.8106, 3.4551, 14.1348], 'target_m': [185.072, 3.5, 14.275]}",0.3002,0.21493,61.96,0.18,0.0279,0.705,False,below_resolution,POOR,ROAD,BASELINE
dataset/images/POS_038_MDR_LOOP_0001.png,dataset/masks/POS_038_MDR_LOOP_0001.exr,dataset/depth/POS_038_MDR_LOOP_0001.exr,dataset/normals/POS_038_MDR_LOOP_0001.exr,DEFECT_CRACK_TRANSVERSE_002,CRACK_TRANSVERSE,True,640x480,"{'position_m': [107.887, 3.4167, 13.8931], 'target_m': [107.887, 3.455, 14.1906]}",0.3001,0.64447,8.33,0.163,0.0253,0.00329,False,below_resolution,POOR,ROAD,BASELINE
dataset/images/POS_038_SURVEY_LOOP_0001.png,dataset/masks/POS_038_SURVEY_LOOP_0001.exr,dataset/depth/POS_038_SURVEY_LOOP_0001.exr,dataset/normals/POS_038_SURVEY_LOOP_0001.exr,DEFECT_CRACK_TRANSVERSE_002,CRACK_TRANSVERSE,True,640x480,"{'position_m': [107.887, 3.2633, 12.7029], 'target_m': [107.887, 3.455, 14.1906]}",1.5002,3.22213,8.18,0.163,0.0253,0.00329,False,below_resolution,POOR,ROAD,BASELINE
dataset/images/POS_039_MDR_LOOP_0001.png,dataset/masks/POS_039_MDR_LOOP_0001.exr,dataset/depth/POS_039_MDR_LOOP_0001.exr,dataset/normals/POS_039_MDR_LOOP_0001.exr,DEFECT_CRACK_TRANSVERSE_003,CRACK_TRANSVERSE,True,640x480,"{'position_m': [256.396, -0.0963, 12.2931], 'target_m': [256.396, -0.058, 12.5906]}",0.3001,0.64447,6.2,0.318,0.0494,0.01144,True,below_resolution,POOR,ROAD,BASELINE
dataset/images/POS_039_SURVEY_LOOP_0001.png,dataset/masks/POS_039_SURVEY_LOOP_0001.exr,dataset/depth/POS_039_SURVEY_LOOP_0001.exr,dataset/normals/POS_039_SURVEY_LOOP_0001.exr,DEFECT_CRACK_TRANSVERSE_003,CRACK_TRANSVERSE,True,640x480,"{'position_m': [256.396, -0.2497, 11.1029], 'target_m': [256.396, -0.058, 12.5906]}",1.5002,3.22213,7.07,0.318,0.0494,0.01144,True,below_resolution,POOR,ROAD,BASELINE
dataset/images/POS_040_MDR_LOOP_0001.png,dataset/masks/POS_040_MDR_LOOP_0001.exr,dataset/depth/POS_040_MDR_LOOP_0001.exr,dataset/normals/POS_040_MDR_LOOP_0001.exr,DEFECT_CRACK_TRANSVERSE_004,CRACK_TRANSVERSE,True,640x480,"{'position_m': [162.513, -0.0013, 11.4775], 'target_m': [162.513, 0.037, 11.775]}",2.8211,6.05894,7.84,1.531,0.2376,0.07781,False,below_resolution,POOR,ROAD,BASELINE
dataset/images/POS_040_SURVEY_LOOP_0001.png,dataset/masks/POS_040_SURVEY_LOOP_0001.exr,dataset/depth/POS_040_SURVEY_LOOP_0001.exr,dataset/normals/POS_040_SURVEY_LOOP_0001.exr,DEFECT_CRACK_TRANSVERSE_004,CRACK_TRANSVERSE,True,640x480,"{'position_m': [162.513, -0.1547, 10.2873], 'target_m': [162.513, 0.037, 11.775]}",4.0212,8.6366,7.18,1.531,0.2376,0.07781,False,below_resolution,POOR,ROAD,BASELINE
dataset/images/POS_041_MDR_LOOP_0001.png,dataset/masks/POS_041_MDR_LOOP_0001.exr,dataset/depth/POS_041_MDR_LOOP_0001.exr,dataset/normals/POS_041_MDR_LOOP_0001.exr,DEFECT_CRACK_TRANSVERSE_005,CRACK_TRANSVERSE,True,640x480,"{'position_m': [115.871, -0.5413, 13.8931], 'target_m': [115.871, -0.503, 14.1906]}",0.3001,0.64447,8.16,0.064,0.0099,0.01301,False,below_resolution,POOR,ROAD,BASELINE
dataset/images/POS_041_SURVEY_LOOP_0001.png,dataset/masks/POS_041_SURVEY_LOOP_0001.exr,dataset/depth/POS_041_SURVEY_LOOP_0001.exr,dataset/normals/POS_041_SURVEY_LOOP_0001.exr,DEFECT_CRACK_TRANSVERSE_005,CRACK_TRANSVERSE,True,640x480,"{'position_m': [115.871, -0.6947, 12.7029], 'target_m': [115.871, -0.503, 14.1906]}",1.5002,3.22213,7.65,0.064,0.0099,0.01301,False,below_resolution,POOR,ROAD,BASELINE
dataset/images/POS_042_MDR_LOOP_0001.png,dataset/masks/POS_042_MDR_LOOP_0001.exr,dataset/depth/POS_042_MDR_LOOP_0001.exr,dataset/normals/POS_042_MDR_LOOP_0001.exr,DEFECT_CRACK_TRANSVERSE_006,CRACK_TRANSVERSE,True,640x480,"{'position_m': [106.549, 5.4297, 12.2931], 'target_m': [106.549, 5.468, 12.5906]}",0.3001,0.64447,6.24,0.208,0.0323,0.01663,False,below_resolution,POOR,ROAD,BASELINE
dataset/images/POS_042_SURVEY_LOOP_0001.png,dataset/masks/POS_042_SURVEY_LOOP_0001.exr,dataset/depth/POS_042_SURVEY_LOOP_0001.exr,dataset/normals/POS_042_SURVEY_LOOP_0001.exr,DEFECT_CRACK_TRANSVERSE_006,CRACK_TRANSVERSE,True,640x480,"{'position_m': [106.549, 5.2763, 11.1029], 'target_m': [106.549, 5.468, 12.5906]}",1.5002,3.22213,7.92,0.208,0.0323,0.01663,False,below_resolution,POOR,ROAD,BASELINE
dataset/images/POS_043_MDR_LOOP_0001.png,dataset/masks/POS_043_MDR_LOOP_0001.exr,dataset/depth/POS_043_MDR_LOOP_0001.exr,dataset/normals/POS_043_MDR_LOOP_0001.exr,DEFECT_CRACK_TRANSVERSE_007,CRACK_TRANSVERSE,True,640x480,"{'position_m': [176.228, 1.4317, 13.9775], 'target_m': [176.228, 1.47, 14.275]}",0.3,0.64441,5.96,0.096,0.0149,0.00619,False,below_resolution,POOR,ROAD,BASELINE
dataset/images/POS_043_SURVEY_LOOP_0001.png,dataset/masks/POS_043_SURVEY_LOOP_0001.exr,dataset/depth/POS_043_SURVEY_LOOP_0001.exr,dataset/normals/POS_043_SURVEY_LOOP_0001.exr,DEFECT_CRACK_TRANSVERSE_007,CRACK_TRANSVERSE,True,640x480,"{'position_m': [176.228, 1.2783, 12.7873], 'target_m': [176.228, 1.47, 14.275]}",1.5002,3.22207,7.22,0.096,0.0149,0.00619,False,below_resolution,POOR,ROAD,BASELINE
dataset/images/POS_044_MDR_LOOP_0001.png,dataset/masks/POS_044_MDR_LOOP_0001.exr,dataset/depth/POS_044_MDR_LOOP_0001.exr,dataset/normals/POS_044_MDR_LOOP_0001.exr,DEFECT_CRACK_TRANSVERSE_008,CRACK_TRANSVERSE,True,640x480,"{'position_m': [174.672, -4.7093, 13.9775], 'target_m': [174.672, -4.671, 14.275]}",0.2994,0.64297,5.27,0.164,0.0255,0.02234,False,below_resolution,POOR,ROAD,BASELINE
dataset/images/POS_044_SURVEY_LOOP_0001.png,dataset/masks/POS_044_SURVEY_LOOP_0001.exr,dataset/depth/POS_044_SURVEY_LOOP_0001.exr,dataset/normals/POS_044_SURVEY_LOOP_0001.exr,DEFECT_CRACK_TRANSVERSE_008,CRACK_TRANSVERSE,True,640x480,"{'position_m': [174.672, -4.8627, 12.7873], 'target_m': [174.672, -4.671, 14.275]}",1.4995,3.22063,6.66,0.164,0.0255,0.02234,False,below_resolution,POOR,ROAD,BASELINE
dataset/images/POS_045_MDR_LOOP_0001.png,dataset/masks/POS_045_MDR_LOOP_0001.exr,dataset/depth/POS_045_MDR_LOOP_0001.exr,dataset/normals/POS_045_MDR_LOOP_0001.exr,DEFECT_CRACK_TRANSVERSE_009,CRACK_TRANSVERSE,True,640x480,"{'position_m': [260.703, -2.7503, 12.2931], 'target_m': [260.703, -2.712, 12.5906]}",0.3001,0.64447,6.37,0.287,0.0445,0.01473,True,below_resolution,POOR,ROAD,BASELINE
dataset/images/POS_045_SURVEY_LOOP_0001.png,dataset/masks/POS_045_SURVEY_LOOP_0001.exr,dataset/depth/POS_045_SURVEY_LOOP_0001.exr,dataset/normals/POS_045_SURVEY_LOOP_0001.exr,DEFECT_CRACK_TRANSVERSE_009,CRACK_TRANSVERSE,True,640x480,"{'position_m': [260.703, -2.9037, 11.1029], 'target_m': [260.703, -2.712, 12.5906]}",1.5002,3.22213,7.04,0.287,0.0445,0.01473,True,below_resolution,POOR,ROAD,BASELINE
dataset/images/POS_046_MDR_LOOP_0001.png,dataset/masks/POS_046_MDR_LOOP_0001.exr,dataset/depth/POS_046_MDR_LOOP_0001.exr,dataset/normals/POS_046_MDR_LOOP_0001.exr,DEFECT_CRACK_TRANSVERSE_010,CRACK_TRANSVERSE,True,640x480,"{'position_m': [121.089, -5.4715, 12.2064], 'target_m': [121.089, -5.422, 12.5906]}",0.3875,0.83221,7.64,2.496,0.3874,0.00606,True,below_contrast,POOR,ROAD,BASELINE
dataset/images/POS_046_SURVEY_LOOP_0001.png,dataset/masks/POS_046_SURVEY_LOOP_0001.exr,dataset/depth/POS_046_SURVEY_LOOP_0001.exr,dataset/normals/POS_046_SURVEY_LOOP_0001.exr,DEFECT_CRACK_TRANSVERSE_010,CRACK_TRANSVERSE,True,640x480,"{'position_m': [121.089, -5.6137, 11.1029], 'target_m': [121.089, -5.422, 12.5906]}",1.5002,3.22213,7.07,2.496,0.3874,0.00606,True,below_contrast,POOR,ROAD,BASELINE
dataset/images/POS_047_MDR_LOOP_0001.png,dataset/masks/POS_047_MDR_LOOP_0001.exr,dataset/depth/POS_047_MDR_LOOP_0001.exr,dataset/normals/POS_047_MDR_LOOP_0001.exr,DEFECT_CRACK_NETWORK_001,CRACK_NETWORK,True,640x480,"{'position_m': [91.1162, -2.5283, 4.656], 'target_m': [90.8163, -2.537, 4.656]}",0.3001,0.64451,18.52,0.624,0.0968,0.16618,False,below_resolution,POOR,ROAD,BASELINE
dataset/images/POS_047_MDR_CAPTURE_0001.png,dataset/masks/POS_047_MDR_CAPTURE_0001.exr,dataset/depth/POS_047_MDR_CAPTURE_0001.exr,dataset/normals/POS_047_MDR_CAPTURE_0001.exr,DEFECT_CRACK_NETWORK_001,CRACK_NETWORK,True,1920x1080,"{'position_m': [91.1162, -2.5283, 4.656], 'target_m': [90.8163, -2.537, 4.656]}",0.3001,0.21482,20.17,0.624,0.0968,0.16618,False,below_resolution,POOR,ROAD,BASELINE
dataset/images/POS_047_SURVEY_LOOP_0001.png,dataset/masks/POS_047_SURVEY_LOOP_0001.exr,dataset/depth/POS_047_SURVEY_LOOP_0001.exr,dataset/normals/POS_047_SURVEY_LOOP_0001.exr,DEFECT_CRACK_NETWORK_001,CRACK_NETWORK,True,640x480,"{'position_m': [92.3157, -2.4936, 4.656], 'target_m': [90.8163, -2.537, 4.656]}",1.5003,3.22222,15.69,0.624,0.0968,0.16618,False,below_resolution,POOR,ROAD,BASELINE
dataset/images/POS_048_MDR_LOOP_0001.png,dataset/masks/POS_048_MDR_LOOP_0001.exr,dataset/depth/POS_048_MDR_LOOP_0001.exr,dataset/normals/POS_048_MDR_LOOP_0001.exr,DEFECT_CRACK_NETWORK_002,CRACK_NETWORK,True,640x480,"{'position_m': [112.528, 1.3792, 13.3853], 'target_m': [112.528, 1.483, 14.1906]}",0.8115,1.74283,8.84,5.232,0.812,0.05458,False,none,POOR,ROAD,BASELINE
dataset/images/POS_048_SURVEY_LOOP_0001.png,dataset/masks/POS_048_SURVEY_LOOP_0001.exr,dataset/depth/POS_048_SURVEY_LOOP_0001.exr,dataset/normals/POS_048_SURVEY_LOOP_0001.exr,DEFECT_CRACK_NETWORK_002,CRACK_NETWORK,True,640x480,"{'position_m': [112.528, 1.2913, 12.7029], 'target_m': [112.528, 1.483, 14.1906]}",1.4996,3.22069,8.68,5.232,0.812,0.05458,False,none,POOR,ROAD,BASELINE
dataset/images/POS_049_MDR_LOOP_0001.png,dataset/masks/POS_049_MDR_LOOP_0001.exr,dataset/depth/POS_049_MDR_LOOP_0001.exr,dataset/normals/POS_049_MDR_LOOP_0001.exr,DEFECT_CRACK_NETWORK_003,CRACK_NETWORK,True,640x480,"{'position_m': [180.909, -0.5713, 13.9775], 'target_m': [180.909, -0.533, 14.275]}",0.3,0.64441,6.76,0.705,0.1094,0.15047,False,below_resolution,POOR,ROAD,BASELINE
dataset/images/POS_049_SURVEY_LOOP_0001.png,dataset/masks/POS_049_SURVEY_LOOP_0001.exr,dataset/depth/POS_049_SURVEY_LOOP_0001.exr,dataset/normals/POS_049_SURVEY_LOOP_0001.exr,DEFECT_CRACK_NETWORK_003,CRACK_NETWORK,True,640x480,"{'position_m': [180.909, -0.7247, 12.7873], 'target_m': [180.909, -0.533, 14.275]}",1.5002,3.22207,7.39,0.705,0.1094,0.15047,False,below_resolution,POOR,ROAD,BASELINE
dataset/images/POS_050_MDR_LOOP_0001.png,dataset/masks/POS_050_MDR_LOOP_0001.exr,dataset/depth/POS_050_MDR_LOOP_0001.exr,dataset/normals/POS_050_MDR_LOOP_0001.exr,DEFECT_CRACK_NETWORK_004,CRACK_NETWORK,True,640x480,"{'position_m': [224.191, -4.0056, 3.266], 'target_m': [224.5587, -3.4674, 3.266]}",0.6519,1.40012,2.18,4.2,0.6518,0.18849,False,none,POOR,ROAD,BASELINE
dataset/images/POS_050_SURVEY_LOOP_0001.png,dataset/masks/POS_050_SURVEY_LOOP_0001.exr,dataset/depth/POS_050_SURVEY_LOOP_0001.exr,dataset/normals/POS_050_SURVEY_LOOP_0001.exr,DEFECT_CRACK_NETWORK_004,CRACK_NETWORK,True,640x480,"{'position_m': [223.7125, -4.7059, 3.266], 'target_m': [224.5587, -3.4674, 3.266]}",1.5002,3.22209,2.55,4.2,0.6518,0.18849,False,none,POOR,ROAD,BASELINE
dataset/images/POS_051_MDR_LOOP_0001.png,dataset/masks/POS_051_MDR_LOOP_0001.exr,dataset/depth/POS_051_MDR_LOOP_0001.exr,dataset/normals/POS_051_MDR_LOOP_0001.exr,DEFECT_CRACK_NETWORK_005,CRACK_NETWORK,True,640x480,"{'position_m': [225.809, -3.5491, 6.704], 'target_m': [225.6257, -3.3116, 6.704]}",0.3001,0.64448,20.07,0.524,0.0813,0.12446,False,below_resolution,POOR,ROAD,BASELINE
dataset/images/POS_051_SURVEY_LOOP_0001.png,dataset/masks/POS_051_SURVEY_LOOP_0001.exr,dataset/depth/POS_051_SURVEY_LOOP_0001.exr,dataset/normals/POS_051_SURVEY_LOOP_0001.exr,DEFECT_CRACK_NETWORK_005,CRACK_NETWORK,True,640x480,"{'position_m': [226.5422, -4.4992, 6.704], 'target_m': [225.6257, -3.3116, 6.704]}",1.4996,3.22083,18.4,0.524,0.0813,0.12446,False,below_resolution,POOR,ROAD,BASELINE
dataset/images/POS_052_MDR_LOOP_0001.png,dataset/masks/POS_052_MDR_LOOP_0001.exr,dataset/depth/POS_052_MDR_LOOP_0001.exr,dataset/normals/POS_052_MDR_LOOP_0001.exr,DEFECT_CRACK_NETWORK_006,CRACK_NETWORK,True,640x480,"{'position_m': [242.831, -1.2003, 13.8931], 'target_m': [242.831, -1.162, 14.1906]}",0.3001,0.64447,3.37,0.183,0.0284,0.0004,False,below_resolution,POOR,ROAD,BASELINE
dataset/images/POS_052_SURVEY_LOOP_0001.png,dataset/masks/POS_052_SURVEY_LOOP_0001.exr,dataset/depth/POS_052_SURVEY_LOOP_0001.exr,dataset/normals/POS_052_SURVEY_LOOP_0001.exr,DEFECT_CRACK_NETWORK_006,CRACK_NETWORK,True,640x480,"{'position_m': [242.831, -1.3537, 12.7029], 'target_m': [242.831, -1.162, 14.1906]}",1.5002,3.22213,6.52,0.183,0.0284,0.0004,False,below_resolution,POOR,ROAD,BASELINE
dataset/images/POS_053_MDR_LOOP_0001.png,dataset/masks/POS_053_MDR_LOOP_0001.exr,dataset/depth/POS_053_MDR_LOOP_0001.exr,dataset/normals/POS_053_MDR_LOOP_0001.exr,DEFECT_CRACK_NETWORK_007,CRACK_NETWORK,True,640x480,"{'position_m': [223.8025, 2.4753, 10.666], 'target_m': [224.1, 2.437, 10.666]}",0.3,0.64442,7.17,0.113,0.0175,0.00313,False,below_resolution,POOR,ROAD,BASELINE
dataset/images/POS_053_SURVEY_LOOP_0001.png,dataset/masks/POS_053_SURVEY_LOOP_0001.exr,dataset/depth/POS_053_SURVEY_LOOP_0001.exr,dataset/normals/POS_053_SURVEY_LOOP_0001.exr,DEFECT_CRACK_NETWORK_007,CRACK_NETWORK,True,640x480,"{'position_m': [222.6123, 2.6287, 10.666], 'target_m': [224.1, 2.437, 10.666]}",1.5002,3.22207,7.77,0.113,0.0175,0.00313,False,below_resolution,POOR,ROAD,BASELINE
dataset/images/POS_054_MDR_LOOP_0001.png,dataset/masks/POS_054_MDR_LOOP_0001.exr,dataset/depth/POS_054_MDR_LOOP_0001.exr,dataset/normals/POS_054_MDR_LOOP_0001.exr,DEFECT_CRACK_NETWORK_008,CRACK_NETWORK,True,640x480,"{'position_m': [225.9713, 3.3483, 2.931], 'target_m': [225.6888, 3.2474, 2.931]}",0.3,0.64443,27.64,0.187,0.029,0.01282,False,below_resolution,POOR,ROAD,BASELINE
dataset/images/POS_054_SURVEY_LOOP_0001.png,dataset/masks/POS_054_SURVEY_LOOP_0001.exr,dataset/depth/POS_054_SURVEY_LOOP_0001.exr,dataset/normals/POS_054_SURVEY_LOOP_0001.exr,DEFECT_CRACK_NETWORK_008,CRACK_NETWORK,True,640x480,"{'position_m': [227.1013, 3.752, 2.931], 'target_m': [225.6888, 3.2474, 2.931]}",1.5005,3.2226,27.55,0.187,0.029,0.01282,False,below_resolution,POOR,ROAD,BASELINE
dataset/images/POS_055_MDR_LOOP_0001.png,dataset/masks/POS_055_MDR_LOOP_0001.exr,dataset/depth/POS_055_MDR_LOOP_0001.exr,dataset/normals/POS_055_MDR_LOOP_0001.exr,DEFECT_SPALL_001,SPALL,True,640x480,"{'position_m': [170.094, -5.4054, -51.9499], 'target_m': [170.094, 2.806, 11.775]}",47.0758,101.10727,8.66,414.0,64.2518,0.15471,False,none,POOR,ROAD,BASELINE
dataset/images/POS_055_MDR_CAPTURE_0001.png,dataset/masks/POS_055_MDR_CAPTURE_0001.exr,dataset/depth/POS_055_MDR_CAPTURE_0001.exr,dataset/normals/POS_055_MDR_CAPTURE_0001.exr,DEFECT_SPALL_001,SPALL,True,1920x1080,"{'position_m': [170.094, -5.4054, -51.9499], 'target_m': [170.094, 2.806, 11.775]}",47.0743,33.70131,8.67,414.0,64.2518,0.15471,False,none,POOR,ROAD,BASELINE
dataset/images/POS_055_SURVEY_LOOP_0001.png,dataset/masks/POS_055_SURVEY_LOOP_0001.exr,dataset/depth/POS_055_SURVEY_LOOP_0001.exr,dataset/normals/POS_055_SURVEY_LOOP_0001.exr,DEFECT_SPALL_001,SPALL,True,640x480,"{'position_m': [170.094, 2.6143, 10.2873], 'target_m': [170.094, 2.806, 11.775]}",1.5268,3.27912,6.91,414.0,64.2518,0.15471,False,none,POOR,ROAD,BASELINE
dataset/images/POS_056_MDR_LOOP_0001.png,dataset/masks/POS_056_MDR_LOOP_0001.exr,dataset/depth/POS_056_MDR_LOOP_0001.exr,dataset/normals/POS_056_MDR_LOOP_0001.exr,DEFECT_SPALL_002,SPALL,True,640x480,"{'position_m': [183.037, -13.6964, -51.9499], 'target_m': [183.037, -5.485, 11.775]}",46.7099,100.32125,7.44,414.0,64.2518,0.33945,False,none,POOR,ROAD,BASELINE
dataset/images/POS_056_SURVEY_LOOP_0001.png,dataset/masks/POS_056_SURVEY_LOOP_0001.exr,dataset/depth/POS_056_SURVEY_LOOP_0001.exr,dataset/normals/POS_056_SURVEY_LOOP_0001.exr,DEFECT_SPALL_002,SPALL,True,640x480,"{'position_m': [183.037, -5.6767, 10.2873], 'target_m': [183.037, -5.485, 11.775]}",1.5303,3.28665,3.5,414.0,64.2518,0.33945,False,none,POOR,ROAD,BASELINE
dataset/images/POS_057_MDR_LOOP_0001.png,dataset/masks/POS_057_MDR_LOOP_0001.exr,dataset/depth/POS_057_MDR_LOOP_0001.exr,dataset/normals/POS_057_MDR_LOOP_0001.exr,DEFECT_SPALL_003,SPALL,True,640x480,"{'position_m': [115.472, -5.4374, -51.1343], 'target_m': [115.472, 2.774, 12.5906]}",51.5754,110.77132,7.34,414.0,64.2518,0.33636,False,none,POOR,ROAD,BASELINE
dataset/images/POS_057_SURVEY_LOOP_0001.png,dataset/masks/POS_057_SURVEY_LOOP_0001.exr,dataset/depth/POS_057_SURVEY_LOOP_0001.exr,dataset/normals/POS_057_SURVEY_LOOP_0001.exr,DEFECT_SPALL_003,SPALL,True,640x480,"{'position_m': [115.472, 2.5823, 11.1029], 'target_m': [115.472, 2.774, 12.5906]}",1.5371,3.30139,4.22,414.0,64.2518,0.33636,False,none,POOR,ROAD,BASELINE
dataset/images/POS_058_MDR_LOOP_0001.png,dataset/masks/POS_058_MDR_LOOP_0001.exr,dataset/depth/POS_058_MDR_LOOP_0001.exr,dataset/normals/POS_058_MDR_LOOP_0001.exr,DEFECT_SPALL_004,SPALL,True,640x480,"{'position_m': [242.671, -13.0207, -46.2088], 'target_m': [242.671, -5.444, 12.5906]}",46.6637,100.22219,7.36,382.0,59.2855,0.32314,False,none,POOR,ROAD,BASELINE
dataset/images/POS_058_SURVEY_LOOP_0001.png,dataset/masks/POS_058_SURVEY_LOOP_0001.exr,dataset/depth/POS_058_SURVEY_LOOP_0001.exr,dataset/normals/POS_058_SURVEY_LOOP_0001.exr,DEFECT_SPALL_004,SPALL,True,640x480,"{'position_m': [242.671, -5.6357, 11.1029], 'target_m': [242.671, -5.444, 12.5906]}",1.513,3.24955,8.36,382.0,59.2855,0.32314,False,none,POOR,ROAD,BASELINE
dataset/images/POS_059_MDR_LOOP_0001.png,dataset/masks/POS_059_MDR_LOOP_0001.exr,dataset/depth/POS_059_MDR_LOOP_0001.exr,dataset/normals/POS_059_MDR_LOOP_0001.exr,DEFECT_SPALL_005,SPALL,True,640x480,"{'position_m': [100.311, -8.6969, -33.8948], 'target_m': [100.311, -2.707, 12.5906]}",34.188,73.42734,7.34,302.0,46.8697,0.32034,False,none,POOR,ROAD,BASELINE
dataset/images/POS_059_SURVEY_LOOP_0001.png,dataset/masks/POS_059_SURVEY_LOOP_0001.exr,dataset/depth/POS_059_SURVEY_LOOP_0001.exr,dataset/normals/POS_059_SURVEY_LOOP_0001.exr,DEFECT_SPALL_005,SPALL,True,640x480,"{'position_m': [100.311, -2.8987, 11.1029], 'target_m': [100.311, -2.707, 12.5906]}",1.5073,3.23727,2.8,302.0,46.8697,0.32034,False,none,POOR,ROAD,BASELINE
dataset/images/POS_060_MDR_LOOP_0001.png,dataset/masks/POS_060_MDR_LOOP_0001.exr,dataset/depth/POS_060_MDR_LOOP_0001.exr,dataset/normals/POS_060_MDR_LOOP_0001.exr,DEFECT_SPALL_006,SPALL,True,640x480,"{'position_m': [155.115, -2.6124, -51.9499], 'target_m': [155.115, 5.599, 11.775]}",49.2124,105.69599,13.11,414.0,64.2518,0.17344,False,none,POOR,ROAD,BASELINE
dataset/images/POS_060_SURVEY_LOOP_0001.png,dataset/masks/POS_060_SURVEY_LOOP_0001.exr,dataset/depth/POS_060_SURVEY_LOOP_0001.exr,dataset/normals/POS_060_SURVEY_LOOP_0001.exr,DEFECT_SPALL_006,SPALL,True,640x480,"{'position_m': [155.115, 5.4073, 10.2873], 'target_m': [155.115, 5.599, 11.775]}",1.5238,3.2727,7.74,414.0,64.2518,0.17344,False,none,POOR,ROAD,BASELINE
dataset/images/POS_061_MDR_LOOP_0001.png,dataset/masks/POS_061_MDR_LOOP_0001.exr,dataset/depth/POS_061_MDR_LOOP_0001.exr,dataset/normals/POS_061_MDR_LOOP_0001.exr,DEFECT_SPALL_007,SPALL,True,640x480,"{'position_m': [103.462, -8.1884, -51.1343], 'target_m': [103.462, 0.023, 12.5906]}",51.5734,110.76692,7.34,414.0,64.2518,0.35672,False,none,POOR,ROAD,BASELINE
dataset/images/POS_061_SURVEY_LOOP_0001.png,dataset/masks/POS_061_SURVEY_LOOP_0001.exr,dataset/depth/POS_061_SURVEY_LOOP_0001.exr,dataset/normals/POS_061_SURVEY_LOOP_0001.exr,DEFECT_SPALL_007,SPALL,True,640x480,"{'position_m': [103.462, -0.1687, 11.1029], 'target_m': [103.462, 0.023, 12.5906]}",1.5408,3.30935,8.43,414.0,64.2518,0.35672,False,none,POOR,ROAD,BASELINE
dataset/images/POS_062_MDR_LOOP_0001.png,dataset/masks/POS_062_MDR_LOOP_0001.exr,dataset/depth/POS_062_MDR_LOOP_0001.exr,dataset/normals/POS_062_MDR_LOOP_0001.exr,DEFECT_SPALL_008,SPALL,True,640x480,"{'position_m': [251.583, -0.9083, -37.2811], 'target_m': [251.583, 5.518, 12.5906]}",37.6578,80.87958,7.28,324.0,50.284,0.32783,False,none,POOR,ROAD,BASELINE
dataset/images/POS_062_SURVEY_LOOP_0001.png,dataset/masks/POS_062_SURVEY_LOOP_0001.exr,dataset/depth/POS_062_SURVEY_LOOP_0001.exr,dataset/normals/POS_062_SURVEY_LOOP_0001.exr,DEFECT_SPALL_008,SPALL,True,640x480,"{'position_m': [251.583, 5.3263, 11.1029], 'target_m': [251.583, 5.518, 12.5906]}",1.5076,3.23805,7.65,324.0,50.284,0.32783,False,none,POOR,ROAD,BASELINE
dataset/images/POS_063_MDR_LOOP_0001.png,dataset/masks/POS_063_MDR_LOOP_0001.exr,dataset/depth/POS_063_MDR_LOOP_0001.exr,dataset/normals/POS_063_MDR_LOOP_0001.exr,DEFECT_SPALL_009,SPALL,True,640x480,"{'position_m': [149.6994, -5.5447, 11.895], 'target_m': [90.9, 2.032, 11.895]}",13.9154,29.88679,7.37,382.0,59.2855,0.28383,False,none,POOR,ROAD,BASELINE
dataset/images/POS_063_SURVEY_LOOP_0001.png,dataset/masks/POS_063_SURVEY_LOOP_0001.exr,dataset/depth/POS_063_SURVEY_LOOP_0001.exr,dataset/normals/POS_063_SURVEY_LOOP_0001.exr,DEFECT_SPALL_009,SPALL,True,640x480,"{'position_m': [92.3877, 1.8403, 11.895], 'target_m': [90.9, 2.032, 11.895]}",1.5141,3.2519,11.69,382.0,59.2855,0.28383,False,none,POOR,ROAD,BASELINE
dataset/images/POS_064_MDR_LOOP_0001.png,dataset/masks/POS_064_MDR_LOOP_0001.exr,dataset/depth/POS_064_MDR_LOOP_0001.exr,dataset/normals/POS_064_MDR_LOOP_0001.exr,DEFECT_SPALL_010,SPALL,True,640x480,"{'position_m': [184.8481, -10.3623, 12.029], 'target_m': [135.9, -4.055, 12.029]}",23.7677,51.04707,82.66,318.0,49.3528,0.11606,False,none,POOR,ROAD,BASELINE
dataset/images/POS_064_SURVEY_LOOP_0001.png,dataset/masks/POS_064_SURVEY_LOOP_0001.exr,dataset/depth/POS_064_SURVEY_LOOP_0001.exr,dataset/normals/POS_064_SURVEY_LOOP_0001.exr,DEFECT_SPALL_010,SPALL,True,640x480,"{'position_m': [137.3877, -4.2467, 12.029], 'target_m': [135.9, -4.055, 12.029]}",1.509,3.24089,3.73,318.0,49.3528,0.11606,False,none,POOR,ROAD,BASELINE
dataset/images/POS_065_MDR_LOOP_0001.png,dataset/masks/POS_065_MDR_LOOP_0001.exr,dataset/depth/POS_065_MDR_LOOP_0001.exr,dataset/normals/POS_065_MDR_LOOP_0001.exr,DEFECT_SPALL_011,SPALL,True,640x480,"{'position_m': [188.0865, -38.7431, 7.555], 'target_m': [135.8027, -3.0239, 7.555]}",63.3661,136.09471,17.22,408.0,63.3206,0.2364,False,none,POOR,ROAD,BASELINE
dataset/images/POS_065_SURVEY_LOOP_0001.png,dataset/masks/POS_065_SURVEY_LOOP_0001.exr,dataset/depth/POS_065_SURVEY_LOOP_0001.exr,dataset/normals/POS_065_SURVEY_LOOP_0001.exr,DEFECT_SPALL_011,SPALL,True,640x480,"{'position_m': [137.0412, -3.87, 7.555], 'target_m': [135.8027, -3.0239, 7.555]}",1.5292,3.28425,7.35,408.0,63.3206,0.2364,False,none,POOR,ROAD,BASELINE
dataset/images/POS_066_MDR_LOOP_0001.png,dataset/masks/POS_066_MDR_LOOP_0001.exr,dataset/depth/POS_066_MDR_LOOP_0001.exr,dataset/normals/POS_066_MDR_LOOP_0001.exr,DEFECT_SPALL_012,SPALL,True,640x480,"{'position_m': [116.781, -12.499, -45.2245], 'target_m': [116.781, -4.843, 14.1906]}",45.6164,97.97267,7.34,386.0,59.9063,0.30391,False,none,POOR,ROAD,BASELINE
dataset/images/POS_066_SURVEY_LOOP_0001.png,dataset/masks/POS_066_SURVEY_LOOP_0001.exr,dataset/depth/POS_066_SURVEY_LOOP_0001.exr,dataset/normals/POS_066_SURVEY_LOOP_0001.exr,DEFECT_SPALL_012,SPALL,True,640x480,"{'position_m': [116.781, -5.0347, 12.7029], 'target_m': [116.781, -4.843, 14.1906]}",1.5101,3.24323,7.32,386.0,59.9063,0.30391,False,none,POOR,ROAD,BASELINE
dataset/images/POS_067_MDR_LOOP_0001.png,dataset/masks/POS_067_MDR_LOOP_0001.exr,dataset/depth/POS_067_MDR_LOOP_0001.exr,dataset/normals/POS_067_MDR_LOOP_0001.exr,DEFECT_DELAMINATION_001,DELAMINATION,True,640x480,"{'position_m': [193.473, -10.2173, -45.4851], 'target_m': [193.473, -2.839, 11.775]}",40.9086,87.86163,9.67,372.0,57.7335,0.04316,True,below_contrast,POOR,ROAD,BASELINE
dataset/images/POS_067_MDR_CAPTURE_0001.png,dataset/masks/POS_067_MDR_CAPTURE_0001.exr,dataset/depth/POS_067_MDR_CAPTURE_0001.exr,dataset/normals/POS_067_MDR_CAPTURE_0001.exr,DEFECT_DELAMINATION_001,DELAMINATION,True,1920x1080,"{'position_m': [193.473, -10.2173, -45.4851], 'target_m': [193.473, -2.839, 11.775]}",40.9015,29.28209,9.66,372.0,57.7335,0.04316,True,below_contrast,POOR,ROAD,BASELINE
dataset/images/POS_067_SURVEY_LOOP_0001.png,dataset/masks/POS_067_SURVEY_LOOP_0001.exr,dataset/depth/POS_067_SURVEY_LOOP_0001.exr,dataset/normals/POS_067_SURVEY_LOOP_0001.exr,DEFECT_DELAMINATION_001,DELAMINATION,True,640x480,"{'position_m': [193.473, -3.0307, 10.2873], 'target_m': [193.473, -2.839, 11.775]}",1.4948,3.21044,5.97,372.0,57.7335,0.04316,True,below_contrast,POOR,ROAD,BASELINE
dataset/images/POS_068_MDR_LOOP_0001.png,dataset/masks/POS_068_MDR_LOOP_0001.exr,dataset/depth/POS_068_MDR_LOOP_0001.exr,dataset/normals/POS_068_MDR_LOOP_0001.exr,DEFECT_DELAMINATION_002,DELAMINATION,True,640x480,"{'position_m': [251.324, -0.6853, -30.1398], 'target_m': [251.324, 5.027, 14.1906]}",30.4573,65.41466,7.29,288.0,44.6969,0.08331,False,none,POOR,ROAD,BASELINE
dataset/images/POS_068_SURVEY_LOOP_0001.png,dataset/masks/POS_068_SURVEY_LOOP_0001.exr,dataset/depth/POS_068_SURVEY_LOOP_0001.exr,dataset/normals/POS_068_SURVEY_LOOP_0001.exr,DEFECT_DELAMINATION_002,DELAMINATION,True,640x480,"{'position_m': [251.324, 4.8353, 12.7029], 'target_m': [251.324, 5.027, 14.1906]}",1.4936,3.2079,7.66,288.0,44.6969,0.08331,False,none,POOR,ROAD,BASELINE
dataset/images/POS_069_MDR_LOOP_0001.png,dataset/masks/POS_069_MDR_LOOP_0001.exr,dataset/depth/POS_069_MDR_LOOP_0001.exr,dataset/normals/POS_069_MDR_LOOP_0001.exr,DEFECT_DELAMINATION_003,DELAMINATION,True,640x480,"{'position_m': [248.0136, -8.7565, 13.03], 'target_m': [212.303, -4.155, 13.03]}",23.0054,49.40983,7.07,232.0,36.0058,0.40563,False,none,POOR,ROAD,BASELINE
dataset/images/POS_070_MDR_LOOP_0001.png,dataset/masks/POS_070_MDR_LOOP_0001.exr,dataset/depth/POS_070_MDR_LOOP_0001.exr,dataset/normals/POS_070_MDR_LOOP_0001.exr,DEFECT_DELAMINATION_004,DELAMINATION,True,640x480,"{'position_m': [115.3181, 11.1359, 13.098], 'target_m': [211.983, -1.32, 13.098]}",30.9651,66.50529,1.52,628.0,97.4641,0.45102,False,none,POOR,ROAD,BASELINE
dataset/images/POS_070_SURVEY_LOOP_0001.png,dataset/masks/POS_070_SURVEY_LOOP_0001.exr,dataset/depth/POS_070_SURVEY_LOOP_0001.exr,dataset/normals/POS_070_SURVEY_LOOP_0001.exr,DEFECT_DELAMINATION_004,DELAMINATION,True,640x480,"{'position_m': [210.4953, -1.1283, 13.098], 'target_m': [211.983, -1.32, 13.098]}",1.4902,3.20049,6.96,628.0,97.4641,0.45102,False,none,POOR,ROAD,BASELINE
dataset/images/POS_071_MDR_LOOP_0001.png,dataset/masks/POS_071_MDR_LOOP_0001.exr,dataset/depth/POS_071_MDR_LOOP_0001.exr,dataset/normals/POS_071_MDR_LOOP_0001.exr,DEFECT_DELAMINATION_005,DELAMINATION,True,640x480,"{'position_m': [41.4354, -15.9777, 1.4316], 'target_m': [119.85, -2.914, 13.402]}",80.314,172.49467,11.8,518.0,80.3923,0.02175,True,below_contrast,POOR,ROAD,BASELINE
dataset/images/POS_071_SURVEY_LOOP_0001.png,dataset/masks/POS_071_SURVEY_LOOP_0001.exr,dataset/depth/POS_071_SURVEY_LOOP_0001.exr,dataset/normals/POS_071_SURVEY_LOOP_0001.exr,DEFECT_DELAMINATION_005,DELAMINATION,True,640x480,"{'position_m': [118.3869, -3.1578, 13.1786], 'target_m': [119.85, -2.914, 13.402]}",1.4914,3.20327,14.07,518.0,80.3923,0.02175,True,below_contrast,POOR,ROAD,BASELINE
dataset/images/POS_072_MDR_LOOP_0001.png,dataset/masks/POS_072_MDR_LOOP_0001.exr,dataset/depth/POS_072_MDR_LOOP_0001.exr,dataset/normals/POS_072_MDR_LOOP_0001.exr,DEFECT_DELAMINATION_006,DELAMINATION,True,640x480,"{'position_m': [197.3667, 6.9862, 13.249], 'target_m': [239.85, 1.512, 13.249]}",4.9747,10.68451,7.34,276.0,42.8345,0.06834,False,none,POOR,ROAD,BASELINE
dataset/images/POS_072_SURVEY_LOOP_0001.png,dataset/masks/POS_072_SURVEY_LOOP_0001.exr,dataset/depth/POS_072_SURVEY_LOOP_0001.exr,dataset/normals/POS_072_SURVEY_LOOP_0001.exr,DEFECT_DELAMINATION_006,DELAMINATION,True,640x480,"{'position_m': [238.3623, 1.7037, 13.249], 'target_m': [239.85, 1.512, 13.249]}",1.4926,3.2057,8.13,276.0,42.8345,0.06834,False,none,POOR,ROAD,BASELINE
dataset/images/POS_073_MDR_LOOP_0001.png,dataset/masks/POS_073_MDR_LOOP_0001.exr,dataset/depth/POS_073_MDR_LOOP_0001.exr,dataset/normals/POS_073_MDR_LOOP_0001.exr,DEFECT_DELAMINATION_007,DELAMINATION,True,640x480,"{'position_m': [35.2591, 10.5501, 13.261], 'target_m': [160.554, -5.595, 13.261]}",38.4195,82.51566,82.67,814.0,126.3308,0.0,True,below_contrast,POOR,ROAD,BASELINE
dataset/images/POS_073_SURVEY_LOOP_0001.png,dataset/masks/POS_073_SURVEY_LOOP_0001.exr,dataset/depth/POS_073_SURVEY_LOOP_0001.exr,dataset/normals/POS_073_SURVEY_LOOP_0001.exr,DEFECT_DELAMINATION_007,DELAMINATION,True,640x480,"{'position_m': [159.0663, -5.4033, 13.261], 'target_m': [160.554, -5.595, 13.261]}",1.4802,3.17906,7.01,814.0,126.3308,0.0,True,below_contrast,POOR,ROAD,BASELINE
dataset/images/POS_074_MDR_LOOP_0001.png,dataset/masks/POS_074_MDR_LOOP_0001.exr,dataset/depth/POS_074_MDR_LOOP_0001.exr,dataset/normals/POS_074_MDR_LOOP_0001.exr,DEFECT_DELAMINATION_008,DELAMINATION,True,640x480,"{'position_m': [276.7841, -8.4955, 13.398], 'target_m': [240.15, -3.775, 13.398]}",22.4736,48.26764,79.83,238.0,36.937,0.05991,False,none,POOR,ROAD,BASELINE
dataset/images/POS_074_SURVEY_LOOP_0001.png,dataset/masks/POS_074_SURVEY_LOOP_0001.exr,dataset/depth/POS_074_SURVEY_LOOP_0001.exr,dataset/normals/POS_074_SURVEY_LOOP_0001.exr,DEFECT_DELAMINATION_008,DELAMINATION,True,640x480,"{'position_m': [241.6377, -3.9667, 13.398], 'target_m': [240.15, -3.775, 13.398]}",1.4943,3.20945,8.31,238.0,36.937,0.05991,False,none,POOR,ROAD,BASELINE
dataset/images/POS_075_MDR_LOOP_0001.png,dataset/masks/POS_075_MDR_LOOP_0001.exr,dataset/depth/POS_075_MDR_LOOP_0001.exr,dataset/normals/POS_075_MDR_LOOP_0001.exr,DEFECT_REBAR_EXPOSED_001,REBAR_EXPOSED,True,640x480,"{'position_m': [83.3668, -87.1802, 13.196], 'target_m': [93.879, -5.6, 13.196]}",82.2358,176.62221,13.18,530.0,82.2547,0.22562,False,none,POOR,ROAD,BASELINE
dataset/images/POS_075_MDR_CAPTURE_0001.png,dataset/masks/POS_075_MDR_CAPTURE_0001.exr,dataset/depth/POS_075_MDR_CAPTURE_0001.exr,dataset/normals/POS_075_MDR_CAPTURE_0001.exr,DEFECT_REBAR_EXPOSED_001,REBAR_EXPOSED,True,1920x1080,"{'position_m': [83.3668, -87.1802, 13.196], 'target_m': [93.879, -5.6, 13.196]}",82.2796,58.90539,7.85,530.0,82.2547,0.22562,False,none,POOR,ROAD,BASELINE
dataset/images/POS_075_SURVEY_LOOP_0001.png,dataset/masks/POS_075_SURVEY_LOOP_0001.exr,dataset/depth/POS_075_SURVEY_LOOP_0001.exr,dataset/normals/POS_075_SURVEY_LOOP_0001.exr,DEFECT_REBAR_EXPOSED_001,REBAR_EXPOSED,True,640x480,"{'position_m': [93.6873, -7.0877, 13.196], 'target_m': [93.879, -5.6, 13.196]}",1.5078,3.23843,24.42,530.0,82.2547,0.22562,False,none,POOR,ROAD,BASELINE
dataset/images/POS_076_MDR_LOOP_0001.png,dataset/masks/POS_076_MDR_LOOP_0001.exr,dataset/depth/POS_076_MDR_LOOP_0001.exr,dataset/normals/POS_076_MDR_LOOP_0001.exr,DEFECT_REBAR_EXPOSED_002,REBAR_EXPOSED,True,640x480,"{'position_m': [154.3037, 63.4858, 12.872], 'target_m': [146.846, 5.61, 12.872]}",58.0025,124.57503,1.02,376.0,58.3543,0.53098,False,none,POOR,ROAD,BASELINE
dataset/images/POS_076_SURVEY_LOOP_0001.png,dataset/masks/POS_076_SURVEY_LOOP_0001.exr,dataset/depth/POS_076_SURVEY_LOOP_0001.exr,dataset/normals/POS_076_SURVEY_LOOP_0001.exr,DEFECT_REBAR_EXPOSED_002,REBAR_EXPOSED,True,640x480,"{'position_m': [147.0377, 7.0977, 12.872], 'target_m': [146.846, 5.61, 12.872]}",1.5128,3.24907,9.61,376.0,58.3543,0.53098,False,none,POOR,ROAD,BASELINE
dataset/images/POS_077_MDR_LOOP_0001.png,dataset/masks/POS_077_MDR_LOOP_0001.exr,dataset/depth/POS_077_MDR_LOOP_0001.exr,dataset/normals/POS_077_MDR_LOOP_0001.exr,DEFECT_REBAR_EXPOSED_003,REBAR_EXPOSED,True,640x480,"{'position_m': [278.2853, -31.951, 32.0965], 'target_m': [269.845, -5.5, 12.225]}",33.9826,72.98618,32.95,220.0,34.1435,0.02989,True,below_contrast,POOR,ROAD,BASELINE
dataset/images/POS_077_SURVEY_LOOP_0001.png,dataset/masks/POS_077_SURVEY_LOOP_0001.exr,dataset/depth/POS_077_SURVEY_LOOP_0001.exr,dataset/normals/POS_077_SURVEY_LOOP_0001.exr,DEFECT_REBAR_EXPOSED_003,REBAR_EXPOSED,True,640x480,"{'position_m': [270.2158, -6.662, 13.098], 'target_m': [269.845, -5.5, 12.225]}",1.4951,3.21106,52.47,220.0,34.1435,0.02989,True,below_contrast,POOR,ROAD,BASELINE
dataset/images/POS_078_MDR_LOOP_0001.png,dataset/masks/POS_078_MDR_LOOP_0001.exr,dataset/depth/POS_078_MDR_LOOP_0001.exr,dataset/normals/POS_078_MDR_LOOP_0001.exr,DEFECT_REBAR_EXPOSED_004,REBAR_EXPOSED,True,640x480,"{'position_m': [119.3121, -63.2033, 46.7914], 'target_m': [134.52, -5.5, 12.3375]}",68.4104,146.92868,23.32,444.0,68.9077,0.05226,False,none,POOR,ROAD,BASELINE
dataset/images/POS_078_SURVEY_LOOP_0001.png,dataset/masks/POS_078_SURVEY_LOOP_0001.exr,dataset/depth/POS_078_SURVEY_LOOP_0001.exr,dataset/normals/POS_078_SURVEY_LOOP_0001.exr,DEFECT_REBAR_EXPOSED_004,REBAR_EXPOSED,True,640x480,"{'position_m': [134.189, -6.7561, 13.0875], 'target_m': [134.52, -5.5, 12.3375]}",1.5656,3.36263,58.76,444.0,68.9077,0.05226,False,none,POOR,ROAD,BASELINE
dataset/images/POS_079_MDR_LOOP_0001.png,dataset/masks/POS_079_MDR_LOOP_0001.exr,dataset/depth/POS_079_MDR_LOOP_0001.exr,dataset/normals/POS_079_MDR_LOOP_0001.exr,DEFECT_REBAR_EXPOSED_005,REBAR_EXPOSED,True,640x480,"{'position_m': [140.7068, -34.3227, 13.313], 'target_m': [145.824, 5.39, 13.313]}",40.3658,86.69587,17.51,258.0,40.041,0.25195,False,none,POOR,ROAD,BASELINE
dataset/images/POS_079_SURVEY_LOOP_0001.png,dataset/masks/POS_079_SURVEY_LOOP_0001.exr,dataset/depth/POS_079_SURVEY_LOOP_0001.exr,dataset/normals/POS_079_SURVEY_LOOP_0001.exr,DEFECT_REBAR_EXPOSED_005,REBAR_EXPOSED,True,640x480,"{'position_m': [145.6323, 3.9023, 13.313], 'target_m': [145.824, 5.39, 13.313]}",1.4977,3.21666,7.78,258.0,40.041,0.25195,False,none,POOR,ROAD,BASELINE
dataset/images/POS_080_MDR_LOOP_0001.png,dataset/masks/POS_080_MDR_LOOP_0001.exr,dataset/depth/POS_080_MDR_LOOP_0001.exr,dataset/normals/POS_080_MDR_LOOP_0001.exr,DEFECT_CORROSION_STAIN_001,CORROSION_STAIN,True,640x480,"{'position_m': [90.8861, 3.472, 9.062], 'target_m': [90.6486, 3.2887, 9.062]}",0.2994,0.64303,32.58,0.056,0.0087,0.03334,False,below_resolution,POOR,ROAD,BASELINE
dataset/images/POS_080_MDR_CAPTURE_0001.png,dataset/masks/POS_080_MDR_CAPTURE_0001.exr,dataset/depth/POS_080_MDR_CAPTURE_0001.exr,dataset/normals/POS_080_MDR_CAPTURE_0001.exr,DEFECT_CORROSION_STAIN_001,CORROSION_STAIN,True,1920x1080,"{'position_m': [90.8861, 3.472, 9.062], 'target_m': [90.6486, 3.2887, 9.062]}",0.3,0.21481,32.67,0.056,0.0087,0.03334,False,below_resolution,POOR,ROAD,BASELINE
dataset/images/POS_080_SURVEY_LOOP_0001.png,dataset/masks/POS_080_SURVEY_LOOP_0001.exr,dataset/depth/POS_080_SURVEY_LOOP_0001.exr,dataset/normals/POS_080_SURVEY_LOOP_0001.exr,DEFECT_CORROSION_STAIN_001,CORROSION_STAIN,True,640x480,"{'position_m': [91.8362, 4.2052, 9.062], 'target_m': [90.6486, 3.2887, 9.062]}",1.4996,3.22085,30.78,0.056,0.0087,0.03334,False,below_resolution,POOR,ROAD,BASELINE
dataset/images/POS_081_MDR_LOOP_0001.png,dataset/masks/POS_081_MDR_LOOP_0001.exr,dataset/depth/POS_081_MDR_LOOP_0001.exr,dataset/normals/POS_081_MDR_LOOP_0001.exr,DEFECT_CORROSION_STAIN_002,CORROSION_STAIN,True,640x480,"{'position_m': [127.1083, 0.3975, 13.157], 'target_m': [127.07, 0.1, 13.157]}",0.2994,0.64297,6.15,0.968,0.1502,0.02002,True,below_resolution,POOR,ROAD,BASELINE
dataset/images/POS_081_SURVEY_LOOP_0001.png,dataset/masks/POS_081_SURVEY_LOOP_0001.exr,dataset/depth/POS_081_SURVEY_LOOP_0001.exr,dataset/normals/POS_081_SURVEY_LOOP_0001.exr,DEFECT_CORROSION_STAIN_002,CORROSION_STAIN,True,640x480,"{'position_m': [127.2617, 1.5877, 13.157], 'target_m': [127.07, 0.1, 13.157]}",1.5002,3.22208,6.92,0.968,0.1502,0.02002,True,below_resolution,POOR,ROAD,BASELINE
dataset/images/POS_082_MDR_LOOP_0001.png,dataset/masks/POS_082_MDR_LOOP_0001.exr,dataset/depth/POS_082_MDR_LOOP_0001.exr,dataset/normals/POS_082_MDR_LOOP_0001.exr,DEFECT_CORROSION_STAIN_003,CORROSION_STAIN,True,640x480,"{'position_m': [98.8743, 5.8975, 13.358], 'target_m': [98.836, 5.6, 13.358]}",0.2994,0.64297,8.59,0.088,0.0137,0.13639,False,below_resolution,POOR,ROAD,BASELINE
dataset/images/POS_082_SURVEY_LOOP_0001.png,dataset/masks/POS_082_SURVEY_LOOP_0001.exr,dataset/depth/POS_082_SURVEY_LOOP_0001.exr,dataset/normals/POS_082_SURVEY_LOOP_0001.exr,DEFECT_CORROSION_STAIN_003,CORROSION_STAIN,True,640x480,"{'position_m': [99.0277, 7.0877, 13.358], 'target_m': [98.836, 5.6, 13.358]}",1.4995,3.22063,7.75,0.088,0.0137,0.13639,False,below_resolution,POOR,ROAD,BASELINE
dataset/images/POS_083_MDR_LOOP_0001.png,dataset/masks/POS_083_MDR_LOOP_0001.exr,dataset/depth/POS_083_MDR_LOOP_0001.exr,dataset/normals/POS_083_MDR_LOOP_0001.exr,DEFECT_CORROSION_STAIN_004,CORROSION_STAIN,True,640x480,"{'position_m': [261.3793, 0.3975, 13.416], 'target_m': [261.341, 0.1, 13.416]}",0.3,0.64441,6.29,0.677,0.1051,0.00017,True,below_resolution,POOR,ROAD,BASELINE
dataset/images/POS_083_SURVEY_LOOP_0001.png,dataset/masks/POS_083_SURVEY_LOOP_0001.exr,dataset/depth/POS_083_SURVEY_LOOP_0001.exr,dataset/normals/POS_083_SURVEY_LOOP_0001.exr,DEFECT_CORROSION_STAIN_004,CORROSION_STAIN,True,640x480,"{'position_m': [261.5327, 1.5877, 13.416], 'target_m': [261.341, 0.1, 13.416]}",1.5002,3.22209,6.55,0.677,0.1051,0.00017,True,below_resolution,POOR,ROAD,BASELINE
dataset/images/POS_084_MDR_LOOP_0001.png,dataset/masks/POS_084_MDR_LOOP_0001.exr,dataset/depth/POS_084_MDR_LOOP_0001.exr,dataset/normals/POS_084_MDR_LOOP_0001.exr,DEFECT_CORROSION_STAIN_005,CORROSION_STAIN,True,640x480,"{'position_m': [98.0513, 3.1475, 13.33], 'target_m': [98.013, 2.85, 13.33]}",0.3,0.64441,5.02,0.056,0.0087,0.01468,False,below_resolution,POOR,ROAD,BASELINE
dataset/images/POS_084_SURVEY_LOOP_0001.png,dataset/masks/POS_084_SURVEY_LOOP_0001.exr,dataset/depth/POS_084_SURVEY_LOOP_0001.exr,dataset/normals/POS_084_SURVEY_LOOP_0001.exr,DEFECT_CORROSION_STAIN_005,CORROSION_STAIN,True,640x480,"{'position_m': [98.2047, 4.3377, 13.33], 'target_m': [98.013, 2.85, 13.33]}",1.4995,3.22063,6.65,0.056,0.0087,0.01468,False,below_resolution,POOR,ROAD,BASELINE
dataset/images/POS_085_MDR_LOOP_0001.png,dataset/masks/POS_085_MDR_LOOP_0001.exr,dataset/depth/POS_085_MDR_LOOP_0001.exr,dataset/normals/POS_085_MDR_LOOP_0001.exr,DEFECT_CORROSION_STAIN_006,CORROSION_STAIN,True,640x480,"{'position_m': [265.6463, -2.3525, 13.25], 'target_m': [265.608, -2.65, 13.25]}",0.2994,0.64297,8.22,1.055,0.1637,0.00718,True,below_resolution,POOR,ROAD,BASELINE
dataset/images/POS_085_SURVEY_LOOP_0001.png,dataset/masks/POS_085_SURVEY_LOOP_0001.exr,dataset/depth/POS_085_SURVEY_LOOP_0001.exr,dataset/normals/POS_085_SURVEY_LOOP_0001.exr,DEFECT_CORROSION_STAIN_006,CORROSION_STAIN,True,640x480,"{'position_m': [265.7997, -1.1623, 13.25], 'target_m': [265.608, -2.65, 13.25]}",1.4995,3.22064,8.0,1.055,0.1637,0.00718,True,below_resolution,POOR,ROAD,BASELINE
dataset/images/POS_086_MDR_LOOP_0001.png,dataset/masks/POS_086_MDR_LOOP_0001.exr,dataset/depth/POS_086_MDR_LOOP_0001.exr,dataset/normals/POS_086_MDR_LOOP_0001.exr,DEFECT_CORROSION_STAIN_007,CORROSION_STAIN,True,640x480,"{'position_m': [135.482, 5.5383, 12.635], 'target_m': [135.482, 5.5, 12.3375]}",0.3,0.64424,6.65,0.066,0.0102,0.09011,False,below_resolution,POOR,ROAD,BASELINE
dataset/images/POS_086_SURVEY_LOOP_0001.png,dataset/masks/POS_086_SURVEY_LOOP_0001.exr,dataset/depth/POS_086_SURVEY_LOOP_0001.exr,dataset/normals/POS_086_SURVEY_LOOP_0001.exr,DEFECT_CORROSION_STAIN_007,CORROSION_STAIN,True,640x480,"{'position_m': [135.482, 5.6917, 13.8252], 'target_m': [135.482, 5.5, 12.3375]}",1.4998,3.22119,6.86,0.066,0.0102,0.09011,False,below_resolution,POOR,ROAD,BASELINE
dataset/images/POS_087_MDR_LOOP_0001.png,dataset/masks/POS_087_MDR_LOOP_0001.exr,dataset/depth/POS_087_MDR_LOOP_0001.exr,dataset/normals/POS_087_MDR_LOOP_0001.exr,DEFECT_CORROSION_STAIN_008,CORROSION_STAIN,True,640x480,"{'position_m': [145.8433, 3.1575, 12.729], 'target_m': [145.805, 2.86, 12.729]}",10000000000.0,21477529956.30041,,0.532,0.0826,0.02008,True,below_resolution,POOR,ROAD,BASELINE
dataset/images/POS_087_SURVEY_LOOP_0001.png,dataset/masks/POS_087_SURVEY_LOOP_0001.exr,dataset/depth/POS_087_SURVEY_LOOP_0001.exr,dataset/normals/POS_087_SURVEY_LOOP_0001.exr,DEFECT_CORROSION_STAIN_008,CORROSION_STAIN,True,640x480,"{'position_m': [145.9967, 4.3477, 12.729], 'target_m': [145.805, 2.86, 12.729]}",10000000000.0,21477529956.30041,,0.532,0.0826,0.02008,True,below_resolution,POOR,ROAD,BASELINE
dataset/images/POS_088_MDR_LOOP_0001.png,dataset/masks/POS_088_MDR_LOOP_0001.exr,dataset/depth/POS_088_MDR_LOOP_0001.exr,dataset/normals/POS_088_MDR_LOOP_0001.exr,DEFECT_CORROSION_STAIN_009,CORROSION_STAIN,True,640x480,"{'position_m': [211.8353, 5.9075, 12.708], 'target_m': [211.797, 5.61, 12.708]}",10000000000.0,21477529956.30041,,0.288,0.0447,0.24676,False,below_resolution,POOR,ROAD,BASELINE
dataset/images/POS_088_SURVEY_LOOP_0001.png,dataset/masks/POS_088_SURVEY_LOOP_0001.exr,dataset/depth/POS_088_SURVEY_LOOP_0001.exr,dataset/normals/POS_088_SURVEY_LOOP_0001.exr,DEFECT_CORROSION_STAIN_009,CORROSION_STAIN,True,640x480,"{'position_m': [211.9887, 7.0977, 12.708], 'target_m': [211.797, 5.61, 12.708]}",10000000000.0,21477529956.30041,,0.288,0.0447,0.24676,False,below_resolution,POOR,ROAD,BASELINE
dataset/images/POS_089_MDR_LOOP_0001.png,dataset/masks/POS_089_MDR_LOOP_0001.exr,dataset/depth/POS_089_MDR_LOOP_0001.exr,dataset/normals/POS_089_MDR_LOOP_0001.exr,DEFECT_CORROSION_STAIN_010,CORROSION_STAIN,True,640x480,"{'position_m': [234.2267, 5.1025, 13.609], 'target_m': [234.265, 5.4, 13.609]}",0.3,0.64442,8.16,0.567,0.088,0.01245,True,below_resolution,POOR,ROAD,BASELINE
dataset/images/POS_089_SURVEY_LOOP_0001.png,dataset/masks/POS_089_SURVEY_LOOP_0001.exr,dataset/depth/POS_089_SURVEY_LOOP_0001.exr,dataset/normals/POS_089_SURVEY_LOOP_0001.exr,DEFECT_CORROSION_STAIN_010,CORROSION_STAIN,True,640x480,"{'position_m': [234.0733, 3.9123, 13.609], 'target_m': [234.265, 5.4, 13.609]}",1.4995,3.22063,7.39,0.567,0.088,0.01245,True,below_resolution,POOR,ROAD,BASELINE
dataset/images/POS_090_MDR_LOOP_0001.png,dataset/masks/POS_090_MDR_LOOP_0001.exr,dataset/depth/POS_090_MDR_LOOP_0001.exr,dataset/normals/POS_090_MDR_LOOP_0001.exr,DEFECT_JOINT_DETERIORATION_001,JOINT_DETERIORATION,True,640x480,"{'position_m': [90.3435, 5.7266, 12.4192], 'target_m': [90.374, 5.5, 12.225]}",0.2996,0.64349,48.9,0.532,0.0826,0.07622,False,below_resolution,POOR,ROAD,BASELINE
dataset/images/POS_090_MDR_CAPTURE_0001.png,dataset/masks/POS_090_MDR_CAPTURE_0001.exr,dataset/depth/POS_090_MDR_CAPTURE_0001.exr,dataset/normals/POS_090_MDR_CAPTURE_0001.exr,DEFECT_JOINT_DETERIORATION_001,JOINT_DETERIORATION,True,1920x1080,"{'position_m': [90.3435, 5.7266, 12.4192], 'target_m': [90.374, 5.5, 12.225]}",0.2999,0.21468,48.01,0.532,0.0826,0.07622,False,below_resolution,POOR,ROAD,BASELINE
dataset/images/POS_090_SURVEY_LOOP_0001.png,dataset/masks/POS_090_SURVEY_LOOP_0001.exr,dataset/depth/POS_090_SURVEY_LOOP_0001.exr,dataset/normals/POS_090_SURVEY_LOOP_0001.exr,DEFECT_JOINT_DETERIORATION_001,JOINT_DETERIORATION,True,640x480,"{'position_m': [90.2216, 6.6328, 13.1962], 'target_m': [90.374, 5.5, 12.225]}",1.498,3.21743,48.36,0.532,0.0826,0.07622,False,below_resolution,POOR,ROAD,BASELINE
dataset/images/POS_091_MDR_LOOP_0001.png,dataset/masks/POS_091_MDR_LOOP_0001.exr,dataset/depth/POS_091_MDR_LOOP_0001.exr,dataset/normals/POS_091_MDR_LOOP_0001.exr,DEFECT_JOINT_DETERIORATION_002,JOINT_DETERIORATION,True,640x480,"{'position_m': [90.1695, -5.2734, 12.4192], 'target_m': [90.2, -5.5, 12.225]}",0.2996,0.64349,49.78,1.807,0.2804,0.20218,False,below_resolution,POOR,ROAD,BASELINE
dataset/images/POS_091_SURVEY_LOOP_0001.png,dataset/masks/POS_091_SURVEY_LOOP_0001.exr,dataset/depth/POS_091_SURVEY_LOOP_0001.exr,dataset/normals/POS_091_SURVEY_LOOP_0001.exr,DEFECT_JOINT_DETERIORATION_002,JOINT_DETERIORATION,True,640x480,"{'position_m': [90.0476, -4.3672, 13.1962], 'target_m': [90.2, -5.5, 12.225]}",1.497,3.21523,49.67,1.807,0.2804,0.20218,False,below_resolution,POOR,ROAD,BASELINE
dataset/images/POS_092_MDR_LOOP_0001.png,dataset/masks/POS_092_MDR_LOOP_0001.exr,dataset/depth/POS_092_MDR_LOOP_0001.exr,dataset/normals/POS_092_MDR_LOOP_0001.exr,DEFECT_JOINT_DETERIORATION_003,JOINT_DETERIORATION,True,640x480,"{'position_m': [269.6285, 5.7266, 12.4192], 'target_m': [269.659, 5.5, 12.225]}",0.2996,0.64349,49.82,0.904,0.1403,0.02375,True,below_resolution,POOR,ROAD,BASELINE
dataset/images/POS_092_SURVEY_LOOP_0001.png,dataset/masks/POS_092_SURVEY_LOOP_0001.exr,dataset/depth/POS_092_SURVEY_LOOP_0001.exr,dataset/normals/POS_092_SURVEY_LOOP_0001.exr,DEFECT_JOINT_DETERIORATION_003,JOINT_DETERIORATION,True,640x480,"{'position_m': [269.5066, 6.6328, 13.1962], 'target_m': [269.659, 5.5, 12.225]}",1.498,3.21743,50.05,0.904,0.1403,0.02375,True,below_resolution,POOR,ROAD,BASELINE
dataset/images/POS_093_MDR_LOOP_0001.png,dataset/masks/POS_093_MDR_LOOP_0001.exr,dataset/depth/POS_093_MDR_LOOP_0001.exr,dataset/normals/POS_093_MDR_LOOP_0001.exr,DEFECT_JOINT_DETERIORATION_004,JOINT_DETERIORATION,True,640x480,"{'position_m': [225.0353, 5.4512, 11.7351], 'target_m': [225.08, 5.5, 11.4425]}",0.2999,0.64417,12.73,0.892,0.1384,0.61246,False,below_resolution,POOR,ROAD,BASELINE
dataset/images/POS_094_MDR_LOOP_0001.png,dataset/masks/POS_094_MDR_LOOP_0001.exr,dataset/depth/POS_094_MDR_LOOP_0001.exr,dataset/normals/POS_094_MDR_LOOP_0001.exr,DEFECT_JOINT_DETERIORATION_005,JOINT_DETERIORATION,True,640x480,"{'position_m': [239.9563, -6.3025, 15.254], 'target_m': [239.918, -6.6, 15.254]}",0.3,0.64441,6.6,1.411,0.219,0.46135,False,below_resolution,POOR,ROAD,BASELINE
dataset/images/POS_094_SURVEY_LOOP_0001.png,dataset/masks/POS_094_SURVEY_LOOP_0001.exr,dataset/depth/POS_094_SURVEY_LOOP_0001.exr,dataset/normals/POS_094_SURVEY_LOOP_0001.exr,DEFECT_JOINT_DETERIORATION_005,JOINT_DETERIORATION,True,640x480,"{'position_m': [240.1097, -5.1123, 15.254], 'target_m': [239.918, -6.6, 15.254]}",1.5002,3.22207,7.4,1.411,0.219,0.46135,False,below_resolution,POOR,ROAD,BASELINE
dataset/images/POS_095_MDR_LOOP_0001.png,dataset/masks/POS_095_MDR_LOOP_0001.exr,dataset/depth/POS_095_MDR_LOOP_0001.exr,dataset/normals/POS_095_MDR_LOOP_0001.exr,DEFECT_JOINT_DETERIORATION_006,JOINT_DETERIORATION,True,640x480,"{'position_m': [230.5427, -5.8975, 13.228], 'target_m': [230.581, -5.6, 13.228]}",0.3,0.64441,5.86,0.19,0.0295,0.00818,False,below_resolution,POOR,ROAD,BASELINE
dataset/images/POS_095_SURVEY_LOOP_0001.png,dataset/masks/POS_095_SURVEY_LOOP_0001.exr,dataset/depth/POS_095_SURVEY_LOOP_0001.exr,dataset/normals/POS_095_SURVEY_LOOP_0001.exr,DEFECT_JOINT_DETERIORATION_006,JOINT_DETERIORATION,True,640x480,"{'position_m': [230.3893, -7.0877, 13.228], 'target_m': [230.581, -5.6, 13.228]}",1.5002,3.22208,7.33,0.19,0.0295,0.00818,False,below_resolution,POOR,ROAD,BASELINE
dataset/images/POS_096_MDR_LOOP_0001.png,dataset/masks/POS_096_MDR_LOOP_0001.exr,dataset/depth/POS_096_MDR_LOOP_0001.exr,dataset/normals/POS_096_MDR_LOOP_0001.exr,DEFECT_REBAR_EXPOSED_006,REBAR_EXPOSED,True,640x480,"{'position_m': [140.9833, -210.5508, 6.0], 'target_m': [135.0, -3.6, 6.0]}",10000000000.0,21477529956.30041,,1334.0,207.0336,0.09846,False,none,POOR,ROAD,BASELINE
dataset/images/POS_096_SURVEY_LOOP_0001.png,dataset/masks/POS_096_SURVEY_LOOP_0001.exr,dataset/depth/POS_096_SURVEY_LOOP_0001.exr,dataset/normals/POS_096_SURVEY_LOOP_0001.exr,DEFECT_REBAR_EXPOSED_006,REBAR_EXPOSED,True,640x480,"{'position_m': [135.0434, -5.0994, 6.0], 'target_m': [135.0, -3.6, 6.0]}",1.5333,3.29319,30.43,1334.0,207.0336,0.09846,False,none,POOR,ROAD,BASELINE
dataset/images/POS_097_MDR_LOOP_0001.png,dataset/masks/POS_097_MDR_LOOP_0001.exr,dataset/depth/POS_097_MDR_LOOP_0001.exr,dataset/normals/POS_097_MDR_LOOP_0001.exr,MDEFECT_SEGMENTAL_JOINT_LEAKAGE_001,SEGMENTAL_JOINT_LEAKAGE,True,640x480,"{'position_m': [255.0447, 30.3954, 18.7771], 'target_m': [255.06, 30.097, 18.75]}",0.3069,0.65907,86.59,0.081,0.0126,0.00256,False,below_resolution,GOOD,METRO,BASELINE
dataset/images/POS_097_MDR_CAPTURE_0001.png,dataset/masks/POS_097_MDR_CAPTURE_0001.exr,dataset/depth/POS_097_MDR_CAPTURE_0001.exr,dataset/normals/POS_097_MDR_CAPTURE_0001.exr,MDEFECT_SEGMENTAL_JOINT_LEAKAGE_001,SEGMENTAL_JOINT_LEAKAGE,True,1920x1080,"{'position_m': [255.0447, 30.3954, 18.7771], 'target_m': [255.06, 30.097, 18.75]}",0.3021,0.21628,86.44,0.081,0.0126,0.00256,False,below_resolution,GOOD,METRO,BASELINE
dataset/images/POS_098_MDR_LOOP_0001.png,dataset/masks/POS_098_MDR_LOOP_0001.exr,dataset/depth/POS_098_MDR_LOOP_0001.exr,dataset/normals/POS_098_MDR_LOOP_0001.exr,MDEFECT_SEGMENTAL_JOINT_LEAKAGE_002,SEGMENTAL_JOINT_LEAKAGE,True,640x480,"{'position_m': [225.0447, 31.2744, 18.7771], 'target_m': [225.06, 30.976, 18.75]}",0.2963,0.6364,86.67,0.181,0.0281,0.19905,False,below_resolution,GOOD,METRO,BASELINE
dataset/images/POS_099_MDR_LOOP_0001.png,dataset/masks/POS_099_MDR_LOOP_0001.exr,dataset/depth/POS_099_MDR_LOOP_0001.exr,dataset/normals/POS_099_MDR_LOOP_0001.exr,MDEFECT_SEGMENTAL_JOINT_LEAKAGE_003,SEGMENTAL_JOINT_LEAKAGE,True,640x480,"{'position_m': [135.5108, 28.0517, 18.7575], 'target_m': [135.06, 27.256, 18.75]}",0.9128,1.96056,60.37,5.893,0.9146,0.03471,True,unreachable_angle,GOOD,METRO,BASELINE
dataset/images/POS_099_SURVEY_LOOP_0001.png,dataset/masks/POS_099_SURVEY_LOOP_0001.exr,dataset/depth/POS_099_SURVEY_LOOP_0001.exr,dataset/normals/POS_099_SURVEY_LOOP_0001.exr,MDEFECT_SEGMENTAL_JOINT_LEAKAGE_003,SEGMENTAL_JOINT_LEAKAGE,True,640x480,"{'position_m': [135.7994, 28.561, 18.7623], 'target_m': [135.06, 27.256, 18.75]}",1.4971,3.21545,60.37,5.893,0.9146,0.03471,True,unreachable_angle,GOOD,METRO,BASELINE
dataset/images/POS_100_MDR_LOOP_0001.png,dataset/masks/POS_100_MDR_LOOP_0001.exr,dataset/depth/POS_100_MDR_LOOP_0001.exr,dataset/normals/POS_100_MDR_LOOP_0001.exr,MDEFECT_EFFLORESCENCE_JOINT_004,EFFLORESCENCE_JOINT,True,640x480,"{'position_m': [255.1462, 31.2546, 18.8164], 'target_m': [255.06, 30.975, 18.75]}",0.299,0.6422,72.82,0.354,0.0549,0.01486,False,below_resolution,GOOD,METRO,BASELINE
dataset/images/POS_100_MDR_CAPTURE_0001.png,dataset/masks/POS_100_MDR_CAPTURE_0001.exr,dataset/depth/POS_100_MDR_CAPTURE_0001.exr,dataset/normals/POS_100_MDR_CAPTURE_0001.exr,MDEFECT_EFFLORESCENCE_JOINT_004,EFFLORESCENCE_JOINT,True,1920x1080,"{'position_m': [255.1462, 31.2546, 18.8164], 'target_m': [255.06, 30.975, 18.75]}",0.2997,0.21453,72.47,0.354,0.0549,0.01486,False,below_resolution,GOOD,METRO,BASELINE
dataset/images/POS_101_MDR_LOOP_0001.png,dataset/masks/POS_101_MDR_LOOP_0001.exr,dataset/depth/POS_101_MDR_LOOP_0001.exr,dataset/normals/POS_101_MDR_LOOP_0001.exr,MDEFECT_EFFLORESCENCE_JOINT_005,EFFLORESCENCE_JOINT,True,640x480,"{'position_m': [225.1584, 30.5191, 18.8258], 'target_m': [225.06, 30.2, 18.75]}",0.3381,0.72625,72.35,2.206,0.3424,0.05142,False,below_resolution,GOOD,METRO,BASELINE
dataset/images/POS_102_MDR_LOOP_0001.png,dataset/masks/POS_102_MDR_LOOP_0001.exr,dataset/depth/POS_102_MDR_LOOP_0001.exr,dataset/normals/POS_102_MDR_LOOP_0001.exr,MDEFECT_BEARING_DISTRESS_006,BEARING_DISTRESS,True,640x480,"{'position_m': [241.0657, 155.6292, 16.675], 'target_m': [225.0, 30.95, 16.675]}",125.9214,270.4481,6.16,810.0,125.71,0.42904,False,none,GOOD,METRO,BASELINE
dataset/images/POS_102_MDR_CAPTURE_0001.png,dataset/masks/POS_102_MDR_CAPTURE_0001.exr,dataset/depth/POS_102_MDR_CAPTURE_0001.exr,dataset/normals/POS_102_MDR_CAPTURE_0001.exr,MDEFECT_BEARING_DISTRESS_006,BEARING_DISTRESS,True,1920x1080,"{'position_m': [241.0657, 155.6292, 16.675], 'target_m': [225.0, 30.95, 16.675]}",125.7291,90.01169,7.05,810.0,125.71,0.42904,False,none,GOOD,METRO,BASELINE
dataset/images/POS_102_SURVEY_LOOP_0001.png,dataset/masks/POS_102_SURVEY_LOOP_0001.exr,dataset/depth/POS_102_SURVEY_LOOP_0001.exr,dataset/normals/POS_102_SURVEY_LOOP_0001.exr,MDEFECT_BEARING_DISTRESS_006,BEARING_DISTRESS,True,640x480,"{'position_m': [225.1917, 32.4377, 16.675], 'target_m': [225.0, 30.95, 16.675]}",1.5002,3.22207,7.34,810.0,125.71,0.42904,False,none,GOOD,METRO,BASELINE
dataset/images/POS_103_MDR_LOOP_0001.png,dataset/masks/POS_103_MDR_LOOP_0001.exr,dataset/depth/POS_103_MDR_LOOP_0001.exr,dataset/normals/POS_103_MDR_LOOP_0001.exr,MDEFECT_BEARING_DISTRESS_007,BEARING_DISTRESS,True,640x480,"{'position_m': [278.735, -33.4725, 20.8759], 'target_m': [255.0, 25.75, 16.675]}",63.5332,136.45373,6.82,412.0,63.9414,0.69269,False,none,GOOD,METRO,BASELINE
dataset/images/POS_104_MDR_LOOP_0001.png,dataset/masks/POS_104_MDR_LOOP_0001.exr,dataset/depth/POS_104_MDR_LOOP_0001.exr,dataset/normals/POS_104_MDR_LOOP_0001.exr,MDEFECT_INTERNAL_SOFFIT_CRACK_008,INTERNAL_SOFFIT_CRACK,True,640x480,"{'position_m': [270.437, 26.5697, 18.4025], 'target_m': [270.437, 26.608, 18.7]}",0.298,0.64008,7.57,0.761,0.1181,0.00196,True,below_resolution,GOOD,METRO,BASELINE
dataset/images/POS_104_SURVEY_LOOP_0001.png,dataset/masks/POS_104_SURVEY_LOOP_0001.exr,dataset/depth/POS_104_SURVEY_LOOP_0001.exr,dataset/normals/POS_104_SURVEY_LOOP_0001.exr,MDEFECT_INTERNAL_SOFFIT_CRACK_008,INTERNAL_SOFFIT_CRACK,True,640x480,"{'position_m': [270.437, 26.4163, 17.2123], 'target_m': [270.437, 26.608, 18.7]}",1.4962,3.21341,7.73,0.761,0.1181,0.00196,True,below_resolution,GOOD,METRO,BASELINE
dataset/images/POS_105_MDR_LOOP_0001.png,dataset/masks/POS_105_MDR_LOOP_0001.exr,dataset/depth/POS_105_MDR_LOOP_0001.exr,dataset/normals/POS_105_MDR_LOOP_0001.exr,MDEFECT_INTERNAL_SOFFIT_CRACK_009,INTERNAL_SOFFIT_CRACK,True,640x480,"{'position_m': [244.684, 29.8192, 17.9488], 'target_m': [244.684, 29.916, 18.7]}",0.7575,1.62693,6.89,4.88,0.7574,0.00259,True,below_contrast,GOOD,METRO,BASELINE
dataset/images/POS_105_SURVEY_LOOP_0001.png,dataset/masks/POS_105_SURVEY_LOOP_0001.exr,dataset/depth/POS_105_SURVEY_LOOP_0001.exr,dataset/normals/POS_105_SURVEY_LOOP_0001.exr,MDEFECT_INTERNAL_SOFFIT_CRACK_009,INTERNAL_SOFFIT_CRACK,True,640x480,"{'position_m': [244.684, 29.7243, 17.2123], 'target_m': [244.684, 29.916, 18.7]}",1.5002,3.22208,6.87,4.88,0.7574,0.00259,True,below_contrast,GOOD,METRO,BASELINE
dataset/images/POS_106_MDR_LOOP_0001.png,dataset/masks/POS_106_MDR_LOOP_0001.exr,dataset/depth/POS_106_MDR_LOOP_0001.exr,dataset/normals/POS_106_MDR_LOOP_0001.exr,MDEFECT_INTERNAL_SOFFIT_CRACK_010,INTERNAL_SOFFIT_CRACK,True,640x480,"{'position_m': [164.438, 27.5588, 18.326], 'target_m': [164.438, 27.607, 18.7]}",0.3772,0.81003,6.91,2.43,0.3771,0.00443,True,below_contrast,GOOD,METRO,BASELINE
dataset/images/POS_106_SURVEY_LOOP_0001.png,dataset/masks/POS_106_SURVEY_LOOP_0001.exr,dataset/depth/POS_106_SURVEY_LOOP_0001.exr,dataset/normals/POS_106_SURVEY_LOOP_0001.exr,MDEFECT_INTERNAL_SOFFIT_CRACK_010,INTERNAL_SOFFIT_CRACK,True,640x480,"{'position_m': [164.438, 27.4153, 17.2123], 'target_m': [164.438, 27.607, 18.7]}",1.5002,3.22208,7.01,2.43,0.3771,0.00443,True,below_contrast,GOOD,METRO,BASELINE
dataset/images/POS_107_MDR_LOOP_0001.png,dataset/masks/POS_107_MDR_LOOP_0001.exr,dataset/depth/POS_107_MDR_LOOP_0001.exr,dataset/normals/POS_107_MDR_LOOP_0001.exr,MDEFECT_WEB_SHEAR_CRACK_011,WEB_SHEAR_CRACK,True,640x480,"{'position_m': [261.0507, 24.9275, 17.79], 'target_m': [261.089, 25.225, 17.79]}",0.3,0.64442,9.88,0.159,0.0247,0.0031,False,below_resolution,GOOD,METRO,BASELINE
dataset/images/POS_107_SURVEY_LOOP_0001.png,dataset/masks/POS_107_SURVEY_LOOP_0001.exr,dataset/depth/POS_107_SURVEY_LOOP_0001.exr,dataset/normals/POS_107_SURVEY_LOOP_0001.exr,MDEFECT_WEB_SHEAR_CRACK_011,WEB_SHEAR_CRACK,True,640x480,"{'position_m': [260.8973, 23.7373, 17.79], 'target_m': [261.089, 25.225, 17.79]}",1.5002,3.22207,8.68,0.159,0.0247,0.0031,False,below_resolution,GOOD,METRO,BASELINE
dataset/images/POS_108_MDR_LOOP_0001.png,dataset/masks/POS_108_MDR_LOOP_0001.exr,dataset/depth/POS_108_MDR_LOOP_0001.exr,dataset/normals/POS_108_MDR_LOOP_0001.exr,MDEFECT_WEB_SHEAR_CRACK_012,WEB_SHEAR_CRACK,True,640x480,"{'position_m': [241.2851, 24.077, 17.79], 'target_m': [241.433, 25.225, 17.79]}",1.157,2.48492,7.22,7.458,1.1575,0.06616,False,none,GOOD,METRO,BASELINE
dataset/images/POS_108_SURVEY_LOOP_0001.png,dataset/masks/POS_108_SURVEY_LOOP_0001.exr,dataset/depth/POS_108_SURVEY_LOOP_0001.exr,dataset/normals/POS_108_SURVEY_LOOP_0001.exr,MDEFECT_WEB_SHEAR_CRACK_012,WEB_SHEAR_CRACK,True,640x480,"{'position_m': [241.2413, 23.7373, 17.79], 'target_m': [241.433, 25.225, 17.79]}",1.4995,3.22063,7.27,7.458,1.1575,0.06616,False,none,GOOD,METRO,BASELINE
dataset/images/POS_109_MDR_LOOP_0001.png,dataset/masks/POS_109_MDR_LOOP_0001.exr,dataset/depth/POS_109_MDR_LOOP_0001.exr,dataset/normals/POS_109_MDR_LOOP_0001.exr,MDEFECT_WEB_SHEAR_CRACK_013,WEB_SHEAR_CRACK,True,640x480,"{'position_m': [185.3857, 24.9275, 17.24], 'target_m': [185.424, 25.225, 17.24]}",0.3,0.64442,9.25,0.122,0.0189,0.00311,False,below_resolution,GOOD,METRO,BASELINE
dataset/images/POS_109_SURVEY_LOOP_0001.png,dataset/masks/POS_109_SURVEY_LOOP_0001.exr,dataset/depth/POS_109_SURVEY_LOOP_0001.exr,dataset/normals/POS_109_SURVEY_LOOP_0001.exr,MDEFECT_WEB_SHEAR_CRACK_013,WEB_SHEAR_CRACK,True,640x480,"{'position_m': [185.2323, 23.7373, 17.24], 'target_m': [185.424, 25.225, 17.24]}",1.5002,3.22207,7.93,0.122,0.0189,0.00311,False,below_resolution,GOOD,METRO,BASELINE
dataset/images/POS_110_MDR_LOOP_0001.png,dataset/masks/POS_110_MDR_LOOP_0001.exr,dataset/depth/POS_110_MDR_LOOP_0001.exr,dataset/normals/POS_110_MDR_LOOP_0001.exr,MDEFECT_SOFFIT_TRANSVERSE_CRACK_014,SOFFIT_TRANSVERSE_CRACK,True,640x480,"{'position_m': [271.404, 28.9917, 16.5025], 'target_m': [271.404, 29.03, 16.8]}",0.3,0.64441,8.14,1.532,0.2378,0.00372,True,below_resolution,GOOD,METRO,BASELINE
dataset/images/POS_110_SURVEY_LOOP_0001.png,dataset/masks/POS_110_SURVEY_LOOP_0001.exr,dataset/depth/POS_110_SURVEY_LOOP_0001.exr,dataset/normals/POS_110_SURVEY_LOOP_0001.exr,MDEFECT_SOFFIT_TRANSVERSE_CRACK_014,SOFFIT_TRANSVERSE_CRACK,True,640x480,"{'position_m': [271.404, 28.8383, 15.3123], 'target_m': [271.404, 29.03, 16.8]}",1.5002,3.22208,7.18,1.532,0.2378,0.00372,True,below_resolution,GOOD,METRO,BASELINE
dataset/images/POS_111_MDR_LOOP_0001.png,dataset/masks/POS_111_MDR_LOOP_0001.exr,dataset/depth/POS_111_MDR_LOOP_0001.exr,dataset/normals/POS_111_MDR_LOOP_0001.exr,MDEFECT_SOFFIT_TRANSVERSE_CRACK_015,SOFFIT_TRANSVERSE_CRACK,True,640x480,"{'position_m': [244.274, 30.0212, 15.9712], 'target_m': [244.274, 30.128, 16.8]}",0.8351,1.79368,7.67,5.385,0.8357,0.03133,True,below_contrast,GOOD,METRO,BASELINE
dataset/images/POS_111_SURVEY_LOOP_0001.png,dataset/masks/POS_111_SURVEY_LOOP_0001.exr,dataset/depth/POS_111_SURVEY_LOOP_0001.exr,dataset/normals/POS_111_SURVEY_LOOP_0001.exr,MDEFECT_SOFFIT_TRANSVERSE_CRACK_015,SOFFIT_TRANSVERSE_CRACK,True,640x480,"{'position_m': [244.274, 29.9363, 15.3123], 'target_m': [244.274, 30.128, 16.8]}",1.4995,3.22063,7.46,5.385,0.8357,0.03133,True,below_contrast,GOOD,METRO,BASELINE
dataset/images/POS_112_MDR_LOOP_0001.png,dataset/masks/POS_112_MDR_LOOP_0001.exr,dataset/depth/POS_112_MDR_LOOP_0001.exr,dataset/normals/POS_112_MDR_LOOP_0001.exr,MDEFECT_SOFFIT_TRANSVERSE_CRACK_016,SOFFIT_TRANSVERSE_CRACK,True,640x480,"{'position_m': [167.846, 26.3087, 15.5025], 'target_m': [167.846, 26.347, 15.8]}",0.3,0.64442,6.91,1.662,0.2579,0.00021,True,below_resolution,GOOD,METRO,BASELINE
dataset/images/POS_112_SURVEY_LOOP_0001.png,dataset/masks/POS_112_SURVEY_LOOP_0001.exr,dataset/depth/POS_112_SURVEY_LOOP_0001.exr,dataset/normals/POS_112_SURVEY_LOOP_0001.exr,MDEFECT_SOFFIT_TRANSVERSE_CRACK_016,SOFFIT_TRANSVERSE_CRACK,True,640x480,"{'position_m': [167.846, 26.1553, 14.3123], 'target_m': [167.846, 26.347, 15.8]}",1.5002,3.22208,6.12,1.662,0.2579,0.00021,True,below_resolution,GOOD,METRO,BASELINE
dataset/images/POS_113_MDR_LOOP_0001.png,dataset/masks/POS_113_MDR_LOOP_0001.exr,dataset/depth/POS_113_MDR_LOOP_0001.exr,dataset/normals/POS_113_MDR_LOOP_0001.exr,MDEFECT_PIER_SPALL_017,PIER_SPALL,True,640x480,"{'position_m': [242.287, 116.0466, 5.705], 'target_m': [135.673, 28.713, 5.705]}",137.8734,296.1181,20.27,888.0,137.8154,0.14158,False,none,GOOD,METRO,BASELINE
dataset/images/POS_113_SURVEY_LOOP_0001.png,dataset/masks/POS_113_SURVEY_LOOP_0001.exr,dataset/depth/POS_113_SURVEY_LOOP_0001.exr,dataset/normals/POS_113_SURVEY_LOOP_0001.exr,MDEFECT_PIER_SPALL_017,PIER_SPALL,True,640x480,"{'position_m': [136.8334, 29.6636, 5.705], 'target_m': [135.673, 28.713, 5.705]}",1.4858,3.19117,19.23,888.0,137.8154,0.14158,False,none,GOOD,METRO,BASELINE
dataset/images/POS_114_MDR_LOOP_0001.png,dataset/masks/POS_114_MDR_LOOP_0001.exr,dataset/depth/POS_114_MDR_LOOP_0001.exr,dataset/normals/POS_114_MDR_LOOP_0001.exr,MDEFECT_PIER_SPALL_018,PIER_SPALL,True,640x480,"{'position_m': [131.1119, -102.9409, 6.377], 'target_m': [90.41, 27.109, 6.377]}",136.322,292.78596,17.49,878.0,136.2635,0.20678,False,none,GOOD,METRO,BASELINE
dataset/images/POS_114_SURVEY_LOOP_0001.png,dataset/masks/POS_114_SURVEY_LOOP_0001.exr,dataset/depth/POS_114_SURVEY_LOOP_0001.exr,dataset/normals/POS_114_SURVEY_LOOP_0001.exr,MDEFECT_PIER_SPALL_018,PIER_SPALL,True,640x480,"{'position_m': [90.858, 25.6774, 6.377], 'target_m': [90.41, 27.109, 6.377]}",1.4879,3.19558,15.02,878.0,136.2635,0.20678,False,none,GOOD,METRO,BASELINE
dataset/images/POS_115_MDR_LOOP_0001.png,dataset/masks/POS_115_MDR_LOOP_0001.exr,dataset/depth/POS_115_MDR_LOOP_0001.exr,dataset/normals/POS_115_MDR_LOOP_0001.exr,MDEFECT_PIER_CORROSION_STAIN_019,PIER_CORROSION_STAIN,True,640x480,"{'position_m': [133.8178, 27.5123, 4.641], 'target_m': [134.105, 27.599, 4.641]}",0.2856,0.6135,27.86,0.052,0.0081,0.02657,False,below_resolution,GOOD,METRO,BASELINE
dataset/images/POS_115_SURVEY_LOOP_0001.png,dataset/masks/POS_115_SURVEY_LOOP_0001.exr,dataset/depth/POS_115_SURVEY_LOOP_0001.exr,dataset/normals/POS_115_SURVEY_LOOP_0001.exr,MDEFECT_PIER_CORROSION_STAIN_019,PIER_CORROSION_STAIN,True,640x480,"{'position_m': [132.6689, 27.1656, 4.641], 'target_m': [134.105, 27.599, 4.641]}",1.4861,3.19174,25.66,0.052,0.0081,0.02657,False,below_resolution,GOOD,METRO,BASELINE
dataset/images/POS_116_MDR_LOOP_0001.png,dataset/masks/POS_116_MDR_LOOP_0001.exr,dataset/depth/POS_116_MDR_LOOP_0001.exr,dataset/normals/POS_116_MDR_LOOP_0001.exr,MDEFECT_PIER_CORROSION_STAIN_020,PIER_CORROSION_STAIN,True,640x480,"{'position_m': [89.6979, 26.7569, 7.05], 'target_m': [89.797, 27.04, 7.05]}",0.2997,0.64377,11.49,0.511,0.0793,0.06905,False,below_resolution,GOOD,METRO,BASELINE
dataset/images/POS_116_SURVEY_LOOP_0001.png,dataset/masks/POS_116_SURVEY_LOOP_0001.exr,dataset/depth/POS_116_SURVEY_LOOP_0001.exr,dataset/normals/POS_116_SURVEY_LOOP_0001.exr,MDEFECT_PIER_CORROSION_STAIN_020,PIER_CORROSION_STAIN,True,640x480,"{'position_m': [89.3014, 25.6243, 7.05], 'target_m': [89.797, 27.04, 7.05]}",1.4999,3.22136,9.85,0.511,0.0793,0.06905,False,below_resolution,GOOD,METRO,BASELINE
dataset/images/POS_117_MDR_LOOP_0001.png,dataset/masks/POS_117_MDR_LOOP_0001.exr,dataset/depth/POS_117_MDR_LOOP_0001.exr,dataset/normals/POS_117_MDR_LOOP_0001.exr,FAST_GUSSET_ST_GUSSET_S_TOP_04_02_MARK_NUT,BOLT_LOOSE,True,640x480,"{'position_m': [179.9187, -5.7667, 21.1413], 'target_m': [180.07, -6.675, 21.28]}",0.9186,1.97287,11.65,6.0,0.9312,0.41615,False,none,POOR,TRUSS,BASELINE
dataset/images/POS_117_SURVEY_LOOP_0001.png,dataset/masks/POS_117_SURVEY_LOOP_0001.exr,dataset/depth/POS_117_SURVEY_LOOP_0001.exr,dataset/normals/POS_117_SURVEY_LOOP_0001.exr,FAST_GUSSET_ST_GUSSET_S_TOP_04_02_MARK_NUT,BOLT_LOOSE,True,640x480,"{'position_m': [179.8262, -5.2119, 21.0567], 'target_m': [180.07, -6.675, 21.28]}",1.4872,3.19409,12.73,6.0,0.9312,0.41615,False,none,POOR,TRUSS,BASELINE
dataset/images/POS_118_MDR_LOOP_0001.png,dataset/masks/POS_118_MDR_LOOP_0001.exr,dataset/depth/POS_118_MDR_LOOP_0001.exr,dataset/normals/POS_118_MDR_LOOP_0001.exr,FAST_GUSSET_ST_GUSSET_N_TOP_03_16_MARK_NUT,BOLT_LOOSE,True,640x480,"{'position_m': [168.421, 5.7514, 21.28], 'target_m': [168.54, 6.675, 21.28]}",0.9171,1.96979,5.26,6.0,0.9312,0.37873,False,none,POOR,TRUSS,BASELINE
dataset/images/POS_118_SURVEY_LOOP_0001.png,dataset/masks/POS_118_SURVEY_LOOP_0001.exr,dataset/depth/POS_118_SURVEY_LOOP_0001.exr,dataset/normals/POS_118_SURVEY_LOOP_0001.exr,FAST_GUSSET_ST_GUSSET_N_TOP_03_16_MARK_NUT,BOLT_LOOSE,True,640x480,"{'position_m': [168.3483, 5.1873, 21.28], 'target_m': [168.54, 6.675, 21.28]}",1.4859,3.19139,6.68,6.0,0.9312,0.37873,False,none,POOR,TRUSS,BASELINE
dataset/images/POS_119_MDR_LOOP_0001.png,dataset/masks/POS_119_MDR_LOOP_0001.exr,dataset/depth/POS_119_MDR_LOOP_0001.exr,dataset/normals/POS_119_MDR_LOOP_0001.exr,FAST_GUSSET_ST_GUSSET_S_TOP_05_14_MARK_NUT,BOLT_LOOSE,True,640x480,"{'position_m': [191.3431, -5.782, 21.1229], 'target_m': [191.32, -6.675, 20.86]}",0.919,1.97378,16.46,6.0,0.9312,0.34859,False,none,POOR,TRUSS,BASELINE
dataset/images/POS_119_SURVEY_LOOP_0001.png,dataset/masks/POS_119_SURVEY_LOOP_0001.exr,dataset/depth/POS_119_SURVEY_LOOP_0001.exr,dataset/normals/POS_119_SURVEY_LOOP_0001.exr,FAST_GUSSET_ST_GUSSET_S_TOP_05_14_MARK_NUT,BOLT_LOOSE,True,640x480,"{'position_m': [191.3572, -5.2365, 21.2834], 'target_m': [191.32, -6.675, 20.86]}",1.4869,3.19341,15.7,6.0,0.9312,0.34859,False,none,POOR,TRUSS,BASELINE
dataset/images/POS_120_MDR_LOOP_0001.png,dataset/masks/POS_120_MDR_LOOP_0001.exr,dataset/depth/POS_120_MDR_LOOP_0001.exr,dataset/normals/POS_120_MDR_LOOP_0001.exr,FAST_GUSSET_ST_GUSSET_S_TOP_05_10_MARK_NUT,BOLT_LOOSE,True,640x480,"{'position_m': [191.1687, -5.7667, 20.8613], 'target_m': [191.32, -6.675, 21.0]}",0.9186,1.97287,12.73,6.0,0.9312,0.41152,False,none,POOR,TRUSS,BASELINE
dataset/images/POS_120_SURVEY_LOOP_0001.png,dataset/masks/POS_120_SURVEY_LOOP_0001.exr,dataset/depth/POS_120_SURVEY_LOOP_0001.exr,dataset/normals/POS_120_SURVEY_LOOP_0001.exr,FAST_GUSSET_ST_GUSSET_S_TOP_05_10_MARK_NUT,BOLT_LOOSE,True,640x480,"{'position_m': [191.0762, -5.2119, 20.7767], 'target_m': [191.32, -6.675, 21.0]}",1.4872,3.19409,12.73,6.0,0.9312,0.41152,False,none,POOR,TRUSS,BASELINE
dataset/images/POS_121_MDR_LOOP_0001.png,dataset/masks/POS_121_MDR_LOOP_0001.exr,dataset/depth/POS_121_MDR_LOOP_0001.exr,dataset/normals/POS_121_MDR_LOOP_0001.exr,FAST_GUSSET_ST_GUSSET_N_TOP_03_07_MARK_NUT,BOLT_LOOSE,True,640x480,"{'position_m': [168.8315, 6.6215, 21.7808], 'target_m': [168.96, 6.675, 20.86]}",0.6378,1.36991,8.6,6.0,0.9312,0.22282,False,occluded,POOR,TRUSS,BASELINE
dataset/images/POS_122_MDR_LOOP_0001.png,dataset/masks/POS_122_MDR_LOOP_0001.exr,dataset/depth/POS_122_MDR_LOOP_0001.exr,dataset/normals/POS_122_MDR_LOOP_0001.exr,FAST_GUSSET_ST_GUSSET_S_TOP_05_04_MARK_NUT,BOLT_LOOSE,True,640x480,"{'position_m': [190.3878, -6.011, 21.113], 'target_m': [191.04, -6.675, 21.14]}",0.9133,1.96164,44.51,6.0,0.9312,0.01176,True,below_contrast,POOR,TRUSS,BASELINE
dataset/images/POS_122_SURVEY_LOOP_0001.png,dataset/masks/POS_122_SURVEY_LOOP_0001.exr,dataset/depth/POS_122_SURVEY_LOOP_0001.exr,dataset/normals/POS_122_SURVEY_LOOP_0001.exr,FAST_GUSSET_ST_GUSSET_S_TOP_05_04_MARK_NUT,BOLT_LOOSE,True,640x480,"{'position_m': [189.9894, -5.6053, 21.0965], 'target_m': [191.04, -6.675, 21.14]}",1.4816,3.18217,36.54,6.0,0.9312,0.01176,True,below_contrast,POOR,TRUSS,BASELINE
dataset/images/POS_123_MDR_LOOP_0001.png,dataset/masks/POS_123_MDR_LOOP_0001.exr,dataset/depth/POS_123_MDR_LOOP_0001.exr,dataset/normals/POS_123_MDR_LOOP_0001.exr,FAST_GUSSET_ST_GUSSET_N_BOT_04_11_MARK_NUT,BOLT_LOOSE,True,640x480,"{'position_m': [180.091, 5.7514, 12.0], 'target_m': [180.21, 6.675, 12.0]}",0.9172,1.96994,4.8,6.0,0.9312,0.37551,False,none,POOR,TRUSS,BASELINE
dataset/images/POS_123_SURVEY_LOOP_0001.png,dataset/masks/POS_123_SURVEY_LOOP_0001.exr,dataset/depth/POS_123_SURVEY_LOOP_0001.exr,dataset/normals/POS_123_SURVEY_LOOP_0001.exr,FAST_GUSSET_ST_GUSSET_N_BOT_04_11_MARK_NUT,BOLT_LOOSE,True,640x480,"{'position_m': [180.0183, 5.1873, 12.0], 'target_m': [180.21, 6.675, 12.0]}",1.4859,3.19139,6.84,6.0,0.9312,0.37551,False,none,POOR,TRUSS,BASELINE
dataset/images/POS_124_MDR_LOOP_0001.png,dataset/masks/POS_124_MDR_LOOP_0001.exr,dataset/depth/POS_124_MDR_LOOP_0001.exr,dataset/normals/POS_124_MDR_LOOP_0001.exr,FAST_GUSSET_ST_GUSSET_S_BOT_04_06_MARK_NUT,BOLT_LOOSE,True,640x480,"{'position_m': [180.0931, -5.782, 12.4029], 'target_m': [180.07, -6.675, 12.14]}",0.919,1.97378,16.46,6.0,0.9312,0.30942,False,none,POOR,TRUSS,BASELINE
dataset/images/POS_125_MDR_LOOP_0001.png,dataset/masks/POS_125_MDR_LOOP_0001.exr,dataset/depth/POS_125_MDR_LOOP_0001.exr,dataset/normals/POS_125_MDR_LOOP_0001.exr,FAST_GUSSET_ST_GUSSET_S_BOT_03_09_MARK_NUT,BOLT_LOOSE,True,640x480,"{'position_m': [168.5287, -5.7667, 11.8613], 'target_m': [168.68, -6.675, 12.0]}",0.9186,1.97286,12.73,6.0,0.9312,0.39791,False,none,POOR,TRUSS,BASELINE
dataset/images/POS_125_SURVEY_LOOP_0001.png,dataset/masks/POS_125_SURVEY_LOOP_0001.exr,dataset/depth/POS_125_SURVEY_LOOP_0001.exr,dataset/normals/POS_125_SURVEY_LOOP_0001.exr,FAST_GUSSET_ST_GUSSET_S_BOT_03_09_MARK_NUT,BOLT_LOOSE,True,640x480,"{'position_m': [168.4363, -5.2119, 11.7767], 'target_m': [168.68, -6.675, 12.0]}",1.4872,3.19408,12.73,6.0,0.9312,0.39791,False,none,POOR,TRUSS,BASELINE
dataset/images/POS_126_MDR_LOOP_0001.png,dataset/masks/POS_126_MDR_LOOP_0001.exr,dataset/depth/POS_126_MDR_LOOP_0001.exr,dataset/normals/POS_126_MDR_LOOP_0001.exr,FAST_GUSSET_ST_GUSSET_N_BOT_04_12_MARK_NUT,BOLT_LOOSE,True,640x480,"{'position_m': [179.671, 5.7514, 12.14], 'target_m': [179.79, 6.675, 12.14]}",0.9181,1.97193,6.21,6.0,0.9312,0.34658,False,none,POOR,TRUSS,BASELINE
dataset/images/POS_126_SURVEY_LOOP_0001.png,dataset/masks/POS_126_SURVEY_LOOP_0001.exr,dataset/depth/POS_126_SURVEY_LOOP_0001.exr,dataset/normals/POS_126_SURVEY_LOOP_0001.exr,FAST_GUSSET_ST_GUSSET_N_BOT_04_12_MARK_NUT,BOLT_LOOSE,True,640x480,"{'position_m': [179.5983, 5.1873, 12.14], 'target_m': [179.79, 6.675, 12.14]}",1.4848,3.18904,7.34,6.0,0.9312,0.34658,False,none,POOR,TRUSS,BASELINE
dataset/images/POS_127_MDR_LOOP_0001.png,dataset/masks/POS_127_MDR_LOOP_0001.exr,dataset/depth/POS_127_MDR_LOOP_0001.exr,dataset/normals/POS_127_MDR_LOOP_0001.exr,FAST_GUSSET_ST_GUSSET_N_BOT_03_16_MARK_NUT,BOLT_LOOSE,True,640x480,"{'position_m': [168.421, 5.7514, 12.28], 'target_m': [168.54, 6.675, 12.28]}",0.9181,1.97193,6.49,6.0,0.9312,0.32964,False,none,POOR,TRUSS,BASELINE
dataset/images/POS_127_SURVEY_LOOP_0001.png,dataset/masks/POS_127_SURVEY_LOOP_0001.exr,dataset/depth/POS_127_SURVEY_LOOP_0001.exr,dataset/normals/POS_127_SURVEY_LOOP_0001.exr,FAST_GUSSET_ST_GUSSET_N_BOT_03_16_MARK_NUT,BOLT_LOOSE,True,640x480,"{'position_m': [168.3483, 5.1873, 12.28], 'target_m': [168.54, 6.675, 12.28]}",1.4849,3.18919,5.69,6.0,0.9312,0.32964,False,none,POOR,TRUSS,BASELINE
dataset/images/POS_128_MDR_LOOP_0001.png,dataset/masks/POS_128_MDR_LOOP_0001.exr,dataset/depth/POS_128_MDR_LOOP_0001.exr,dataset/normals/POS_128_MDR_LOOP_0001.exr,FAST_GUSSET_ST_GUSSET_N_BOT_04_04_MARK_NUT,BOLT_LOOSE,True,640x480,"{'position_m': [179.671, 5.7514, 11.86], 'target_m': [179.79, 6.675, 11.86]}",0.9181,1.97193,6.05,6.0,0.9312,0.36724,False,none,POOR,TRUSS,BASELINE
dataset/images/POS_128_SURVEY_LOOP_0001.png,dataset/masks/POS_128_SURVEY_LOOP_0001.exr,dataset/depth/POS_128_SURVEY_LOOP_0001.exr,dataset/normals/POS_128_SURVEY_LOOP_0001.exr,FAST_GUSSET_ST_GUSSET_N_BOT_04_04_MARK_NUT,BOLT_LOOSE,True,640x480,"{'position_m': [179.5983, 5.1873, 11.86], 'target_m': [179.79, 6.675, 11.86]}",1.485,3.18934,6.47,6.0,0.9312,0.36724,False,none,POOR,TRUSS,BASELINE
dataset/images/POS_129_MDR_LOOP_0001.png,dataset/masks/POS_129_MDR_LOOP_0001.exr,dataset/depth/POS_129_MDR_LOOP_0001.exr,dataset/normals/POS_129_MDR_LOOP_0001.exr,FAST_FLOOR_STRINGER_ST_FLOORBEAM_03_N_03_MARK_NUT,BOLT_LOOSE,True,640x480,"{'position_m': [168.7837, 7.1145, 12.5044], 'target_m': [168.75, 7.0, 13.428]}",0.8885,1.90836,17.71,6.0,0.9312,0.3488,False,unreachable_angle,POOR,TRUSS,BASELINE
dataset/images/POS_130_MDR_LOOP_0001.png,dataset/masks/POS_130_MDR_LOOP_0001.exr,dataset/depth/POS_130_MDR_LOOP_0001.exr,dataset/normals/POS_130_MDR_LOOP_0001.exr,FAST_FLOOR_STRINGER_ST_FLOORBEAM_05_S_03_MARK_NUT,BOLT_LOOSE,True,640x480,"{'position_m': [191.2163, -7.1145, 12.5044], 'target_m': [191.25, -7.0, 13.428]}",0.8885,1.90836,17.71,6.0,0.9312,0.34989,False,unreachable_angle,POOR,TRUSS,BASELINE
dataset/images/POS_131_MDR_LOOP_0001.png,dataset/masks/POS_131_MDR_LOOP_0001.exr,dataset/depth/POS_131_MDR_LOOP_0001.exr,dataset/normals/POS_131_MDR_LOOP_0001.exr,FAST_FLOOR_STRINGER_ST_STRINGER_01_J01_01_MARK_NUT,BOLT_LOOSE,True,640x480,"{'position_m': [151.0014, -0.0163, 14.0895], 'target_m': [151.925, -0.05, 13.975]}",0.8267,1.77563,70.33,6.0,0.9312,0.33742,False,unreachable_angle,POOR,TRUSS,BASELINE
dataset/images/POS_131_SURVEY_LOOP_0001.png,dataset/masks/POS_131_SURVEY_LOOP_0001.exr,dataset/depth/POS_131_SURVEY_LOOP_0001.exr,dataset/normals/POS_131_SURVEY_LOOP_0001.exr,FAST_FLOOR_STRINGER_ST_STRINGER_01_J01_01_MARK_NUT,BOLT_LOOSE,True,640x480,"{'position_m': [150.4373, 0.0043, 14.1595], 'target_m': [151.925, -0.05, 13.975]}",1.3953,2.99672,42.44,6.0,0.9312,0.33742,False,unreachable_angle,POOR,TRUSS,BASELINE
dataset/images/POS_132_MDR_LOOP_0001.png,dataset/masks/POS_132_MDR_LOOP_0001.exr,dataset/depth/POS_132_MDR_LOOP_0001.exr,dataset/normals/POS_132_MDR_LOOP_0001.exr,FAST_FLOOR_STRINGER_ST_FLOORBEAM_04_N_04_MARK_NUT,BOLT_LOOSE,True,640x480,"{'position_m': [180.1737, 7.1145, 12.3722], 'target_m': [180.14, 7.0, 13.2958]}",0.0537,0.11534,37.15,6.0,0.9312,0.13647,False,unreachable_angle,POOR,TRUSS,BASELINE
dataset/images/POS_133_MDR_LOOP_0001.png,dataset/masks/POS_133_MDR_LOOP_0001.exr,dataset/depth/POS_133_MDR_LOOP_0001.exr,dataset/normals/POS_133_MDR_LOOP_0001.exr,FAST_FLOOR_STRINGER_ST_FLOORBEAM_01_N_03_MARK_NUT,BOLT_LOOSE,True,640x480,"{'position_m': [146.3785, 7.0535, 14.3394], 'target_m': [146.25, 7.0, 13.4186]}",0.9101,1.9546,18.34,6.0,0.9312,0.16554,False,unreachable_angle,POOR,TRUSS,BASELINE
dataset/images/POS_133_SURVEY_LOOP_0001.png,dataset/masks/POS_133_SURVEY_LOOP_0001.exr,dataset/depth/POS_133_SURVEY_LOOP_0001.exr,dataset/normals/POS_133_SURVEY_LOOP_0001.exr,FAST_FLOOR_STRINGER_ST_FLOORBEAM_01_N_03_MARK_NUT,BOLT_LOOSE,True,640x480,"{'position_m': [146.457, 7.0861, 14.9018], 'target_m': [146.25, 7.0, 13.4186]}",1.4747,3.16737,23.08,6.0,0.9312,0.16554,False,unreachable_angle,POOR,TRUSS,BASELINE
dataset/images/POS_134_MDR_LOOP_0001.png,dataset/masks/POS_134_MDR_LOOP_0001.exr,dataset/depth/POS_134_MDR_LOOP_0001.exr,dataset/normals/POS_134_MDR_LOOP_0001.exr,FAST_FLOOR_STRINGER_ST_FLOORBEAM_00_N_01_MARK_NUT,BOLT_LOOSE,True,640x480,"{'position_m': [134.8937, 7.1145, 12.4868], 'target_m': [134.86, 7.0, 13.4104]}",0.8886,1.90839,17.71,6.0,0.9312,0.34088,False,unreachable_angle,POOR,TRUSS,BASELINE
dataset/images/POS_135_MDR_LOOP_0001.png,dataset/masks/POS_135_MDR_LOOP_0001.exr,dataset/depth/POS_135_MDR_LOOP_0001.exr,dataset/normals/POS_135_MDR_LOOP_0001.exr,FAST_GUSSET_ST_GUSSET_S_TOP_04_05_HOLE,BOLT_MISSING,True,640x480,"{'position_m': [180.644, -1.1337, 21.14], 'target_m': [179.93, -6.675, 21.14]}",5.5755,11.97486,16.53,36.0,5.5871,0.23155,False,none,POOR,TRUSS,BASELINE
dataset/images/POS_135_SURVEY_LOOP_0001.png,dataset/masks/POS_135_SURVEY_LOOP_0001.exr,dataset/depth/POS_135_SURVEY_LOOP_0001.exr,dataset/normals/POS_135_SURVEY_LOOP_0001.exr,FAST_GUSSET_ST_GUSSET_S_TOP_04_05_HOLE,BOLT_MISSING,True,640x480,"{'position_m': [180.1217, -5.1873, 21.14], 'target_m': [179.93, -6.675, 21.14]}",1.4901,3.20042,7.34,36.0,5.5871,0.23155,False,none,POOR,TRUSS,BASELINE
dataset/images/POS_136_MDR_LOOP_0001.png,dataset/masks/POS_136_MDR_LOOP_0001.exr,dataset/depth/POS_136_MDR_LOOP_0001.exr,dataset/normals/POS_136_MDR_LOOP_0001.exr,FAST_GUSSET_ST_GUSSET_S_TOP_03_02_HOLE,BOLT_MISSING,True,640x480,"{'position_m': [169.534, -1.1337, 21.28], 'target_m': [168.82, -6.675, 21.28]}",5.5974,12.02183,6.54,36.0,5.5871,0.35805,False,none,POOR,TRUSS,BASELINE
dataset/images/POS_136_SURVEY_LOOP_0001.png,dataset/masks/POS_136_SURVEY_LOOP_0001.exr,dataset/depth/POS_136_SURVEY_LOOP_0001.exr,dataset/normals/POS_136_SURVEY_LOOP_0001.exr,FAST_GUSSET_ST_GUSSET_S_TOP_03_02_HOLE,BOLT_MISSING,True,640x480,"{'position_m': [169.0117, -5.1873, 21.28], 'target_m': [168.82, -6.675, 21.28]}",1.4901,3.20042,7.34,36.0,5.5871,0.35805,False,none,POOR,TRUSS,BASELINE
dataset/images/POS_137_MDR_LOOP_0001.png,dataset/masks/POS_137_MDR_LOOP_0001.exr,dataset/depth/POS_137_MDR_LOOP_0001.exr,dataset/normals/POS_137_MDR_LOOP_0001.exr,FAST_GUSSET_ST_GUSSET_S_TOP_04_09_HOLE,BOLT_MISSING,True,640x480,"{'position_m': [180.644, -1.1337, 21.0], 'target_m': [179.93, -6.675, 21.0]}",5.5755,11.97486,18.59,36.0,5.5871,0.236,False,none,POOR,TRUSS,BASELINE
dataset/images/POS_137_SURVEY_LOOP_0001.png,dataset/masks/POS_137_SURVEY_LOOP_0001.exr,dataset/depth/POS_137_SURVEY_LOOP_0001.exr,dataset/normals/POS_137_SURVEY_LOOP_0001.exr,FAST_GUSSET_ST_GUSSET_S_TOP_04_09_HOLE,BOLT_MISSING,True,640x480,"{'position_m': [180.1217, -5.1873, 21.0], 'target_m': [179.93, -6.675, 21.0]}",1.4901,3.20042,7.34,36.0,5.5871,0.236,False,none,POOR,TRUSS,BASELINE
dataset/images/POS_138_MDR_LOOP_0001.png,dataset/masks/POS_138_MDR_LOOP_0001.exr,dataset/depth/POS_138_MDR_LOOP_0001.exr,dataset/normals/POS_138_MDR_LOOP_0001.exr,FAST_GUSSET_ST_GUSSET_N_BOT_03_07_HOLE,BOLT_MISSING,True,640x480,"{'position_m': [168.246, 1.1337, 11.86], 'target_m': [168.96, 6.675, 11.86]}",5.5974,12.02183,6.54,36.0,5.5871,0.35805,False,none,POOR,TRUSS,BASELINE
dataset/images/POS_138_SURVEY_LOOP_0001.png,dataset/masks/POS_138_SURVEY_LOOP_0001.exr,dataset/depth/POS_138_SURVEY_LOOP_0001.exr,dataset/normals/POS_138_SURVEY_LOOP_0001.exr,FAST_GUSSET_ST_GUSSET_N_BOT_03_07_HOLE,BOLT_MISSING,True,640x480,"{'position_m': [168.7683, 5.1873, 11.86], 'target_m': [168.96, 6.675, 11.86]}",1.4901,3.20042,7.34,36.0,5.5871,0.35805,False,none,POOR,TRUSS,BASELINE
dataset/images/POS_139_MDR_LOOP_0001.png,dataset/masks/POS_139_MDR_LOOP_0001.exr,dataset/depth/POS_139_MDR_LOOP_0001.exr,dataset/normals/POS_139_MDR_LOOP_0001.exr,FAST_GUSSET_ST_GUSSET_N_BOT_04_05_HOLE,BOLT_MISSING,True,640x480,"{'position_m': [179.216, 1.1337, 11.86], 'target_m': [179.93, 6.675, 11.86]}",5.5834,11.99175,6.54,36.0,5.5871,0.3191,False,none,POOR,TRUSS,BASELINE
dataset/images/POS_139_SURVEY_LOOP_0001.png,dataset/masks/POS_139_SURVEY_LOOP_0001.exr,dataset/depth/POS_139_SURVEY_LOOP_0001.exr,dataset/normals/POS_139_SURVEY_LOOP_0001.exr,FAST_GUSSET_ST_GUSSET_N_BOT_04_05_HOLE,BOLT_MISSING,True,640x480,"{'position_m': [179.7383, 5.1873, 11.86], 'target_m': [179.93, 6.675, 11.86]}",1.4901,3.20042,7.34,36.0,5.5871,0.3191,False,none,POOR,TRUSS,BASELINE
dataset/images/POS_140_MDR_LOOP_0001.png,dataset/masks/POS_140_MDR_LOOP_0001.exr,dataset/depth/POS_140_MDR_LOOP_0001.exr,dataset/normals/POS_140_MDR_LOOP_0001.exr,FAST_GUSSET_ST_GUSSET_S_BOT_03_04_HOLE,BOLT_MISSING,True,640x480,"{'position_m': [169.254, -1.1337, 12.14], 'target_m': [168.54, -6.675, 12.14]}",5.5834,11.99175,6.54,36.0,5.5871,0.3191,False,none,POOR,TRUSS,BASELINE
dataset/images/POS_140_SURVEY_LOOP_0001.png,dataset/masks/POS_140_SURVEY_LOOP_0001.exr,dataset/depth/POS_140_SURVEY_LOOP_0001.exr,dataset/normals/POS_140_SURVEY_LOOP_0001.exr,FAST_GUSSET_ST_GUSSET_S_BOT_03_04_HOLE,BOLT_MISSING,True,640x480,"{'position_m': [168.7317, -5.1873, 12.14], 'target_m': [168.54, -6.675, 12.14]}",1.4901,3.20042,7.34,36.0,5.5871,0.3191,False,none,POOR,TRUSS,BASELINE
dataset/images/POS_141_MDR_LOOP_0001.png,dataset/masks/POS_141_MDR_LOOP_0001.exr,dataset/depth/POS_141_MDR_LOOP_0001.exr,dataset/normals/POS_141_MDR_LOOP_0001.exr,FAST_FLOOR_STRINGER_ST_STRINGER_00_J00_02_HOLE,BOLT_MISSING,True,640x480,"{'position_m': [135.0337, -3.2477, 14.6622], 'target_m': [140.575, -3.45, 13.975]}",0.5016,1.07728,82.68,36.0,5.5871,0.5362,False,unreachable_angle,POOR,TRUSS,BASELINE
dataset/images/POS_141_SURVEY_LOOP_0001.png,dataset/masks/POS_141_SURVEY_LOOP_0001.exr,dataset/depth/POS_141_SURVEY_LOOP_0001.exr,dataset/normals/POS_141_SURVEY_LOOP_0001.exr,FAST_FLOOR_STRINGER_ST_STRINGER_00_J00_02_HOLE,BOLT_MISSING,True,640x480,"{'position_m': [139.0873, -3.3957, 14.1595], 'target_m': [140.575, -3.45, 13.975]}",1.4854,3.19032,8.97,36.0,5.5871,0.5362,False,unreachable_angle,POOR,TRUSS,BASELINE
dataset/images/POS_142_MDR_LOOP_0001.png,dataset/masks/POS_142_MDR_LOOP_0001.exr,dataset/depth/POS_142_MDR_LOOP_0001.exr,dataset/normals/POS_142_MDR_LOOP_0001.exr,FAST_FLOOR_STRINGER_ST_STRINGER_00_J03_02_HOLE,BOLT_MISSING,True,640x480,"{'position_m': [168.7837, -3.2477, 14.6622], 'target_m': [174.325, -3.45, 13.975]}",0.5016,1.07728,83.01,36.0,5.5871,0.29843,False,unreachable_angle,POOR,TRUSS,BASELINE
dataset/images/POS_142_SURVEY_LOOP_0001.png,dataset/masks/POS_142_SURVEY_LOOP_0001.exr,dataset/depth/POS_142_SURVEY_LOOP_0001.exr,dataset/normals/POS_142_SURVEY_LOOP_0001.exr,FAST_FLOOR_STRINGER_ST_STRINGER_00_J03_02_HOLE,BOLT_MISSING,True,640x480,"{'position_m': [172.8373, -3.3957, 14.1595], 'target_m': [174.325, -3.45, 13.975]}",1.4854,3.19032,8.97,36.0,5.5871,0.29843,False,unreachable_angle,POOR,TRUSS,BASELINE
dataset/images/POS_143_MDR_LOOP_0001.png,dataset/masks/POS_143_MDR_LOOP_0001.exr,dataset/depth/POS_143_MDR_LOOP_0001.exr,dataset/normals/POS_143_MDR_LOOP_0001.exr,FAST_GUSSET_ST_GUSSET_S_TOP_04_18_NUT,BOLT_CORRODED,True,640x480,"{'position_m': [179.1621, -1.2253, 19.8881], 'target_m': [180.07, -6.675, 20.72]}",5.5776,11.97941,8.43,36.0,5.5871,0.72056,False,none,POOR,TRUSS,BASELINE
dataset/images/POS_143_SURVEY_LOOP_0001.png,dataset/masks/POS_143_SURVEY_LOOP_0001.exr,dataset/depth/POS_143_SURVEY_LOOP_0001.exr,dataset/normals/POS_143_SURVEY_LOOP_0001.exr,FAST_GUSSET_ST_GUSSET_S_TOP_04_18_NUT,BOLT_CORRODED,True,640x480,"{'position_m': [179.8262, -5.2119, 20.4966], 'target_m': [180.07, -6.675, 20.72]}",1.4872,3.19409,12.38,36.0,5.5871,0.72056,False,none,POOR,TRUSS,BASELINE
dataset/images/POS_144_MDR_LOOP_0001.png,dataset/masks/POS_144_MDR_LOOP_0001.exr,dataset/depth/POS_144_MDR_LOOP_0001.exr,dataset/normals/POS_144_MDR_LOOP_0001.exr,FAST_GUSSET_ST_GUSSET_N_TOP_04_00_NUT,BOLT_CORRODED,True,640x480,"{'position_m': [179.076, 1.1337, 20.72], 'target_m': [179.79, 6.675, 20.72]}",5.5771,11.97826,6.88,36.0,5.5871,0.72316,False,none,POOR,TRUSS,BASELINE
dataset/images/POS_144_SURVEY_LOOP_0001.png,dataset/masks/POS_144_SURVEY_LOOP_0001.exr,dataset/depth/POS_144_SURVEY_LOOP_0001.exr,dataset/normals/POS_144_SURVEY_LOOP_0001.exr,FAST_GUSSET_ST_GUSSET_N_TOP_04_00_NUT,BOLT_CORRODED,True,640x480,"{'position_m': [179.5983, 5.1873, 20.72], 'target_m': [179.79, 6.675, 20.72]}",1.4859,3.19139,6.26,36.0,5.5871,0.72316,False,none,POOR,TRUSS,BASELINE
dataset/images/POS_145_MDR_LOOP_0001.png,dataset/masks/POS_145_MDR_LOOP_0001.exr,dataset/depth/POS_145_MDR_LOOP_0001.exr,dataset/normals/POS_145_MDR_LOOP_0001.exr,FAST_GUSSET_ST_GUSSET_S_TOP_04_16_NUT,BOLT_CORRODED,True,640x480,"{'position_m': [178.8821, -1.2253, 19.8881], 'target_m': [179.79, -6.675, 20.72]}",5.5776,11.97941,8.43,36.0,5.5871,0.72057,False,none,POOR,TRUSS,BASELINE
dataset/images/POS_145_SURVEY_LOOP_0001.png,dataset/masks/POS_145_SURVEY_LOOP_0001.exr,dataset/depth/POS_145_SURVEY_LOOP_0001.exr,dataset/normals/POS_145_SURVEY_LOOP_0001.exr,FAST_GUSSET_ST_GUSSET_S_TOP_04_16_NUT,BOLT_CORRODED,True,640x480,"{'position_m': [179.5462, -5.2119, 20.4966], 'target_m': [179.79, -6.675, 20.72]}",1.4872,3.19408,12.38,36.0,5.5871,0.72057,False,none,POOR,TRUSS,BASELINE
dataset/images/POS_146_MDR_LOOP_0001.png,dataset/masks/POS_146_MDR_LOOP_0001.exr,dataset/depth/POS_146_MDR_LOOP_0001.exr,dataset/normals/POS_146_MDR_LOOP_0001.exr,FAST_GUSSET_ST_GUSSET_N_TOP_04_15_NUT,BOLT_CORRODED,True,640x480,"{'position_m': [180.0077, 5.9878, 15.5987], 'target_m': [180.21, 6.675, 21.14]}",5.2957,11.3739,6.34,36.0,5.5871,0.41207,False,occluded,POOR,TRUSS,BASELINE
dataset/images/POS_147_MDR_LOOP_0001.png,dataset/masks/POS_147_MDR_LOOP_0001.exr,dataset/depth/POS_147_MDR_LOOP_0001.exr,dataset/normals/POS_147_MDR_LOOP_0001.exr,FAST_GUSSET_ST_GUSSET_N_BOT_04_13_NUT,BOLT_CORRODED,True,640x480,"{'position_m': [179.216, 1.1337, 12.14], 'target_m': [179.93, 6.675, 12.14]}",5.5771,11.97827,6.88,36.0,5.5871,0.72315,False,none,POOR,TRUSS,BASELINE
dataset/images/POS_147_SURVEY_LOOP_0001.png,dataset/masks/POS_147_SURVEY_LOOP_0001.exr,dataset/depth/POS_147_SURVEY_LOOP_0001.exr,dataset/normals/POS_147_SURVEY_LOOP_0001.exr,FAST_GUSSET_ST_GUSSET_N_BOT_04_13_NUT,BOLT_CORRODED,True,640x480,"{'position_m': [179.7383, 5.1873, 12.14], 'target_m': [179.93, 6.675, 12.14]}",1.4859,3.19139,6.26,36.0,5.5871,0.72315,False,none,POOR,TRUSS,BASELINE
dataset/images/POS_148_MDR_LOOP_0001.png,dataset/masks/POS_148_MDR_LOOP_0001.exr,dataset/depth/POS_148_MDR_LOOP_0001.exr,dataset/normals/POS_148_MDR_LOOP_0001.exr,FAST_GUSSET_ST_GUSSET_N_BOT_03_06_NUT,BOLT_CORRODED,True,640x480,"{'position_m': [168.106, 1.1337, 11.86], 'target_m': [168.82, 6.675, 11.86]}",5.5799,11.98429,6.88,36.0,5.5871,0.69857,False,none,POOR,TRUSS,BASELINE
dataset/images/POS_148_SURVEY_LOOP_0001.png,dataset/masks/POS_148_SURVEY_LOOP_0001.exr,dataset/depth/POS_148_SURVEY_LOOP_0001.exr,dataset/normals/POS_148_SURVEY_LOOP_0001.exr,FAST_GUSSET_ST_GUSSET_N_BOT_03_06_NUT,BOLT_CORRODED,True,640x480,"{'position_m': [168.6283, 5.1873, 11.86], 'target_m': [168.82, 6.675, 11.86]}",1.4859,3.19139,6.26,36.0,5.5871,0.69857,False,none,POOR,TRUSS,BASELINE
dataset/images/POS_149_MDR_LOOP_0001.png,dataset/masks/POS_149_MDR_LOOP_0001.exr,dataset/depth/POS_149_MDR_LOOP_0001.exr,dataset/normals/POS_149_MDR_LOOP_0001.exr,FAST_GUSSET_ST_GUSSET_N_BOT_03_12_NUT,BOLT_CORRODED,True,640x480,"{'position_m': [167.826, 1.1337, 12.14], 'target_m': [168.54, 6.675, 12.14]}",5.5799,11.98428,6.88,36.0,5.5871,0.69857,False,none,POOR,TRUSS,BASELINE
dataset/images/POS_149_SURVEY_LOOP_0001.png,dataset/masks/POS_149_SURVEY_LOOP_0001.exr,dataset/depth/POS_149_SURVEY_LOOP_0001.exr,dataset/normals/POS_149_SURVEY_LOOP_0001.exr,FAST_GUSSET_ST_GUSSET_N_BOT_03_12_NUT,BOLT_CORRODED,True,640x480,"{'position_m': [168.3483, 5.1873, 12.14], 'target_m': [168.54, 6.675, 12.14]}",1.4859,3.19139,6.26,36.0,5.5871,0.69857,False,none,POOR,TRUSS,BASELINE
dataset/images/POS_150_MDR_LOOP_0001.png,dataset/masks/POS_150_MDR_LOOP_0001.exr,dataset/depth/POS_150_MDR_LOOP_0001.exr,dataset/normals/POS_150_MDR_LOOP_0001.exr,FAST_FLOOR_STRINGER_ST_FLOORBEAM_03_S_00_NUT,BOLT_CORRODED,True,640x480,"{'position_m': [168.6877, -7.6872, 7.7534], 'target_m': [168.89, -7.0, 13.2947]}",3.8287,8.22313,7.37,36.0,5.5871,0.52937,False,unreachable_angle,POOR,TRUSS,BASELINE
dataset/images/POS_151_MDR_LOOP_0001.png,dataset/masks/POS_151_MDR_LOOP_0001.exr,dataset/depth/POS_151_MDR_LOOP_0001.exr,dataset/normals/POS_151_MDR_LOOP_0001.exr,FAST_FLOOR_STRINGER_ST_FLOORBEAM_04_N_01_NUT,BOLT_CORRODED,True,640x480,"{'position_m': [180.0623, 7.6872, 7.8879], 'target_m': [179.86, 7.0, 13.4292]}",3.6931,7.93181,7.37,36.0,5.5871,0.61646,False,unreachable_angle,POOR,TRUSS,BASELINE
dataset/images/POS_152_MDR_LOOP_0001.png,dataset/masks/POS_152_MDR_LOOP_0001.exr,dataset/depth/POS_152_MDR_LOOP_0001.exr,dataset/normals/POS_152_MDR_LOOP_0001.exr,FAST_FLOOR_STRINGER_ST_FLOORBEAM_01_S_01_NUT,BOLT_CORRODED,True,640x480,"{'position_m': [146.1877, -7.6872, 7.8773], 'target_m': [146.39, -7.0, 13.4186]}",3.7038,7.95477,7.37,36.0,5.5871,0.61511,False,unreachable_angle,POOR,TRUSS,BASELINE
dataset/images/POS_153_MDR_LOOP_0001.png,dataset/masks/POS_153_MDR_LOOP_0001.exr,dataset/depth/POS_153_MDR_LOOP_0001.exr,dataset/normals/POS_153_MDR_LOOP_0001.exr,FAST_JOINT_ANCHOR_BR_JOINT_001_GAP_1_10_MARK_NUT,JOINT_ANCHOR_LOOSE,True,640x480,"{'position_m': [134.8613, 7.0487, 15.4808], 'target_m': [135.0, 7.2, 14.5725]}",0.9187,1.97307,12.73,6.0,0.9312,0.26813,False,none,POOR,ROAD,BASELINE
dataset/images/POS_153_SURVEY_LOOP_0001.png,dataset/masks/POS_153_SURVEY_LOOP_0001.exr,dataset/depth/POS_153_SURVEY_LOOP_0001.exr,dataset/normals/POS_153_SURVEY_LOOP_0001.exr,FAST_JOINT_ANCHOR_BR_JOINT_001_GAP_1_10_MARK_NUT,JOINT_ANCHOR_LOOSE,True,640x480,"{'position_m': [134.7766, 6.9562, 16.0356], 'target_m': [135.0, 7.2, 14.5725]}",1.4873,3.1944,12.2,6.0,0.9312,0.26813,False,none,POOR,ROAD,BASELINE
dataset/images/POS_154_MDR_LOOP_0001.png,dataset/masks/POS_154_MDR_LOOP_0001.exr,dataset/depth/POS_154_MDR_LOOP_0001.exr,dataset/normals/POS_154_MDR_LOOP_0001.exr,FAST_JOINT_ANCHOR_BR_JOINT_002_GAP_1_13_MARK_NUT,JOINT_ANCHOR_LOOSE,True,640x480,"{'position_m': [314.8613, 7.9487, 15.1808], 'target_m': [315.0, 8.1, 14.2725]}",0.9187,1.97306,12.73,6.0,0.9312,0.32727,False,none,POOR,ROAD,BASELINE
dataset/images/POS_154_SURVEY_LOOP_0001.png,dataset/masks/POS_154_SURVEY_LOOP_0001.exr,dataset/depth/POS_154_SURVEY_LOOP_0001.exr,dataset/normals/POS_154_SURVEY_LOOP_0001.exr,FAST_JOINT_ANCHOR_BR_JOINT_002_GAP_1_13_MARK_NUT,JOINT_ANCHOR_LOOSE,True,640x480,"{'position_m': [314.7767, 7.8562, 15.7356], 'target_m': [315.0, 8.1, 14.2725]}",1.4873,3.1944,12.73,6.0,0.9312,0.32727,False,none,POOR,ROAD,BASELINE
dataset/images/POS_155_MDR_LOOP_0001.png,dataset/masks/POS_155_MDR_LOOP_0001.exr,dataset/depth/POS_155_MDR_LOOP_0001.exr,dataset/normals/POS_155_MDR_LOOP_0001.exr,FAST_JOINT_ANCHOR_BR_JOINT_001_GAP_1_06_MARK_NUT,JOINT_ANCHOR_LOOSE,True,640x480,"{'position_m': [134.8613, 5.8487, 15.4808], 'target_m': [135.0, 6.0, 14.5725]}",0.9179,1.97143,9.69,6.0,0.9312,0.09625,False,none,POOR,ROAD,BASELINE
dataset/images/POS_155_SURVEY_LOOP_0001.png,dataset/masks/POS_155_SURVEY_LOOP_0001.exr,dataset/depth/POS_155_SURVEY_LOOP_0001.exr,dataset/normals/POS_155_SURVEY_LOOP_0001.exr,FAST_JOINT_ANCHOR_BR_JOINT_001_GAP_1_06_MARK_NUT,JOINT_ANCHOR_LOOSE,True,640x480,"{'position_m': [134.7766, 5.7562, 16.0356], 'target_m': [135.0, 6.0, 14.5725]}",1.4848,3.18892,9.89,6.0,0.9312,0.09625,False,none,POOR,ROAD,BASELINE
dataset/images/POS_156_MDR_LOOP_0001.png,dataset/masks/POS_156_MDR_LOOP_0001.exr,dataset/depth/POS_156_MDR_LOOP_0001.exr,dataset/normals/POS_156_MDR_LOOP_0001.exr,FAST_JOINT_ANCHOR_BR_JOINT_002_GAP_-1_18_MARK_NUT,JOINT_ANCHOR_LOOSE,True,640x480,"{'position_m': [315.3874, 0.3826, 14.4938], 'target_m': [315.0, 1.2, 14.2725]}",0.9108,1.95616,4.01,6.0,0.9312,0.18289,False,unreachable_angle,POOR,ROAD,BASELINE
dataset/images/POS_157_MDR_LOOP_0001.png,dataset/masks/POS_157_MDR_LOOP_0001.exr,dataset/depth/POS_157_MDR_LOOP_0001.exr,dataset/normals/POS_157_MDR_LOOP_0001.exr,SDEFECT_WELD_CRACK_01,WELD_CRACK,True,640x480,"{'position_m': [180.855, -6.4021, 21.0668], 'target_m': [180.75, -6.675, 21.0]}",0.2979,0.63977,20.84,0.41,0.0636,0.02152,True,below_resolution,POOR,TRUSS,BASELINE
dataset/images/POS_157_SURVEY_LOOP_0001.png,dataset/masks/POS_157_SURVEY_LOOP_0001.exr,dataset/depth/POS_157_SURVEY_LOOP_0001.exr,dataset/normals/POS_157_SURVEY_LOOP_0001.exr,SDEFECT_WELD_CRACK_01,WELD_CRACK,True,640x480,"{'position_m': [181.2751, -5.3103, 21.3341], 'target_m': [180.75, -6.675, 21.0]}",1.5009,3.22363,23.68,0.41,0.0636,0.02152,True,below_resolution,POOR,TRUSS,BASELINE
dataset/images/POS_158_MDR_LOOP_0001.png,dataset/masks/POS_158_MDR_LOOP_0001.exr,dataset/depth/POS_158_MDR_LOOP_0001.exr,dataset/normals/POS_158_MDR_LOOP_0001.exr,SDEFECT_WELD_CRACK_02,WELD_CRACK,True,640x480,"{'position_m': [192.105, -6.4021, 21.0668], 'target_m': [192.0, -6.675, 21.0]}",0.2976,0.63912,21.2,0.82,0.1273,0.01989,True,below_resolution,POOR,TRUSS,BASELINE
dataset/images/POS_158_SURVEY_LOOP_0001.png,dataset/masks/POS_158_SURVEY_LOOP_0001.exr,dataset/depth/POS_158_SURVEY_LOOP_0001.exr,dataset/normals/POS_158_SURVEY_LOOP_0001.exr,SDEFECT_WELD_CRACK_02,WELD_CRACK,True,640x480,"{'position_m': [192.5251, -5.3103, 21.3341], 'target_m': [192.0, -6.675, 21.0]}",1.5009,3.22363,23.95,0.82,0.1273,0.01989,True,below_resolution,POOR,TRUSS,BASELINE
dataset/images/POS_159_MDR_LOOP_0001.png,dataset/masks/POS_159_MDR_LOOP_0001.exr,dataset/depth/POS_159_MDR_LOOP_0001.exr,dataset/normals/POS_159_MDR_LOOP_0001.exr,SDEFECT_WELD_CRACK_03,WELD_CRACK,True,640x480,"{'position_m': [191.9617, 6.3775, 12.0], 'target_m': [192.0, 6.675, 12.0]}",0.3,0.64442,7.34,0.41,0.0636,0.02073,True,below_resolution,POOR,TRUSS,BASELINE
dataset/images/POS_159_SURVEY_LOOP_0001.png,dataset/masks/POS_159_SURVEY_LOOP_0001.exr,dataset/depth/POS_159_SURVEY_LOOP_0001.exr,dataset/normals/POS_159_SURVEY_LOOP_0001.exr,SDEFECT_WELD_CRACK_03,WELD_CRACK,True,640x480,"{'position_m': [191.8083, 5.1873, 12.0], 'target_m': [192.0, 6.675, 12.0]}",1.5002,3.22208,7.34,0.41,0.0636,0.02073,True,below_resolution,POOR,TRUSS,BASELINE
dataset/images/POS_160_MDR_LOOP_0001.png,dataset/masks/POS_160_MDR_LOOP_0001.exr,dataset/depth/POS_160_MDR_LOOP_0001.exr,dataset/normals/POS_160_MDR_LOOP_0001.exr,SDEFECT_WELD_CRACK_04,WELD_CRACK,True,640x480,"{'position_m': [192.0383, -6.3775, 12.0], 'target_m': [192.0, -6.675, 12.0]}",0.3,0.64442,7.34,0.6,0.0931,0.01776,True,below_resolution,POOR,TRUSS,BASELINE
dataset/images/POS_160_SURVEY_LOOP_0001.png,dataset/masks/POS_160_SURVEY_LOOP_0001.exr,dataset/depth/POS_160_SURVEY_LOOP_0001.exr,dataset/normals/POS_160_SURVEY_LOOP_0001.exr,SDEFECT_WELD_CRACK_04,WELD_CRACK,True,640x480,"{'position_m': [192.1917, -5.1873, 12.0], 'target_m': [192.0, -6.675, 12.0]}",1.5002,3.22207,7.34,0.6,0.0931,0.01776,True,below_resolution,POOR,TRUSS,BASELINE
dataset/images/POS_161_MDR_LOOP_0001.png,dataset/masks/POS_161_MDR_LOOP_0001.exr,dataset/depth/POS_161_MDR_LOOP_0001.exr,dataset/normals/POS_161_MDR_LOOP_0001.exr,SDEFECT_WELD_CRACK_05,WELD_CRACK,True,640x480,"{'position_m': [158.2117, 6.3775, 12.0], 'target_m': [158.25, 6.675, 12.0]}",0.2974,0.63864,7.34,1.11,0.1723,0.02001,True,below_resolution,POOR,TRUSS,BASELINE
dataset/images/POS_161_SURVEY_LOOP_0001.png,dataset/masks/POS_161_SURVEY_LOOP_0001.exr,dataset/depth/POS_161_SURVEY_LOOP_0001.exr,dataset/normals/POS_161_SURVEY_LOOP_0001.exr,SDEFECT_WELD_CRACK_05,WELD_CRACK,True,640x480,"{'position_m': [158.0583, 5.1873, 12.0], 'target_m': [158.25, 6.675, 12.0]}",1.5002,3.22208,7.34,1.11,0.1723,0.02001,True,below_resolution,POOR,TRUSS,BASELINE
dataset/images/POS_162_MDR_LOOP_0001.png,dataset/masks/POS_162_MDR_LOOP_0001.exr,dataset/depth/POS_162_MDR_LOOP_0001.exr,dataset/normals/POS_162_MDR_LOOP_0001.exr,SDEFECT_WELD_CRACK_06,WELD_CRACK,True,640x480,"{'position_m': [147.0383, -6.3775, 12.0], 'target_m': [147.0, -6.675, 12.0]}",0.3,0.64442,7.34,0.57,0.0885,0.01928,True,below_resolution,POOR,TRUSS,BASELINE
dataset/images/POS_162_SURVEY_LOOP_0001.png,dataset/masks/POS_162_SURVEY_LOOP_0001.exr,dataset/depth/POS_162_SURVEY_LOOP_0001.exr,dataset/normals/POS_162_SURVEY_LOOP_0001.exr,SDEFECT_WELD_CRACK_06,WELD_CRACK,True,640x480,"{'position_m': [147.1917, -5.1873, 12.0], 'target_m': [147.0, -6.675, 12.0]}",1.5002,3.22207,7.34,0.57,0.0885,0.01928,True,below_resolution,POOR,TRUSS,BASELINE
dataset/images/POS_163_MDR_LOOP_0001.png,dataset/masks/POS_163_MDR_LOOP_0001.exr,dataset/depth/POS_163_MDR_LOOP_0001.exr,dataset/normals/POS_163_MDR_LOOP_0001.exr,SDEFECT_SECTION_LOSS_01,SECTION_LOSS,True,640x480,"{'position_m': [-8.9536, 35.6916, 17.2399], 'target_m': [0.0, 0.225, 0.0]}",37.206,79.90922,73.5,260.576,40.4408,0.00924,True,below_contrast,POOR,TRUSS,BASELINE
dataset/images/POS_163_SURVEY_LOOP_0001.png,dataset/masks/POS_163_SURVEY_LOOP_0001.exr,dataset/depth/POS_163_SURVEY_LOOP_0001.exr,dataset/normals/POS_163_SURVEY_LOOP_0001.exr,SDEFECT_SECTION_LOSS_01,SECTION_LOSS,True,640x480,"{'position_m': [-0.3321, 1.5405, 0.6395], 'target_m': [0.0, 0.225, 0.0]}",1.4924,3.20534,15.75,260.576,40.4408,0.00924,True,below_contrast,POOR,TRUSS,BASELINE
dataset/images/POS_164_MDR_LOOP_0001.png,dataset/masks/POS_164_MDR_LOOP_0001.exr,dataset/depth/POS_164_MDR_LOOP_0001.exr,dataset/normals/POS_164_MDR_LOOP_0001.exr,SDEFECT_SECTION_LOSS_02,SECTION_LOSS,True,640x480,"{'position_m': [-7.6525, 30.5378, 14.7347], 'target_m': [0.0, 0.225, 0.0]}",31.3113,67.24904,73.34,222.711,34.5642,0.04705,True,below_contrast,POOR,TRUSS,BASELINE
dataset/images/POS_164_SURVEY_LOOP_0001.png,dataset/masks/POS_164_SURVEY_LOOP_0001.exr,dataset/depth/POS_164_SURVEY_LOOP_0001.exr,dataset/normals/POS_164_SURVEY_LOOP_0001.exr,SDEFECT_SECTION_LOSS_02,SECTION_LOSS,True,640x480,"{'position_m': [-0.3321, 1.5405, 0.6395], 'target_m': [0.0, 0.225, 0.0]}",1.4924,3.20534,15.75,222.711,34.5642,0.04705,True,below_contrast,POOR,TRUSS,BASELINE
dataset/images/POS_165_MDR_LOOP_0001.png,dataset/masks/POS_165_MDR_LOOP_0001.exr,dataset/depth/POS_165_MDR_LOOP_0001.exr,dataset/normals/POS_165_MDR_LOOP_0001.exr,SDEFECT_SECTION_LOSS_03,SECTION_LOSS,True,640x480,"{'position_m': [-6.079, 24.305, 11.705], 'target_m': [0.0, 0.225, 0.0]}",24.1826,51.93817,73.15,176.918,27.4572,0.1871,False,none,POOR,TRUSS,BASELINE
dataset/images/POS_165_SURVEY_LOOP_0001.png,dataset/masks/POS_165_SURVEY_LOOP_0001.exr,dataset/depth/POS_165_SURVEY_LOOP_0001.exr,dataset/normals/POS_165_SURVEY_LOOP_0001.exr,SDEFECT_SECTION_LOSS_03,SECTION_LOSS,True,640x480,"{'position_m': [-0.3321, 1.5405, 0.6395], 'target_m': [0.0, 0.225, 0.0]}",1.4924,3.20534,15.75,176.918,27.4572,0.1871,False,none,POOR,TRUSS,BASELINE
dataset/images/POS_166_MDR_LOOP_0001.png,dataset/masks/POS_166_MDR_LOOP_0001.exr,dataset/depth/POS_166_MDR_LOOP_0001.exr,dataset/normals/POS_166_MDR_LOOP_0001.exr,SDEFECT_SECTION_LOSS_04,SECTION_LOSS,True,640x480,"{'position_m': [-7.6602, 30.5683, 14.7496], 'target_m': [0.0, 0.225, 0.0]}",31.3462,67.324,73.34,222.935,34.599,0.04677,True,below_contrast,POOR,TRUSS,BASELINE
dataset/images/POS_166_SURVEY_LOOP_0001.png,dataset/masks/POS_166_SURVEY_LOOP_0001.exr,dataset/depth/POS_166_SURVEY_LOOP_0001.exr,dataset/normals/POS_166_SURVEY_LOOP_0001.exr,SDEFECT_SECTION_LOSS_04,SECTION_LOSS,True,640x480,"{'position_m': [-0.3321, 1.5405, 0.6395], 'target_m': [0.0, 0.225, 0.0]}",1.4924,3.20534,15.75,222.935,34.599,0.04677,True,below_contrast,POOR,TRUSS,BASELINE
dataset/images/POS_167_MDR_LOOP_0001.png,dataset/masks/POS_167_MDR_LOOP_0001.exr,dataset/depth/POS_167_MDR_LOOP_0001.exr,dataset/normals/POS_167_MDR_LOOP_0001.exr,SDEFECT_SECTION_LOSS_05,SECTION_LOSS,True,640x480,"{'position_m': [-8.8675, 35.3504, 17.0741], 'target_m': [0.0, 0.225, 0.0]}",36.8158,79.07118,73.49,258.07,40.0518,0.00389,True,below_contrast,POOR,TRUSS,BASELINE
dataset/images/POS_167_SURVEY_LOOP_0001.png,dataset/masks/POS_167_SURVEY_LOOP_0001.exr,dataset/depth/POS_167_SURVEY_LOOP_0001.exr,dataset/normals/POS_167_SURVEY_LOOP_0001.exr,SDEFECT_SECTION_LOSS_05,SECTION_LOSS,True,640x480,"{'position_m': [-0.3321, 1.5405, 0.6395], 'target_m': [0.0, 0.225, 0.0]}",1.4924,3.20534,15.75,258.07,40.0518,0.00389,True,below_contrast,POOR,TRUSS,BASELINE
dataset/images/POS_168_MDR_LOOP_0001.png,dataset/masks/POS_168_MDR_LOOP_0001.exr,dataset/depth/POS_168_MDR_LOOP_0001.exr,dataset/normals/POS_168_MDR_LOOP_0001.exr,SDEFECT_SECTION_LOSS_06,SECTION_LOSS,True,640x480,"{'position_m': [-6.3822, 25.506, 12.2888], 'target_m': [0.0, 0.225, 0.0]}",25.5563,54.88853,73.14,185.742,28.8267,0.1027,False,none,POOR,TRUSS,BASELINE
dataset/images/POS_168_SURVEY_LOOP_0001.png,dataset/masks/POS_168_SURVEY_LOOP_0001.exr,dataset/depth/POS_168_SURVEY_LOOP_0001.exr,dataset/normals/POS_168_SURVEY_LOOP_0001.exr,SDEFECT_SECTION_LOSS_06,SECTION_LOSS,True,640x480,"{'position_m': [-0.3321, 1.5405, 0.6395], 'target_m': [0.0, 0.225, 0.0]}",1.4924,3.20534,15.75,185.742,28.8267,0.1027,False,none,POOR,TRUSS,BASELINE
dataset/images/POS_169_MDR_LOOP_0001.png,dataset/masks/POS_169_MDR_LOOP_0001.exr,dataset/depth/POS_169_MDR_LOOP_0001.exr,dataset/normals/POS_169_MDR_LOOP_0001.exr,SDEFECT_COATING_FAILURE_01,COATING_FAILURE,True,640x480,"{'position_m': [-8.8941, 35.4558, 17.1253], 'target_m': [0.0, 0.225, 0.0]}",36.9363,79.33013,73.5,258.844,40.172,0.16199,False,none,POOR,TRUSS,BASELINE
dataset/images/POS_169_SURVEY_LOOP_0001.png,dataset/masks/POS_169_SURVEY_LOOP_0001.exr,dataset/depth/POS_169_SURVEY_LOOP_0001.exr,dataset/normals/POS_169_SURVEY_LOOP_0001.exr,SDEFECT_COATING_FAILURE_01,COATING_FAILURE,True,640x480,"{'position_m': [-0.3321, 1.5405, 0.6395], 'target_m': [0.0, 0.225, 0.0]}",1.4924,3.20534,15.75,258.844,40.172,0.16199,False,none,POOR,TRUSS,BASELINE
dataset/images/POS_170_MDR_LOOP_0001.png,dataset/masks/POS_170_MDR_LOOP_0001.exr,dataset/depth/POS_170_MDR_LOOP_0001.exr,dataset/normals/POS_170_MDR_LOOP_0001.exr,SDEFECT_COATING_FAILURE_02,COATING_FAILURE,True,640x480,"{'position_m': [199.2052, -5.3103, -6.8927], 'target_m': [180.0, -6.7, 21.0]}",3.015,6.47549,26.51,218.403,33.8956,0.02129,False,occluded,POOR,TRUSS,BASELINE
dataset/images/POS_171_MDR_LOOP_0001.png,dataset/masks/POS_171_MDR_LOOP_0001.exr,dataset/depth/POS_171_MDR_LOOP_0001.exr,dataset/normals/POS_171_MDR_LOOP_0001.exr,SDEFECT_COATING_FAILURE_03,COATING_FAILURE,True,640x480,"{'position_m': [-5.7394, 22.9596, 11.051], 'target_m': [0.0, 0.225, 0.0]}",22.6438,48.6332,73.13,167.033,25.9231,0.21976,False,none,POOR,TRUSS,BASELINE
dataset/images/POS_171_SURVEY_LOOP_0001.png,dataset/masks/POS_171_SURVEY_LOOP_0001.exr,dataset/depth/POS_171_SURVEY_LOOP_0001.exr,dataset/normals/POS_171_SURVEY_LOOP_0001.exr,SDEFECT_COATING_FAILURE_03,COATING_FAILURE,True,640x480,"{'position_m': [-0.3321, 1.5405, 0.6395], 'target_m': [0.0, 0.225, 0.0]}",1.4924,3.20534,15.75,167.033,25.9231,0.21976,False,none,POOR,TRUSS,BASELINE
dataset/images/POS_172_MDR_LOOP_0001.png,dataset/masks/POS_172_MDR_LOOP_0001.exr,dataset/depth/POS_172_MDR_LOOP_0001.exr,dataset/normals/POS_172_MDR_LOOP_0001.exr,SDEFECT_COATING_FAILURE_04,COATING_FAILURE,True,640x480,"{'position_m': [-6.0205, 24.0731, 11.5923], 'target_m': [0.0, 0.225, 0.0]}",23.9173,51.36856,73.14,175.214,27.1928,0.31993,False,none,POOR,TRUSS,BASELINE
dataset/images/POS_172_SURVEY_LOOP_0001.png,dataset/masks/POS_172_SURVEY_LOOP_0001.exr,dataset/depth/POS_172_SURVEY_LOOP_0001.exr,dataset/normals/POS_172_SURVEY_LOOP_0001.exr,SDEFECT_COATING_FAILURE_04,COATING_FAILURE,True,640x480,"{'position_m': [-0.3321, 1.5405, 0.6395], 'target_m': [0.0, 0.225, 0.0]}",1.4924,3.20534,15.75,175.214,27.1928,0.31993,False,none,POOR,TRUSS,BASELINE
dataset/images/POS_173_MDR_LOOP_0001.png,dataset/masks/POS_173_MDR_LOOP_0001.exr,dataset/depth/POS_173_MDR_LOOP_0001.exr,dataset/normals/POS_173_MDR_LOOP_0001.exr,SDEFECT_COATING_FAILURE_05,COATING_FAILURE,True,640x480,"{'position_m': [-7.7977, 31.1129, 15.0142], 'target_m': [0.0, 0.225, 0.0]}",31.9691,68.66163,73.37,226.936,35.2199,0.18624,False,none,POOR,TRUSS,BASELINE
dataset/images/POS_173_SURVEY_LOOP_0001.png,dataset/masks/POS_173_SURVEY_LOOP_0001.exr,dataset/depth/POS_173_SURVEY_LOOP_0001.exr,dataset/normals/POS_173_SURVEY_LOOP_0001.exr,SDEFECT_COATING_FAILURE_05,COATING_FAILURE,True,640x480,"{'position_m': [-0.3321, 1.5405, 0.6395], 'target_m': [0.0, 0.225, 0.0]}",1.4924,3.20534,15.75,226.936,35.2199,0.18624,False,none,POOR,TRUSS,BASELINE
dataset/images/POS_174_MDR_LOOP_0001.png,dataset/masks/POS_174_MDR_LOOP_0001.exr,dataset/depth/POS_174_MDR_LOOP_0001.exr,dataset/normals/POS_174_MDR_LOOP_0001.exr,SDEFECT_COATING_FAILURE_06,COATING_FAILURE,True,640x480,"{'position_m': [-5.6251, 22.5069, 10.831], 'target_m': [0.0, 0.225, 0.0]}",22.126,47.52114,73.11,163.707,25.4069,0.22756,False,none,POOR,TRUSS,BASELINE
dataset/images/POS_174_SURVEY_LOOP_0001.png,dataset/masks/POS_174_SURVEY_LOOP_0001.exr,dataset/depth/POS_174_SURVEY_LOOP_0001.exr,dataset/normals/POS_174_SURVEY_LOOP_0001.exr,SDEFECT_COATING_FAILURE_06,COATING_FAILURE,True,640x480,"{'position_m': [-0.3321, 1.5405, 0.6395], 'target_m': [0.0, 0.225, 0.0]}",1.4924,3.20534,15.75,163.707,25.4069,0.22756,False,none,POOR,TRUSS,BASELINE
dataset/images/POS_175_MDR_LOOP_0001.png,dataset/masks/POS_175_MDR_LOOP_0001.exr,dataset/depth/POS_175_MDR_LOOP_0001.exr,dataset/normals/POS_175_MDR_LOOP_0001.exr,SDEFECT_COATING_FAILURE_07,COATING_FAILURE,True,640x480,"{'position_m': [-7.9104, 31.5594, 15.2313], 'target_m': [0.0, 0.225, 0.0]}",32.4798,69.75861,73.39,230.217,35.7291,0.14465,False,none,POOR,TRUSS,BASELINE
dataset/images/POS_175_SURVEY_LOOP_0001.png,dataset/masks/POS_175_SURVEY_LOOP_0001.exr,dataset/depth/POS_175_SURVEY_LOOP_0001.exr,dataset/normals/POS_175_SURVEY_LOOP_0001.exr,SDEFECT_COATING_FAILURE_07,COATING_FAILURE,True,640x480,"{'position_m': [-0.3321, 1.5405, 0.6395], 'target_m': [0.0, 0.225, 0.0]}",1.4924,3.20534,15.75,230.217,35.7291,0.14465,False,none,POOR,TRUSS,BASELINE
dataset/images/POS_176_MDR_LOOP_0001.png,dataset/masks/POS_176_MDR_LOOP_0001.exr,dataset/depth/POS_176_MDR_LOOP_0001.exr,dataset/normals/POS_176_MDR_LOOP_0001.exr,SDEFECT_COATING_FAILURE_08,COATING_FAILURE,True,640x480,"{'position_m': [-7.6061, 30.3538, 14.6453], 'target_m': [0.0, 0.225, 0.0]}",31.1009,66.79706,73.34,221.359,34.3544,0.1387,False,none,POOR,TRUSS,BASELINE
dataset/images/POS_176_SURVEY_LOOP_0001.png,dataset/masks/POS_176_SURVEY_LOOP_0001.exr,dataset/depth/POS_176_SURVEY_LOOP_0001.exr,dataset/normals/POS_176_SURVEY_LOOP_0001.exr,SDEFECT_COATING_FAILURE_08,COATING_FAILURE,True,640x480,"{'position_m': [-0.3321, 1.5405, 0.6395], 'target_m': [0.0, 0.225, 0.0]}",1.4924,3.20534,15.75,221.359,34.3544,0.1387,False,none,POOR,TRUSS,BASELINE
dataset/images/POS_177_MDR_LOOP_0001.png,dataset/masks/POS_177_MDR_LOOP_0001.exr,dataset/depth/POS_177_MDR_LOOP_0001.exr,dataset/normals/POS_177_MDR_LOOP_0001.exr,ST_GUSSET_S_TOP_03,GUSSET_DISTORTION,True,640x480,"{'position_m': [169.8667, 1.991, 21.0], 'target_m': [168.75, -6.675, 21.0]}",8.764,18.82296,7.34,56.3,8.7376,0.15476,False,none,POOR,TRUSS,BASELINE
dataset/images/POS_177_SURVEY_LOOP_0001.png,dataset/masks/POS_177_SURVEY_LOOP_0001.exr,dataset/depth/POS_177_SURVEY_LOOP_0001.exr,dataset/normals/POS_177_SURVEY_LOOP_0001.exr,ST_GUSSET_S_TOP_03,GUSSET_DISTORTION,True,640x480,"{'position_m': [168.9417, -5.1873, 21.0], 'target_m': [168.75, -6.675, 21.0]}",1.5254,3.27622,7.34,56.3,8.7376,0.15476,False,none,POOR,TRUSS,BASELINE
dataset/images/POS_178_MDR_LOOP_0001.png,dataset/masks/POS_178_MDR_LOOP_0001.exr,dataset/depth/POS_178_MDR_LOOP_0001.exr,dataset/normals/POS_178_MDR_LOOP_0001.exr,ST_GUSSET_N_BOT_03,GUSSET_DISTORTION,True,640x480,"{'position_m': [167.2704, -4.8078, 12.0], 'target_m': [168.75, 6.675, 12.0]}",11.6045,24.92363,7.34,74.6,11.5777,0.22256,False,none,POOR,TRUSS,BASELINE
dataset/images/POS_178_SURVEY_LOOP_0001.png,dataset/masks/POS_178_SURVEY_LOOP_0001.exr,dataset/depth/POS_178_SURVEY_LOOP_0001.exr,dataset/normals/POS_178_SURVEY_LOOP_0001.exr,ST_GUSSET_N_BOT_03,GUSSET_DISTORTION,True,640x480,"{'position_m': [168.5583, 5.1873, 12.0], 'target_m': [168.75, 6.675, 12.0]}",1.5254,3.27622,7.34,74.6,11.5777,0.22256,False,none,POOR,TRUSS,BASELINE
dataset/images/POS_179_MDR_LOOP_0001.png,dataset/masks/POS_179_MDR_LOOP_0001.exr,dataset/depth/POS_179_MDR_LOOP_0001.exr,dataset/normals/POS_179_MDR_LOOP_0001.exr,ST_GUSSET_S_BOT_07,GUSSET_DISTORTION,True,640x480,"{'position_m': [214.587, -0.1794, 12.0], 'target_m': [213.75, -6.675, 12.0]}",6.5754,14.12238,6.81,42.2,6.5493,0.05178,False,none,POOR,TRUSS,BASELINE
dataset/images/POS_179_SURVEY_LOOP_0001.png,dataset/masks/POS_179_SURVEY_LOOP_0001.exr,dataset/depth/POS_179_SURVEY_LOOP_0001.exr,dataset/normals/POS_179_SURVEY_LOOP_0001.exr,ST_GUSSET_S_BOT_07,GUSSET_DISTORTION,True,640x480,"{'position_m': [213.9417, -5.1873, 12.0], 'target_m': [213.75, -6.675, 12.0]}",1.5254,3.27622,7.34,42.2,6.5493,0.05178,False,none,POOR,TRUSS,BASELINE
dataset/images/POS_180_MDR_LOOP_0001.png,dataset/masks/POS_180_MDR_LOOP_0001.exr,dataset/depth/POS_180_MDR_LOOP_0001.exr,dataset/normals/POS_180_MDR_LOOP_0001.exr,SDEFECT_BEARING_SEIZED_01,BEARING_SEIZED,True,640x480,"{'position_m': [159.6176, 5.621, 23.1329], 'target_m': [135.0, 5.5, 12.3375]}",21.1957,45.5231,66.33,173.205,26.881,0.08817,False,none,POOR,ROAD,BASELINE
dataset/images/POS_180_SURVEY_LOOP_0001.png,dataset/masks/POS_180_SURVEY_LOOP_0001.exr,dataset/depth/POS_180_SURVEY_LOOP_0001.exr,dataset/normals/POS_180_SURVEY_LOOP_0001.exr,SDEFECT_BEARING_SEIZED_01,BEARING_SEIZED,True,640x480,"{'position_m': [136.3737, 5.5068, 12.9399], 'target_m': [135.0, 5.5, 12.3375]}",1.4839,3.18714,66.32,173.205,26.881,0.08817,False,none,POOR,ROAD,BASELINE
dataset/images/POS_181_MDR_LOOP_0001.png,dataset/masks/POS_181_MDR_LOOP_0001.exr,dataset/depth/POS_181_MDR_LOOP_0001.exr,dataset/normals/POS_181_MDR_LOOP_0001.exr,SDEFECT_BEARING_SEIZED_02,BEARING_SEIZED,True,640x480,"{'position_m': [159.6176, 0.121, 23.1329], 'target_m': [135.0, 0.0, 12.3375]}",19.0222,40.85499,66.39,173.205,26.881,0.07745,False,none,POOR,ROAD,BASELINE
dataset/images/POS_181_SURVEY_LOOP_0001.png,dataset/masks/POS_181_SURVEY_LOOP_0001.exr,dataset/depth/POS_181_SURVEY_LOOP_0001.exr,dataset/normals/POS_181_SURVEY_LOOP_0001.exr,SDEFECT_BEARING_SEIZED_02,BEARING_SEIZED,True,640x480,"{'position_m': [136.3737, 0.0067, 12.9399], 'target_m': [135.0, 0.0, 12.3375]}",1.4839,3.18714,66.32,173.205,26.881,0.07745,False,none,POOR,ROAD,BASELINE
dataset/images/POS_182_MDR_LOOP_0001.png,dataset/masks/POS_182_MDR_LOOP_0001.exr,dataset/depth/POS_182_MDR_LOOP_0001.exr,dataset/normals/POS_182_MDR_LOOP_0001.exr,SDEFECT_BEARING_SEIZED_03,BEARING_SEIZED,True,640x480,"{'position_m': [220.9974, -9.8682, 37.6572], 'target_m': [225.0, -5.5, 11.4375]}",16.6118,35.67807,12.73,173.205,26.881,0.17427,False,none,POOR,ROAD,BASELINE
dataset/images/POS_183_MDR_LOOP_0001.png,dataset/masks/POS_183_MDR_LOOP_0001.exr,dataset/depth/POS_183_MDR_LOOP_0001.exr,dataset/normals/POS_183_MDR_LOOP_0001.exr,SDEFECT_BEARING_SEIZED_04,BEARING_SEIZED,True,640x480,"{'position_m': [220.9974, 1.1318, 37.6572], 'target_m': [225.0, 5.5, 11.4375]}",23.6328,50.75743,12.72,173.205,26.881,0.24287,False,none,POOR,ROAD,BASELINE
dataset/images/POS_184_MDR_LOOP_0001.png,dataset/masks/POS_184_MDR_LOOP_0001.exr,dataset/depth/POS_184_MDR_LOOP_0001.exr,dataset/normals/POS_184_MDR_LOOP_0001.exr,SDEFECT_CONDUIT_DETACHED_01,CONDUIT_DETACHED,True,640x480,"{'position_m': [89.8169, 7.3531, 18.9184], 'target_m': [81.0, 7.27, 13.9232]}",9.9963,21.46952,26.17,65.3,10.1344,0.00839,False,occluded,POOR,TRUSS,BASELINE
dataset/images/POS_185_MDR_LOOP_0001.png,dataset/masks/POS_185_MDR_LOOP_0001.exr,dataset/depth/POS_185_MDR_LOOP_0001.exr,dataset/normals/POS_185_MDR_LOOP_0001.exr,SDEFECT_CONDUIT_DETACHED_02,CONDUIT_DETACHED,True,640x480,"{'position_m': [122.8735, 7.3254, 17.3806], 'target_m': [117.0, 7.27, 14.053]}",6.6148,14.20702,10.25,43.5,6.7511,0.00836,False,occluded,POOR,TRUSS,BASELINE
dataset/images/POS_186_MDR_LOOP_0001.png,dataset/masks/POS_186_MDR_LOOP_0001.exr,dataset/depth/POS_186_MDR_LOOP_0001.exr,dataset/normals/POS_186_MDR_LOOP_0001.exr,SDEFECT_CONDUIT_DETACHED_03,CONDUIT_DETACHED,True,640x480,"{'position_m': [193.3882, 7.3114, 16.6221], 'target_m': [189.0, 7.27, 14.136]}",4.9143,10.55462,23.9,32.5,5.0439,0.09059,False,occluded,POOR,TRUSS,BASELINE
dataset/images/POS_187_MDR_LOOP_0001.png,dataset/masks/POS_187_MDR_LOOP_0001.exr,dataset/depth/POS_187_MDR_LOOP_0001.exr,dataset/normals/POS_187_MDR_LOOP_0001.exr,SDEFECT_CONDUIT_DETACHED_04,CONDUIT_DETACHED,True,640x480,"{'position_m': [211.7392, 7.3147, 16.8064], 'target_m': [207.0, 7.27, 14.1214]}",5.315,11.41531,11.24,35.1,5.4474,0.02309,False,occluded,POOR,TRUSS,BASELINE
dataset/images/POS_188_MDR_LOOP_0001.png,dataset/masks/POS_188_MDR_LOOP_0001.exr,dataset/depth/POS_188_MDR_LOOP_0001.exr,dataset/normals/POS_188_MDR_LOOP_0001.exr,SDEFECT_CONDUIT_DETACHED_05,CONDUIT_DETACHED,True,640x480,"{'position_m': [342.2355, 7.357, 18.9005], 'target_m': [333.0, 7.27, 13.6681]}",10.4776,22.50339,26.76,68.4,10.6155,0.0073,False,occluded,POOR,TRUSS,BASELINE
dataset/images/POS_189_MDR_LOOP_0001.png,dataset/masks/POS_189_MDR_LOOP_0001.exr,dataset/depth/POS_189_MDR_LOOP_0001.exr,dataset/normals/POS_189_MDR_LOOP_0001.exr,SDEFECT_HANDRAIL_LOOSE_01,HANDRAIL_LOOSE,True,640x480,"{'position_m': [355.0771, 6.3385, 16.8981], 'target_m': [355.5, 6.8, 14.1279]}",1.7758,3.81388,13.22,18.3,2.8401,0.40132,False,none,POOR,TRUSS,BASELINE
dataset/images/POS_190_MDR_LOOP_0001.png,dataset/masks/POS_190_MDR_LOOP_0001.exr,dataset/depth/POS_190_MDR_LOOP_0001.exr,dataset/normals/POS_190_MDR_LOOP_0001.exr,SDEFECT_HANDRAIL_LOOSE_02,HANDRAIL_LOOSE,True,640x480,"{'position_m': [182.6737, 6.4677, 15.3548], 'target_m': [184.5, 6.8, 14.6923]}",0.7901,1.69693,80.34,12.7,1.971,0.18583,False,unreachable_angle,POOR,TRUSS,BASELINE
dataset/images/POS_191_MDR_LOOP_0001.png,dataset/masks/POS_191_MDR_LOOP_0001.exr,dataset/depth/POS_191_MDR_LOOP_0001.exr,dataset/normals/POS_191_MDR_LOOP_0001.exr,SDEFECT_HANDRAIL_LOOSE_03,HANDRAIL_LOOSE,True,640x480,"{'position_m': [109.6383, 6.2793, 15.6535], 'target_m': [112.5, 6.8, 14.6155]}",1.9151,4.11313,80.51,19.9,3.0884,0.18574,False,unreachable_angle,POOR,TRUSS,BASELINE
dataset/images/POS_192_MDR_LOOP_0001.png,dataset/masks/POS_192_MDR_LOOP_0001.exr,dataset/depth/POS_192_MDR_LOOP_0001.exr,dataset/normals/POS_192_MDR_LOOP_0001.exr,SDEFECT_HANDRAIL_LOOSE_04,HANDRAIL_LOOSE,True,640x480,"{'position_m': [136.969, 6.3395, 15.5853], 'target_m': [139.5, 6.8, 14.6672]}",1.5558,3.3414,80.06,17.6,2.7315,0.19315,False,unreachable_angle,POOR,TRUSS,BASELINE
dataset/images/NEG_SOUND_BOLT_0001_0001.png,dataset/masks/NEG_SOUND_BOLT_0001_0001.exr,dataset/depth/NEG_SOUND_BOLT_0001_0001.exr,dataset/normals/NEG_SOUND_BOLT_0001_0001.exr,,SOUND_BOLT,False,640x480,"{'position_m': [135.07, 5.7408, 21.14], 'target_m': [135.07, 6.672, 21.14]}",0.9157,1.9667,0.0,,0.9312,,,,POOR,TRUSS,BASELINE
dataset/images/NEG_SOUND_BOLT_0002_0001.png,dataset/masks/NEG_SOUND_BOLT_0002_0001.exr,dataset/depth/NEG_SOUND_BOLT_0002_0001.exr,dataset/normals/NEG_SOUND_BOLT_0002_0001.exr,,SOUND_BOLT,False,640x480,"{'position_m': [191.18, 5.7408, 12.14], 'target_m': [191.18, 6.672, 12.14]}",0.9157,1.9667,0.0,,0.9312,,,,POOR,TRUSS,BASELINE
dataset/images/NEG_SOUND_BOLT_0003_0001.png,dataset/masks/NEG_SOUND_BOLT_0003_0001.exr,dataset/depth/NEG_SOUND_BOLT_0003_0001.exr,dataset/normals/NEG_SOUND_BOLT_0003_0001.exr,,SOUND_BOLT,False,640x480,"{'position_m': [202.43, -5.7408, 12.0], 'target_m': [202.43, -6.672, 12.0]}",0.919,1.97368,0.0,,0.9312,,,,POOR,TRUSS,BASELINE
dataset/images/NEG_SOUND_BOLT_0004_0001.png,dataset/masks/NEG_SOUND_BOLT_0004_0001.exr,dataset/depth/NEG_SOUND_BOLT_0004_0001.exr,dataset/normals/NEG_SOUND_BOLT_0004_0001.exr,,SOUND_BOLT,False,640x480,"{'position_m': [202.29, 5.7408, 12.0], 'target_m': [202.29, 6.672, 12.0]}",0.9157,1.9667,0.0,,0.9312,,,,POOR,TRUSS,BASELINE
dataset/images/NEG_SOUND_BOLT_0005_0001.png,dataset/masks/NEG_SOUND_BOLT_0005_0001.exr,dataset/depth/NEG_SOUND_BOLT_0005_0001.exr,dataset/normals/NEG_SOUND_BOLT_0005_0001.exr,,SOUND_BOLT,False,640x480,"{'position_m': [157.57, 5.7408, 20.72], 'target_m': [157.57, 6.672, 20.72]}",0.9157,1.9667,0.0,,0.9312,,,,POOR,TRUSS,BASELINE
dataset/images/NEG_SOUND_BOLT_0006_0001.png,dataset/masks/NEG_SOUND_BOLT_0006_0001.exr,dataset/depth/NEG_SOUND_BOLT_0006_0001.exr,dataset/normals/NEG_SOUND_BOLT_0006_0001.exr,,SOUND_BOLT,False,640x480,"{'position_m': [213.68, 5.7408, 20.86], 'target_m': [213.68, 6.672, 20.86]}",0.9157,1.9667,0.0,,0.9312,,,,POOR,TRUSS,BASELINE
dataset/images/NEG_SOUND_BOLT_0007_0001.png,dataset/masks/NEG_SOUND_BOLT_0007_0001.exr,dataset/depth/NEG_SOUND_BOLT_0007_0001.exr,dataset/normals/NEG_SOUND_BOLT_0007_0001.exr,,SOUND_BOLT,False,640x480,"{'position_m': [157.57, -5.7408, 11.86], 'target_m': [157.57, -6.672, 11.86]}",0.9189,1.97368,0.0,,0.9312,,,,POOR,TRUSS,BASELINE
dataset/images/NEG_SOUND_BOLT_0008_0001.png,dataset/masks/NEG_SOUND_BOLT_0008_0001.exr,dataset/depth/NEG_SOUND_BOLT_0008_0001.exr,dataset/normals/NEG_SOUND_BOLT_0008_0001.exr,,SOUND_BOLT,False,640x480,"{'position_m': [225.21, 5.7408, 11.72], 'target_m': [225.21, 6.672, 11.72]}",0.9157,1.9667,0.0,,0.9312,,,,POOR,TRUSS,BASELINE
dataset/images/NEG_SOUND_BOLT_0009_0001.png,dataset/masks/NEG_SOUND_BOLT_0009_0001.exr,dataset/depth/NEG_SOUND_BOLT_0009_0001.exr,dataset/normals/NEG_SOUND_BOLT_0009_0001.exr,,SOUND_BOLT,False,640x480,"{'position_m': [202.57, -5.7408, 12.14], 'target_m': [202.57, -6.672, 12.14]}",0.919,1.97368,0.0,,0.9312,,,,POOR,TRUSS,BASELINE
dataset/images/NEG_SOUND_BOLT_0010_0001.png,dataset/masks/NEG_SOUND_BOLT_0010_0001.exr,dataset/depth/NEG_SOUND_BOLT_0010_0001.exr,dataset/normals/NEG_SOUND_BOLT_0010_0001.exr,,SOUND_BOLT,False,640x480,"{'position_m': [157.57, 5.7408, 12.0], 'target_m': [157.57, 6.672, 12.0]}",0.9157,1.9667,0.0,,0.9312,,,,POOR,TRUSS,BASELINE
dataset/images/NEG_SOUND_BOLT_0011_0001.png,dataset/masks/NEG_SOUND_BOLT_0011_0001.exr,dataset/depth/NEG_SOUND_BOLT_0011_0001.exr,dataset/normals/NEG_SOUND_BOLT_0011_0001.exr,,SOUND_BOLT,False,640x480,"{'position_m': [225.07, -5.7408, 12.28], 'target_m': [225.07, -6.672, 12.28]}",0.919,1.97368,0.0,,0.9312,,,,POOR,TRUSS,BASELINE
dataset/images/NEG_SOUND_BOLT_0012_0001.png,dataset/masks/NEG_SOUND_BOLT_0012_0001.exr,dataset/depth/NEG_SOUND_BOLT_0012_0001.exr,dataset/normals/NEG_SOUND_BOLT_0012_0001.exr,,SOUND_BOLT,False,640x480,"{'position_m': [146.18, -5.7408, 21.28], 'target_m': [146.18, -6.672, 21.28]}",0.9189,1.97368,0.0,,0.9312,,,,POOR,TRUSS,BASELINE
dataset/images/NEG_SOUND_BOLT_0013_0001.png,dataset/masks/NEG_SOUND_BOLT_0013_0001.exr,dataset/depth/NEG_SOUND_BOLT_0013_0001.exr,dataset/normals/NEG_SOUND_BOLT_0013_0001.exr,,SOUND_BOLT,False,640x480,"{'position_m': [191.04, -5.7408, 12.0], 'target_m': [191.04, -6.672, 12.0]}",0.919,1.97368,0.0,,0.9312,,,,POOR,TRUSS,BASELINE
dataset/images/NEG_SOUND_BOLT_0014_0001.png,dataset/masks/NEG_SOUND_BOLT_0014_0001.exr,dataset/depth/NEG_SOUND_BOLT_0014_0001.exr,dataset/normals/NEG_SOUND_BOLT_0014_0001.exr,,SOUND_BOLT,False,640x480,"{'position_m': [225.21, 5.7408, 21.14], 'target_m': [225.21, 6.672, 21.14]}",0.9157,1.9667,0.0,,0.9312,,,,POOR,TRUSS,BASELINE
dataset/images/NEG_SOUND_BOLT_0015_0001.png,dataset/masks/NEG_SOUND_BOLT_0015_0001.exr,dataset/depth/NEG_SOUND_BOLT_0015_0001.exr,dataset/normals/NEG_SOUND_BOLT_0015_0001.exr,,SOUND_BOLT,False,640x480,"{'position_m': [168.54, -5.7408, 21.28], 'target_m': [168.54, -6.672, 21.28]}",0.9189,1.97368,0.0,,0.9312,,,,POOR,TRUSS,BASELINE
dataset/images/NEG_SOUND_BOLT_0016_0001.png,dataset/masks/NEG_SOUND_BOLT_0016_0001.exr,dataset/depth/NEG_SOUND_BOLT_0016_0001.exr,dataset/normals/NEG_SOUND_BOLT_0016_0001.exr,,SOUND_BOLT,False,640x480,"{'position_m': [168.82, 5.7408, 20.72], 'target_m': [168.82, 6.672, 20.72]}",0.9157,1.9667,0.0,,0.9312,,,,POOR,TRUSS,BASELINE
dataset/images/NEG_SOUND_BOLT_0017_0001.png,dataset/masks/NEG_SOUND_BOLT_0017_0001.exr,dataset/depth/NEG_SOUND_BOLT_0017_0001.exr,dataset/normals/NEG_SOUND_BOLT_0017_0001.exr,,SOUND_BOLT,False,640x480,"{'position_m': [202.71, 5.7408, 11.72], 'target_m': [202.71, 6.672, 11.72]}",0.9157,1.9667,0.0,,0.9312,,,,POOR,TRUSS,BASELINE
dataset/images/NEG_SOUND_BOLT_0018_0001.png,dataset/masks/NEG_SOUND_BOLT_0018_0001.exr,dataset/depth/NEG_SOUND_BOLT_0018_0001.exr,dataset/normals/NEG_SOUND_BOLT_0018_0001.exr,,SOUND_BOLT,False,640x480,"{'position_m': [191.32, -5.7408, 21.14], 'target_m': [191.32, -6.672, 21.14]}",0.919,1.97368,0.0,,0.9312,,,,POOR,TRUSS,BASELINE
dataset/images/NEG_SOUND_BOLT_0019_0001.png,dataset/masks/NEG_SOUND_BOLT_0019_0001.exr,dataset/depth/NEG_SOUND_BOLT_0019_0001.exr,dataset/normals/NEG_SOUND_BOLT_0019_0001.exr,,SOUND_BOLT,False,640x480,"{'position_m': [213.96, -5.7408, 12.28], 'target_m': [213.96, -6.672, 12.28]}",0.919,1.97368,0.0,,0.9312,,,,POOR,TRUSS,BASELINE
dataset/images/NEG_SOUND_BOLT_0020_0001.png,dataset/masks/NEG_SOUND_BOLT_0020_0001.exr,dataset/depth/NEG_SOUND_BOLT_0020_0001.exr,dataset/normals/NEG_SOUND_BOLT_0020_0001.exr,,SOUND_BOLT,False,640x480,"{'position_m': [157.57, 5.7408, 21.28], 'target_m': [157.57, 6.672, 21.28]}",0.9157,1.9667,0.0,,0.9312,,,,POOR,TRUSS,BASELINE
dataset/images/NEG_SOUND_BOLT_0021_0001.png,dataset/masks/NEG_SOUND_BOLT_0021_0001.exr,dataset/depth/NEG_SOUND_BOLT_0021_0001.exr,dataset/normals/NEG_SOUND_BOLT_0021_0001.exr,,SOUND_BOLT,False,640x480,"{'position_m': [202.43, 5.7408, 12.0], 'target_m': [202.43, 6.672, 12.0]}",0.9157,1.9667,0.0,,0.9312,,,,POOR,TRUSS,BASELINE
dataset/images/NEG_SOUND_BOLT_0022_0001.png,dataset/masks/NEG_SOUND_BOLT_0022_0001.exr,dataset/depth/NEG_SOUND_BOLT_0022_0001.exr,dataset/normals/NEG_SOUND_BOLT_0022_0001.exr,,SOUND_BOLT,False,640x480,"{'position_m': [191.18, -5.7408, 11.72], 'target_m': [191.18, -6.672, 11.72]}",0.919,1.97368,0.0,,0.9312,,,,POOR,TRUSS,BASELINE
dataset/images/NEG_SOUND_BOLT_0023_0001.png,dataset/masks/NEG_SOUND_BOLT_0023_0001.exr,dataset/depth/NEG_SOUND_BOLT_0023_0001.exr,dataset/normals/NEG_SOUND_BOLT_0023_0001.exr,,SOUND_BOLT,False,640x480,"{'position_m': [157.43, -5.7408, 21.14], 'target_m': [157.43, -6.672, 21.14]}",0.9189,1.97368,0.0,,0.9312,,,,POOR,TRUSS,BASELINE
dataset/images/NEG_SOUND_BOLT_0024_0001.png,dataset/masks/NEG_SOUND_BOLT_0024_0001.exr,dataset/depth/NEG_SOUND_BOLT_0024_0001.exr,dataset/normals/NEG_SOUND_BOLT_0024_0001.exr,,SOUND_BOLT,False,640x480,"{'position_m': [179.93, 5.7408, 20.72], 'target_m': [179.93, 6.672, 20.72]}",0.9157,1.9667,0.0,,0.9312,,,,POOR,TRUSS,BASELINE
dataset/images/NEG_SOUND_BOLT_0025_0001.png,dataset/masks/NEG_SOUND_BOLT_0025_0001.exr,dataset/depth/NEG_SOUND_BOLT_0025_0001.exr,dataset/normals/NEG_SOUND_BOLT_0025_0001.exr,,SOUND_BOLT,False,640x480,"{'position_m': [202.29, 5.7408, 20.72], 'target_m': [202.29, 6.672, 20.72]}",0.9157,1.9667,0.0,,0.9312,,,,POOR,TRUSS,BASELINE
dataset/images/NEG_SOUND_BOLT_0026_0001.png,dataset/masks/NEG_SOUND_BOLT_0026_0001.exr,dataset/depth/NEG_SOUND_BOLT_0026_0001.exr,dataset/normals/NEG_SOUND_BOLT_0026_0001.exr,,SOUND_BOLT,False,640x480,"{'position_m': [134.79, 5.7408, 21.0], 'target_m': [134.79, 6.672, 21.0]}",0.9157,1.9667,0.0,,0.9312,,,,POOR,TRUSS,BASELINE
dataset/images/NEG_SOUND_BOLT_0027_0001.png,dataset/masks/NEG_SOUND_BOLT_0027_0001.exr,dataset/depth/NEG_SOUND_BOLT_0027_0001.exr,dataset/normals/NEG_SOUND_BOLT_0027_0001.exr,,SOUND_BOLT,False,640x480,"{'position_m': [168.68, -5.7408, 12.14], 'target_m': [168.68, -6.672, 12.14]}",0.9189,1.97368,0.0,,0.9312,,,,POOR,TRUSS,BASELINE
dataset/images/NEG_SOUND_BOLT_0028_0001.png,dataset/masks/NEG_SOUND_BOLT_0028_0001.exr,dataset/depth/NEG_SOUND_BOLT_0028_0001.exr,dataset/normals/NEG_SOUND_BOLT_0028_0001.exr,,SOUND_BOLT,False,640x480,"{'position_m': [225.07, 5.7408, 12.0], 'target_m': [225.07, 6.672, 12.0]}",0.9157,1.9667,0.0,,0.9312,,,,POOR,TRUSS,BASELINE
dataset/images/NEG_SOUND_BOLT_0029_0001.png,dataset/masks/NEG_SOUND_BOLT_0029_0001.exr,dataset/depth/NEG_SOUND_BOLT_0029_0001.exr,dataset/normals/NEG_SOUND_BOLT_0029_0001.exr,,SOUND_BOLT,False,640x480,"{'position_m': [191.04, -5.7408, 11.72], 'target_m': [191.04, -6.672, 11.72]}",0.919,1.97368,0.0,,0.9312,,,,POOR,TRUSS,BASELINE
dataset/images/NEG_SOUND_BOLT_0030_0001.png,dataset/masks/NEG_SOUND_BOLT_0030_0001.exr,dataset/depth/NEG_SOUND_BOLT_0030_0001.exr,dataset/normals/NEG_SOUND_BOLT_0030_0001.exr,,SOUND_BOLT,False,640x480,"{'position_m': [157.29, 5.7408, 12.14], 'target_m': [157.29, 6.672, 12.14]}",0.9157,1.9667,0.0,,0.9312,,,,POOR,TRUSS,BASELINE
dataset/images/NEG_SOUND_BOLT_0031_0001.png,dataset/masks/NEG_SOUND_BOLT_0031_0001.exr,dataset/depth/NEG_SOUND_BOLT_0031_0001.exr,dataset/normals/NEG_SOUND_BOLT_0031_0001.exr,,SOUND_BOLT,False,640x480,"{'position_m': [202.29, -5.7408, 11.72], 'target_m': [202.29, -6.672, 11.72]}",0.919,1.97368,0.0,,0.9312,,,,POOR,TRUSS,BASELINE
dataset/images/NEG_SOUND_BOLT_0032_0001.png,dataset/masks/NEG_SOUND_BOLT_0032_0001.exr,dataset/depth/NEG_SOUND_BOLT_0032_0001.exr,dataset/normals/NEG_SOUND_BOLT_0032_0001.exr,,SOUND_BOLT,False,640x480,"{'position_m': [191.32, 5.7408, 21.28], 'target_m': [191.32, 6.672, 21.28]}",0.9157,1.9667,0.0,,0.9312,,,,POOR,TRUSS,BASELINE
dataset/images/NEG_SOUND_BOLT_0033_0001.png,dataset/masks/NEG_SOUND_BOLT_0033_0001.exr,dataset/depth/NEG_SOUND_BOLT_0033_0001.exr,dataset/normals/NEG_SOUND_BOLT_0033_0001.exr,,SOUND_BOLT,False,640x480,"{'position_m': [135.07, -5.7408, 12.28], 'target_m': [135.07, -6.672, 12.28]}",0.2295,0.49291,23.57,,0.9312,,,,POOR,TRUSS,BASELINE
dataset/images/NEG_SOUND_BOLT_0034_0001.png,dataset/masks/NEG_SOUND_BOLT_0034_0001.exr,dataset/depth/NEG_SOUND_BOLT_0034_0001.exr,dataset/normals/NEG_SOUND_BOLT_0034_0001.exr,,SOUND_BOLT,False,640x480,"{'position_m': [213.54, -5.7408, 21.0], 'target_m': [213.54, -6.672, 21.0]}",0.7574,1.62667,51.22,,0.9312,,,,POOR,TRUSS,BASELINE
dataset/images/NEG_SOUND_BOLT_0035_0001.png,dataset/masks/NEG_SOUND_BOLT_0035_0001.exr,dataset/depth/NEG_SOUND_BOLT_0035_0001.exr,dataset/normals/NEG_SOUND_BOLT_0035_0001.exr,,SOUND_BOLT,False,640x480,"{'position_m': [146.04, -5.7408, 12.28], 'target_m': [146.04, -6.672, 12.28]}",0.9189,1.97368,0.0,,0.9312,,,,POOR,TRUSS,BASELINE
dataset/images/NEG_SOUND_BOLT_0036_0001.png,dataset/masks/NEG_SOUND_BOLT_0036_0001.exr,dataset/depth/NEG_SOUND_BOLT_0036_0001.exr,dataset/normals/NEG_SOUND_BOLT_0036_0001.exr,,SOUND_BOLT,False,640x480,"{'position_m': [168.68, 5.7408, 11.86], 'target_m': [168.68, 6.672, 11.86]}",0.9157,1.9667,0.0,,0.9312,,,,POOR,TRUSS,BASELINE
dataset/images/NEG_SOUND_BOLT_0037_0001.png,dataset/masks/NEG_SOUND_BOLT_0037_0001.exr,dataset/depth/NEG_SOUND_BOLT_0037_0001.exr,dataset/normals/NEG_SOUND_BOLT_0037_0001.exr,,SOUND_BOLT,False,640x480,"{'position_m': [135.21, -5.7408, 20.86], 'target_m': [135.21, -6.672, 20.86]}",0.7594,1.63102,51.22,,0.9312,,,,POOR,TRUSS,BASELINE
dataset/images/NEG_SOUND_BOLT_0038_0001.png,dataset/masks/NEG_SOUND_BOLT_0038_0001.exr,dataset/depth/NEG_SOUND_BOLT_0038_0001.exr,dataset/normals/NEG_SOUND_BOLT_0038_0001.exr,,SOUND_BOLT,False,640x480,"{'position_m': [157.57, -5.7408, 21.28], 'target_m': [157.57, -6.672, 21.28]}",0.9189,1.97368,0.0,,0.9312,,,,POOR,TRUSS,BASELINE
dataset/images/NEG_SOUND_BOLT_0039_0001.png,dataset/masks/NEG_SOUND_BOLT_0039_0001.exr,dataset/depth/NEG_SOUND_BOLT_0039_0001.exr,dataset/normals/NEG_SOUND_BOLT_0039_0001.exr,,SOUND_BOLT,False,640x480,"{'position_m': [157.43, -5.7408, 20.86], 'target_m': [157.43, -6.672, 20.86]}",0.9189,1.97368,0.0,,0.9312,,,,POOR,TRUSS,BASELINE
dataset/images/NEG_SOUND_BOLT_0040_0001.png,dataset/masks/NEG_SOUND_BOLT_0040_0001.exr,dataset/depth/NEG_SOUND_BOLT_0040_0001.exr,dataset/normals/NEG_SOUND_BOLT_0040_0001.exr,,SOUND_BOLT,False,640x480,"{'position_m': [191.04, -5.7408, 11.86], 'target_m': [191.04, -6.672, 11.86]}",0.919,1.97368,0.0,,0.9312,,,,POOR,TRUSS,BASELINE
dataset/images/NEG_SOUND_BOLT_0041_0001.png,dataset/masks/NEG_SOUND_BOLT_0041_0001.exr,dataset/depth/NEG_SOUND_BOLT_0041_0001.exr,dataset/normals/NEG_SOUND_BOLT_0041_0001.exr,,SOUND_BOLT,False,640x480,"{'position_m': [202.57, 5.7408, 11.72], 'target_m': [202.57, 6.672, 11.72]}",0.9157,1.9667,0.0,,0.9312,,,,POOR,TRUSS,BASELINE
dataset/images/NEG_SOUND_BOLT_0042_0001.png,dataset/masks/NEG_SOUND_BOLT_0042_0001.exr,dataset/depth/NEG_SOUND_BOLT_0042_0001.exr,dataset/normals/NEG_SOUND_BOLT_0042_0001.exr,,SOUND_BOLT,False,640x480,"{'position_m': [191.04, 5.7408, 20.86], 'target_m': [191.04, 6.672, 20.86]}",0.7594,1.63102,51.22,,0.9312,,,,POOR,TRUSS,BASELINE
dataset/images/NEG_SOUND_BOLT_0043_0001.png,dataset/masks/NEG_SOUND_BOLT_0043_0001.exr,dataset/depth/NEG_SOUND_BOLT_0043_0001.exr,dataset/normals/NEG_SOUND_BOLT_0043_0001.exr,,SOUND_BOLT,False,640x480,"{'position_m': [224.79, 5.7408, 21.14], 'target_m': [224.79, 6.672, 21.14]}",0.7594,1.63102,51.22,,0.9312,,,,POOR,TRUSS,BASELINE
dataset/images/NEG_SOUND_BOLT_0044_0001.png,dataset/masks/NEG_SOUND_BOLT_0044_0001.exr,dataset/depth/NEG_SOUND_BOLT_0044_0001.exr,dataset/normals/NEG_SOUND_BOLT_0044_0001.exr,,SOUND_BOLT,False,640x480,"{'position_m': [180.07, 5.7408, 20.86], 'target_m': [180.07, 6.672, 20.86]}",0.9157,1.9667,0.0,,0.9312,,,,POOR,TRUSS,BASELINE
dataset/images/NEG_SOUND_BOLT_0045_0001.png,dataset/masks/NEG_SOUND_BOLT_0045_0001.exr,dataset/depth/NEG_SOUND_BOLT_0045_0001.exr,dataset/normals/NEG_SOUND_BOLT_0045_0001.exr,,SOUND_BOLT,False,640x480,"{'position_m': [157.43, -5.7408, 12.0], 'target_m': [157.43, -6.672, 12.0]}",0.9189,1.97368,0.0,,0.9312,,,,POOR,TRUSS,BASELINE
dataset/images/NEG_SOUND_BOLT_0046_0001.png,dataset/masks/NEG_SOUND_BOLT_0046_0001.exr,dataset/depth/NEG_SOUND_BOLT_0046_0001.exr,dataset/normals/NEG_SOUND_BOLT_0046_0001.exr,,SOUND_BOLT,False,640x480,"{'position_m': [146.32, 5.7408, 11.86], 'target_m': [146.32, 6.672, 11.86]}",0.9157,1.9667,0.0,,0.9312,,,,POOR,TRUSS,BASELINE
dataset/images/NEG_SOUND_BOLT_0047_0001.png,dataset/masks/NEG_SOUND_BOLT_0047_0001.exr,dataset/depth/NEG_SOUND_BOLT_0047_0001.exr,dataset/normals/NEG_SOUND_BOLT_0047_0001.exr,,SOUND_BOLT,False,640x480,"{'position_m': [202.57, 5.7408, 21.0], 'target_m': [202.57, 6.672, 21.0]}",0.9157,1.9667,0.0,,0.9312,,,,POOR,TRUSS,BASELINE
dataset/images/NEG_SOUND_BOLT_0048_0001.png,dataset/masks/NEG_SOUND_BOLT_0048_0001.exr,dataset/depth/NEG_SOUND_BOLT_0048_0001.exr,dataset/normals/NEG_SOUND_BOLT_0048_0001.exr,,SOUND_BOLT,False,640x480,"{'position_m': [146.32, -5.7408, 21.14], 'target_m': [146.32, -6.672, 21.14]}",0.9189,1.97368,0.0,,0.9312,,,,POOR,TRUSS,BASELINE
dataset/images/NEG_SOUND_BOLT_0049_0001.png,dataset/masks/NEG_SOUND_BOLT_0049_0001.exr,dataset/depth/NEG_SOUND_BOLT_0049_0001.exr,dataset/normals/NEG_SOUND_BOLT_0049_0001.exr,,SOUND_BOLT,False,640x480,"{'position_m': [213.54, -5.7408, 20.72], 'target_m': [213.54, -6.672, 20.72]}",0.919,1.97368,0.0,,0.9312,,,,POOR,TRUSS,BASELINE
dataset/images/NEG_SOUND_BOLT_0050_0001.png,dataset/masks/NEG_SOUND_BOLT_0050_0001.exr,dataset/depth/NEG_SOUND_BOLT_0050_0001.exr,dataset/normals/NEG_SOUND_BOLT_0050_0001.exr,,SOUND_BOLT,False,640x480,"{'position_m': [157.43, -5.7408, 21.0], 'target_m': [157.43, -6.672, 21.0]}",0.9189,1.97368,0.0,,0.9312,,,,POOR,TRUSS,BASELINE
dataset/images/NEG_SOUND_BOLT_0051_0001.png,dataset/masks/NEG_SOUND_BOLT_0051_0001.exr,dataset/depth/NEG_SOUND_BOLT_0051_0001.exr,dataset/normals/NEG_SOUND_BOLT_0051_0001.exr,,SOUND_BOLT,False,640x480,"{'position_m': [202.57, -5.7408, 20.86], 'target_m': [202.57, -6.672, 20.86]}",0.919,1.97368,0.0,,0.9312,,,,POOR,TRUSS,BASELINE
dataset/images/NEG_SOUND_BOLT_0052_0001.png,dataset/masks/NEG_SOUND_BOLT_0052_0001.exr,dataset/depth/NEG_SOUND_BOLT_0052_0001.exr,dataset/normals/NEG_SOUND_BOLT_0052_0001.exr,,SOUND_BOLT,False,640x480,"{'position_m': [168.68, -5.7408, 21.0], 'target_m': [168.68, -6.672, 21.0]}",0.9189,1.97368,0.0,,0.9312,,,,POOR,TRUSS,BASELINE
dataset/images/NEG_SOUND_BOLT_0053_0001.png,dataset/masks/NEG_SOUND_BOLT_0053_0001.exr,dataset/depth/NEG_SOUND_BOLT_0053_0001.exr,dataset/normals/NEG_SOUND_BOLT_0053_0001.exr,,SOUND_BOLT,False,640x480,"{'position_m': [157.57, 5.7408, 11.72], 'target_m': [157.57, 6.672, 11.72]}",0.9157,1.9667,0.0,,0.9312,,,,POOR,TRUSS,BASELINE
dataset/images/NEG_SOUND_BOLT_0054_0001.png,dataset/masks/NEG_SOUND_BOLT_0054_0001.exr,dataset/depth/NEG_SOUND_BOLT_0054_0001.exr,dataset/normals/NEG_SOUND_BOLT_0054_0001.exr,,SOUND_BOLT,False,640x480,"{'position_m': [224.93, 5.7408, 20.86], 'target_m': [224.93, 6.672, 20.86]}",0.9157,1.9667,0.0,,0.9312,,,,POOR,TRUSS,BASELINE
dataset/images/NEG_SOUND_BOLT_0055_0001.png,dataset/masks/NEG_SOUND_BOLT_0055_0001.exr,dataset/depth/NEG_SOUND_BOLT_0055_0001.exr,dataset/normals/NEG_SOUND_BOLT_0055_0001.exr,,SOUND_BOLT,False,640x480,"{'position_m': [213.96, 5.7408, 12.14], 'target_m': [213.96, 6.672, 12.14]}",0.9157,1.9667,0.0,,0.9312,,,,POOR,TRUSS,BASELINE
dataset/images/NEG_SOUND_BOLT_0056_0001.png,dataset/masks/NEG_SOUND_BOLT_0056_0001.exr,dataset/depth/NEG_SOUND_BOLT_0056_0001.exr,dataset/normals/NEG_SOUND_BOLT_0056_0001.exr,,SOUND_BOLT,False,640x480,"{'position_m': [168.96, -5.7408, 20.86], 'target_m': [168.96, -6.672, 20.86]}",0.7594,1.63102,51.22,,0.9312,,,,POOR,TRUSS,BASELINE
dataset/images/NEG_SOUND_BOLT_0057_0001.png,dataset/masks/NEG_SOUND_BOLT_0057_0001.exr,dataset/depth/NEG_SOUND_BOLT_0057_0001.exr,dataset/normals/NEG_SOUND_BOLT_0057_0001.exr,,SOUND_BOLT,False,640x480,"{'position_m': [191.32, 5.7408, 12.28], 'target_m': [191.32, 6.672, 12.28]}",0.9157,1.9667,0.0,,0.9312,,,,POOR,TRUSS,BASELINE
dataset/images/NEG_SOUND_BOLT_0058_0001.png,dataset/masks/NEG_SOUND_BOLT_0058_0001.exr,dataset/depth/NEG_SOUND_BOLT_0058_0001.exr,dataset/normals/NEG_SOUND_BOLT_0058_0001.exr,,SOUND_BOLT,False,640x480,"{'position_m': [168.96, -5.7408, 21.14], 'target_m': [168.96, -6.672, 21.14]}",0.7594,1.63102,51.22,,0.9312,,,,POOR,TRUSS,BASELINE
dataset/images/NEG_SOUND_BOLT_0059_0001.png,dataset/masks/NEG_SOUND_BOLT_0059_0001.exr,dataset/depth/NEG_SOUND_BOLT_0059_0001.exr,dataset/normals/NEG_SOUND_BOLT_0059_0001.exr,,SOUND_BOLT,False,640x480,"{'position_m': [134.93, -5.7408, 20.72], 'target_m': [134.93, -6.672, 20.72]}",0.2545,0.54668,28.0,,0.9312,,,,POOR,TRUSS,BASELINE
dataset/images/NEG_SOUND_BOLT_0060_0001.png,dataset/masks/NEG_SOUND_BOLT_0060_0001.exr,dataset/depth/NEG_SOUND_BOLT_0060_0001.exr,dataset/normals/NEG_SOUND_BOLT_0060_0001.exr,,SOUND_BOLT,False,640x480,"{'position_m': [191.32, -5.7408, 11.86], 'target_m': [191.32, -6.672, 11.86]}",0.919,1.97368,0.0,,0.9312,,,,POOR,TRUSS,BASELINE
dataset/images/NEG_SOUND_BOLT_0061_0001.png,dataset/masks/NEG_SOUND_BOLT_0061_0001.exr,dataset/depth/NEG_SOUND_BOLT_0061_0001.exr,dataset/normals/NEG_SOUND_BOLT_0061_0001.exr,,SOUND_BOLT,False,640x480,"{'position_m': [179.79, 5.7408, 21.0], 'target_m': [179.79, 6.672, 21.0]}",0.7594,1.63102,51.22,,0.9312,,,,POOR,TRUSS,BASELINE
dataset/images/NEG_SOUND_BOLT_0062_0001.png,dataset/masks/NEG_SOUND_BOLT_0062_0001.exr,dataset/depth/NEG_SOUND_BOLT_0062_0001.exr,dataset/normals/NEG_SOUND_BOLT_0062_0001.exr,,SOUND_BOLT,False,640x480,"{'position_m': [202.57, -5.7408, 11.86], 'target_m': [202.57, -6.672, 11.86]}",0.919,1.97368,0.0,,0.9312,,,,POOR,TRUSS,BASELINE
dataset/images/NEG_SOUND_BOLT_0063_0001.png,dataset/masks/NEG_SOUND_BOLT_0063_0001.exr,dataset/depth/NEG_SOUND_BOLT_0063_0001.exr,dataset/normals/NEG_SOUND_BOLT_0063_0001.exr,,SOUND_BOLT,False,640x480,"{'position_m': [202.71, -5.7408, 20.72], 'target_m': [202.71, -6.672, 20.72]}",0.919,1.97368,0.0,,0.9312,,,,POOR,TRUSS,BASELINE
dataset/images/NEG_SOUND_BOLT_0064_0001.png,dataset/masks/NEG_SOUND_BOLT_0064_0001.exr,dataset/depth/NEG_SOUND_BOLT_0064_0001.exr,dataset/normals/NEG_SOUND_BOLT_0064_0001.exr,,SOUND_BOLT,False,640x480,"{'position_m': [146.18, 5.7408, 21.0], 'target_m': [146.18, 6.672, 21.0]}",0.9157,1.9667,0.0,,0.9312,,,,POOR,TRUSS,BASELINE
dataset/images/NEG_SOUND_BOLT_0065_0001.png,dataset/masks/NEG_SOUND_BOLT_0065_0001.exr,dataset/depth/NEG_SOUND_BOLT_0065_0001.exr,dataset/normals/NEG_SOUND_BOLT_0065_0001.exr,,SOUND_BOLT,False,640x480,"{'position_m': [224.79, -5.7408, 12.14], 'target_m': [224.79, -6.672, 12.14]}",0.919,1.97368,0.0,,0.9312,,,,POOR,TRUSS,BASELINE
dataset/images/NEG_SOUND_BOLT_0066_0001.png,dataset/masks/NEG_SOUND_BOLT_0066_0001.exr,dataset/depth/NEG_SOUND_BOLT_0066_0001.exr,dataset/normals/NEG_SOUND_BOLT_0066_0001.exr,,SOUND_BOLT,False,640x480,"{'position_m': [225.21, -5.7408, 12.14], 'target_m': [225.21, -6.672, 12.14]}",0.919,1.97368,0.0,,0.9312,,,,POOR,TRUSS,BASELINE
dataset/images/NEG_SOUND_BOLT_0067_0001.png,dataset/masks/NEG_SOUND_BOLT_0067_0001.exr,dataset/depth/NEG_SOUND_BOLT_0067_0001.exr,dataset/normals/NEG_SOUND_BOLT_0067_0001.exr,,SOUND_BOLT,False,640x480,"{'position_m': [168.96, 5.7408, 21.0], 'target_m': [168.96, 6.672, 21.0]}",0.7574,1.62667,51.22,,0.9312,,,,POOR,TRUSS,BASELINE
dataset/images/NEG_SOUND_BOLT_0068_0001.png,dataset/masks/NEG_SOUND_BOLT_0068_0001.exr,dataset/depth/NEG_SOUND_BOLT_0068_0001.exr,dataset/normals/NEG_SOUND_BOLT_0068_0001.exr,,SOUND_BOLT,False,640x480,"{'position_m': [135.21, 5.7408, 21.0], 'target_m': [135.21, 6.672, 21.0]}",0.7574,1.62667,51.22,,0.9312,,,,POOR,TRUSS,BASELINE
dataset/images/NEG_SOUND_BOLT_0069_0001.png,dataset/masks/NEG_SOUND_BOLT_0069_0001.exr,dataset/depth/NEG_SOUND_BOLT_0069_0001.exr,dataset/normals/NEG_SOUND_BOLT_0069_0001.exr,,SOUND_BOLT,False,640x480,"{'position_m': [213.54, 5.7408, 12.28], 'target_m': [213.54, 6.672, 12.28]}",0.9157,1.9667,0.0,,0.9312,,,,POOR,TRUSS,BASELINE
dataset/images/NEG_SOUND_BOLT_0070_0001.png,dataset/masks/NEG_SOUND_BOLT_0070_0001.exr,dataset/depth/NEG_SOUND_BOLT_0070_0001.exr,dataset/normals/NEG_SOUND_BOLT_0070_0001.exr,,SOUND_BOLT,False,640x480,"{'position_m': [168.82, 5.7408, 11.72], 'target_m': [168.82, 6.672, 11.72]}",0.9157,1.9667,0.0,,0.9312,,,,POOR,TRUSS,BASELINE
dataset/images/NEG_SOUND_BOLT_0071_0001.png,dataset/masks/NEG_SOUND_BOLT_0071_0001.exr,dataset/depth/NEG_SOUND_BOLT_0071_0001.exr,dataset/normals/NEG_SOUND_BOLT_0071_0001.exr,,SOUND_BOLT,False,640x480,"{'position_m': [191.46, 5.7408, 12.14], 'target_m': [191.46, 6.672, 12.14]}",0.9157,1.9667,0.0,,0.9312,,,,POOR,TRUSS,BASELINE
dataset/images/NEG_SOUND_BOLT_0072_0001.png,dataset/masks/NEG_SOUND_BOLT_0072_0001.exr,dataset/depth/NEG_SOUND_BOLT_0072_0001.exr,dataset/normals/NEG_SOUND_BOLT_0072_0001.exr,,SOUND_BOLT,False,640x480,"{'position_m': [224.79, 5.7408, 11.86], 'target_m': [224.79, 6.672, 11.86]}",0.9157,1.9667,0.0,,0.9312,,,,POOR,TRUSS,BASELINE
dataset/images/NEG_SOUND_BOLT_0073_0001.png,dataset/masks/NEG_SOUND_BOLT_0073_0001.exr,dataset/depth/NEG_SOUND_BOLT_0073_0001.exr,dataset/normals/NEG_SOUND_BOLT_0073_0001.exr,,SOUND_BOLT,False,640x480,"{'position_m': [202.29, 5.7408, 21.28], 'target_m': [202.29, 6.672, 21.28]}",0.9157,1.9667,0.0,,0.9312,,,,POOR,TRUSS,BASELINE
dataset/images/NEG_SOUND_BOLT_0074_0001.png,dataset/masks/NEG_SOUND_BOLT_0074_0001.exr,dataset/depth/NEG_SOUND_BOLT_0074_0001.exr,dataset/normals/NEG_SOUND_BOLT_0074_0001.exr,,SOUND_BOLT,False,640x480,"{'position_m': [225.07, 5.7408, 21.14], 'target_m': [225.07, 6.672, 21.14]}",0.9157,1.9667,0.0,,0.9312,,,,POOR,TRUSS,BASELINE
dataset/images/NEG_SOUND_BOLT_0075_0001.png,dataset/masks/NEG_SOUND_BOLT_0075_0001.exr,dataset/depth/NEG_SOUND_BOLT_0075_0001.exr,dataset/normals/NEG_SOUND_BOLT_0075_0001.exr,,SOUND_BOLT,False,640x480,"{'position_m': [180.21, -5.7408, 20.86], 'target_m': [180.21, -6.672, 20.86]}",0.7594,1.63102,51.22,,0.9312,,,,POOR,TRUSS,BASELINE
dataset/images/NEG_SOUND_BOLT_0076_0001.png,dataset/masks/NEG_SOUND_BOLT_0076_0001.exr,dataset/depth/NEG_SOUND_BOLT_0076_0001.exr,dataset/normals/NEG_SOUND_BOLT_0076_0001.exr,,SOUND_BOLT,False,640x480,"{'position_m': [135.21, 5.7408, 12.14], 'target_m': [135.21, 6.672, 12.14]}",0.1575,0.33836,27.11,,0.9312,,,,POOR,TRUSS,BASELINE
dataset/images/NEG_SOUND_BOLT_0077_0001.png,dataset/masks/NEG_SOUND_BOLT_0077_0001.exr,dataset/depth/NEG_SOUND_BOLT_0077_0001.exr,dataset/normals/NEG_SOUND_BOLT_0077_0001.exr,,SOUND_BOLT,False,640x480,"{'position_m': [224.79, 5.7408, 20.72], 'target_m': [224.79, 6.672, 20.72]}",0.9157,1.9667,0.0,,0.9312,,,,POOR,TRUSS,BASELINE
dataset/images/NEG_SOUND_BOLT_0078_0001.png,dataset/masks/NEG_SOUND_BOLT_0078_0001.exr,dataset/depth/NEG_SOUND_BOLT_0078_0001.exr,dataset/normals/NEG_SOUND_BOLT_0078_0001.exr,,SOUND_BOLT,False,640x480,"{'position_m': [168.54, 5.7408, 21.0], 'target_m': [168.54, 6.672, 21.0]}",0.7594,1.63102,51.22,,0.9312,,,,POOR,TRUSS,BASELINE
dataset/images/NEG_SOUND_BOLT_0079_0001.png,dataset/masks/NEG_SOUND_BOLT_0079_0001.exr,dataset/depth/NEG_SOUND_BOLT_0079_0001.exr,dataset/normals/NEG_SOUND_BOLT_0079_0001.exr,,SOUND_BOLT,False,640x480,"{'position_m': [168.96, -5.7408, 12.28], 'target_m': [168.96, -6.672, 12.28]}",0.919,1.97368,0.0,,0.9312,,,,POOR,TRUSS,BASELINE
dataset/images/NEG_SOUND_BOLT_0080_0001.png,dataset/masks/NEG_SOUND_BOLT_0080_0001.exr,dataset/depth/NEG_SOUND_BOLT_0080_0001.exr,dataset/normals/NEG_SOUND_BOLT_0080_0001.exr,,SOUND_BOLT,False,640x480,"{'position_m': [191.18, 5.7408, 11.86], 'target_m': [191.18, 6.672, 11.86]}",0.9157,1.9667,0.0,,0.9312,,,,POOR,TRUSS,BASELINE
dataset/images/NEG_SOUND_BOLT_0081_0001.png,dataset/masks/NEG_SOUND_BOLT_0081_0001.exr,dataset/depth/NEG_SOUND_BOLT_0081_0001.exr,dataset/normals/NEG_SOUND_BOLT_0081_0001.exr,,SOUND_BOLT,False,640x480,"{'position_m': [168.54, -5.7408, 12.0], 'target_m': [168.54, -6.672, 12.0]}",0.9189,1.97368,0.0,,0.9312,,,,POOR,TRUSS,BASELINE
dataset/images/NEG_SOUND_BOLT_0082_0001.png,dataset/masks/NEG_SOUND_BOLT_0082_0001.exr,dataset/depth/NEG_SOUND_BOLT_0082_0001.exr,dataset/normals/NEG_SOUND_BOLT_0082_0001.exr,,SOUND_BOLT,False,640x480,"{'position_m': [202.57, -5.7408, 21.14], 'target_m': [202.57, -6.672, 21.14]}",0.919,1.97368,0.0,,0.9312,,,,POOR,TRUSS,BASELINE
dataset/images/NEG_SOUND_BOLT_0083_0001.png,dataset/masks/NEG_SOUND_BOLT_0083_0001.exr,dataset/depth/NEG_SOUND_BOLT_0083_0001.exr,dataset/normals/NEG_SOUND_BOLT_0083_0001.exr,,SOUND_BOLT,False,640x480,"{'position_m': [179.93, 5.7408, 21.14], 'target_m': [179.93, 6.672, 21.14]}",0.9157,1.9667,0.0,,0.9312,,,,POOR,TRUSS,BASELINE
dataset/images/NEG_SOUND_BOLT_0084_0001.png,dataset/masks/NEG_SOUND_BOLT_0084_0001.exr,dataset/depth/NEG_SOUND_BOLT_0084_0001.exr,dataset/normals/NEG_SOUND_BOLT_0084_0001.exr,,SOUND_BOLT,False,640x480,"{'position_m': [213.96, -5.7408, 21.14], 'target_m': [213.96, -6.672, 21.14]}",0.7594,1.63102,51.22,,0.9312,,,,POOR,TRUSS,BASELINE
dataset/images/NEG_SOUND_BOLT_0085_0001.png,dataset/masks/NEG_SOUND_BOLT_0085_0001.exr,dataset/depth/NEG_SOUND_BOLT_0085_0001.exr,dataset/normals/NEG_SOUND_BOLT_0085_0001.exr,,SOUND_BOLT,False,640x480,"{'position_m': [135.21, 5.7408, 21.14], 'target_m': [135.21, 6.672, 21.14]}",0.7574,1.62667,51.22,,0.9312,,,,POOR,TRUSS,BASELINE
dataset/images/NEG_SOUND_BOLT_0086_0001.png,dataset/masks/NEG_SOUND_BOLT_0086_0001.exr,dataset/depth/NEG_SOUND_BOLT_0086_0001.exr,dataset/normals/NEG_SOUND_BOLT_0086_0001.exr,,SOUND_BOLT,False,640x480,"{'position_m': [191.46, -5.7408, 21.0], 'target_m': [191.46, -6.672, 21.0]}",0.7594,1.63102,51.22,,0.9312,,,,POOR,TRUSS,BASELINE
dataset/images/NEG_SOUND_BOLT_0087_0001.png,dataset/masks/NEG_SOUND_BOLT_0087_0001.exr,dataset/depth/NEG_SOUND_BOLT_0087_0001.exr,dataset/normals/NEG_SOUND_BOLT_0087_0001.exr,,SOUND_BOLT,False,640x480,"{'position_m': [191.46, 5.7408, 11.72], 'target_m': [191.46, 6.672, 11.72]}",0.9157,1.9667,0.0,,0.9312,,,,POOR,TRUSS,BASELINE
dataset/images/NEG_SOUND_BOLT_0088_0001.png,dataset/masks/NEG_SOUND_BOLT_0088_0001.exr,dataset/depth/NEG_SOUND_BOLT_0088_0001.exr,dataset/normals/NEG_SOUND_BOLT_0088_0001.exr,,SOUND_BOLT,False,640x480,"{'position_m': [157.43, 5.7408, 12.14], 'target_m': [157.43, 6.672, 12.14]}",0.9157,1.9667,0.0,,0.9312,,,,POOR,TRUSS,BASELINE
dataset/images/NEG_SOUND_BOLT_0089_0001.png,dataset/masks/NEG_SOUND_BOLT_0089_0001.exr,dataset/depth/NEG_SOUND_BOLT_0089_0001.exr,dataset/normals/NEG_SOUND_BOLT_0089_0001.exr,,SOUND_BOLT,False,640x480,"{'position_m': [213.96, 5.7408, 20.86], 'target_m': [213.96, 6.672, 20.86]}",0.7574,1.62667,51.22,,0.9312,,,,POOR,TRUSS,BASELINE
dataset/images/NEG_SOUND_BOLT_0090_0001.png,dataset/masks/NEG_SOUND_BOLT_0090_0001.exr,dataset/depth/NEG_SOUND_BOLT_0090_0001.exr,dataset/normals/NEG_SOUND_BOLT_0090_0001.exr,,SOUND_BOLT,False,640x480,"{'position_m': [135.07, -5.7408, 11.86], 'target_m': [135.07, -6.672, 11.86]}",0.0136,0.02925,24.12,,0.9312,,,,POOR,TRUSS,BASELINE
dataset/images/NEG_SOUND_BOLT_0091_0001.png,dataset/masks/NEG_SOUND_BOLT_0091_0001.exr,dataset/depth/NEG_SOUND_BOLT_0091_0001.exr,dataset/normals/NEG_SOUND_BOLT_0091_0001.exr,,SOUND_BOLT,False,640x480,"{'position_m': [180.07, -5.7408, 21.0], 'target_m': [180.07, -6.672, 21.0]}",0.919,1.97368,0.0,,0.9312,,,,POOR,TRUSS,BASELINE
dataset/images/NEG_SOUND_BOLT_0092_0001.png,dataset/masks/NEG_SOUND_BOLT_0092_0001.exr,dataset/depth/NEG_SOUND_BOLT_0092_0001.exr,dataset/normals/NEG_SOUND_BOLT_0092_0001.exr,,SOUND_BOLT,False,640x480,"{'position_m': [179.79, 5.7408, 21.28], 'target_m': [179.79, 6.672, 21.28]}",0.9157,1.9667,0.0,,0.9312,,,,POOR,TRUSS,BASELINE
dataset/images/NEG_SOUND_BOLT_0093_0001.png,dataset/masks/NEG_SOUND_BOLT_0093_0001.exr,dataset/depth/NEG_SOUND_BOLT_0093_0001.exr,dataset/normals/NEG_SOUND_BOLT_0093_0001.exr,,SOUND_BOLT,False,640x480,"{'position_m': [191.46, 5.7408, 21.0], 'target_m': [191.46, 6.672, 21.0]}",0.7574,1.62667,51.22,,0.9312,,,,POOR,TRUSS,BASELINE
dataset/images/NEG_SOUND_BOLT_0094_0001.png,dataset/masks/NEG_SOUND_BOLT_0094_0001.exr,dataset/depth/NEG_SOUND_BOLT_0094_0001.exr,dataset/normals/NEG_SOUND_BOLT_0094_0001.exr,,SOUND_BOLT,False,640x480,"{'position_m': [202.71, -5.7408, 11.72], 'target_m': [202.71, -6.672, 11.72]}",0.919,1.97368,0.0,,0.9312,,,,POOR,TRUSS,BASELINE
dataset/images/NEG_SOUND_BOLT_0095_0001.png,dataset/masks/NEG_SOUND_BOLT_0095_0001.exr,dataset/depth/NEG_SOUND_BOLT_0095_0001.exr,dataset/normals/NEG_SOUND_BOLT_0095_0001.exr,,SOUND_BOLT,False,640x480,"{'position_m': [146.32, -5.7408, 11.72], 'target_m': [146.32, -6.672, 11.72]}",0.9189,1.97368,0.0,,0.9312,,,,POOR,TRUSS,BASELINE
dataset/images/NEG_SOUND_BOLT_0096_0001.png,dataset/masks/NEG_SOUND_BOLT_0096_0001.exr,dataset/depth/NEG_SOUND_BOLT_0096_0001.exr,dataset/normals/NEG_SOUND_BOLT_0096_0001.exr,,SOUND_BOLT,False,640x480,"{'position_m': [168.54, -5.7408, 11.86], 'target_m': [168.54, -6.672, 11.86]}",0.9189,1.97368,0.0,,0.9312,,,,POOR,TRUSS,BASELINE
dataset/images/NEG_SOUND_BOLT_0097_0001.png,dataset/masks/NEG_SOUND_BOLT_0097_0001.exr,dataset/depth/NEG_SOUND_BOLT_0097_0001.exr,dataset/normals/NEG_SOUND_BOLT_0097_0001.exr,,SOUND_BOLT,False,640x480,"{'position_m': [224.79, 5.7408, 11.72], 'target_m': [224.79, 6.672, 11.72]}",0.9157,1.9667,0.0,,0.9312,,,,POOR,TRUSS,BASELINE
dataset/images/NEG_SOUND_BOLT_0098_0001.png,dataset/masks/NEG_SOUND_BOLT_0098_0001.exr,dataset/depth/NEG_SOUND_BOLT_0098_0001.exr,dataset/normals/NEG_SOUND_BOLT_0098_0001.exr,,SOUND_BOLT,False,640x480,"{'position_m': [135.07, 5.7408, 21.0], 'target_m': [135.07, 6.672, 21.0]}",0.4033,0.86626,28.0,,0.9312,,,,POOR,TRUSS,BASELINE
dataset/images/NEG_SOUND_BOLT_0099_0001.png,dataset/masks/NEG_SOUND_BOLT_0099_0001.exr,dataset/depth/NEG_SOUND_BOLT_0099_0001.exr,dataset/normals/NEG_SOUND_BOLT_0099_0001.exr,,SOUND_BOLT,False,640x480,"{'position_m': [202.29, 5.7408, 21.14], 'target_m': [202.29, 6.672, 21.14]}",0.7594,1.63102,51.22,,0.9312,,,,POOR,TRUSS,BASELINE
dataset/images/NEG_SOUND_BOLT_0100_0001.png,dataset/masks/NEG_SOUND_BOLT_0100_0001.exr,dataset/depth/NEG_SOUND_BOLT_0100_0001.exr,dataset/normals/NEG_SOUND_BOLT_0100_0001.exr,,SOUND_BOLT,False,640x480,"{'position_m': [191.18, 5.7408, 20.86], 'target_m': [191.18, 6.672, 20.86]}",0.9157,1.9667,0.0,,0.9312,,,,POOR,TRUSS,BASELINE
dataset/images/NEG_SOUND_BOLT_0101_0001.png,dataset/masks/NEG_SOUND_BOLT_0101_0001.exr,dataset/depth/NEG_SOUND_BOLT_0101_0001.exr,dataset/normals/NEG_SOUND_BOLT_0101_0001.exr,,SOUND_BOLT,False,640x480,"{'position_m': [135.07, -5.7408, 21.14], 'target_m': [135.07, -6.672, 21.14]}",0.9189,1.97368,0.0,,0.9312,,,,POOR,TRUSS,BASELINE
dataset/images/NEG_SOUND_BOLT_0102_0001.png,dataset/masks/NEG_SOUND_BOLT_0102_0001.exr,dataset/depth/NEG_SOUND_BOLT_0102_0001.exr,dataset/normals/NEG_SOUND_BOLT_0102_0001.exr,,SOUND_BOLT,False,640x480,"{'position_m': [146.46, 5.7408, 12.14], 'target_m': [146.46, 6.672, 12.14]}",0.9157,1.9667,0.0,,0.9312,,,,POOR,TRUSS,BASELINE
dataset/images/NEG_SOUND_BOLT_0103_0001.png,dataset/masks/NEG_SOUND_BOLT_0103_0001.exr,dataset/depth/NEG_SOUND_BOLT_0103_0001.exr,dataset/normals/NEG_SOUND_BOLT_0103_0001.exr,,SOUND_BOLT,False,640x480,"{'position_m': [202.29, -5.7408, 12.0], 'target_m': [202.29, -6.672, 12.0]}",0.919,1.97368,0.0,,0.9312,,,,POOR,TRUSS,BASELINE
dataset/images/NEG_SOUND_BOLT_0104_0001.png,dataset/masks/NEG_SOUND_BOLT_0104_0001.exr,dataset/depth/NEG_SOUND_BOLT_0104_0001.exr,dataset/normals/NEG_SOUND_BOLT_0104_0001.exr,,SOUND_BOLT,False,640x480,"{'position_m': [224.93, 5.7408, 11.86], 'target_m': [224.93, 6.672, 11.86]}",0.9157,1.9667,0.0,,0.9312,,,,POOR,TRUSS,BASELINE
dataset/images/NEG_SOUND_BOLT_0105_0001.png,dataset/masks/NEG_SOUND_BOLT_0105_0001.exr,dataset/depth/NEG_SOUND_BOLT_0105_0001.exr,dataset/normals/NEG_SOUND_BOLT_0105_0001.exr,,SOUND_BOLT,False,640x480,"{'position_m': [168.54, -5.7408, 20.72], 'target_m': [168.54, -6.672, 20.72]}",0.9189,1.97368,0.0,,0.9312,,,,POOR,TRUSS,BASELINE
dataset/images/NEG_SOUND_BOLT_0106_0001.png,dataset/masks/NEG_SOUND_BOLT_0106_0001.exr,dataset/depth/NEG_SOUND_BOLT_0106_0001.exr,dataset/normals/NEG_SOUND_BOLT_0106_0001.exr,,SOUND_BOLT,False,640x480,"{'position_m': [135.21, -5.7408, 21.14], 'target_m': [135.21, -6.672, 21.14]}",0.7594,1.63102,51.22,,0.9312,,,,POOR,TRUSS,BASELINE
dataset/images/NEG_SOUND_BOLT_0107_0001.png,dataset/masks/NEG_SOUND_BOLT_0107_0001.exr,dataset/depth/NEG_SOUND_BOLT_0107_0001.exr,dataset/normals/NEG_SOUND_BOLT_0107_0001.exr,,SOUND_BOLT,False,640x480,"{'position_m': [146.18, 5.7408, 12.28], 'target_m': [146.18, 6.672, 12.28]}",0.9157,1.9667,0.0,,0.9312,,,,POOR,TRUSS,BASELINE
dataset/images/NEG_SOUND_BOLT_0108_0001.png,dataset/masks/NEG_SOUND_BOLT_0108_0001.exr,dataset/depth/NEG_SOUND_BOLT_0108_0001.exr,dataset/normals/NEG_SOUND_BOLT_0108_0001.exr,,SOUND_BOLT,False,640x480,"{'position_m': [157.71, 5.7408, 11.86], 'target_m': [157.71, 6.672, 11.86]}",0.9157,1.9667,0.0,,0.9312,,,,POOR,TRUSS,BASELINE
dataset/images/NEG_SOUND_BOLT_0109_0001.png,dataset/masks/NEG_SOUND_BOLT_0109_0001.exr,dataset/depth/NEG_SOUND_BOLT_0109_0001.exr,dataset/normals/NEG_SOUND_BOLT_0109_0001.exr,,SOUND_BOLT,False,640x480,"{'position_m': [163.075, -3.55, 14.9092], 'target_m': [163.075, -3.55, 13.978]}",0.3092,0.66408,2.91,,0.9312,,,,POOR,TRUSS,BASELINE
dataset/images/NEG_SOUND_BOLT_0110_0001.png,dataset/masks/NEG_SOUND_BOLT_0110_0001.exr,dataset/depth/NEG_SOUND_BOLT_0110_0001.exr,dataset/normals/NEG_SOUND_BOLT_0110_0001.exr,,SOUND_BOLT,False,640x480,"{'position_m': [208.175, -0.05, 14.9092], 'target_m': [208.175, -0.05, 13.978]}",0.3092,0.66408,0.78,,0.9312,,,,POOR,TRUSS,BASELINE
dataset/images/NEG_SOUND_BOLT_0111_0001.png,dataset/masks/NEG_SOUND_BOLT_0111_0001.exr,dataset/depth/NEG_SOUND_BOLT_0111_0001.exr,dataset/normals/NEG_SOUND_BOLT_0111_0001.exr,,SOUND_BOLT,False,640x480,"{'position_m': [196.825, -3.45, 14.9092], 'target_m': [196.825, -3.45, 13.978]}",0.3092,0.66408,3.12,,0.9312,,,,POOR,TRUSS,BASELINE
dataset/images/NEG_SOUND_BOLT_0112_0001.png,dataset/masks/NEG_SOUND_BOLT_0112_0001.exr,dataset/depth/NEG_SOUND_BOLT_0112_0001.exr,dataset/normals/NEG_SOUND_BOLT_0112_0001.exr,,SOUND_BOLT,False,640x480,"{'position_m': [185.575, 3.55, 14.9092], 'target_m': [185.575, 3.55, 13.978]}",0.3092,0.66408,0.17,,0.9312,,,,POOR,TRUSS,BASELINE
dataset/images/NEG_SOUND_BOLT_0113_0001.png,dataset/masks/NEG_SOUND_BOLT_0113_0001.exr,dataset/depth/NEG_SOUND_BOLT_0113_0001.exr,dataset/normals/NEG_SOUND_BOLT_0113_0001.exr,,SOUND_BOLT,False,640x480,"{'position_m': [208.175, -3.45, 14.9092], 'target_m': [208.175, -3.45, 13.978]}",0.3092,0.66408,2.11,,0.9312,,,,POOR,TRUSS,BASELINE
dataset/images/NEG_SOUND_BOLT_0114_0001.png,dataset/masks/NEG_SOUND_BOLT_0114_0001.exr,dataset/depth/NEG_SOUND_BOLT_0114_0001.exr,dataset/normals/NEG_SOUND_BOLT_0114_0001.exr,,SOUND_BOLT,False,640x480,"{'position_m': [174.325, 3.45, 14.9092], 'target_m': [174.325, 3.45, 13.978]}",0.3092,0.66408,2.18,,0.9312,,,,POOR,TRUSS,BASELINE
dataset/images/NEG_SOUND_BOLT_0115_0001.png,dataset/masks/NEG_SOUND_BOLT_0115_0001.exr,dataset/depth/NEG_SOUND_BOLT_0115_0001.exr,dataset/normals/NEG_SOUND_BOLT_0115_0001.exr,,SOUND_BOLT,False,640x480,"{'position_m': [185.575, -3.55, 14.9092], 'target_m': [185.575, -3.55, 13.978]}",0.3092,0.66408,1.98,,0.9312,,,,POOR,TRUSS,BASELINE
dataset/images/NEG_SOUND_BOLT_0116_0001.png,dataset/masks/NEG_SOUND_BOLT_0116_0001.exr,dataset/depth/NEG_SOUND_BOLT_0116_0001.exr,dataset/normals/NEG_SOUND_BOLT_0116_0001.exr,,SOUND_BOLT,False,640x480,"{'position_m': [163.175, 0.05, 14.9092], 'target_m': [163.175, 0.05, 13.978]}",0.3092,0.66408,4.89,,0.9312,,,,POOR,TRUSS,BASELINE
dataset/images/NEG_SOUND_BOLT_0117_0001.png,dataset/masks/NEG_SOUND_BOLT_0117_0001.exr,dataset/depth/NEG_SOUND_BOLT_0117_0001.exr,dataset/normals/NEG_SOUND_BOLT_0117_0001.exr,,SOUND_BOLT,False,640x480,"{'position_m': [146.25, -7.9342, 13.2853], 'target_m': [146.25, -7.003, 13.2853]}",0.7092,1.52319,0.0,,0.9312,,,,POOR,TRUSS,BASELINE
dataset/images/NEG_SOUND_BOLT_0118_0001.png,dataset/masks/NEG_SOUND_BOLT_0118_0001.exr,dataset/depth/NEG_SOUND_BOLT_0118_0001.exr,dataset/normals/NEG_SOUND_BOLT_0118_0001.exr,,SOUND_BOLT,False,640x480,"{'position_m': [179.86, 7.9342, 13.2958], 'target_m': [179.86, 7.003, 13.2958]}",0.7092,1.52319,0.0,,0.9312,,,,POOR,TRUSS,BASELINE
dataset/images/NEG_SOUND_BOLT_0119_0001.png,dataset/masks/NEG_SOUND_BOLT_0119_0001.exr,dataset/depth/NEG_SOUND_BOLT_0119_0001.exr,dataset/normals/NEG_SOUND_BOLT_0119_0001.exr,,SOUND_BOLT,False,640x480,"{'position_m': [219.425, 0.05, 14.9092], 'target_m': [219.425, 0.05, 13.978]}",0.3092,0.66408,1.46,,0.9312,,,,POOR,TRUSS,BASELINE
dataset/images/NEG_SOUND_BOLT_0120_0001.png,dataset/masks/NEG_SOUND_BOLT_0120_0001.exr,dataset/depth/NEG_SOUND_BOLT_0120_0001.exr,dataset/normals/NEG_SOUND_BOLT_0120_0001.exr,,SOUND_BOLT,False,640x480,"{'position_m': [168.61, 7.9342, 13.428], 'target_m': [168.61, 7.003, 13.428]}",0.7092,1.52319,0.0,,0.9312,,,,POOR,TRUSS,BASELINE
dataset/images/NEG_SOUND_BOLT_0121_0001.png,dataset/masks/NEG_SOUND_BOLT_0121_0001.exr,dataset/depth/NEG_SOUND_BOLT_0121_0001.exr,dataset/normals/NEG_SOUND_BOLT_0121_0001.exr,,SOUND_BOLT,False,640x480,"{'position_m': [168.75, -7.9342, 13.2947], 'target_m': [168.75, -7.003, 13.2947]}",0.7092,1.52319,0.0,,0.9312,,,,POOR,TRUSS,BASELINE
dataset/images/NEG_SOUND_BOLT_0122_0001.png,dataset/masks/NEG_SOUND_BOLT_0122_0001.exr,dataset/depth/NEG_SOUND_BOLT_0122_0001.exr,dataset/normals/NEG_SOUND_BOLT_0122_0001.exr,,SOUND_BOLT,False,640x480,"{'position_m': [157.5, 7.9342, 13.4245], 'target_m': [157.5, 7.003, 13.4245]}",0.7092,1.52319,0.0,,0.9312,,,,POOR,TRUSS,BASELINE
dataset/images/NEG_SOUND_BOLT_0123_0001.png,dataset/masks/NEG_SOUND_BOLT_0123_0001.exr,dataset/depth/NEG_SOUND_BOLT_0123_0001.exr,dataset/normals/NEG_SOUND_BOLT_0123_0001.exr,,SOUND_BOLT,False,640x480,"{'position_m': [168.61, 7.9342, 13.2947], 'target_m': [168.61, 7.003, 13.2947]}",0.7092,1.52319,0.0,,0.9312,,,,POOR,TRUSS,BASELINE
dataset/images/NEG_SOUND_BOLT_0124_0001.png,dataset/masks/NEG_SOUND_BOLT_0124_0001.exr,dataset/depth/NEG_SOUND_BOLT_0124_0001.exr,dataset/normals/NEG_SOUND_BOLT_0124_0001.exr,,SOUND_BOLT,False,640x480,"{'position_m': [219.425, -0.05, 14.9092], 'target_m': [219.425, -0.05, 13.978]}",0.3092,0.66408,1.12,,0.9312,,,,POOR,TRUSS,BASELINE
dataset/images/NEG_SOUND_BOLT_0125_0001.png,dataset/masks/NEG_SOUND_BOLT_0125_0001.exr,dataset/depth/NEG_SOUND_BOLT_0125_0001.exr,dataset/normals/NEG_SOUND_BOLT_0125_0001.exr,,SOUND_BOLT,False,640x480,"{'position_m': [196.825, 3.45, 14.9092], 'target_m': [196.825, 3.45, 13.978]}",0.3092,0.66408,2.28,,0.9312,,,,POOR,TRUSS,BASELINE
dataset/images/NEG_SOUND_BOLT_0126_0001.png,dataset/masks/NEG_SOUND_BOLT_0126_0001.exr,dataset/depth/NEG_SOUND_BOLT_0126_0001.exr,dataset/normals/NEG_SOUND_BOLT_0126_0001.exr,,SOUND_BOLT,False,640x480,"{'position_m': [180.0, -7.9342, 13.2958], 'target_m': [180.0, -7.003, 13.2958]}",0.7092,1.52319,0.0,,0.9312,,,,POOR,TRUSS,BASELINE
dataset/images/NEG_SOUND_BOLT_0127_0001.png,dataset/masks/NEG_SOUND_BOLT_0127_0001.exr,dataset/depth/NEG_SOUND_BOLT_0127_0001.exr,dataset/normals/NEG_SOUND_BOLT_0127_0001.exr,,SOUND_BOLT,False,640x480,"{'position_m': [191.25, -7.9342, 13.2947], 'target_m': [191.25, -7.003, 13.2947]}",0.7092,1.52319,0.0,,0.9312,,,,POOR,TRUSS,BASELINE
dataset/images/NEG_SOUND_BOLT_0128_0001.png,dataset/masks/NEG_SOUND_BOLT_0128_0001.exr,dataset/depth/NEG_SOUND_BOLT_0128_0001.exr,dataset/normals/NEG_SOUND_BOLT_0128_0001.exr,,SOUND_BOLT,False,640x480,"{'position_m': [180.14, -7.9342, 13.2958], 'target_m': [180.14, -7.003, 13.2958]}",0.7092,1.52319,0.0,,0.9312,,,,POOR,TRUSS,BASELINE
dataset/images/NEG_SOUND_BOLT_0129_0001.png,dataset/masks/NEG_SOUND_BOLT_0129_0001.exr,dataset/depth/NEG_SOUND_BOLT_0129_0001.exr,dataset/normals/NEG_SOUND_BOLT_0129_0001.exr,,SOUND_BOLT,False,640x480,"{'position_m': [163.075, 3.55, 14.9092], 'target_m': [163.075, 3.55, 13.978]}",0.3092,0.66408,2.72,,0.9312,,,,POOR,TRUSS,BASELINE
dataset/images/NEG_SOUND_BOLT_0130_0001.png,dataset/masks/NEG_SOUND_BOLT_0130_0001.exr,dataset/depth/NEG_SOUND_BOLT_0130_0001.exr,dataset/normals/NEG_SOUND_BOLT_0130_0001.exr,,SOUND_BOLT,False,640x480,"{'position_m': [135.14, -7.9342, 13.2771], 'target_m': [135.14, -7.003, 13.2771]}",0.7092,1.52319,0.0,,0.9312,,,,POOR,TRUSS,BASELINE
dataset/images/NEG_SOUND_BOLT_0131_0001.png,dataset/masks/NEG_SOUND_BOLT_0131_0001.exr,dataset/depth/NEG_SOUND_BOLT_0131_0001.exr,dataset/normals/NEG_SOUND_BOLT_0131_0001.exr,,SOUND_BOLT,False,640x480,"{'position_m': [202.57, 7.9342, 13.4245], 'target_m': [202.57, 7.003, 13.4245]}",0.7092,1.52319,0.0,,0.9312,,,,POOR,TRUSS,BASELINE
dataset/images/NEG_SOUND_BOLT_0132_0001.png,dataset/masks/NEG_SOUND_BOLT_0132_0001.exr,dataset/depth/NEG_SOUND_BOLT_0132_0001.exr,dataset/normals/NEG_SOUND_BOLT_0132_0001.exr,,SOUND_BOLT,False,640x480,"{'position_m': [224.93, -7.9342, 13.4104], 'target_m': [224.93, -7.003, 13.4104]}",0.7092,1.52319,0.0,,0.9312,,,,POOR,TRUSS,BASELINE
dataset/images/NEG_SOUND_BOLT_0133_0001.png,dataset/masks/NEG_SOUND_BOLT_0133_0001.exr,dataset/depth/NEG_SOUND_BOLT_0133_0001.exr,dataset/normals/NEG_SOUND_BOLT_0133_0001.exr,,SOUND_BOLT,False,640x480,"{'position_m': [174.325, -3.55, 14.9092], 'target_m': [174.325, -3.55, 13.978]}",0.3092,0.66408,0.87,,0.9312,,,,POOR,TRUSS,BASELINE
dataset/images/NEG_SOUND_BOLT_0134_0001.png,dataset/masks/NEG_SOUND_BOLT_0134_0001.exr,dataset/depth/NEG_SOUND_BOLT_0134_0001.exr,dataset/normals/NEG_SOUND_BOLT_0134_0001.exr,,SOUND_BOLT,False,640x480,"{'position_m': [151.925, -3.45, 14.9092], 'target_m': [151.925, -3.45, 13.978]}",0.3092,0.66408,2.33,,0.9312,,,,POOR,TRUSS,BASELINE
dataset/images/NEG_SOUND_BOLT_0135_0001.png,dataset/masks/NEG_SOUND_BOLT_0135_0001.exr,dataset/depth/NEG_SOUND_BOLT_0135_0001.exr,dataset/normals/NEG_SOUND_BOLT_0135_0001.exr,,SOUND_BOLT,False,640x480,"{'position_m': [140.675, -3.55, 14.9092], 'target_m': [140.675, -3.55, 13.978]}",0.3092,0.66408,1.29,,0.9312,,,,POOR,TRUSS,BASELINE
dataset/images/NEG_SOUND_BOLT_0136_0001.png,dataset/masks/NEG_SOUND_BOLT_0136_0001.exr,dataset/depth/NEG_SOUND_BOLT_0136_0001.exr,dataset/normals/NEG_SOUND_BOLT_0136_0001.exr,,SOUND_BOLT,False,640x480,"{'position_m': [185.575, 0.05, 14.9092], 'target_m': [185.575, 0.05, 13.978]}",0.3092,0.66408,2.12,,0.9312,,,,POOR,TRUSS,BASELINE
dataset/images/NEG_SOUND_BOLT_0137_0001.png,dataset/masks/NEG_SOUND_BOLT_0137_0001.exr,dataset/depth/NEG_SOUND_BOLT_0137_0001.exr,dataset/normals/NEG_SOUND_BOLT_0137_0001.exr,,SOUND_BOLT,False,640x480,"{'position_m': [196.925, 3.45, 14.9092], 'target_m': [196.925, 3.45, 13.978]}",0.3092,0.66408,1.24,,0.9312,,,,POOR,TRUSS,BASELINE
dataset/images/NEG_SOUND_BOLT_0138_0001.png,dataset/masks/NEG_SOUND_BOLT_0138_0001.exr,dataset/depth/NEG_SOUND_BOLT_0138_0001.exr,dataset/normals/NEG_SOUND_BOLT_0138_0001.exr,,SOUND_BOLT,False,640x480,"{'position_m': [185.675, -0.05, 14.9092], 'target_m': [185.675, -0.05, 13.978]}",0.3092,0.66408,2.62,,0.9312,,,,POOR,TRUSS,BASELINE
dataset/images/NEG_SOUND_BOLT_0139_0001.png,dataset/masks/NEG_SOUND_BOLT_0139_0001.exr,dataset/depth/NEG_SOUND_BOLT_0139_0001.exr,dataset/normals/NEG_SOUND_BOLT_0139_0001.exr,,SOUND_BOLT,False,640x480,"{'position_m': [163.175, -3.45, 14.9092], 'target_m': [163.175, -3.45, 13.978]}",0.3092,0.66408,2.45,,0.9312,,,,POOR,TRUSS,BASELINE
dataset/images/NEG_SOUND_BOLT_0140_0001.png,dataset/masks/NEG_SOUND_BOLT_0140_0001.exr,dataset/depth/NEG_SOUND_BOLT_0140_0001.exr,dataset/normals/NEG_SOUND_BOLT_0140_0001.exr,,SOUND_BOLT,False,640x480,"{'position_m': [163.175, 3.55, 14.9092], 'target_m': [163.175, 3.55, 13.978]}",0.3092,0.66408,3.55,,0.9312,,,,POOR,TRUSS,BASELINE
dataset/images/NEG_SOUND_BOLT_0141_0001.png,dataset/masks/NEG_SOUND_BOLT_0141_0001.exr,dataset/depth/NEG_SOUND_BOLT_0141_0001.exr,dataset/normals/NEG_SOUND_BOLT_0141_0001.exr,,SOUND_BOLT,False,640x480,"{'position_m': [146.39, -7.9342, 13.2853], 'target_m': [146.39, -7.003, 13.2853]}",0.7092,1.52319,0.0,,0.9312,,,,POOR,TRUSS,BASELINE
dataset/images/NEG_SOUND_BOLT_0142_0001.png,dataset/masks/NEG_SOUND_BOLT_0142_0001.exr,dataset/depth/NEG_SOUND_BOLT_0142_0001.exr,dataset/normals/NEG_SOUND_BOLT_0142_0001.exr,,SOUND_BOLT,False,640x480,"{'position_m': [168.89, -7.9342, 13.428], 'target_m': [168.89, -7.003, 13.428]}",0.7092,1.52319,0.0,,0.9312,,,,POOR,TRUSS,BASELINE
dataset/images/NEG_SOUND_BOLT_0143_0001.png,dataset/masks/NEG_SOUND_BOLT_0143_0001.exr,dataset/depth/NEG_SOUND_BOLT_0143_0001.exr,dataset/normals/NEG_SOUND_BOLT_0143_0001.exr,,SOUND_BOLT,False,640x480,"{'position_m': [202.43, 7.9342, 13.4245], 'target_m': [202.43, 7.003, 13.4245]}",0.7092,1.52319,0.0,,0.9312,,,,POOR,TRUSS,BASELINE
dataset/images/NEG_SOUND_BOLT_0144_0001.png,dataset/masks/NEG_SOUND_BOLT_0144_0001.exr,dataset/depth/NEG_SOUND_BOLT_0144_0001.exr,dataset/normals/NEG_SOUND_BOLT_0144_0001.exr,,SOUND_BOLT,False,640x480,"{'position_m': [219.425, -3.45, 14.9092], 'target_m': [219.425, -3.45, 13.978]}",0.3092,0.66408,0.2,,0.9312,,,,POOR,TRUSS,BASELINE
dataset/images/NEG_SOUND_BOLT_0145_0001.png,dataset/masks/NEG_SOUND_BOLT_0145_0001.exr,dataset/depth/NEG_SOUND_BOLT_0145_0001.exr,dataset/normals/NEG_SOUND_BOLT_0145_0001.exr,,SOUND_BOLT,False,640x480,"{'position_m': [202.43, -7.9342, 13.4245], 'target_m': [202.43, -7.003, 13.4245]}",0.7092,1.52319,0.0,,0.9312,,,,POOR,TRUSS,BASELINE
dataset/images/NEG_SOUND_BOLT_0146_0001.png,dataset/masks/NEG_SOUND_BOLT_0146_0001.exr,dataset/depth/NEG_SOUND_BOLT_0146_0001.exr,dataset/normals/NEG_SOUND_BOLT_0146_0001.exr,,SOUND_BOLT,False,640x480,"{'position_m': [213.68, -7.9342, 13.4186], 'target_m': [213.68, -7.003, 13.4186]}",0.7092,1.52319,0.0,,0.9312,,,,POOR,TRUSS,BASELINE
dataset/images/NEG_SOUND_BOLT_0147_0001.png,dataset/masks/NEG_SOUND_BOLT_0147_0001.exr,dataset/depth/NEG_SOUND_BOLT_0147_0001.exr,dataset/normals/NEG_SOUND_BOLT_0147_0001.exr,,SOUND_BOLT,False,640x480,"{'position_m': [202.43, 7.9342, 13.2911], 'target_m': [202.43, 7.003, 13.2911]}",0.7092,1.52319,0.0,,0.9312,,,,POOR,TRUSS,BASELINE
dataset/images/NEG_SOUND_BOLT_0148_0001.png,dataset/masks/NEG_SOUND_BOLT_0148_0001.exr,dataset/depth/NEG_SOUND_BOLT_0148_0001.exr,dataset/normals/NEG_SOUND_BOLT_0148_0001.exr,,SOUND_BOLT,False,640x480,"{'position_m': [185.575, -0.05, 14.9092], 'target_m': [185.575, -0.05, 13.978]}",0.3092,0.66408,0.99,,0.9312,,,,POOR,TRUSS,BASELINE
dataset/images/NEG_SOUND_BOLT_0149_0001.png,dataset/masks/NEG_SOUND_BOLT_0149_0001.exr,dataset/depth/NEG_SOUND_BOLT_0149_0001.exr,dataset/normals/NEG_SOUND_BOLT_0149_0001.exr,,SOUND_BOLT,False,640x480,"{'position_m': [174.425, 3.45, 14.9092], 'target_m': [174.425, 3.45, 13.978]}",0.3092,0.66408,3.2,,0.9312,,,,POOR,TRUSS,BASELINE
dataset/images/NEG_SOUND_BOLT_0150_0001.png,dataset/masks/NEG_SOUND_BOLT_0150_0001.exr,dataset/depth/NEG_SOUND_BOLT_0150_0001.exr,dataset/normals/NEG_SOUND_BOLT_0150_0001.exr,,SOUND_BOLT,False,640x480,"{'position_m': [157.36, 7.9342, 13.4245], 'target_m': [157.36, 7.003, 13.4245]}",0.7092,1.52319,0.0,,0.9312,,,,POOR,TRUSS,BASELINE
dataset/images/NEG_SOUND_BOLT_0151_0001.png,dataset/masks/NEG_SOUND_BOLT_0151_0001.exr,dataset/depth/NEG_SOUND_BOLT_0151_0001.exr,dataset/normals/NEG_SOUND_BOLT_0151_0001.exr,,SOUND_BOLT,False,640x480,"{'position_m': [196.825, 0.05, 14.9092], 'target_m': [196.825, 0.05, 13.978]}",0.3092,0.66408,1.91,,0.9312,,,,POOR,TRUSS,BASELINE
dataset/images/NEG_SOUND_BOLT_0152_0001.png,dataset/masks/NEG_SOUND_BOLT_0152_0001.exr,dataset/depth/NEG_SOUND_BOLT_0152_0001.exr,dataset/normals/NEG_SOUND_BOLT_0152_0001.exr,,SOUND_BOLT,False,640x480,"{'position_m': [163.075, -3.45, 14.9092], 'target_m': [163.075, -3.45, 13.978]}",0.3092,0.66408,2.26,,0.9312,,,,POOR,TRUSS,BASELINE
dataset/images/NEG_SOUND_BOLT_0153_0001.png,dataset/masks/NEG_SOUND_BOLT_0153_0001.exr,dataset/depth/NEG_SOUND_BOLT_0153_0001.exr,dataset/normals/NEG_SOUND_BOLT_0153_0001.exr,,SOUND_BOLT,False,640x480,"{'position_m': [196.825, 3.55, 14.9092], 'target_m': [196.825, 3.55, 13.978]}",0.3092,0.66408,1.61,,0.9312,,,,POOR,TRUSS,BASELINE
dataset/images/NEG_SOUND_BOLT_0154_0001.png,dataset/masks/NEG_SOUND_BOLT_0154_0001.exr,dataset/depth/NEG_SOUND_BOLT_0154_0001.exr,dataset/normals/NEG_SOUND_BOLT_0154_0001.exr,,SOUND_BOLT,False,640x480,"{'position_m': [213.82, -7.9342, 13.2853], 'target_m': [213.82, -7.003, 13.2853]}",0.7092,1.52319,0.0,,0.9312,,,,POOR,TRUSS,BASELINE
dataset/images/NEG_SOUND_BOLT_0155_0001.png,dataset/masks/NEG_SOUND_BOLT_0155_0001.exr,dataset/depth/NEG_SOUND_BOLT_0155_0001.exr,dataset/normals/NEG_SOUND_BOLT_0155_0001.exr,,SOUND_BOLT,False,640x480,"{'position_m': [134.86, -7.9342, 13.2771], 'target_m': [134.86, -7.003, 13.2771]}",0.7092,1.52319,0.0,,0.9312,,,,POOR,TRUSS,BASELINE
dataset/images/NEG_SOUND_BOLT_0156_0001.png,dataset/masks/NEG_SOUND_BOLT_0156_0001.exr,dataset/depth/NEG_SOUND_BOLT_0156_0001.exr,dataset/normals/NEG_SOUND_BOLT_0156_0001.exr,,SOUND_BOLT,False,640x480,"{'position_m': [224.93, -7.9342, 13.2771], 'target_m': [224.93, -7.003, 13.2771]}",0.7092,1.52319,0.0,,0.9312,,,,POOR,TRUSS,BASELINE
dataset/images/NEG_SOUND_BOLT_0157_0001.png,dataset/masks/NEG_SOUND_BOLT_0157_0001.exr,dataset/depth/NEG_SOUND_BOLT_0157_0001.exr,dataset/normals/NEG_SOUND_BOLT_0157_0001.exr,,SOUND_BOLT,False,640x480,"{'position_m': [146.32, -1.0849, 12.0], 'target_m': [146.32, -6.672, 12.0]}",5.5817,11.98802,0.0,,5.5871,,,,POOR,TRUSS,BASELINE
dataset/images/NEG_SOUND_BOLT_0158_0001.png,dataset/masks/NEG_SOUND_BOLT_0158_0001.exr,dataset/depth/NEG_SOUND_BOLT_0158_0001.exr,dataset/normals/NEG_SOUND_BOLT_0158_0001.exr,,SOUND_BOLT,False,640x480,"{'position_m': [134.93, 1.0849, 21.0], 'target_m': [134.93, 6.672, 21.0]}",5.0566,10.86029,28.0,,5.5871,,,,POOR,TRUSS,BASELINE
dataset/images/NEG_SOUND_BOLT_0159_0001.png,dataset/masks/NEG_SOUND_BOLT_0159_0001.exr,dataset/depth/NEG_SOUND_BOLT_0159_0001.exr,dataset/normals/NEG_SOUND_BOLT_0159_0001.exr,,SOUND_BOLT,False,640x480,"{'position_m': [168.96, -1.0849, 21.28], 'target_m': [168.96, -6.672, 21.28]}",5.5844,11.99398,0.0,,5.5871,,,,POOR,TRUSS,BASELINE
dataset/images/NEG_SOUND_BOLT_0160_0001.png,dataset/masks/NEG_SOUND_BOLT_0160_0001.exr,dataset/depth/NEG_SOUND_BOLT_0160_0001.exr,dataset/normals/NEG_SOUND_BOLT_0160_0001.exr,,SOUND_BOLT,False,640x480,"{'position_m': [157.43, 1.0849, 11.72], 'target_m': [157.43, 6.672, 11.72]}",5.5817,11.98802,0.0,,5.5871,,,,POOR,TRUSS,BASELINE
dataset/images/NEG_SOUND_BOLT_0161_0001.png,dataset/masks/NEG_SOUND_BOLT_0161_0001.exr,dataset/depth/NEG_SOUND_BOLT_0161_0001.exr,dataset/normals/NEG_SOUND_BOLT_0161_0001.exr,,SOUND_BOLT,False,640x480,"{'position_m': [213.54, 1.0849, 11.72], 'target_m': [213.54, 6.672, 11.72]}",5.5817,11.98802,0.0,,5.5871,,,,POOR,TRUSS,BASELINE
dataset/images/NEG_SOUND_BOLT_0162_0001.png,dataset/masks/NEG_SOUND_BOLT_0162_0001.exr,dataset/depth/NEG_SOUND_BOLT_0162_0001.exr,dataset/normals/NEG_SOUND_BOLT_0162_0001.exr,,SOUND_BOLT,False,640x480,"{'position_m': [202.71, 1.0849, 20.86], 'target_m': [202.71, 6.672, 20.86]}",5.4654,11.73838,32.69,,5.5871,,,,POOR,TRUSS,BASELINE
dataset/images/NEG_SOUND_BOLT_0163_0001.png,dataset/masks/NEG_SOUND_BOLT_0163_0001.exr,dataset/depth/NEG_SOUND_BOLT_0163_0001.exr,dataset/normals/NEG_SOUND_BOLT_0163_0001.exr,,SOUND_BOLT,False,640x480,"{'position_m': [146.18, -1.0849, 12.28], 'target_m': [146.18, -6.672, 12.28]}",5.5817,11.98802,0.0,,5.5871,,,,POOR,TRUSS,BASELINE
dataset/images/NEG_SOUND_BOLT_0164_0001.png,dataset/masks/NEG_SOUND_BOLT_0164_0001.exr,dataset/depth/NEG_SOUND_BOLT_0164_0001.exr,dataset/normals/NEG_SOUND_BOLT_0164_0001.exr,,SOUND_BOLT,False,640x480,"{'position_m': [135.07, -1.0849, 12.14], 'target_m': [135.07, -6.672, 12.14]}",1.4401,3.09298,0.0,,5.5871,,,,POOR,TRUSS,BASELINE
dataset/images/NEG_SOUND_BOLT_0165_0001.png,dataset/masks/NEG_SOUND_BOLT_0165_0001.exr,dataset/depth/NEG_SOUND_BOLT_0165_0001.exr,dataset/normals/NEG_SOUND_BOLT_0165_0001.exr,,SOUND_BOLT,False,640x480,"{'position_m': [213.54, 1.0849, 21.14], 'target_m': [213.54, 6.672, 21.14]}",5.4216,11.64419,48.25,,5.5871,,,,POOR,TRUSS,BASELINE
dataset/images/NEG_SOUND_BOLT_0166_0001.png,dataset/masks/NEG_SOUND_BOLT_0166_0001.exr,dataset/depth/NEG_SOUND_BOLT_0166_0001.exr,dataset/normals/NEG_SOUND_BOLT_0166_0001.exr,,SOUND_BOLT,False,640x480,"{'position_m': [213.82, -1.0849, 21.0], 'target_m': [213.82, -6.672, 21.0]}",5.5817,11.98802,5.61,,5.5871,,,,POOR,TRUSS,BASELINE
dataset/images/NEG_SOUND_BOLT_0167_0001.png,dataset/masks/NEG_SOUND_BOLT_0167_0001.exr,dataset/depth/NEG_SOUND_BOLT_0167_0001.exr,dataset/normals/NEG_SOUND_BOLT_0167_0001.exr,,SOUND_BOLT,False,640x480,"{'position_m': [157.29, -1.0849, 11.72], 'target_m': [157.29, -6.672, 11.72]}",5.5817,11.98802,0.0,,5.5871,,,,POOR,TRUSS,BASELINE
dataset/images/NEG_SOUND_BOLT_0168_0001.png,dataset/masks/NEG_SOUND_BOLT_0168_0001.exr,dataset/depth/NEG_SOUND_BOLT_0168_0001.exr,dataset/normals/NEG_SOUND_BOLT_0168_0001.exr,,SOUND_BOLT,False,640x480,"{'position_m': [157.43, 1.0849, 21.28], 'target_m': [157.43, 6.672, 21.28]}",5.5817,11.98802,0.0,,5.5871,,,,POOR,TRUSS,BASELINE
dataset/images/NEG_SOUND_BOLT_0169_0001.png,dataset/masks/NEG_SOUND_BOLT_0169_0001.exr,dataset/depth/NEG_SOUND_BOLT_0169_0001.exr,dataset/normals/NEG_SOUND_BOLT_0169_0001.exr,,SOUND_BOLT,False,640x480,"{'position_m': [213.68, -1.0849, 12.28], 'target_m': [213.68, -6.672, 12.28]}",5.5844,11.99398,0.0,,5.5871,,,,POOR,TRUSS,BASELINE
dataset/images/NEG_SOUND_BOLT_0170_0001.png,dataset/masks/NEG_SOUND_BOLT_0170_0001.exr,dataset/depth/NEG_SOUND_BOLT_0170_0001.exr,dataset/normals/NEG_SOUND_BOLT_0170_0001.exr,,SOUND_BOLT,False,640x480,"{'position_m': [157.43, -1.0849, 12.28], 'target_m': [157.43, -6.672, 12.28]}",5.5817,11.98802,0.0,,5.5871,,,,POOR,TRUSS,BASELINE
dataset/images/NEG_SOUND_BOLT_0171_0001.png,dataset/masks/NEG_SOUND_BOLT_0171_0001.exr,dataset/depth/NEG_SOUND_BOLT_0171_0001.exr,dataset/normals/NEG_SOUND_BOLT_0171_0001.exr,,SOUND_BOLT,False,640x480,"{'position_m': [179.79, -1.0849, 11.86], 'target_m': [179.79, -6.672, 11.86]}",5.5817,11.98802,0.0,,5.5871,,,,POOR,TRUSS,BASELINE
dataset/images/NEG_SOUND_BOLT_0172_0001.png,dataset/masks/NEG_SOUND_BOLT_0172_0001.exr,dataset/depth/NEG_SOUND_BOLT_0172_0001.exr,dataset/normals/NEG_SOUND_BOLT_0172_0001.exr,,SOUND_BOLT,False,640x480,"{'position_m': [146.46, -1.0849, 20.86], 'target_m': [146.46, -6.672, 20.86]}",5.4751,11.75911,32.69,,5.5871,,,,POOR,TRUSS,BASELINE
dataset/images/NEG_SOUND_BOLT_0173_0001.png,dataset/masks/NEG_SOUND_BOLT_0173_0001.exr,dataset/depth/NEG_SOUND_BOLT_0173_0001.exr,dataset/normals/NEG_SOUND_BOLT_0173_0001.exr,,SOUND_BOLT,False,640x480,"{'position_m': [191.32, -1.0849, 12.14], 'target_m': [191.32, -6.672, 12.14]}",5.5817,11.98802,0.0,,5.5871,,,,POOR,TRUSS,BASELINE
dataset/images/NEG_SOUND_BOLT_0174_0001.png,dataset/masks/NEG_SOUND_BOLT_0174_0001.exr,dataset/depth/NEG_SOUND_BOLT_0174_0001.exr,dataset/normals/NEG_SOUND_BOLT_0174_0001.exr,,SOUND_BOLT,False,640x480,"{'position_m': [224.93, -1.0849, 11.86], 'target_m': [224.93, -6.672, 11.86]}",5.5817,11.98802,0.0,,5.5871,,,,POOR,TRUSS,BASELINE
dataset/images/NEG_SOUND_BOLT_0175_0001.png,dataset/masks/NEG_SOUND_BOLT_0175_0001.exr,dataset/depth/NEG_SOUND_BOLT_0175_0001.exr,dataset/normals/NEG_SOUND_BOLT_0175_0001.exr,,SOUND_BOLT,False,640x480,"{'position_m': [168.82, 1.0849, 21.14], 'target_m': [168.82, 6.672, 21.14]}",5.5741,11.97185,19.53,,5.5871,,,,POOR,TRUSS,BASELINE
dataset/images/NEG_SOUND_BOLT_0176_0001.png,dataset/masks/NEG_SOUND_BOLT_0176_0001.exr,dataset/depth/NEG_SOUND_BOLT_0176_0001.exr,dataset/normals/NEG_SOUND_BOLT_0176_0001.exr,,SOUND_BOLT,False,640x480,"{'position_m': [134.79, -1.0849, 11.72], 'target_m': [134.79, -6.672, 11.72]}",4.595,9.86892,27.3,,5.5871,,,,POOR,TRUSS,BASELINE
dataset/images/NEG_SOUND_BOLT_0177_0001.png,dataset/masks/NEG_SOUND_BOLT_0177_0001.exr,dataset/depth/NEG_SOUND_BOLT_0177_0001.exr,dataset/normals/NEG_SOUND_BOLT_0177_0001.exr,,SOUND_BOLT,False,640x480,"{'position_m': [180.21, -1.0849, 12.14], 'target_m': [180.21, -6.672, 12.14]}",5.5817,11.98802,0.0,,5.5871,,,,POOR,TRUSS,BASELINE
dataset/images/NEG_SOUND_BOLT_0178_0001.png,dataset/masks/NEG_SOUND_BOLT_0178_0001.exr,dataset/depth/NEG_SOUND_BOLT_0178_0001.exr,dataset/normals/NEG_SOUND_BOLT_0178_0001.exr,,SOUND_BOLT,False,640x480,"{'position_m': [157.29, 1.0849, 21.14], 'target_m': [157.29, 6.672, 21.14]}",5.4216,11.64419,48.25,,5.5871,,,,POOR,TRUSS,BASELINE
dataset/images/NEG_SOUND_BOLT_0179_0001.png,dataset/masks/NEG_SOUND_BOLT_0179_0001.exr,dataset/depth/NEG_SOUND_BOLT_0179_0001.exr,dataset/normals/NEG_SOUND_BOLT_0179_0001.exr,,SOUND_BOLT,False,640x480,"{'position_m': [180.07, -1.0849, 11.72], 'target_m': [180.07, -6.672, 11.72]}",5.5817,11.98802,0.0,,5.5871,,,,POOR,TRUSS,BASELINE
dataset/images/NEG_SOUND_BOLT_0180_0001.png,dataset/masks/NEG_SOUND_BOLT_0180_0001.exr,dataset/depth/NEG_SOUND_BOLT_0180_0001.exr,dataset/normals/NEG_SOUND_BOLT_0180_0001.exr,,SOUND_BOLT,False,640x480,"{'position_m': [202.43, 1.0849, 12.28], 'target_m': [202.43, 6.672, 12.28]}",5.5817,11.98802,0.0,,5.5871,,,,POOR,TRUSS,BASELINE
dataset/images/NEG_SOUND_BOLT_0181_0001.png,dataset/masks/NEG_SOUND_BOLT_0181_0001.exr,dataset/depth/NEG_SOUND_BOLT_0181_0001.exr,dataset/normals/NEG_SOUND_BOLT_0181_0001.exr,,SOUND_BOLT,False,640x480,"{'position_m': [213.54, 1.0849, 21.28], 'target_m': [213.54, 6.672, 21.28]}",5.5817,11.98802,0.0,,5.5871,,,,POOR,TRUSS,BASELINE
dataset/images/NEG_SOUND_BOLT_0182_0001.png,dataset/masks/NEG_SOUND_BOLT_0182_0001.exr,dataset/depth/NEG_SOUND_BOLT_0182_0001.exr,dataset/normals/NEG_SOUND_BOLT_0182_0001.exr,,SOUND_BOLT,False,640x480,"{'position_m': [134.79, -1.0849, 21.14], 'target_m': [134.79, -6.672, 21.14]}",5.5817,11.98802,0.0,,5.5871,,,,POOR,TRUSS,BASELINE
dataset/images/NEG_SOUND_BOLT_0183_0001.png,dataset/masks/NEG_SOUND_BOLT_0183_0001.exr,dataset/depth/NEG_SOUND_BOLT_0183_0001.exr,dataset/normals/NEG_SOUND_BOLT_0183_0001.exr,,SOUND_BOLT,False,640x480,"{'position_m': [225.07, -1.0849, 12.14], 'target_m': [225.07, -6.672, 12.14]}",5.5817,11.98802,0.0,,5.5871,,,,POOR,TRUSS,BASELINE
dataset/images/NEG_SOUND_BOLT_0184_0001.png,dataset/masks/NEG_SOUND_BOLT_0184_0001.exr,dataset/depth/NEG_SOUND_BOLT_0184_0001.exr,dataset/normals/NEG_SOUND_BOLT_0184_0001.exr,,SOUND_BOLT,False,640x480,"{'position_m': [146.46, 1.0849, 12.0], 'target_m': [146.46, 6.672, 12.0]}",5.5817,11.98802,0.0,,5.5871,,,,POOR,TRUSS,BASELINE
dataset/images/NEG_SOUND_BOLT_0185_0001.png,dataset/masks/NEG_SOUND_BOLT_0185_0001.exr,dataset/depth/NEG_SOUND_BOLT_0185_0001.exr,dataset/normals/NEG_SOUND_BOLT_0185_0001.exr,,SOUND_BOLT,False,640x480,"{'position_m': [191.18, 1.0849, 12.28], 'target_m': [191.18, 6.672, 12.28]}",5.5817,11.98802,0.0,,5.5871,,,,POOR,TRUSS,BASELINE
dataset/images/NEG_SOUND_BOLT_0186_0001.png,dataset/masks/NEG_SOUND_BOLT_0186_0001.exr,dataset/depth/NEG_SOUND_BOLT_0186_0001.exr,dataset/normals/NEG_SOUND_BOLT_0186_0001.exr,,SOUND_BOLT,False,640x480,"{'position_m': [202.71, 1.0849, 20.72], 'target_m': [202.71, 6.672, 20.72]}",5.5817,11.98802,0.0,,5.5871,,,,POOR,TRUSS,BASELINE
dataset/images/NEG_SOUND_BOLT_0187_0001.png,dataset/masks/NEG_SOUND_BOLT_0187_0001.exr,dataset/depth/NEG_SOUND_BOLT_0187_0001.exr,dataset/normals/NEG_SOUND_BOLT_0187_0001.exr,,SOUND_BOLT,False,640x480,"{'position_m': [146.32, -1.0849, 21.28], 'target_m': [146.32, -6.672, 21.28]}",5.5817,11.98802,0.0,,5.5871,,,,POOR,TRUSS,BASELINE
dataset/images/NEG_SOUND_BOLT_0188_0001.png,dataset/masks/NEG_SOUND_BOLT_0188_0001.exr,dataset/depth/NEG_SOUND_BOLT_0188_0001.exr,dataset/normals/NEG_SOUND_BOLT_0188_0001.exr,,SOUND_BOLT,False,640x480,"{'position_m': [168.96, 1.0849, 12.14], 'target_m': [168.96, 6.672, 12.14]}",5.5844,11.99398,0.0,,5.5871,,,,POOR,TRUSS,BASELINE
dataset/images/NEG_SOUND_BOLT_0189_0001.png,dataset/masks/NEG_SOUND_BOLT_0189_0001.exr,dataset/depth/NEG_SOUND_BOLT_0189_0001.exr,dataset/normals/NEG_SOUND_BOLT_0189_0001.exr,,SOUND_BOLT,False,640x480,"{'position_m': [135.07, 1.0849, 11.86], 'target_m': [135.07, 6.672, 11.86]}",4.667,10.02347,26.93,,5.5871,,,,POOR,TRUSS,BASELINE
dataset/images/NEG_SOUND_BOLT_0190_0001.png,dataset/masks/NEG_SOUND_BOLT_0190_0001.exr,dataset/depth/NEG_SOUND_BOLT_0190_0001.exr,dataset/normals/NEG_SOUND_BOLT_0190_0001.exr,,SOUND_BOLT,False,640x480,"{'position_m': [135.07, -1.0849, 11.72], 'target_m': [135.07, -6.672, 11.72]}",4.595,9.86892,27.48,,5.5871,,,,POOR,TRUSS,BASELINE
dataset/images/NEG_SOUND_BOLT_0191_0001.png,dataset/masks/NEG_SOUND_BOLT_0191_0001.exr,dataset/depth/NEG_SOUND_BOLT_0191_0001.exr,dataset/normals/NEG_SOUND_BOLT_0191_0001.exr,,SOUND_BOLT,False,640x480,"{'position_m': [202.57, 1.0849, 11.86], 'target_m': [202.57, 6.672, 11.86]}",5.5817,11.98802,0.0,,5.5871,,,,POOR,TRUSS,BASELINE
dataset/images/NEG_SOUND_BOLT_0192_0001.png,dataset/masks/NEG_SOUND_BOLT_0192_0001.exr,dataset/depth/NEG_SOUND_BOLT_0192_0001.exr,dataset/normals/NEG_SOUND_BOLT_0192_0001.exr,,SOUND_BOLT,False,640x480,"{'position_m': [191.46, 1.0849, 12.0], 'target_m': [191.46, 6.672, 12.0]}",5.5817,11.98802,0.0,,5.5871,,,,POOR,TRUSS,BASELINE
dataset/images/NEG_SOUND_BOLT_0193_0001.png,dataset/masks/NEG_SOUND_BOLT_0193_0001.exr,dataset/depth/NEG_SOUND_BOLT_0193_0001.exr,dataset/normals/NEG_SOUND_BOLT_0193_0001.exr,,SOUND_BOLT,False,640x480,"{'position_m': [213.96, 1.0849, 11.72], 'target_m': [213.96, 6.672, 11.72]}",5.5817,11.98802,0.0,,5.5871,,,,POOR,TRUSS,BASELINE
dataset/images/NEG_SOUND_BOLT_0194_0001.png,dataset/masks/NEG_SOUND_BOLT_0194_0001.exr,dataset/depth/NEG_SOUND_BOLT_0194_0001.exr,dataset/normals/NEG_SOUND_BOLT_0194_0001.exr,,SOUND_BOLT,False,640x480,"{'position_m': [202.43, -1.0849, 20.86], 'target_m': [202.43, -6.672, 20.86]}",5.5768,11.97756,12.61,,5.5871,,,,POOR,TRUSS,BASELINE
dataset/images/NEG_SOUND_BOLT_0195_0001.png,dataset/masks/NEG_SOUND_BOLT_0195_0001.exr,dataset/depth/NEG_SOUND_BOLT_0195_0001.exr,dataset/normals/NEG_SOUND_BOLT_0195_0001.exr,,SOUND_BOLT,False,640x480,"{'position_m': [224.93, -1.0849, 12.14], 'target_m': [224.93, -6.672, 12.14]}",5.5817,11.98802,0.0,,5.5871,,,,POOR,TRUSS,BASELINE
dataset/images/NEG_SOUND_BOLT_0196_0001.png,dataset/masks/NEG_SOUND_BOLT_0196_0001.exr,dataset/depth/NEG_SOUND_BOLT_0196_0001.exr,dataset/normals/NEG_SOUND_BOLT_0196_0001.exr,,SOUND_BOLT,False,640x480,"{'position_m': [157.71, 1.0849, 21.0], 'target_m': [157.71, 6.672, 21.0]}",5.4071,11.61308,51.22,,5.5871,,,,POOR,TRUSS,BASELINE
dataset/images/NEG_SOUND_BOLT_0197_0001.png,dataset/masks/NEG_SOUND_BOLT_0197_0001.exr,dataset/depth/NEG_SOUND_BOLT_0197_0001.exr,dataset/normals/NEG_SOUND_BOLT_0197_0001.exr,,SOUND_BOLT,False,640x480,"{'position_m': [224.93, -1.0849, 21.0], 'target_m': [224.93, -6.672, 21.0]}",3.9944,8.57898,62.0,,5.5871,,,,POOR,TRUSS,BASELINE
dataset/images/NEG_SOUND_BOLT_0198_0001.png,dataset/masks/NEG_SOUND_BOLT_0198_0001.exr,dataset/depth/NEG_SOUND_BOLT_0198_0001.exr,dataset/normals/NEG_SOUND_BOLT_0198_0001.exr,,SOUND_BOLT,False,640x480,"{'position_m': [180.21, -1.0849, 21.0], 'target_m': [180.21, -6.672, 21.0]}",5.4216,11.64419,51.22,,5.5871,,,,POOR,TRUSS,BASELINE
dataset/images/NEG_SOUND_BOLT_0199_0001.png,dataset/masks/NEG_SOUND_BOLT_0199_0001.exr,dataset/depth/NEG_SOUND_BOLT_0199_0001.exr,dataset/normals/NEG_SOUND_BOLT_0199_0001.exr,,SOUND_BOLT,False,640x480,"{'position_m': [202.29, 1.0849, 12.14], 'target_m': [202.29, 6.672, 12.14]}",5.5817,11.98802,0.0,,5.5871,,,,POOR,TRUSS,BASELINE
dataset/images/NEG_SOUND_BOLT_0200_0001.png,dataset/masks/NEG_SOUND_BOLT_0200_0001.exr,dataset/depth/NEG_SOUND_BOLT_0200_0001.exr,dataset/normals/NEG_SOUND_BOLT_0200_0001.exr,,SOUND_BOLT,False,640x480,"{'position_m': [135.07, -1.0849, 21.0], 'target_m': [135.07, -6.672, 21.0]}",5.0566,10.86029,28.0,,5.5871,,,,POOR,TRUSS,BASELINE
dataset/images/NEG_SOUND_BOLT_0201_0001.png,dataset/masks/NEG_SOUND_BOLT_0201_0001.exr,dataset/depth/NEG_SOUND_BOLT_0201_0001.exr,dataset/normals/NEG_SOUND_BOLT_0201_0001.exr,,SOUND_BOLT,False,640x480,"{'position_m': [202.43, -1.0849, 21.28], 'target_m': [202.43, -6.672, 21.28]}",5.5817,11.98802,0.0,,5.5871,,,,POOR,TRUSS,BASELINE
dataset/images/NEG_SOUND_BOLT_0202_0001.png,dataset/masks/NEG_SOUND_BOLT_0202_0001.exr,dataset/depth/NEG_SOUND_BOLT_0202_0001.exr,dataset/normals/NEG_SOUND_BOLT_0202_0001.exr,,SOUND_BOLT,False,640x480,"{'position_m': [202.71, 1.0849, 12.14], 'target_m': [202.71, 6.672, 12.14]}",5.5817,11.98802,0.0,,5.5871,,,,POOR,TRUSS,BASELINE
dataset/images/NEG_SOUND_BOLT_0203_0001.png,dataset/masks/NEG_SOUND_BOLT_0203_0001.exr,dataset/depth/NEG_SOUND_BOLT_0203_0001.exr,dataset/normals/NEG_SOUND_BOLT_0203_0001.exr,,SOUND_BOLT,False,640x480,"{'position_m': [157.71, -1.0849, 20.86], 'target_m': [157.71, -6.672, 20.86]}",5.4751,11.75911,32.69,,5.5871,,,,POOR,TRUSS,BASELINE
dataset/images/NEG_SOUND_BOLT_0204_0001.png,dataset/masks/NEG_SOUND_BOLT_0204_0001.exr,dataset/depth/NEG_SOUND_BOLT_0204_0001.exr,dataset/normals/NEG_SOUND_BOLT_0204_0001.exr,,SOUND_BOLT,False,640x480,"{'position_m': [179.79, -1.0849, 21.14], 'target_m': [179.79, -6.672, 21.14]}",5.4071,11.61308,48.25,,5.5871,,,,POOR,TRUSS,BASELINE
dataset/images/NEG_SOUND_BOLT_0205_0001.png,dataset/masks/NEG_SOUND_BOLT_0205_0001.exr,dataset/depth/NEG_SOUND_BOLT_0205_0001.exr,dataset/normals/NEG_SOUND_BOLT_0205_0001.exr,,SOUND_BOLT,False,640x480,"{'position_m': [157.64, -12.5901, 13.4245], 'target_m': [157.64, -7.003, 13.4245]}",5.3651,11.52291,0.0,,5.5871,,,,POOR,TRUSS,BASELINE
dataset/images/NEG_SOUND_BOLT_0206_0001.png,dataset/masks/NEG_SOUND_BOLT_0206_0001.exr,dataset/depth/NEG_SOUND_BOLT_0206_0001.exr,dataset/normals/NEG_SOUND_BOLT_0206_0001.exr,,SOUND_BOLT,False,640x480,"{'position_m': [168.89, 12.5901, 13.2947], 'target_m': [168.89, 7.003, 13.2947]}",5.3651,11.52291,0.0,,5.5871,,,,POOR,TRUSS,BASELINE
dataset/images/NEG_SOUND_BOLT_0207_0001.png,dataset/masks/NEG_SOUND_BOLT_0207_0001.exr,dataset/depth/NEG_SOUND_BOLT_0207_0001.exr,dataset/normals/NEG_SOUND_BOLT_0207_0001.exr,,SOUND_BOLT,False,640x480,"{'position_m': [196.825, -0.05, 19.5651], 'target_m': [196.825, -0.05, 13.978]}",4.0901,8.78452,0.35,,5.5871,,,,POOR,TRUSS,BASELINE
dataset/images/NEG_SOUND_BOLT_0208_0001.png,dataset/masks/NEG_SOUND_BOLT_0208_0001.exr,dataset/depth/NEG_SOUND_BOLT_0208_0001.exr,dataset/normals/NEG_SOUND_BOLT_0208_0001.exr,,SOUND_BOLT,False,640x480,"{'position_m': [168.61, -12.5901, 13.2947], 'target_m': [168.61, -7.003, 13.2947]}",5.3651,11.52291,0.0,,5.5871,,,,POOR,TRUSS,BASELINE
dataset/images/NEG_SOUND_BOLT_0209_0001.png,dataset/masks/NEG_SOUND_BOLT_0209_0001.exr,dataset/depth/NEG_SOUND_BOLT_0209_0001.exr,dataset/normals/NEG_SOUND_BOLT_0209_0001.exr,,SOUND_BOLT,False,640x480,"{'position_m': [146.25, 12.5901, 13.2853], 'target_m': [146.25, 7.003, 13.2853]}",5.3651,11.52291,0.0,,5.5871,,,,POOR,TRUSS,BASELINE
dataset/images/NEG_SOUND_BOLT_0210_0001.png,dataset/masks/NEG_SOUND_BOLT_0210_0001.exr,dataset/depth/NEG_SOUND_BOLT_0210_0001.exr,dataset/normals/NEG_SOUND_BOLT_0210_0001.exr,,SOUND_BOLT,False,640x480,"{'position_m': [202.57, -12.5901, 13.4245], 'target_m': [202.57, -7.003, 13.4245]}",5.3651,11.52291,0.0,,5.5871,,,,POOR,TRUSS,BASELINE
dataset/images/NEG_SOUND_BOLT_0211_0001.png,dataset/masks/NEG_SOUND_BOLT_0211_0001.exr,dataset/depth/NEG_SOUND_BOLT_0211_0001.exr,dataset/normals/NEG_SOUND_BOLT_0211_0001.exr,,SOUND_BOLT,False,640x480,"{'position_m': [135.0, -12.5901, 13.2771], 'target_m': [135.0, -7.003, 13.2771]}",5.3651,11.52291,0.0,,5.5871,,,,POOR,TRUSS,BASELINE
dataset/images/NEG_SOUND_BOLT_0212_0001.png,dataset/masks/NEG_SOUND_BOLT_0212_0001.exr,dataset/depth/NEG_SOUND_BOLT_0212_0001.exr,dataset/normals/NEG_SOUND_BOLT_0212_0001.exr,,SOUND_BOLT,False,640x480,"{'position_m': [140.575, -3.55, 19.5651], 'target_m': [140.575, -3.55, 13.978]}",4.9651,10.66381,0.08,,5.5871,,,,POOR,TRUSS,BASELINE
dataset/images/NEG_SOUND_BOLT_0213_0001.png,dataset/masks/NEG_SOUND_BOLT_0213_0001.exr,dataset/depth/NEG_SOUND_BOLT_0213_0001.exr,dataset/normals/NEG_SOUND_BOLT_0213_0001.exr,,SOUND_BOLT,False,640x480,"{'position_m': [157.64, 12.5901, 13.2911], 'target_m': [157.64, 7.003, 13.2911]}",5.3651,11.52291,0.0,,5.5871,,,,POOR,TRUSS,BASELINE
dataset/images/NEG_SOUND_BOLT_0214_0001.png,dataset/masks/NEG_SOUND_BOLT_0214_0001.exr,dataset/depth/NEG_SOUND_BOLT_0214_0001.exr,dataset/normals/NEG_SOUND_BOLT_0214_0001.exr,,SOUND_BOLT,False,640x480,"{'position_m': [157.36, -12.5901, 13.2911], 'target_m': [157.36, -7.003, 13.2911]}",5.3651,11.52291,0.0,,5.5871,,,,POOR,TRUSS,BASELINE
dataset/images/NEG_SOUND_BOLT_0215_0001.png,dataset/masks/NEG_SOUND_BOLT_0215_0001.exr,dataset/depth/NEG_SOUND_BOLT_0215_0001.exr,dataset/normals/NEG_SOUND_BOLT_0215_0001.exr,,SOUND_BOLT,False,640x480,"{'position_m': [225.07, 12.5901, 13.4104], 'target_m': [225.07, 7.003, 13.4104]}",5.3651,11.52291,0.0,,5.5871,,,,POOR,TRUSS,BASELINE
dataset/images/NEG_SOUND_BOLT_0216_0001.png,dataset/masks/NEG_SOUND_BOLT_0216_0001.exr,dataset/depth/NEG_SOUND_BOLT_0216_0001.exr,dataset/normals/NEG_SOUND_BOLT_0216_0001.exr,,SOUND_BOLT,False,640x480,"{'position_m': [224.93, 12.5901, 13.4104], 'target_m': [224.93, 7.003, 13.4104]}",5.3651,11.52291,0.0,,5.5871,,,,POOR,TRUSS,BASELINE
dataset/images/NEG_SOUND_BOLT_0217_0001.png,dataset/masks/NEG_SOUND_BOLT_0217_0001.exr,dataset/depth/NEG_SOUND_BOLT_0217_0001.exr,dataset/normals/NEG_SOUND_BOLT_0217_0001.exr,,SOUND_BOLT,False,640x480,"{'position_m': [163.075, 3.45, 19.5651], 'target_m': [163.075, 3.45, 13.978]}",4.9651,10.66381,0.1,,5.5871,,,,POOR,TRUSS,BASELINE
dataset/images/NEG_SOUND_BOLT_0218_0001.png,dataset/masks/NEG_SOUND_BOLT_0218_0001.exr,dataset/depth/NEG_SOUND_BOLT_0218_0001.exr,dataset/normals/NEG_SOUND_BOLT_0218_0001.exr,,SOUND_BOLT,False,640x480,"{'position_m': [196.925, -3.55, 19.5651], 'target_m': [196.925, -3.55, 13.978]}",4.9651,10.66381,0.08,,5.5871,,,,POOR,TRUSS,BASELINE
dataset/images/NEG_SOUND_BOLT_0219_0001.png,dataset/masks/NEG_SOUND_BOLT_0219_0001.exr,dataset/depth/NEG_SOUND_BOLT_0219_0001.exr,dataset/normals/NEG_SOUND_BOLT_0219_0001.exr,,SOUND_BOLT,False,640x480,"{'position_m': [146.25, -12.5901, 13.4186], 'target_m': [146.25, -7.003, 13.4186]}",5.3651,11.52291,0.0,,5.5871,,,,POOR,TRUSS,BASELINE
dataset/images/NEG_SOUND_BOLT_0220_0001.png,dataset/masks/NEG_SOUND_BOLT_0220_0001.exr,dataset/depth/NEG_SOUND_BOLT_0220_0001.exr,dataset/normals/NEG_SOUND_BOLT_0220_0001.exr,,SOUND_BOLT,False,640x480,"{'position_m': [174.425, 3.55, 19.5651], 'target_m': [174.425, 3.55, 13.978]}",4.9651,10.66381,0.06,,5.5871,,,,POOR,TRUSS,BASELINE
dataset/images/NEG_SOUND_BOLT_0221_0001.png,dataset/masks/NEG_SOUND_BOLT_0221_0001.exr,dataset/depth/NEG_SOUND_BOLT_0221_0001.exr,dataset/normals/NEG_SOUND_BOLT_0221_0001.exr,,SOUND_BOLT,False,640x480,"{'position_m': [168.68, -1.0849, 20.86], 'target_m': [168.68, -6.672, 20.86]}",5.5796,11.98353,12.61,,5.5871,,,,POOR,TRUSS,BASELINE
dataset/images/NEG_SOUND_BOLT_0222_0001.png,dataset/masks/NEG_SOUND_BOLT_0222_0001.exr,dataset/depth/NEG_SOUND_BOLT_0222_0001.exr,dataset/normals/NEG_SOUND_BOLT_0222_0001.exr,,SOUND_BOLT,False,640x480,"{'position_m': [146.46, -1.0849, 12.14], 'target_m': [146.46, -6.672, 12.14]}",5.5817,11.98802,0.0,,5.5871,,,,POOR,TRUSS,BASELINE
dataset/images/NEG_SOUND_BOLT_0223_0001.png,dataset/masks/NEG_SOUND_BOLT_0223_0001.exr,dataset/depth/NEG_SOUND_BOLT_0223_0001.exr,dataset/normals/NEG_SOUND_BOLT_0223_0001.exr,,SOUND_BOLT,False,640x480,"{'position_m': [179.93, -1.0849, 12.0], 'target_m': [179.93, -6.672, 12.0]}",5.5817,11.98802,0.0,,5.5871,,,,POOR,TRUSS,BASELINE
dataset/images/NEG_SOUND_BOLT_0224_0001.png,dataset/masks/NEG_SOUND_BOLT_0224_0001.exr,dataset/depth/NEG_SOUND_BOLT_0224_0001.exr,dataset/normals/NEG_SOUND_BOLT_0224_0001.exr,,SOUND_BOLT,False,640x480,"{'position_m': [146.32, 1.0849, 20.86], 'target_m': [146.32, 6.672, 20.86]}",5.5768,11.97756,11.17,,5.5871,,,,POOR,TRUSS,BASELINE
dataset/images/NEG_SOUND_BOLT_0225_0001.png,dataset/masks/NEG_SOUND_BOLT_0225_0001.exr,dataset/depth/NEG_SOUND_BOLT_0225_0001.exr,dataset/normals/NEG_SOUND_BOLT_0225_0001.exr,,SOUND_BOLT,False,640x480,"{'position_m': [146.04, -1.0849, 11.86], 'target_m': [146.04, -6.672, 11.86]}",5.5817,11.98802,0.0,,5.5871,,,,POOR,TRUSS,BASELINE
dataset/images/NEG_SOUND_BOLT_0226_0001.png,dataset/masks/NEG_SOUND_BOLT_0226_0001.exr,dataset/depth/NEG_SOUND_BOLT_0226_0001.exr,dataset/normals/NEG_SOUND_BOLT_0226_0001.exr,,SOUND_BOLT,False,640x480,"{'position_m': [157.57, 1.0849, 20.86], 'target_m': [157.57, 6.672, 20.86]}",5.5768,11.97756,11.17,,5.5871,,,,POOR,TRUSS,BASELINE
dataset/images/NEG_SOUND_BOLT_0227_0001.png,dataset/masks/NEG_SOUND_BOLT_0227_0001.exr,dataset/depth/NEG_SOUND_BOLT_0227_0001.exr,dataset/normals/NEG_SOUND_BOLT_0227_0001.exr,,SOUND_BOLT,False,640x480,"{'position_m': [157.29, -1.0849, 20.72], 'target_m': [157.29, -6.672, 20.72]}",5.5817,11.98802,0.0,,5.5871,,,,POOR,TRUSS,BASELINE
dataset/images/NEG_SOUND_BOLT_0228_0001.png,dataset/masks/NEG_SOUND_BOLT_0228_0001.exr,dataset/depth/NEG_SOUND_BOLT_0228_0001.exr,dataset/normals/NEG_SOUND_BOLT_0228_0001.exr,,SOUND_BOLT,False,640x480,"{'position_m': [180.21, 1.0849, 21.0], 'target_m': [180.21, 6.672, 21.0]}",5.4071,11.61308,51.22,,5.5871,,,,POOR,TRUSS,BASELINE
dataset/images/NEG_SOUND_BOLT_0229_0001.png,dataset/masks/NEG_SOUND_BOLT_0229_0001.exr,dataset/depth/NEG_SOUND_BOLT_0229_0001.exr,dataset/normals/NEG_SOUND_BOLT_0229_0001.exr,,SOUND_BOLT,False,640x480,"{'position_m': [213.54, 1.0849, 20.72], 'target_m': [213.54, 6.672, 20.72]}",5.5817,11.98802,0.0,,5.5871,,,,POOR,TRUSS,BASELINE
dataset/images/NEG_SOUND_BOLT_0230_0001.png,dataset/masks/NEG_SOUND_BOLT_0230_0001.exr,dataset/depth/NEG_SOUND_BOLT_0230_0001.exr,dataset/normals/NEG_SOUND_BOLT_0230_0001.exr,,SOUND_BOLT,False,640x480,"{'position_m': [180.07, -1.0849, 12.28], 'target_m': [180.07, -6.672, 12.28]}",5.5817,11.98802,0.0,,5.5871,,,,POOR,TRUSS,BASELINE
dataset/images/NEG_SOUND_BOLT_0231_0001.png,dataset/masks/NEG_SOUND_BOLT_0231_0001.exr,dataset/depth/NEG_SOUND_BOLT_0231_0001.exr,dataset/normals/NEG_SOUND_BOLT_0231_0001.exr,,SOUND_BOLT,False,640x480,"{'position_m': [180.21, -1.0849, 11.72], 'target_m': [180.21, -6.672, 11.72]}",5.5817,11.98802,0.0,,5.5871,,,,POOR,TRUSS,BASELINE
dataset/images/NEG_SOUND_BOLT_0232_0001.png,dataset/masks/NEG_SOUND_BOLT_0232_0001.exr,dataset/depth/NEG_SOUND_BOLT_0232_0001.exr,dataset/normals/NEG_SOUND_BOLT_0232_0001.exr,,SOUND_BOLT,False,640x480,"{'position_m': [224.93, -1.0849, 11.72], 'target_m': [224.93, -6.672, 11.72]}",5.5817,11.98802,0.0,,5.5871,,,,POOR,TRUSS,BASELINE
dataset/images/NEG_SOUND_BOLT_0233_0001.png,dataset/masks/NEG_SOUND_BOLT_0233_0001.exr,dataset/depth/NEG_SOUND_BOLT_0233_0001.exr,dataset/normals/NEG_SOUND_BOLT_0233_0001.exr,,SOUND_BOLT,False,640x480,"{'position_m': [168.54, 1.0849, 12.0], 'target_m': [168.54, 6.672, 12.0]}",5.5844,11.99398,0.0,,5.5871,,,,POOR,TRUSS,BASELINE
dataset/images/NEG_SOUND_BOLT_0234_0001.png,dataset/masks/NEG_SOUND_BOLT_0234_0001.exr,dataset/depth/NEG_SOUND_BOLT_0234_0001.exr,dataset/normals/NEG_SOUND_BOLT_0234_0001.exr,,SOUND_BOLT,False,640x480,"{'position_m': [202.71, 1.0849, 12.0], 'target_m': [202.71, 6.672, 12.0]}",5.5817,11.98802,0.0,,5.5871,,,,POOR,TRUSS,BASELINE
dataset/images/NEG_SOUND_BOLT_0235_0001.png,dataset/masks/NEG_SOUND_BOLT_0235_0001.exr,dataset/depth/NEG_SOUND_BOLT_0235_0001.exr,dataset/normals/NEG_SOUND_BOLT_0235_0001.exr,,SOUND_BOLT,False,640x480,"{'position_m': [157.57, -1.0849, 11.72], 'target_m': [157.57, -6.672, 11.72]}",5.5817,11.98802,0.0,,5.5871,,,,POOR,TRUSS,BASELINE
dataset/images/NEG_SOUND_BOLT_0236_0001.png,dataset/masks/NEG_SOUND_BOLT_0236_0001.exr,dataset/depth/NEG_SOUND_BOLT_0236_0001.exr,dataset/normals/NEG_SOUND_BOLT_0236_0001.exr,,SOUND_BOLT,False,640x480,"{'position_m': [157.71, 1.0849, 12.0], 'target_m': [157.71, 6.672, 12.0]}",5.5817,11.98802,0.0,,5.5871,,,,POOR,TRUSS,BASELINE
dataset/images/NEG_SOUND_BOLT_0237_0001.png,dataset/masks/NEG_SOUND_BOLT_0237_0001.exr,dataset/depth/NEG_SOUND_BOLT_0237_0001.exr,dataset/normals/NEG_SOUND_BOLT_0237_0001.exr,,SOUND_BOLT,False,640x480,"{'position_m': [146.46, -1.0849, 21.28], 'target_m': [146.46, -6.672, 21.28]}",5.5817,11.98802,0.0,,5.5871,,,,POOR,TRUSS,BASELINE
dataset/images/NEG_SOUND_BOLT_0238_0001.png,dataset/masks/NEG_SOUND_BOLT_0238_0001.exr,dataset/depth/NEG_SOUND_BOLT_0238_0001.exr,dataset/normals/NEG_SOUND_BOLT_0238_0001.exr,,SOUND_BOLT,False,640x480,"{'position_m': [157.43, 1.0849, 20.72], 'target_m': [157.43, 6.672, 20.72]}",5.5817,11.98802,0.0,,5.5871,,,,POOR,TRUSS,BASELINE
dataset/images/NEG_SOUND_BOLT_0239_0001.png,dataset/masks/NEG_SOUND_BOLT_0239_0001.exr,dataset/depth/NEG_SOUND_BOLT_0239_0001.exr,dataset/normals/NEG_SOUND_BOLT_0239_0001.exr,,SOUND_BOLT,False,640x480,"{'position_m': [225.07, -1.0849, 11.72], 'target_m': [225.07, -6.672, 11.72]}",5.5817,11.98802,0.0,,5.5871,,,,POOR,TRUSS,BASELINE
dataset/images/NEG_SOUND_BOLT_0240_0001.png,dataset/masks/NEG_SOUND_BOLT_0240_0001.exr,dataset/depth/NEG_SOUND_BOLT_0240_0001.exr,dataset/normals/NEG_SOUND_BOLT_0240_0001.exr,,SOUND_BOLT,False,640x480,"{'position_m': [180.21, 1.0849, 11.72], 'target_m': [180.21, 6.672, 11.72]}",5.5817,11.98802,0.0,,5.5871,,,,POOR,TRUSS,BASELINE
dataset/images/NEG_SOUND_BOLT_0241_0001.png,dataset/masks/NEG_SOUND_BOLT_0241_0001.exr,dataset/depth/NEG_SOUND_BOLT_0241_0001.exr,dataset/normals/NEG_SOUND_BOLT_0241_0001.exr,,SOUND_BOLT,False,640x480,"{'position_m': [224.79, -1.0849, 12.28], 'target_m': [224.79, -6.672, 12.28]}",5.5817,11.98802,0.0,,5.5871,,,,POOR,TRUSS,BASELINE
dataset/images/NEG_SOUND_BOLT_0242_0001.png,dataset/masks/NEG_SOUND_BOLT_0242_0001.exr,dataset/depth/NEG_SOUND_BOLT_0242_0001.exr,dataset/normals/NEG_SOUND_BOLT_0242_0001.exr,,SOUND_BOLT,False,640x480,"{'position_m': [135.07, 1.0849, 12.28], 'target_m': [135.07, 6.672, 12.28]}",1.4401,3.09298,0.0,,5.5871,,,,POOR,TRUSS,BASELINE
dataset/images/NEG_SOUND_BOLT_0243_0001.png,dataset/masks/NEG_SOUND_BOLT_0243_0001.exr,dataset/depth/NEG_SOUND_BOLT_0243_0001.exr,dataset/normals/NEG_SOUND_BOLT_0243_0001.exr,,SOUND_BOLT,False,640x480,"{'position_m': [191.18, 1.0849, 21.14], 'target_m': [191.18, 6.672, 21.14]}",5.5817,11.98802,5.61,,5.5871,,,,POOR,TRUSS,BASELINE
dataset/images/NEG_SOUND_BOLT_0244_0001.png,dataset/masks/NEG_SOUND_BOLT_0244_0001.exr,dataset/depth/NEG_SOUND_BOLT_0244_0001.exr,dataset/normals/NEG_SOUND_BOLT_0244_0001.exr,,SOUND_BOLT,False,640x480,"{'position_m': [134.79, 1.0849, 11.72], 'target_m': [134.79, 6.672, 11.72]}",4.595,9.86892,27.41,,5.5871,,,,POOR,TRUSS,BASELINE
dataset/images/NEG_SOUND_BOLT_0245_0001.png,dataset/masks/NEG_SOUND_BOLT_0245_0001.exr,dataset/depth/NEG_SOUND_BOLT_0245_0001.exr,dataset/normals/NEG_SOUND_BOLT_0245_0001.exr,,SOUND_BOLT,False,640x480,"{'position_m': [180.21, 1.0849, 12.14], 'target_m': [180.21, 6.672, 12.14]}",5.5817,11.98802,0.0,,5.5871,,,,POOR,TRUSS,BASELINE
dataset/images/NEG_SOUND_BOLT_0246_0001.png,dataset/masks/NEG_SOUND_BOLT_0246_0001.exr,dataset/depth/NEG_SOUND_BOLT_0246_0001.exr,dataset/normals/NEG_SOUND_BOLT_0246_0001.exr,,SOUND_BOLT,False,640x480,"{'position_m': [157.29, 1.0849, 21.28], 'target_m': [157.29, 6.672, 21.28]}",5.5817,11.98802,0.0,,5.5871,,,,POOR,TRUSS,BASELINE
dataset/images/NEG_SOUND_BOLT_0247_0001.png,dataset/masks/NEG_SOUND_BOLT_0247_0001.exr,dataset/depth/NEG_SOUND_BOLT_0247_0001.exr,dataset/normals/NEG_SOUND_BOLT_0247_0001.exr,,SOUND_BOLT,False,640x480,"{'position_m': [157.43, 1.0849, 12.0], 'target_m': [157.43, 6.672, 12.0]}",5.5817,11.98802,0.0,,5.5871,,,,POOR,TRUSS,BASELINE
dataset/images/NEG_SOUND_BOLT_0248_0001.png,dataset/masks/NEG_SOUND_BOLT_0248_0001.exr,dataset/depth/NEG_SOUND_BOLT_0248_0001.exr,dataset/normals/NEG_SOUND_BOLT_0248_0001.exr,,SOUND_BOLT,False,640x480,"{'position_m': [179.93, 1.0849, 21.28], 'target_m': [179.93, 6.672, 21.28]}",5.5817,11.98802,0.0,,5.5871,,,,POOR,TRUSS,BASELINE
dataset/images/NEG_SOUND_BOLT_0249_0001.png,dataset/masks/NEG_SOUND_BOLT_0249_0001.exr,dataset/depth/NEG_SOUND_BOLT_0249_0001.exr,dataset/normals/NEG_SOUND_BOLT_0249_0001.exr,,SOUND_BOLT,False,640x480,"{'position_m': [168.68, 1.0849, 20.86], 'target_m': [168.68, 6.672, 20.86]}",5.5817,11.98802,2.96,,5.5871,,,,POOR,TRUSS,BASELINE
dataset/images/NEG_SOUND_BOLT_0250_0001.png,dataset/masks/NEG_SOUND_BOLT_0250_0001.exr,dataset/depth/NEG_SOUND_BOLT_0250_0001.exr,dataset/normals/NEG_SOUND_BOLT_0250_0001.exr,,SOUND_BOLT,False,640x480,"{'position_m': [146.32, -1.0849, 12.28], 'target_m': [146.32, -6.672, 12.28]}",5.5817,11.98802,0.0,,5.5871,,,,POOR,TRUSS,BASELINE
dataset/images/NEG_SOUND_BOLT_0251_0001.png,dataset/masks/NEG_SOUND_BOLT_0251_0001.exr,dataset/depth/NEG_SOUND_BOLT_0251_0001.exr,dataset/normals/NEG_SOUND_BOLT_0251_0001.exr,,SOUND_BOLT,False,640x480,"{'position_m': [168.68, -1.0849, 21.28], 'target_m': [168.68, -6.672, 21.28]}",5.5844,11.99398,0.0,,5.5871,,,,POOR,TRUSS,BASELINE
dataset/images/NEG_SOUND_BOLT_0252_0001.png,dataset/masks/NEG_SOUND_BOLT_0252_0001.exr,dataset/depth/NEG_SOUND_BOLT_0252_0001.exr,dataset/normals/NEG_SOUND_BOLT_0252_0001.exr,,SOUND_BOLT,False,640x480,"{'position_m': [224.93, 1.0849, 12.0], 'target_m': [224.93, 6.672, 12.0]}",5.5817,11.98802,0.0,,5.5871,,,,POOR,TRUSS,BASELINE
dataset/images/NEG_SOUND_BOLT_0253_0001.png,dataset/masks/NEG_SOUND_BOLT_0253_0001.exr,dataset/depth/NEG_SOUND_BOLT_0253_0001.exr,dataset/normals/NEG_SOUND_BOLT_0253_0001.exr,,SOUND_BOLT,False,640x480,"{'position_m': [135.21, 1.0849, 20.86], 'target_m': [135.21, 6.672, 20.86]}",5.4654,11.73838,32.69,,5.5871,,,,POOR,TRUSS,BASELINE
dataset/images/NEG_SOUND_BOLT_0254_0001.png,dataset/masks/NEG_SOUND_BOLT_0254_0001.exr,dataset/depth/NEG_SOUND_BOLT_0254_0001.exr,dataset/normals/NEG_SOUND_BOLT_0254_0001.exr,,SOUND_BOLT,False,640x480,"{'position_m': [224.79, -1.0849, 21.14], 'target_m': [224.79, -6.672, 21.14]}",5.4071,11.61308,48.25,,5.5871,,,,POOR,TRUSS,BASELINE
dataset/images/NEG_SOUND_BOLT_0255_0001.png,dataset/masks/NEG_SOUND_BOLT_0255_0001.exr,dataset/depth/NEG_SOUND_BOLT_0255_0001.exr,dataset/normals/NEG_SOUND_BOLT_0255_0001.exr,,SOUND_BOLT,False,640x480,"{'position_m': [157.43, -1.0849, 11.72], 'target_m': [157.43, -6.672, 11.72]}",5.5817,11.98802,0.0,,5.5871,,,,POOR,TRUSS,BASELINE
dataset/images/NEG_SOUND_BOLT_0256_0001.png,dataset/masks/NEG_SOUND_BOLT_0256_0001.exr,dataset/depth/NEG_SOUND_BOLT_0256_0001.exr,dataset/normals/NEG_SOUND_BOLT_0256_0001.exr,,SOUND_BOLT,False,640x480,"{'position_m': [191.04, 1.0849, 21.28], 'target_m': [191.04, 6.672, 21.28]}",5.5817,11.98802,0.0,,5.5871,,,,POOR,TRUSS,BASELINE
dataset/images/NEG_SOUND_BOLT_0257_0001.png,dataset/masks/NEG_SOUND_BOLT_0257_0001.exr,dataset/depth/NEG_SOUND_BOLT_0257_0001.exr,dataset/normals/NEG_SOUND_BOLT_0257_0001.exr,,SOUND_BOLT,False,640x480,"{'position_m': [146.32, -1.0849, 20.86], 'target_m': [146.32, -6.672, 20.86]}",5.5817,11.98802,2.53,,5.5871,,,,POOR,TRUSS,BASELINE
dataset/images/NEG_SOUND_BOLT_0258_0001.png,dataset/masks/NEG_SOUND_BOLT_0258_0001.exr,dataset/depth/NEG_SOUND_BOLT_0258_0001.exr,dataset/normals/NEG_SOUND_BOLT_0258_0001.exr,,SOUND_BOLT,False,640x480,"{'position_m': [191.04, -1.0849, 20.72], 'target_m': [191.04, -6.672, 20.72]}",5.5817,11.98802,0.0,,5.5871,,,,POOR,TRUSS,BASELINE
dataset/images/NEG_SOUND_BOLT_0259_0001.png,dataset/masks/NEG_SOUND_BOLT_0259_0001.exr,dataset/depth/NEG_SOUND_BOLT_0259_0001.exr,dataset/normals/NEG_SOUND_BOLT_0259_0001.exr,,SOUND_BOLT,False,640x480,"{'position_m': [224.93, 1.0849, 20.72], 'target_m': [224.93, 6.672, 20.72]}",4.0622,8.72453,28.0,,5.5871,,,,POOR,TRUSS,BASELINE
dataset/images/NEG_SOUND_BOLT_0260_0001.png,dataset/masks/NEG_SOUND_BOLT_0260_0001.exr,dataset/depth/NEG_SOUND_BOLT_0260_0001.exr,dataset/normals/NEG_SOUND_BOLT_0260_0001.exr,,SOUND_BOLT,False,640x480,"{'position_m': [225.07, 1.0849, 20.72], 'target_m': [225.07, 6.672, 20.72]}",4.0622,8.72453,28.0,,5.5871,,,,POOR,TRUSS,BASELINE
dataset/images/NEG_SOUND_BOLT_0261_0001.png,dataset/masks/NEG_SOUND_BOLT_0261_0001.exr,dataset/depth/NEG_SOUND_BOLT_0261_0001.exr,dataset/normals/NEG_SOUND_BOLT_0261_0001.exr,,SOUND_BOLT,False,640x480,"{'position_m': [202.57, -1.0849, 20.72], 'target_m': [202.57, -6.672, 20.72]}",5.5817,11.98802,0.0,,5.5871,,,,POOR,TRUSS,BASELINE
dataset/images/NEG_SOUND_BOLT_0262_0001.png,dataset/masks/NEG_SOUND_BOLT_0262_0001.exr,dataset/depth/NEG_SOUND_BOLT_0262_0001.exr,dataset/normals/NEG_SOUND_BOLT_0262_0001.exr,,SOUND_BOLT,False,640x480,"{'position_m': [202.43, -1.0849, 20.72], 'target_m': [202.43, -6.672, 20.72]}",5.5817,11.98802,0.0,,5.5871,,,,POOR,TRUSS,BASELINE
dataset/images/NEG_SOUND_BOLT_0263_0001.png,dataset/masks/NEG_SOUND_BOLT_0263_0001.exr,dataset/depth/NEG_SOUND_BOLT_0263_0001.exr,dataset/normals/NEG_SOUND_BOLT_0263_0001.exr,,SOUND_BOLT,False,640x480,"{'position_m': [157.43, -1.0849, 12.14], 'target_m': [157.43, -6.672, 12.14]}",5.5817,11.98802,0.0,,5.5871,,,,POOR,TRUSS,BASELINE
dataset/images/NEG_SOUND_BOLT_0264_0001.png,dataset/masks/NEG_SOUND_BOLT_0264_0001.exr,dataset/depth/NEG_SOUND_BOLT_0264_0001.exr,dataset/normals/NEG_SOUND_BOLT_0264_0001.exr,,SOUND_BOLT,False,640x480,"{'position_m': [202.29, -1.0849, 20.86], 'target_m': [202.29, -6.672, 20.86]}",5.4654,11.73838,32.69,,5.5871,,,,POOR,TRUSS,BASELINE
dataset/images/NEG_SOUND_BOLT_0265_0001.png,dataset/masks/NEG_SOUND_BOLT_0265_0001.exr,dataset/depth/NEG_SOUND_BOLT_0265_0001.exr,dataset/normals/NEG_SOUND_BOLT_0265_0001.exr,,SOUND_BOLT,False,640x480,"{'position_m': [225.07, -1.0849, 21.28], 'target_m': [225.07, -6.672, 21.28]}",5.5817,11.98802,0.0,,5.5871,,,,POOR,TRUSS,BASELINE
dataset/images/NEG_SOUND_BOLT_0266_0001.png,dataset/masks/NEG_SOUND_BOLT_0266_0001.exr,dataset/depth/NEG_SOUND_BOLT_0266_0001.exr,dataset/normals/NEG_SOUND_BOLT_0266_0001.exr,,SOUND_BOLT,False,640x480,"{'position_m': [202.71, -1.0849, 21.0], 'target_m': [202.71, -6.672, 21.0]}",5.4216,11.64419,51.22,,5.5871,,,,POOR,TRUSS,BASELINE
dataset/images/NEG_SOUND_BOLT_0267_0001.png,dataset/masks/NEG_SOUND_BOLT_0267_0001.exr,dataset/depth/NEG_SOUND_BOLT_0267_0001.exr,dataset/normals/NEG_SOUND_BOLT_0267_0001.exr,,SOUND_BOLT,False,640x480,"{'position_m': [157.29, 1.0849, 12.28], 'target_m': [157.29, 6.672, 12.28]}",5.5817,11.98802,0.0,,5.5871,,,,POOR,TRUSS,BASELINE
dataset/images/NEG_SOUND_BOLT_0268_0001.png,dataset/masks/NEG_SOUND_BOLT_0268_0001.exr,dataset/depth/NEG_SOUND_BOLT_0268_0001.exr,dataset/normals/NEG_SOUND_BOLT_0268_0001.exr,,SOUND_BOLT,False,640x480,"{'position_m': [202.43, 1.0849, 20.86], 'target_m': [202.43, 6.672, 20.86]}",5.5817,11.98802,2.96,,5.5871,,,,POOR,TRUSS,BASELINE
dataset/images/NEG_SOUND_BOLT_0269_0001.png,dataset/masks/NEG_SOUND_BOLT_0269_0001.exr,dataset/depth/NEG_SOUND_BOLT_0269_0001.exr,dataset/normals/NEG_SOUND_BOLT_0269_0001.exr,,SOUND_BOLT,False,640x480,"{'position_m': [146.18, -1.0849, 12.0], 'target_m': [146.18, -6.672, 12.0]}",5.5817,11.98802,0.0,,5.5871,,,,POOR,TRUSS,BASELINE
dataset/images/NEG_SOUND_BOLT_0270_0001.png,dataset/masks/NEG_SOUND_BOLT_0270_0001.exr,dataset/depth/NEG_SOUND_BOLT_0270_0001.exr,dataset/normals/NEG_SOUND_BOLT_0270_0001.exr,,SOUND_BOLT,False,640x480,"{'position_m': [191.46, -1.0849, 12.14], 'target_m': [191.46, -6.672, 12.14]}",5.5817,11.98802,0.0,,5.5871,,,,POOR,TRUSS,BASELINE
dataset/images/NEG_SOUND_BOLT_0271_0001.png,dataset/masks/NEG_SOUND_BOLT_0271_0001.exr,dataset/depth/NEG_SOUND_BOLT_0271_0001.exr,dataset/normals/NEG_SOUND_BOLT_0271_0001.exr,,SOUND_BOLT,False,640x480,"{'position_m': [134.79, 1.0849, 20.72], 'target_m': [134.79, 6.672, 20.72]}",5.5817,11.98802,0.0,,5.5871,,,,POOR,TRUSS,BASELINE
dataset/images/NEG_SOUND_BOLT_0272_0001.png,dataset/masks/NEG_SOUND_BOLT_0272_0001.exr,dataset/depth/NEG_SOUND_BOLT_0272_0001.exr,dataset/normals/NEG_SOUND_BOLT_0272_0001.exr,,SOUND_BOLT,False,640x480,"{'position_m': [225.21, -1.0849, 21.14], 'target_m': [225.21, -6.672, 21.14]}",5.5817,11.98802,0.0,,5.5871,,,,POOR,TRUSS,BASELINE
dataset/images/NEG_SOUND_BOLT_0273_0001.png,dataset/masks/NEG_SOUND_BOLT_0273_0001.exr,dataset/depth/NEG_SOUND_BOLT_0273_0001.exr,dataset/normals/NEG_SOUND_BOLT_0273_0001.exr,,SOUND_BOLT,False,640x480,"{'position_m': [168.68, -1.0849, 21.14], 'target_m': [168.68, -6.672, 21.14]}",5.5741,11.97185,22.05,,5.5871,,,,POOR,TRUSS,BASELINE
dataset/images/NEG_SOUND_BOLT_0274_0001.png,dataset/masks/NEG_SOUND_BOLT_0274_0001.exr,dataset/depth/NEG_SOUND_BOLT_0274_0001.exr,dataset/normals/NEG_SOUND_BOLT_0274_0001.exr,,SOUND_BOLT,False,640x480,"{'position_m': [202.71, -1.0849, 21.28], 'target_m': [202.71, -6.672, 21.28]}",5.5817,11.98802,0.0,,5.5871,,,,POOR,TRUSS,BASELINE
dataset/images/NEG_SOUND_BOLT_0275_0001.png,dataset/masks/NEG_SOUND_BOLT_0275_0001.exr,dataset/depth/NEG_SOUND_BOLT_0275_0001.exr,dataset/normals/NEG_SOUND_BOLT_0275_0001.exr,,SOUND_BOLT,False,640x480,"{'position_m': [213.54, 1.0849, 21.0], 'target_m': [213.54, 6.672, 21.0]}",5.4216,11.64419,51.22,,5.5871,,,,POOR,TRUSS,BASELINE
dataset/images/NEG_SOUND_BOLT_0276_0001.png,dataset/masks/NEG_SOUND_BOLT_0276_0001.exr,dataset/depth/NEG_SOUND_BOLT_0276_0001.exr,dataset/normals/NEG_SOUND_BOLT_0276_0001.exr,,SOUND_BOLT,False,640x480,"{'position_m': [146.04, -1.0849, 12.0], 'target_m': [146.04, -6.672, 12.0]}",5.5817,11.98802,0.0,,5.5871,,,,POOR,TRUSS,BASELINE
dataset/images/NEG_SOUND_BOLT_0277_0001.png,dataset/masks/NEG_SOUND_BOLT_0277_0001.exr,dataset/depth/NEG_SOUND_BOLT_0277_0001.exr,dataset/normals/NEG_SOUND_BOLT_0277_0001.exr,,SOUND_BOLT,False,640x480,"{'position_m': [174.425, -3.45, 19.5651], 'target_m': [174.425, -3.45, 13.978]}",4.9651,10.66381,0.06,,5.5871,,,,POOR,TRUSS,BASELINE
dataset/images/NEG_SOUND_BOLT_0278_0001.png,dataset/masks/NEG_SOUND_BOLT_0278_0001.exr,dataset/depth/NEG_SOUND_BOLT_0278_0001.exr,dataset/normals/NEG_SOUND_BOLT_0278_0001.exr,,SOUND_BOLT,False,640x480,"{'position_m': [140.575, -0.05, 19.5651], 'target_m': [140.575, -0.05, 13.978]}",4.0901,8.78452,0.68,,5.5871,,,,POOR,TRUSS,BASELINE
dataset/images/NEG_SOUND_BOLT_0279_0001.png,dataset/masks/NEG_SOUND_BOLT_0279_0001.exr,dataset/depth/NEG_SOUND_BOLT_0279_0001.exr,dataset/normals/NEG_SOUND_BOLT_0279_0001.exr,,SOUND_BOLT,False,640x480,"{'position_m': [208.075, 3.55, 19.5651], 'target_m': [208.075, 3.55, 13.978]}",4.9651,10.66381,0.07,,5.5871,,,,POOR,TRUSS,BASELINE
dataset/images/NEG_SOUND_BOLT_0280_0001.png,dataset/masks/NEG_SOUND_BOLT_0280_0001.exr,dataset/depth/NEG_SOUND_BOLT_0280_0001.exr,dataset/normals/NEG_SOUND_BOLT_0280_0001.exr,,SOUND_BOLT,False,640x480,"{'position_m': [180.0, 12.5901, 13.4292], 'target_m': [180.0, 7.003, 13.4292]}",5.3651,11.52291,0.0,,5.5871,,,,POOR,TRUSS,BASELINE
dataset/images/NEG_SOUND_BOLT_0281_0001.png,dataset/masks/NEG_SOUND_BOLT_0281_0001.exr,dataset/depth/NEG_SOUND_BOLT_0281_0001.exr,dataset/normals/NEG_SOUND_BOLT_0281_0001.exr,,SOUND_BOLT,False,640x480,"{'position_m': [135.0, -12.5901, 13.4104], 'target_m': [135.0, -7.003, 13.4104]}",5.3651,11.52291,0.0,,5.5871,,,,POOR,TRUSS,BASELINE
dataset/images/NEG_SOUND_BOLT_0282_0001.png,dataset/masks/NEG_SOUND_BOLT_0282_0001.exr,dataset/depth/NEG_SOUND_BOLT_0282_0001.exr,dataset/normals/NEG_SOUND_BOLT_0282_0001.exr,,SOUND_BOLT,False,640x480,"{'position_m': [185.675, -3.45, 19.5651], 'target_m': [185.675, -3.45, 13.978]}",4.9651,10.66381,0.12,,5.5871,,,,POOR,TRUSS,BASELINE
dataset/images/NEG_SOUND_BOLT_0283_0001.png,dataset/masks/NEG_SOUND_BOLT_0283_0001.exr,dataset/depth/NEG_SOUND_BOLT_0283_0001.exr,dataset/normals/NEG_SOUND_BOLT_0283_0001.exr,,SOUND_BOLT,False,640x480,"{'position_m': [208.075, 0.05, 19.5651], 'target_m': [208.075, 0.05, 13.978]}",4.0901,8.78452,0.05,,5.5871,,,,POOR,TRUSS,BASELINE
dataset/images/NEG_SOUND_BOLT_0284_0001.png,dataset/masks/NEG_SOUND_BOLT_0284_0001.exr,dataset/depth/NEG_SOUND_BOLT_0284_0001.exr,dataset/normals/NEG_SOUND_BOLT_0284_0001.exr,,SOUND_BOLT,False,640x480,"{'position_m': [219.425, -3.55, 19.5651], 'target_m': [219.425, -3.55, 13.978]}",4.9651,10.66381,0.1,,5.5871,,,,POOR,TRUSS,BASELINE
dataset/images/NEG_SOUND_BOLT_0285_0001.png,dataset/masks/NEG_SOUND_BOLT_0285_0001.exr,dataset/depth/NEG_SOUND_BOLT_0285_0001.exr,dataset/normals/NEG_SOUND_BOLT_0285_0001.exr,,SOUND_BOLT,False,640x480,"{'position_m': [157.5, 12.5901, 13.2911], 'target_m': [157.5, 7.003, 13.2911]}",5.3651,11.52291,0.0,,5.5871,,,,POOR,TRUSS,BASELINE
dataset/images/NEG_SOUND_BOLT_0286_0001.png,dataset/masks/NEG_SOUND_BOLT_0286_0001.exr,dataset/depth/NEG_SOUND_BOLT_0286_0001.exr,dataset/normals/NEG_SOUND_BOLT_0286_0001.exr,,SOUND_BOLT,False,640x480,"{'position_m': [140.675, -0.05, 19.5651], 'target_m': [140.675, -0.05, 13.978]}",4.0901,8.78452,0.24,,5.5871,,,,POOR,TRUSS,BASELINE
dataset/images/NEG_SOUND_BOLT_0287_0001.png,dataset/masks/NEG_SOUND_BOLT_0287_0001.exr,dataset/depth/NEG_SOUND_BOLT_0287_0001.exr,dataset/normals/NEG_SOUND_BOLT_0287_0001.exr,,SOUND_BOLT,False,640x480,"{'position_m': [202.57, 12.5901, 13.2911], 'target_m': [202.57, 7.003, 13.2911]}",5.3651,11.52291,0.0,,5.5871,,,,POOR,TRUSS,BASELINE
dataset/images/NEG_SOUND_BOLT_0288_0001.png,dataset/masks/NEG_SOUND_BOLT_0288_0001.exr,dataset/depth/NEG_SOUND_BOLT_0288_0001.exr,dataset/normals/NEG_SOUND_BOLT_0288_0001.exr,,SOUND_BOLT,False,640x480,"{'position_m': [163.175, -3.55, 19.5651], 'target_m': [163.175, -3.55, 13.978]}",4.9651,10.66381,0.06,,5.5871,,,,POOR,TRUSS,BASELINE
dataset/images/NEG_SOUND_BOLT_0289_0001.png,dataset/masks/NEG_SOUND_BOLT_0289_0001.exr,dataset/depth/NEG_SOUND_BOLT_0289_0001.exr,dataset/normals/NEG_SOUND_BOLT_0289_0001.exr,,SOUND_BOLT,False,640x480,"{'position_m': [208.075, -3.55, 19.5651], 'target_m': [208.075, -3.55, 13.978]}",4.9651,10.66381,0.09,,5.5871,,,,POOR,TRUSS,BASELINE
dataset/images/NEG_SOUND_BOLT_0290_0001.png,dataset/masks/NEG_SOUND_BOLT_0290_0001.exr,dataset/depth/NEG_SOUND_BOLT_0290_0001.exr,dataset/normals/NEG_SOUND_BOLT_0290_0001.exr,,SOUND_BOLT,False,640x480,"{'position_m': [191.11, 12.5901, 13.2947], 'target_m': [191.11, 7.003, 13.2947]}",5.3651,11.52291,0.0,,5.5871,,,,POOR,TRUSS,BASELINE
dataset/images/NEG_SOUND_BOLT_0291_0001.png,dataset/masks/NEG_SOUND_BOLT_0291_0001.exr,dataset/depth/NEG_SOUND_BOLT_0291_0001.exr,dataset/normals/NEG_SOUND_BOLT_0291_0001.exr,,SOUND_BOLT,False,640x480,"{'position_m': [185.675, -3.55, 19.5651], 'target_m': [185.675, -3.55, 13.978]}",4.9651,10.66381,0.17,,5.5871,,,,POOR,TRUSS,BASELINE
dataset/images/NEG_SOUND_BOLT_0292_0001.png,dataset/masks/NEG_SOUND_BOLT_0292_0001.exr,dataset/depth/NEG_SOUND_BOLT_0292_0001.exr,dataset/normals/NEG_SOUND_BOLT_0292_0001.exr,,SOUND_BOLT,False,640x480,"{'position_m': [151.825, -3.55, 19.5651], 'target_m': [151.825, -3.55, 13.978]}",4.9651,10.66381,0.02,,5.5871,,,,POOR,TRUSS,BASELINE
dataset/images/NEG_SOUND_BOLT_0293_0001.png,dataset/masks/NEG_SOUND_BOLT_0293_0001.exr,dataset/depth/NEG_SOUND_BOLT_0293_0001.exr,dataset/normals/NEG_SOUND_BOLT_0293_0001.exr,,SOUND_BOLT,False,640x480,"{'position_m': [151.925, 3.55, 19.5651], 'target_m': [151.925, 3.55, 13.978]}",4.9651,10.66381,0.14,,5.5871,,,,POOR,TRUSS,BASELINE
dataset/images/NEG_SOUND_BOLT_0294_0001.png,dataset/masks/NEG_SOUND_BOLT_0294_0001.exr,dataset/depth/NEG_SOUND_BOLT_0294_0001.exr,dataset/normals/NEG_SOUND_BOLT_0294_0001.exr,,SOUND_BOLT,False,640x480,"{'position_m': [225.07, 12.5901, 13.2771], 'target_m': [225.07, 7.003, 13.2771]}",5.3651,11.52291,0.0,,5.5871,,,,POOR,TRUSS,BASELINE
dataset/images/NEG_SOUND_BOLT_0295_0001.png,dataset/masks/NEG_SOUND_BOLT_0295_0001.exr,dataset/depth/NEG_SOUND_BOLT_0295_0001.exr,dataset/normals/NEG_SOUND_BOLT_0295_0001.exr,,SOUND_BOLT,False,640x480,"{'position_m': [196.925, 3.55, 19.5651], 'target_m': [196.925, 3.55, 13.978]}",4.9651,10.66381,0.18,,5.5871,,,,POOR,TRUSS,BASELINE
dataset/images/NEG_SOUND_BOLT_0296_0001.png,dataset/masks/NEG_SOUND_BOLT_0296_0001.exr,dataset/depth/NEG_SOUND_BOLT_0296_0001.exr,dataset/normals/NEG_SOUND_BOLT_0296_0001.exr,,SOUND_BOLT,False,640x480,"{'position_m': [140.675, 3.45, 19.5651], 'target_m': [140.675, 3.45, 13.978]}",4.9651,10.66381,0.09,,5.5871,,,,POOR,TRUSS,BASELINE
dataset/images/NEG_SOUND_BOLT_0297_0001.png,dataset/masks/NEG_SOUND_BOLT_0297_0001.exr,dataset/depth/NEG_SOUND_BOLT_0297_0001.exr,dataset/normals/NEG_SOUND_BOLT_0297_0001.exr,,SOUND_BOLT,False,640x480,"{'position_m': [208.175, 0.05, 19.5651], 'target_m': [208.175, 0.05, 13.978]}",4.0901,8.78452,0.67,,5.5871,,,,POOR,TRUSS,BASELINE
dataset/images/NEG_SOUND_BOLT_0298_0001.png,dataset/masks/NEG_SOUND_BOLT_0298_0001.exr,dataset/depth/NEG_SOUND_BOLT_0298_0001.exr,dataset/normals/NEG_SOUND_BOLT_0298_0001.exr,,SOUND_BOLT,False,640x480,"{'position_m': [174.325, 0.05, 19.5651], 'target_m': [174.325, 0.05, 13.978]}",4.0901,8.78452,0.45,,5.5871,,,,POOR,TRUSS,BASELINE
dataset/images/NEG_SOUND_BOLT_0299_0001.png,dataset/masks/NEG_SOUND_BOLT_0299_0001.exr,dataset/depth/NEG_SOUND_BOLT_0299_0001.exr,dataset/normals/NEG_SOUND_BOLT_0299_0001.exr,,SOUND_BOLT,False,640x480,"{'position_m': [146.11, 12.5901, 13.4186], 'target_m': [146.11, 7.003, 13.4186]}",5.3651,11.52291,0.0,,5.5871,,,,POOR,TRUSS,BASELINE
dataset/images/NEG_SOUND_BOLT_0300_0001.png,dataset/masks/NEG_SOUND_BOLT_0300_0001.exr,dataset/depth/NEG_SOUND_BOLT_0300_0001.exr,dataset/normals/NEG_SOUND_BOLT_0300_0001.exr,,SOUND_BOLT,False,640x480,"{'position_m': [191.25, 12.5901, 13.2947], 'target_m': [191.25, 7.003, 13.2947]}",5.3651,11.52291,0.0,,5.5871,,,,POOR,TRUSS,BASELINE
dataset/images/NEG_SOUND_CONCRETE_0301_0001.png,dataset/masks/NEG_SOUND_CONCRETE_0301_0001.exr,dataset/depth/NEG_SOUND_CONCRETE_0301_0001.exr,dataset/normals/NEG_SOUND_CONCRETE_0301_0001.exr,,SOUND_CONCRETE,False,640x480,"{'position_m': [263.0111, 2.55, 13.581], 'target_m': [263.0111, 2.85, 13.581]}",0.1,0.21478,4.14,,0.3,,,,POOR,ROAD,BASELINE
dataset/images/NEG_SOUND_CONCRETE_0302_0001.png,dataset/masks/NEG_SOUND_CONCRETE_0302_0001.exr,dataset/depth/NEG_SOUND_CONCRETE_0302_0001.exr,dataset/normals/NEG_SOUND_CONCRETE_0302_0001.exr,,SOUND_CONCRETE,False,640x480,"{'position_m': [260.5192, 2.55, 13.581], 'target_m': [260.5192, 2.85, 13.581]}",0.1,0.21478,2.73,,0.3,,,,POOR,ROAD,BASELINE
dataset/images/NEG_SOUND_CONCRETE_0303_0001.png,dataset/masks/NEG_SOUND_CONCRETE_0303_0001.exr,dataset/depth/NEG_SOUND_CONCRETE_0303_0001.exr,dataset/normals/NEG_SOUND_CONCRETE_0303_0001.exr,,SOUND_CONCRETE,False,640x480,"{'position_m': [231.4389, -2.95, 13.62], 'target_m': [231.4389, -2.65, 13.62]}",0.1,0.21478,1.97,,0.3,,,,POOR,ROAD,BASELINE
dataset/images/NEG_SOUND_CONCRETE_0304_0001.png,dataset/masks/NEG_SOUND_CONCRETE_0304_0001.exr,dataset/depth/NEG_SOUND_CONCRETE_0304_0001.exr,dataset/normals/NEG_SOUND_CONCRETE_0304_0001.exr,,SOUND_CONCRETE,False,640x480,"{'position_m': [229.2006, -2.95, 13.62], 'target_m': [229.2006, -2.65, 13.62]}",0.1,0.21478,1.2,,0.3,,,,POOR,ROAD,BASELINE
dataset/images/NEG_SOUND_CONCRETE_0305_0001.png,dataset/masks/NEG_SOUND_CONCRETE_0305_0001.exr,dataset/depth/NEG_SOUND_CONCRETE_0305_0001.exr,dataset/normals/NEG_SOUND_CONCRETE_0305_0001.exr,,SOUND_CONCRETE,False,640x480,"{'position_m': [232.367, 2.55, 13.365], 'target_m': [232.367, 2.85, 13.365]}",0.1,0.21478,0.33,,0.3,,,,POOR,ROAD,BASELINE
dataset/images/NEG_SOUND_CONCRETE_0306_0001.png,dataset/masks/NEG_SOUND_CONCRETE_0306_0001.exr,dataset/depth/NEG_SOUND_CONCRETE_0306_0001.exr,dataset/normals/NEG_SOUND_CONCRETE_0306_0001.exr,,SOUND_CONCRETE,False,640x480,"{'position_m': [234.8671, 2.55, 13.365], 'target_m': [234.8671, 2.85, 13.365]}",0.1,0.21478,1.35,,0.3,,,,POOR,ROAD,BASELINE
dataset/images/NEG_SOUND_CONCRETE_0307_0001.png,dataset/masks/NEG_SOUND_CONCRETE_0307_0001.exr,dataset/depth/NEG_SOUND_CONCRETE_0307_0001.exr,dataset/normals/NEG_SOUND_CONCRETE_0307_0001.exr,,SOUND_CONCRETE,False,640x480,"{'position_m': [268.744, -4.6295, 11.622], 'target_m': [269.1, -4.6295, 11.622]}",0.356,0.76464,1.64,,0.356,,,,POOR,ROAD,BASELINE
dataset/images/NEG_SOUND_CONCRETE_0308_0001.png,dataset/masks/NEG_SOUND_CONCRETE_0308_0001.exr,dataset/depth/NEG_SOUND_CONCRETE_0308_0001.exr,dataset/normals/NEG_SOUND_CONCRETE_0308_0001.exr,,SOUND_CONCRETE,False,640x480,"{'position_m': [268.744, -4.508, 11.622], 'target_m': [269.1, -4.508, 11.622]}",0.356,0.76464,1.41,,0.356,,,,POOR,ROAD,BASELINE
dataset/images/NEG_SOUND_CONCRETE_0309_0001.png,dataset/masks/NEG_SOUND_CONCRETE_0309_0001.exr,dataset/depth/NEG_SOUND_CONCRETE_0309_0001.exr,dataset/normals/NEG_SOUND_CONCRETE_0309_0001.exr,,SOUND_CONCRETE,False,640x480,"{'position_m': [226.2, 2.0407, 10.608], 'target_m': [225.9, 2.0407, 10.608]}",0.3,0.64433,2.5,,0.3,,,,POOR,ROAD,BASELINE
dataset/images/NEG_SOUND_CONCRETE_0310_0001.png,dataset/masks/NEG_SOUND_CONCRETE_0310_0001.exr,dataset/depth/NEG_SOUND_CONCRETE_0310_0001.exr,dataset/normals/NEG_SOUND_CONCRETE_0310_0001.exr,,SOUND_CONCRETE,False,640x480,"{'position_m': [254.55, 1.6839, 13.362], 'target_m': [254.85, 1.6839, 13.362]}",0.3,0.64433,0.8,,0.3,,,,POOR,ROAD,BASELINE
dataset/images/NEG_SOUND_CONCRETE_0311_0001.png,dataset/masks/NEG_SOUND_CONCRETE_0311_0001.exr,dataset/depth/NEG_SOUND_CONCRETE_0311_0001.exr,dataset/normals/NEG_SOUND_CONCRETE_0311_0001.exr,,SOUND_CONCRETE,False,640x480,"{'position_m': [133.8, -1.9668, 11.638], 'target_m': [134.1, -1.9668, 11.638]}",0.3,0.64433,1.71,,0.3,,,,POOR,ROAD,BASELINE
dataset/images/NEG_SOUND_CONCRETE_0312_0001.png,dataset/masks/NEG_SOUND_CONCRETE_0312_0001.exr,dataset/depth/NEG_SOUND_CONCRETE_0312_0001.exr,dataset/normals/NEG_SOUND_CONCRETE_0312_0001.exr,,SOUND_CONCRETE,False,640x480,"{'position_m': [136.1462, -2.7976, 5.777], 'target_m': [135.8499, -2.7507, 5.777]}",0.3,0.6444,9.78,,0.3,,,,POOR,ROAD,BASELINE
dataset/images/NEG_SOUND_CONCRETE_0313_0001.png,dataset/masks/NEG_SOUND_CONCRETE_0313_0001.exr,dataset/depth/NEG_SOUND_CONCRETE_0313_0001.exr,dataset/normals/NEG_SOUND_CONCRETE_0313_0001.exr,,SOUND_CONCRETE,False,640x480,"{'position_m': [224.528, -4.3892, 11.7375], 'target_m': [224.528, -4.3892, 11.4375]}",0.3,0.64433,1.37,,0.3,,,,POOR,ROAD,BASELINE
dataset/images/NEG_SOUND_CONCRETE_0314_0001.png,dataset/masks/NEG_SOUND_CONCRETE_0314_0001.exr,dataset/depth/NEG_SOUND_CONCRETE_0314_0001.exr,dataset/normals/NEG_SOUND_CONCRETE_0314_0001.exr,,SOUND_CONCRETE,False,640x480,"{'position_m': [104.55, -3.356, 13.527], 'target_m': [104.85, -3.356, 13.527]}",0.3,0.64432,2.33,,0.3,,,,POOR,ROAD,BASELINE
dataset/images/NEG_SOUND_CONCRETE_0315_0001.png,dataset/masks/NEG_SOUND_CONCRETE_0315_0001.exr,dataset/depth/NEG_SOUND_CONCRETE_0315_0001.exr,dataset/normals/NEG_SOUND_CONCRETE_0315_0001.exr,,SOUND_CONCRETE,False,640x480,"{'position_m': [135.9698, 3.3567, 6.865], 'target_m': [135.7025, 3.2205, 6.865]}",0.3,0.64432,14.2,,0.3,,,,POOR,ROAD,BASELINE
dataset/images/NEG_SOUND_CONCRETE_0316_0001.png,dataset/masks/NEG_SOUND_CONCRETE_0316_0001.exr,dataset/depth/NEG_SOUND_CONCRETE_0316_0001.exr,dataset/normals/NEG_SOUND_CONCRETE_0316_0001.exr,,SOUND_CONCRETE,False,640x480,"{'position_m': [268.894, -2.4487, 8.256], 'target_m': [269.1903, -2.4956, 8.256]}",0.3,0.64428,27.02,,0.3,,,,POOR,ROAD,BASELINE
dataset/images/NEG_SOUND_CONCRETE_0317_0001.png,dataset/masks/NEG_SOUND_CONCRETE_0317_0001.exr,dataset/depth/NEG_SOUND_CONCRETE_0317_0001.exr,dataset/normals/NEG_SOUND_CONCRETE_0317_0001.exr,,SOUND_CONCRETE,False,640x480,"{'position_m': [174.7655, -6.9, 15.428], 'target_m': [174.7655, -6.6, 15.428]}",0.1841,0.39533,7.89,,0.3,,,,POOR,ROAD,BASELINE
dataset/images/NEG_SOUND_CONCRETE_0318_0001.png,dataset/masks/NEG_SOUND_CONCRETE_0318_0001.exr,dataset/depth/NEG_SOUND_CONCRETE_0318_0001.exr,dataset/normals/NEG_SOUND_CONCRETE_0318_0001.exr,,SOUND_CONCRETE,False,640x480,"{'position_m': [252.634, 0.8295, 13.8906], 'target_m': [252.634, 0.8295, 14.1906]}",0.3,0.64438,4.14,,0.3,,,,POOR,ROAD,BASELINE
dataset/images/NEG_SOUND_CONCRETE_0319_0001.png,dataset/masks/NEG_SOUND_CONCRETE_0319_0001.exr,dataset/depth/NEG_SOUND_CONCRETE_0319_0001.exr,dataset/normals/NEG_SOUND_CONCRETE_0319_0001.exr,,SOUND_CONCRETE,False,640x480,"{'position_m': [95.1813, -5.1, 13.208], 'target_m': [95.1813, -5.4, 13.208]}",0.3,0.64433,3.72,,0.3,,,,POOR,ROAD,BASELINE
dataset/images/NEG_SOUND_CONCRETE_0320_0001.png,dataset/masks/NEG_SOUND_CONCRETE_0320_0001.exr,dataset/depth/NEG_SOUND_CONCRETE_0320_0001.exr,dataset/normals/NEG_SOUND_CONCRETE_0320_0001.exr,,SOUND_CONCRETE,False,640x480,"{'position_m': [251.072, -1.8921, 13.8906], 'target_m': [251.072, -1.8921, 14.1906]}",0.3,0.64438,1.04,,0.3,,,,POOR,ROAD,BASELINE
dataset/images/NEG_SOUND_CONCRETE_0321_0001.png,dataset/masks/NEG_SOUND_CONCRETE_0321_0001.exr,dataset/depth/NEG_SOUND_CONCRETE_0321_0001.exr,dataset/normals/NEG_SOUND_CONCRETE_0321_0001.exr,,SOUND_CONCRETE,False,640x480,"{'position_m': [255.4633, 4.7133, 13.581], 'target_m': [255.15, 4.7133, 13.581]}",0.3133,0.67291,2.91,,0.3133,,,,POOR,ROAD,BASELINE
dataset/images/NEG_SOUND_CONCRETE_0322_0001.png,dataset/masks/NEG_SOUND_CONCRETE_0322_0001.exr,dataset/depth/NEG_SOUND_CONCRETE_0322_0001.exr,dataset/normals/NEG_SOUND_CONCRETE_0322_0001.exr,,SOUND_CONCRETE,False,640x480,"{'position_m': [233.7412, 5.9, 13.174], 'target_m': [233.7412, 5.6, 13.174]}",0.3,0.64433,1.94,,0.3,,,,POOR,ROAD,BASELINE
dataset/images/NEG_SOUND_CONCRETE_0323_0001.png,dataset/masks/NEG_SOUND_CONCRETE_0323_0001.exr,dataset/depth/NEG_SOUND_CONCRETE_0323_0001.exr,dataset/normals/NEG_SOUND_CONCRETE_0323_0001.exr,,SOUND_CONCRETE,False,640x480,"{'position_m': [226.0057, 2.2138, 8.519], 'target_m': [225.7384, 2.35, 8.519]}",0.3,0.64429,32.88,,0.3,,,,POOR,ROAD,BASELINE
dataset/images/NEG_SOUND_CONCRETE_0324_0001.png,dataset/masks/NEG_SOUND_CONCRETE_0324_0001.exr,dataset/depth/NEG_SOUND_CONCRETE_0324_0001.exr,dataset/normals/NEG_SOUND_CONCRETE_0324_0001.exr,,SOUND_CONCRETE,False,640x480,"{'position_m': [129.9252, 5.2179, 13.424], 'target_m': [129.9252, 5.6, 13.424]}",0.1821,0.39111,5.23,,0.3821,,,,POOR,ROAD,BASELINE
dataset/images/NEG_SOUND_CONCRETE_0325_0001.png,dataset/masks/NEG_SOUND_CONCRETE_0325_0001.exr,dataset/depth/NEG_SOUND_CONCRETE_0325_0001.exr,dataset/normals/NEG_SOUND_CONCRETE_0325_0001.exr,,SOUND_CONCRETE,False,640x480,"{'position_m': [127.8335, 5.7, 13.271], 'target_m': [127.8335, 5.4, 13.271]}",0.1,0.21478,1.22,,0.3,,,,POOR,ROAD,BASELINE
dataset/images/NEG_SOUND_CONCRETE_0326_0001.png,dataset/masks/NEG_SOUND_CONCRETE_0326_0001.exr,dataset/depth/NEG_SOUND_CONCRETE_0326_0001.exr,dataset/normals/NEG_SOUND_CONCRETE_0326_0001.exr,,SOUND_CONCRETE,False,640x480,"{'position_m': [97.1799, -1.4224, 13.236], 'target_m': [97.1799, -2.65, 13.236]}",1.2276,2.63658,0.43,,1.2276,,,,POOR,ROAD,BASELINE
dataset/images/NEG_SOUND_CONCRETE_0327_0001.png,dataset/masks/NEG_SOUND_CONCRETE_0327_0001.exr,dataset/depth/NEG_SOUND_CONCRETE_0327_0001.exr,dataset/normals/NEG_SOUND_CONCRETE_0327_0001.exr,,SOUND_CONCRETE,False,640x480,"{'position_m': [176.7802, 6.9, 14.827], 'target_m': [176.7802, 6.6, 14.827]}",0.07,0.15034,3.18,,0.3,,,,POOR,ROAD,BASELINE
dataset/images/NEG_SOUND_CONCRETE_0328_0001.png,dataset/masks/NEG_SOUND_CONCRETE_0328_0001.exr,dataset/depth/NEG_SOUND_CONCRETE_0328_0001.exr,dataset/normals/NEG_SOUND_CONCRETE_0328_0001.exr,,SOUND_CONCRETE,False,640x480,"{'position_m': [130.8861, -1.6971, 13.41], 'target_m': [130.8861, -2.65, 13.41]}",0.9522,2.04516,0.17,,0.9529,,,,POOR,ROAD,BASELINE
dataset/images/NEG_SOUND_CONCRETE_0329_0001.png,dataset/masks/NEG_SOUND_CONCRETE_0329_0001.exr,dataset/depth/NEG_SOUND_CONCRETE_0329_0001.exr,dataset/normals/NEG_SOUND_CONCRETE_0329_0001.exr,,SOUND_CONCRETE,False,640x480,"{'position_m': [125.3502, -5.9, 13.603], 'target_m': [125.3502, -5.6, 13.603]}",0.3,0.64433,2.53,,0.3,,,,POOR,ROAD,BASELINE
dataset/images/NEG_SOUND_CONCRETE_0330_0001.png,dataset/masks/NEG_SOUND_CONCRETE_0330_0001.exr,dataset/depth/NEG_SOUND_CONCRETE_0330_0001.exr,dataset/normals/NEG_SOUND_CONCRETE_0330_0001.exr,,SOUND_CONCRETE,False,640x480,"{'position_m': [234.5061, -5.1, 13.507], 'target_m': [234.5061, -5.4, 13.507]}",0.3,0.64433,1.96,,0.3,,,,POOR,ROAD,BASELINE
dataset/images/NEG_SOUND_CONCRETE_0331_0001.png,dataset/masks/NEG_SOUND_CONCRETE_0331_0001.exr,dataset/depth/NEG_SOUND_CONCRETE_0331_0001.exr,dataset/normals/NEG_SOUND_CONCRETE_0331_0001.exr,,SOUND_CONCRETE,False,640x480,"{'position_m': [266.6562, -5.1, 13.44], 'target_m': [266.6562, -5.4, 13.44]}",0.3,0.64433,2.9,,0.3,,,,POOR,ROAD,BASELINE
dataset/images/NEG_SOUND_CONCRETE_0332_0001.png,dataset/masks/NEG_SOUND_CONCRETE_0332_0001.exr,dataset/depth/NEG_SOUND_CONCRETE_0332_0001.exr,dataset/normals/NEG_SOUND_CONCRETE_0332_0001.exr,,SOUND_CONCRETE,False,640x480,"{'position_m': [96.0085, 0.4, 13.3], 'target_m': [96.0085, 0.1, 13.3]}",0.3,0.64433,2.06,,0.3,,,,POOR,ROAD,BASELINE
dataset/images/NEG_SOUND_CONCRETE_0333_0001.png,dataset/masks/NEG_SOUND_CONCRETE_0333_0001.exr,dataset/depth/NEG_SOUND_CONCRETE_0333_0001.exr,dataset/normals/NEG_SOUND_CONCRETE_0333_0001.exr,,SOUND_CONCRETE,False,640x480,"{'position_m': [185.072, 2.32, 13.975], 'target_m': [185.072, 2.32, 14.275]}",0.3,0.64432,1.81,,0.3,,,,POOR,ROAD,BASELINE
dataset/images/NEG_SOUND_CONCRETE_0334_0001.png,dataset/masks/NEG_SOUND_CONCRETE_0334_0001.exr,dataset/depth/NEG_SOUND_CONCRETE_0334_0001.exr,dataset/normals/NEG_SOUND_CONCRETE_0334_0001.exr,,SOUND_CONCRETE,False,640x480,"{'position_m': [107.887, 2.2681, 13.8906], 'target_m': [107.887, 2.2681, 14.1906]}",0.3,0.64438,2.77,,0.3,,,,POOR,ROAD,BASELINE
dataset/images/NEG_SOUND_CONCRETE_0335_0001.png,dataset/masks/NEG_SOUND_CONCRETE_0335_0001.exr,dataset/depth/NEG_SOUND_CONCRETE_0335_0001.exr,dataset/normals/NEG_SOUND_CONCRETE_0335_0001.exr,,SOUND_CONCRETE,False,640x480,"{'position_m': [115.871, 0.5309, 13.8906], 'target_m': [115.871, 0.5309, 14.1906]}",0.3,0.64438,2.35,,0.3,,,,POOR,ROAD,BASELINE
dataset/images/NEG_SOUND_CONCRETE_0336_0001.png,dataset/masks/NEG_SOUND_CONCRETE_0336_0001.exr,dataset/depth/NEG_SOUND_CONCRETE_0336_0001.exr,dataset/normals/NEG_SOUND_CONCRETE_0336_0001.exr,,SOUND_CONCRETE,False,640x480,"{'position_m': [176.228, 0.2068, 13.975], 'target_m': [176.228, 0.2068, 14.275]}",0.3,0.64432,0.69,,0.3,,,,POOR,ROAD,BASELINE
dataset/images/NEG_SOUND_CONCRETE_0337_0001.png,dataset/masks/NEG_SOUND_CONCRETE_0337_0001.exr,dataset/depth/NEG_SOUND_CONCRETE_0337_0001.exr,dataset/normals/NEG_SOUND_CONCRETE_0337_0001.exr,,SOUND_CONCRETE,False,640x480,"{'position_m': [174.672, -5.5642, 13.975], 'target_m': [174.672, -5.5642, 14.275]}",0.3,0.64432,1.14,,0.3,,,,POOR,ROAD,BASELINE
dataset/images/NEG_SOUND_CONCRETE_0338_0001.png,dataset/masks/NEG_SOUND_CONCRETE_0338_0001.exr,dataset/depth/NEG_SOUND_CONCRETE_0338_0001.exr,dataset/normals/NEG_SOUND_CONCRETE_0338_0001.exr,,SOUND_CONCRETE,False,640x480,"{'position_m': [112.528, 2.3395, 13.3786], 'target_m': [112.528, 2.3395, 14.1906]}",0.812,1.74403,0.95,,0.812,,,,POOR,ROAD,BASELINE
dataset/images/NEG_SOUND_CONCRETE_0339_0001.png,dataset/masks/NEG_SOUND_CONCRETE_0339_0001.exr,dataset/depth/NEG_SOUND_CONCRETE_0339_0001.exr,dataset/normals/NEG_SOUND_CONCRETE_0339_0001.exr,,SOUND_CONCRETE,False,640x480,"{'position_m': [180.909, -1.4114, 13.975], 'target_m': [180.909, -1.4114, 14.275]}",0.3,0.64433,1.87,,0.3,,,,POOR,ROAD,BASELINE
dataset/images/NEG_SOUND_CONCRETE_0340_0001.png,dataset/masks/NEG_SOUND_CONCRETE_0340_0001.exr,dataset/depth/NEG_SOUND_CONCRETE_0340_0001.exr,dataset/normals/NEG_SOUND_CONCRETE_0340_0001.exr,,SOUND_CONCRETE,False,640x480,"{'position_m': [224.9002, -3.8879, 6.704], 'target_m': [224.9471, -3.5916, 6.704]}",0.3,0.64428,15.59,,0.3,,,,POOR,ROAD,BASELINE
dataset/images/NEG_SOUND_CONCRETE_0341_0001.png,dataset/masks/NEG_SOUND_CONCRETE_0341_0001.exr,dataset/depth/NEG_SOUND_CONCRETE_0341_0001.exr,dataset/normals/NEG_SOUND_CONCRETE_0341_0001.exr,,SOUND_CONCRETE,False,640x480,"{'position_m': [242.831, -0.3223, 13.8906], 'target_m': [242.831, -0.3223, 14.1906]}",0.0268,0.05748,35.67,,0.3,,,,POOR,ROAD,BASELINE
dataset/images/NEG_SOUND_CONCRETE_0342_0001.png,dataset/masks/NEG_SOUND_CONCRETE_0342_0001.exr,dataset/depth/NEG_SOUND_CONCRETE_0342_0001.exr,dataset/normals/NEG_SOUND_CONCRETE_0342_0001.exr,,SOUND_CONCRETE,False,640x480,"{'position_m': [223.8, 1.4785, 10.666], 'target_m': [224.1, 1.4785, 10.666]}",0.3,0.64433,1.88,,0.3,,,,POOR,ROAD,BASELINE
dataset/images/NEG_SOUND_CONCRETE_0343_0001.png,dataset/masks/NEG_SOUND_CONCRETE_0343_0001.exr,dataset/depth/NEG_SOUND_CONCRETE_0343_0001.exr,dataset/normals/NEG_SOUND_CONCRETE_0343_0001.exr,,SOUND_CONCRETE,False,640x480,"{'position_m': [150.1855, 3.2062, 11.895], 'target_m': [90.9, 3.2062, 11.895]}",14.2855,30.68174,0.06,,59.2855,,,,POOR,ROAD,BASELINE
dataset/images/NEG_SOUND_CONCRETE_0344_0001.png,dataset/masks/NEG_SOUND_CONCRETE_0344_0001.exr,dataset/depth/NEG_SOUND_CONCRETE_0344_0001.exr,dataset/normals/NEG_SOUND_CONCRETE_0344_0001.exr,,SOUND_CONCRETE,False,640x480,"{'position_m': [185.2528, -3.0959, 12.029], 'target_m': [135.9, -3.0959, 12.029]}",49.3528,105.99765,0.0,,49.3528,,,,POOR,ROAD,BASELINE
dataset/images/NEG_SOUND_CONCRETE_0345_0001.png,dataset/masks/NEG_SOUND_CONCRETE_0345_0001.exr,dataset/depth/NEG_SOUND_CONCRETE_0345_0001.exr,dataset/normals/NEG_SOUND_CONCRETE_0345_0001.exr,,SOUND_CONCRETE,False,640x480,"{'position_m': [164.0425, -59.9607, 7.555], 'target_m': [135.2949, -3.542, 7.555]}",63.324,136.00424,23.79,,63.3206,,,,POOR,ROAD,BASELINE
dataset/images/NEG_SOUND_CONCRETE_0346_0001.png,dataset/masks/NEG_SOUND_CONCRETE_0346_0001.exr,dataset/depth/NEG_SOUND_CONCRETE_0346_0001.exr,dataset/normals/NEG_SOUND_CONCRETE_0346_0001.exr,,SOUND_CONCRETE,False,640x480,"{'position_m': [116.781, -6.0482, -45.7157], 'target_m': [116.781, -6.0482, 14.1906]}",45.7272,98.2108,0.0,,59.9063,,,,POOR,ROAD,BASELINE
dataset/images/NEG_SOUND_CONCRETE_0347_0001.png,dataset/masks/NEG_SOUND_CONCRETE_0347_0001.exr,dataset/depth/NEG_SOUND_CONCRETE_0347_0001.exr,dataset/normals/NEG_SOUND_CONCRETE_0347_0001.exr,,SOUND_CONCRETE,False,640x480,"{'position_m': [251.324, 3.9565, -30.5063], 'target_m': [251.324, 3.9565, 14.1906]}",30.5692,65.655,0.07,,44.6969,,,,POOR,ROAD,BASELINE
dataset/images/NEG_SOUND_CONCRETE_0348_0001.png,dataset/masks/NEG_SOUND_CONCRETE_0348_0001.exr,dataset/depth/NEG_SOUND_CONCRETE_0348_0001.exr,dataset/normals/NEG_SOUND_CONCRETE_0348_0001.exr,,SOUND_CONCRETE,False,640x480,"{'position_m': [39.4577, -3.9295, 13.402], 'target_m': [119.85, -3.9295, 13.402]}",5.0923,10.937,0.44,,80.3923,,,,POOR,ROAD,BASELINE
dataset/images/NEG_SOUND_CONCRETE_0349_0001.png,dataset/masks/NEG_SOUND_CONCRETE_0349_0001.exr,dataset/depth/NEG_SOUND_CONCRETE_0349_0001.exr,dataset/normals/NEG_SOUND_CONCRETE_0349_0001.exr,,SOUND_CONCRETE,False,640x480,"{'position_m': [197.0155, 2.4311, 13.249], 'target_m': [239.85, 2.4311, 13.249]}",5.2845,11.3498,0.0,,42.8345,,,,POOR,ROAD,BASELINE
dataset/images/NEG_SOUND_CONCRETE_0350_0001.png,dataset/masks/NEG_SOUND_CONCRETE_0350_0001.exr,dataset/depth/NEG_SOUND_CONCRETE_0350_0001.exr,dataset/normals/NEG_SOUND_CONCRETE_0350_0001.exr,,SOUND_CONCRETE,False,640x480,"{'position_m': [277.087, -3.174, 13.398], 'target_m': [240.15, -3.174, 13.398]}",6.637,14.25462,0.3,,36.937,,,,POOR,ROAD,BASELINE
dataset/images/NEG_SOUND_CONCRETE_0351_0001.png,dataset/masks/NEG_SOUND_CONCRETE_0351_0001.exr,dataset/depth/NEG_SOUND_CONCRETE_0351_0001.exr,dataset/normals/NEG_SOUND_CONCRETE_0351_0001.exr,,SOUND_CONCRETE,False,640x480,"{'position_m': [93.1355, -87.8547, 13.196], 'target_m': [93.1355, -5.6, 13.196]}",82.2172,176.58216,10.26,,82.2547,,,,POOR,ROAD,BASELINE
dataset/images/NEG_SOUND_CONCRETE_0352_0001.png,dataset/masks/NEG_SOUND_CONCRETE_0352_0001.exr,dataset/depth/NEG_SOUND_CONCRETE_0352_0001.exr,dataset/normals/NEG_SOUND_CONCRETE_0352_0001.exr,,SOUND_CONCRETE,False,640x480,"{'position_m': [269.845, -4.7454, 46.3685], 'target_m': [269.845, -4.7454, 12.225]}",31.8529,68.41211,0.02,,34.1435,,,,POOR,ROAD,BASELINE
dataset/images/NEG_SOUND_CONCRETE_0353_0001.png,dataset/masks/NEG_SOUND_CONCRETE_0353_0001.exr,dataset/depth/NEG_SOUND_CONCRETE_0353_0001.exr,dataset/normals/NEG_SOUND_CONCRETE_0353_0001.exr,,SOUND_CONCRETE,False,640x480,"{'position_m': [134.52, -4.5219, 81.2452], 'target_m': [134.52, -4.5219, 12.3375]}",66.7296,143.31865,0.0,,68.9077,,,,POOR,ROAD,BASELINE
dataset/images/NEG_SOUND_CONCRETE_0354_0001.png,dataset/masks/NEG_SOUND_CONCRETE_0354_0001.exr,dataset/depth/NEG_SOUND_CONCRETE_0354_0001.exr,dataset/normals/NEG_SOUND_CONCRETE_0354_0001.exr,,SOUND_CONCRETE,False,640x480,"{'position_m': [128.2252, 0.4, 13.157], 'target_m': [128.2252, 0.1, 13.157]}",0.3,0.64433,0.04,,0.3,,,,POOR,ROAD,BASELINE
dataset/images/NEG_SOUND_CONCRETE_0355_0001.png,dataset/masks/NEG_SOUND_CONCRETE_0355_0001.exr,dataset/depth/NEG_SOUND_CONCRETE_0355_0001.exr,dataset/normals/NEG_SOUND_CONCRETE_0355_0001.exr,,SOUND_CONCRETE,False,640x480,"{'position_m': [99.9524, 5.3, 13.358], 'target_m': [99.9524, 5.6, 13.358]}",0.1,0.21478,2.4,,0.3,,,,POOR,ROAD,BASELINE
dataset/images/NEG_SOUND_CONCRETE_0356_0001.png,dataset/masks/NEG_SOUND_CONCRETE_0356_0001.exr,dataset/depth/NEG_SOUND_CONCRETE_0356_0001.exr,dataset/normals/NEG_SOUND_CONCRETE_0356_0001.exr,,SOUND_CONCRETE,False,640x480,"{'position_m': [260.3723, -0.2, 13.416], 'target_m': [260.3723, 0.1, 13.416]}",0.1,0.21478,4.29,,0.3,,,,POOR,ROAD,BASELINE
dataset/images/NEG_SOUND_CONCRETE_0357_0001.png,dataset/masks/NEG_SOUND_CONCRETE_0357_0001.exr,dataset/depth/NEG_SOUND_CONCRETE_0357_0001.exr,dataset/normals/NEG_SOUND_CONCRETE_0357_0001.exr,,SOUND_CONCRETE,False,640x480,"{'position_m': [99.3388, 3.15, 13.33], 'target_m': [99.3388, 2.85, 13.33]}",0.3,0.64433,2.13,,0.3,,,,POOR,ROAD,BASELINE
dataset/images/NEG_SOUND_CONCRETE_0358_0001.png,dataset/masks/NEG_SOUND_CONCRETE_0358_0001.exr,dataset/depth/NEG_SOUND_CONCRETE_0358_0001.exr,dataset/normals/NEG_SOUND_CONCRETE_0358_0001.exr,,SOUND_CONCRETE,False,640x480,"{'position_m': [266.6267, -2.95, 13.25], 'target_m': [266.6267, -2.65, 13.25]}",0.1,0.21478,3.27,,0.3,,,,POOR,ROAD,BASELINE
dataset/images/NEG_SOUND_CONCRETE_0359_0001.png,dataset/masks/NEG_SOUND_CONCRETE_0359_0001.exr,dataset/depth/NEG_SOUND_CONCRETE_0359_0001.exr,dataset/normals/NEG_SOUND_CONCRETE_0359_0001.exr,,SOUND_CONCRETE,False,640x480,"{'position_m': [135.482, 4.7105, 12.6375], 'target_m': [135.482, 4.7105, 12.3375]}",0.3,0.64433,1.38,,0.3,,,,POOR,ROAD,BASELINE
dataset/images/NEG_SOUND_CONCRETE_0360_0001.png,dataset/masks/NEG_SOUND_CONCRETE_0360_0001.exr,dataset/depth/NEG_SOUND_CONCRETE_0360_0001.exr,dataset/normals/NEG_SOUND_CONCRETE_0360_0001.exr,,SOUND_CONCRETE,False,640x480,"{'position_m': [235.3632, 5.1, 13.609], 'target_m': [235.3632, 5.4, 13.609]}",0.3,0.64433,2.43,,0.3,,,,POOR,ROAD,BASELINE
dataset/images/NEG_SOUND_CONCRETE_0361_0001.png,dataset/masks/NEG_SOUND_CONCRETE_0361_0001.exr,dataset/depth/NEG_SOUND_CONCRETE_0361_0001.exr,dataset/normals/NEG_SOUND_CONCRETE_0361_0001.exr,,SOUND_CONCRETE,False,640x480,"{'position_m': [90.374, 4.5173, 12.525], 'target_m': [90.374, 4.5173, 12.225]}",0.3,0.64432,1.1,,0.3,,,,POOR,ROAD,BASELINE
dataset/images/NEG_SOUND_CONCRETE_0362_0001.png,dataset/masks/NEG_SOUND_CONCRETE_0362_0001.exr,dataset/depth/NEG_SOUND_CONCRETE_0362_0001.exr,dataset/normals/NEG_SOUND_CONCRETE_0362_0001.exr,,SOUND_CONCRETE,False,640x480,"{'position_m': [90.2, -4.4436, 12.525], 'target_m': [90.2, -4.4436, 12.225]}",0.3,0.64432,0.71,,0.3,,,,POOR,ROAD,BASELINE
dataset/images/NEG_SOUND_CONCRETE_0363_0001.png,dataset/masks/NEG_SOUND_CONCRETE_0363_0001.exr,dataset/depth/NEG_SOUND_CONCRETE_0363_0001.exr,dataset/normals/NEG_SOUND_CONCRETE_0363_0001.exr,,SOUND_CONCRETE,False,640x480,"{'position_m': [269.659, 4.3514, 12.525], 'target_m': [269.659, 4.3514, 12.225]}",0.3,0.64432,1.32,,0.3,,,,POOR,ROAD,BASELINE
dataset/images/NEG_SOUND_CONCRETE_0364_0001.png,dataset/masks/NEG_SOUND_CONCRETE_0364_0001.exr,dataset/depth/NEG_SOUND_CONCRETE_0364_0001.exr,dataset/normals/NEG_SOUND_CONCRETE_0364_0001.exr,,SOUND_CONCRETE,False,640x480,"{'position_m': [225.08, 4.5048, 11.7375], 'target_m': [225.08, 4.5048, 11.4375]}",0.3,0.64433,1.56,,0.3,,,,POOR,ROAD,BASELINE
dataset/images/NEG_SOUND_CONCRETE_0365_0001.png,dataset/masks/NEG_SOUND_CONCRETE_0365_0001.exr,dataset/depth/NEG_SOUND_CONCRETE_0365_0001.exr,dataset/normals/NEG_SOUND_CONCRETE_0365_0001.exr,,SOUND_CONCRETE,False,640x480,"{'position_m': [241.2591, -6.9, 15.254], 'target_m': [241.2591, -6.6, 15.254]}",0.1768,0.37977,3.19,,0.3,,,,POOR,ROAD,BASELINE
dataset/images/NEG_SOUND_CONCRETE_0366_0001.png,dataset/masks/NEG_SOUND_CONCRETE_0366_0001.exr,dataset/depth/NEG_SOUND_CONCRETE_0366_0001.exr,dataset/normals/NEG_SOUND_CONCRETE_0366_0001.exr,,SOUND_CONCRETE,False,640x480,"{'position_m': [229.9094, -5.9, 13.228], 'target_m': [229.9094, -5.6, 13.228]}",0.3,0.64433,1.04,,0.3,,,,POOR,ROAD,BASELINE
dataset/images/NEG_SOUND_CONCRETE_0367_0001.png,dataset/masks/NEG_SOUND_CONCRETE_0367_0001.exr,dataset/depth/NEG_SOUND_CONCRETE_0367_0001.exr,dataset/normals/NEG_SOUND_CONCRETE_0367_0001.exr,,SOUND_CONCRETE,False,640x480,"{'position_m': [255.06, 31.255, 19.3], 'target_m': [255.06, 31.255, 19.0]}",0.3,0.64432,1.71,,0.3,,,,GOOD,METRO,BASELINE
dataset/images/NEG_SOUND_CONCRETE_0368_0001.png,dataset/masks/NEG_SOUND_CONCRETE_0368_0001.exr,dataset/depth/NEG_SOUND_CONCRETE_0368_0001.exr,dataset/normals/NEG_SOUND_CONCRETE_0368_0001.exr,,SOUND_CONCRETE,False,640x480,"{'position_m': [225.06, 29.935, 19.3], 'target_m': [225.06, 29.935, 19.0]}",0.3,0.64432,1.57,,0.3,,,,GOOD,METRO,BASELINE
dataset/images/NEG_SOUND_CONCRETE_0369_0001.png,dataset/masks/NEG_SOUND_CONCRETE_0369_0001.exr,dataset/depth/NEG_SOUND_CONCRETE_0369_0001.exr,dataset/normals/NEG_SOUND_CONCRETE_0369_0001.exr,,SOUND_CONCRETE,False,640x480,"{'position_m': [135.06, 26.5895, 19.9146], 'target_m': [135.06, 26.5895, 19.0]}",0.5646,1.21262,1.84,,0.9146,,,,GOOD,METRO,BASELINE
dataset/images/NEG_SOUND_CONCRETE_0370_0001.png,dataset/masks/NEG_SOUND_CONCRETE_0370_0001.exr,dataset/depth/NEG_SOUND_CONCRETE_0370_0001.exr,dataset/normals/NEG_SOUND_CONCRETE_0370_0001.exr,,SOUND_CONCRETE,False,640x480,"{'position_m': [255.06, 30.0047, 19.3], 'target_m': [255.06, 30.0047, 19.0]}",0.3,0.64432,3.07,,0.3,,,,GOOD,METRO,BASELINE
dataset/images/NEG_SOUND_CONCRETE_0371_0001.png,dataset/masks/NEG_SOUND_CONCRETE_0371_0001.exr,dataset/depth/NEG_SOUND_CONCRETE_0371_0001.exr,dataset/normals/NEG_SOUND_CONCRETE_0371_0001.exr,,SOUND_CONCRETE,False,640x480,"{'position_m': [225.06, 30.9575, 19.3424], 'target_m': [225.06, 30.9575, 19.0]}",0.3424,0.73539,1.38,,0.3424,,,,GOOD,METRO,BASELINE
dataset/images/NEG_SOUND_CONCRETE_0372_0001.png,dataset/masks/NEG_SOUND_CONCRETE_0372_0001.exr,dataset/depth/NEG_SOUND_CONCRETE_0372_0001.exr,dataset/normals/NEG_SOUND_CONCRETE_0372_0001.exr,,SOUND_CONCRETE,False,640x480,"{'position_m': [223.9341, 156.485, 16.675], 'target_m': [223.9341, 30.775, 16.675]}",125.71,269.99406,0.0,,125.71,,,,GOOD,METRO,BASELINE
dataset/images/NEG_SOUND_CONCRETE_0373_0001.png,dataset/masks/NEG_SOUND_CONCRETE_0373_0001.exr,dataset/depth/NEG_SOUND_CONCRETE_0373_0001.exr,dataset/normals/NEG_SOUND_CONCRETE_0373_0001.exr,,SOUND_CONCRETE,False,640x480,"{'position_m': [270.437, 27.5693, 18.4], 'target_m': [270.437, 27.5693, 18.7]}",0.3,0.64433,1.2,,0.3,,,,GOOD,METRO,BASELINE
dataset/images/NEG_SOUND_CONCRETE_0374_0001.png,dataset/masks/NEG_SOUND_CONCRETE_0374_0001.exr,dataset/depth/NEG_SOUND_CONCRETE_0374_0001.exr,dataset/normals/NEG_SOUND_CONCRETE_0374_0001.exr,,SOUND_CONCRETE,False,640x480,"{'position_m': [244.684, 28.9833, 17.9426], 'target_m': [244.684, 28.9833, 18.7]}",0.7574,1.62671,1.93,,0.7574,,,,GOOD,METRO,BASELINE
dataset/images/NEG_SOUND_CONCRETE_0375_0001.png,dataset/masks/NEG_SOUND_CONCRETE_0375_0001.exr,dataset/depth/NEG_SOUND_CONCRETE_0375_0001.exr,dataset/normals/NEG_SOUND_CONCRETE_0375_0001.exr,,SOUND_CONCRETE,False,640x480,"{'position_m': [164.438, 28.3913, 18.3229], 'target_m': [164.438, 28.3913, 18.7]}",0.3771,0.80992,1.69,,0.3771,,,,GOOD,METRO,BASELINE
dataset/images/NEG_SOUND_CONCRETE_0376_0001.png,dataset/masks/NEG_SOUND_CONCRETE_0376_0001.exr,dataset/depth/NEG_SOUND_CONCRETE_0376_0001.exr,dataset/normals/NEG_SOUND_CONCRETE_0376_0001.exr,,SOUND_CONCRETE,False,640x480,"{'position_m': [260.2847, 24.925, 17.79], 'target_m': [260.2847, 25.225, 17.79]}",0.3,0.64433,1.22,,0.3,,,,GOOD,METRO,BASELINE
dataset/images/NEG_SOUND_CONCRETE_0377_0001.png,dataset/masks/NEG_SOUND_CONCRETE_0377_0001.exr,dataset/depth/NEG_SOUND_CONCRETE_0377_0001.exr,dataset/normals/NEG_SOUND_CONCRETE_0377_0001.exr,,SOUND_CONCRETE,False,640x480,"{'position_m': [242.3767, 24.0675, 17.79], 'target_m': [242.3767, 25.225, 17.79]}",1.1575,2.48603,0.97,,1.1575,,,,GOOD,METRO,BASELINE
dataset/images/NEG_SOUND_CONCRETE_0378_0001.png,dataset/masks/NEG_SOUND_CONCRETE_0378_0001.exr,dataset/depth/NEG_SOUND_CONCRETE_0378_0001.exr,dataset/normals/NEG_SOUND_CONCRETE_0378_0001.exr,,SOUND_CONCRETE,False,640x480,"{'position_m': [184.1161, 24.925, 17.24], 'target_m': [184.1161, 25.225, 17.24]}",0.3,0.64433,1.95,,0.3,,,,GOOD,METRO,BASELINE
dataset/images/NEG_SOUND_CONCRETE_0379_0001.png,dataset/masks/NEG_SOUND_CONCRETE_0379_0001.exr,dataset/depth/NEG_SOUND_CONCRETE_0379_0001.exr,dataset/normals/NEG_SOUND_CONCRETE_0379_0001.exr,,SOUND_CONCRETE,False,640x480,"{'position_m': [271.404, 28.2486, 16.5], 'target_m': [271.404, 28.2486, 16.8]}",0.3,0.64432,1.25,,0.3,,,,GOOD,METRO,BASELINE
dataset/images/NEG_SOUND_CONCRETE_0380_0001.png,dataset/masks/NEG_SOUND_CONCRETE_0380_0001.exr,dataset/depth/NEG_SOUND_CONCRETE_0380_0001.exr,dataset/normals/NEG_SOUND_CONCRETE_0380_0001.exr,,SOUND_CONCRETE,False,640x480,"{'position_m': [244.274, 30.7807, 15.9643], 'target_m': [244.274, 30.7807, 16.8]}",0.8357,1.79487,1.05,,0.8357,,,,GOOD,METRO,BASELINE
dataset/images/NEG_SOUND_CONCRETE_0381_0001.png,dataset/masks/NEG_SOUND_CONCRETE_0381_0001.exr,dataset/depth/NEG_SOUND_CONCRETE_0381_0001.exr,dataset/normals/NEG_SOUND_CONCRETE_0381_0001.exr,,SOUND_CONCRETE,False,640x480,"{'position_m': [167.846, 25.1314, 15.5], 'target_m': [167.846, 25.1314, 15.8]}",0.3,0.64433,2.72,,0.3,,,,GOOD,METRO,BASELINE
dataset/images/NEG_SOUND_CONCRETE_0382_0001.png,dataset/masks/NEG_SOUND_CONCRETE_0382_0001.exr,dataset/depth/NEG_SOUND_CONCRETE_0382_0001.exr,dataset/normals/NEG_SOUND_CONCRETE_0382_0001.exr,,SOUND_CONCRETE,False,640x480,"{'position_m': [108.0205, 164.1511, 5.705], 'target_m': [134.9083, 28.9818, 5.705]}",137.8456,296.05829,18.22,,137.8154,,,,GOOD,METRO,BASELINE
dataset/images/NEG_SOUND_CONCRETE_0383_0001.png,dataset/masks/NEG_SOUND_CONCRETE_0383_0001.exr,dataset/depth/NEG_SOUND_CONCRETE_0383_0001.exr,dataset/normals/NEG_SOUND_CONCRETE_0383_0001.exr,,SOUND_CONCRETE,False,640x480,"{'position_m': [134.6108, 26.7716, 4.641], 'target_m': [134.6693, 27.0658, 4.641]}",0.3,0.64429,25.76,,0.3,,,,GOOD,METRO,BASELINE
dataset/images/NEG_SOUND_WELD_0384_0001.png,dataset/masks/NEG_SOUND_WELD_0384_0001.exr,dataset/depth/NEG_SOUND_WELD_0384_0001.exr,dataset/normals/NEG_SOUND_WELD_0384_0001.exr,,SOUND_WELD,False,640x480,"{'position_m': [180.3705, -6.375, 21.0], 'target_m': [180.3705, -6.675, 21.0]}",0.3,0.64433,0.0,,0.3,,,,POOR,TRUSS,BASELINE
dataset/images/NEG_SOUND_WELD_0385_0001.png,dataset/masks/NEG_SOUND_WELD_0385_0001.exr,dataset/depth/NEG_SOUND_WELD_0385_0001.exr,dataset/normals/NEG_SOUND_WELD_0385_0001.exr,,SOUND_WELD,False,640x480,"{'position_m': [181.3793, -6.4, 21.0], 'target_m': [181.3793, -6.7, 21.0]}",0.3,0.64433,0.0,,0.3,,,,POOR,TRUSS,BASELINE
dataset/images/NEG_SOUND_WELD_0386_0001.png,dataset/masks/NEG_SOUND_WELD_0386_0001.exr,dataset/depth/NEG_SOUND_WELD_0386_0001.exr,dataset/normals/NEG_SOUND_WELD_0386_0001.exr,,SOUND_WELD,False,640x480,"{'position_m': [180.3209, -6.375, 21.0], 'target_m': [180.3209, -6.675, 21.0]}",0.3,0.64433,0.0,,0.3,,,,POOR,TRUSS,BASELINE
dataset/images/NEG_SOUND_WELD_0387_0001.png,dataset/masks/NEG_SOUND_WELD_0387_0001.exr,dataset/depth/NEG_SOUND_WELD_0387_0001.exr,dataset/normals/NEG_SOUND_WELD_0387_0001.exr,,SOUND_WELD,False,640x480,"{'position_m': [179.9538, -6.3391, 21.0], 'target_m': [180.1876, -6.527, 21.0]}",0.3,0.64443,0.0,,0.3,,,,POOR,TRUSS,BASELINE
dataset/images/NEG_SOUND_WELD_0388_0001.png,dataset/masks/NEG_SOUND_WELD_0388_0001.exr,dataset/depth/NEG_SOUND_WELD_0388_0001.exr,dataset/normals/NEG_SOUND_WELD_0388_0001.exr,,SOUND_WELD,False,640x480,"{'position_m': [181.0815, -6.4, 21.0], 'target_m': [181.0815, -6.7, 21.0]}",0.3,0.64433,0.0,,0.3,,,,POOR,TRUSS,BASELINE
dataset/images/NEG_SOUND_WELD_0389_0001.png,dataset/masks/NEG_SOUND_WELD_0389_0001.exr,dataset/depth/NEG_SOUND_WELD_0389_0001.exr,dataset/normals/NEG_SOUND_WELD_0389_0001.exr,,SOUND_WELD,False,640x480,"{'position_m': [179.8786, -6.4327, 21.0], 'target_m': [180.1124, -6.6206, 21.0]}",0.3,0.64441,0.0,,0.3,,,,POOR,TRUSS,BASELINE
dataset/images/NEG_SOUND_WELD_0390_0001.png,dataset/masks/NEG_SOUND_WELD_0390_0001.exr,dataset/depth/NEG_SOUND_WELD_0390_0001.exr,dataset/normals/NEG_SOUND_WELD_0390_0001.exr,,SOUND_WELD,False,640x480,"{'position_m': [181.3087, -6.4, 21.0], 'target_m': [181.3087, -6.7, 21.0]}",0.3,0.64433,0.0,,0.3,,,,POOR,TRUSS,BASELINE
dataset/images/NEG_SOUND_WELD_0391_0001.png,dataset/masks/NEG_SOUND_WELD_0391_0001.exr,dataset/depth/NEG_SOUND_WELD_0391_0001.exr,dataset/normals/NEG_SOUND_WELD_0391_0001.exr,,SOUND_WELD,False,640x480,"{'position_m': [192.3485, -6.4, 21.0], 'target_m': [192.3485, -6.7, 21.0]}",0.3,0.64433,0.0,,0.3,,,,POOR,TRUSS,BASELINE
dataset/images/NEG_SOUND_WELD_0392_0001.png,dataset/masks/NEG_SOUND_WELD_0392_0001.exr,dataset/depth/NEG_SOUND_WELD_0392_0001.exr,dataset/normals/NEG_SOUND_WELD_0392_0001.exr,,SOUND_WELD,False,640x480,"{'position_m': [192.4718, -6.4, 21.0], 'target_m': [192.4718, -6.7, 21.0]}",0.3,0.64433,0.0,,0.3,,,,POOR,TRUSS,BASELINE
dataset/images/NEG_SOUND_WELD_0393_0001.png,dataset/masks/NEG_SOUND_WELD_0393_0001.exr,dataset/depth/NEG_SOUND_WELD_0393_0001.exr,dataset/normals/NEG_SOUND_WELD_0393_0001.exr,,SOUND_WELD,False,640x480,"{'position_m': [192.4913, -6.4, 21.0], 'target_m': [192.4913, -6.7, 21.0]}",0.3,0.64433,0.0,,0.3,,,,POOR,TRUSS,BASELINE
dataset/images/NEG_SOUND_WELD_0394_0001.png,dataset/masks/NEG_SOUND_WELD_0394_0001.exr,dataset/depth/NEG_SOUND_WELD_0394_0001.exr,dataset/normals/NEG_SOUND_WELD_0394_0001.exr,,SOUND_WELD,False,640x480,"{'position_m': [192.3535, -6.4, 21.0], 'target_m': [192.3535, -6.7, 21.0]}",0.3,0.64433,0.0,,0.3,,,,POOR,TRUSS,BASELINE
dataset/images/NEG_SOUND_WELD_0395_0001.png,dataset/masks/NEG_SOUND_WELD_0395_0001.exr,dataset/depth/NEG_SOUND_WELD_0395_0001.exr,dataset/normals/NEG_SOUND_WELD_0395_0001.exr,,SOUND_WELD,False,640x480,"{'position_m': [191.6819, -6.375, 21.0], 'target_m': [191.6819, -6.675, 21.0]}",0.3,0.64433,0.0,,0.3,,,,POOR,TRUSS,BASELINE
dataset/images/NEG_SOUND_WELD_0396_0001.png,dataset/masks/NEG_SOUND_WELD_0396_0001.exr,dataset/depth/NEG_SOUND_WELD_0396_0001.exr,dataset/normals/NEG_SOUND_WELD_0396_0001.exr,,SOUND_WELD,False,640x480,"{'position_m': [192.4207, -6.4, 21.0], 'target_m': [192.4207, -6.7, 21.0]}",0.3,0.64433,0.0,,0.3,,,,POOR,TRUSS,BASELINE
dataset/images/NEG_SOUND_WELD_0397_0001.png,dataset/masks/NEG_SOUND_WELD_0397_0001.exr,dataset/depth/NEG_SOUND_WELD_0397_0001.exr,dataset/normals/NEG_SOUND_WELD_0397_0001.exr,,SOUND_WELD,False,640x480,"{'position_m': [191.5859, -6.375, 21.0], 'target_m': [191.5859, -6.675, 21.0]}",0.3,0.64433,0.0,,0.3,,,,POOR,TRUSS,BASELINE
dataset/images/NEG_SOUND_WELD_0398_0001.png,dataset/masks/NEG_SOUND_WELD_0398_0001.exr,dataset/depth/NEG_SOUND_WELD_0398_0001.exr,dataset/normals/NEG_SOUND_WELD_0398_0001.exr,,SOUND_WELD,False,640x480,"{'position_m': [191.457, 6.363, 12.0], 'target_m': [191.457, 6.663, 12.0]}",0.3,0.64433,0.0,,0.3,,,,POOR,TRUSS,BASELINE
dataset/images/NEG_SOUND_WELD_0399_0001.png,dataset/masks/NEG_SOUND_WELD_0399_0001.exr,dataset/depth/NEG_SOUND_WELD_0399_0001.exr,dataset/normals/NEG_SOUND_WELD_0399_0001.exr,,SOUND_WELD,False,640x480,"{'position_m': [192.5793, 6.4, 12.0], 'target_m': [192.5793, 6.7, 12.0]}",0.3,0.64433,0.0,,0.3,,,,POOR,TRUSS,BASELINE
dataset/images/NEG_SOUND_WELD_0400_0001.png,dataset/masks/NEG_SOUND_WELD_0400_0001.exr,dataset/depth/NEG_SOUND_WELD_0400_0001.exr,dataset/normals/NEG_SOUND_WELD_0400_0001.exr,,SOUND_WELD,False,640x480,"{'position_m': [192.4893, 6.4, 12.0], 'target_m': [192.4893, 6.7, 12.0]}",0.3,0.64433,0.0,,0.3,,,,POOR,TRUSS,BASELINE
dataset/images/NEG_SOUND_WELD_0401_0001.png,dataset/masks/NEG_SOUND_WELD_0401_0001.exr,dataset/depth/NEG_SOUND_WELD_0401_0001.exr,dataset/normals/NEG_SOUND_WELD_0401_0001.exr,,SOUND_WELD,False,640x480,"{'position_m': [191.3255, 6.3532, 12.0], 'target_m': [191.3255, 6.6532, 12.0]}",0.3,0.64443,0.0,,0.3,,,,POOR,TRUSS,BASELINE
dataset/images/NEG_SOUND_WELD_0402_0001.png,dataset/masks/NEG_SOUND_WELD_0402_0001.exr,dataset/depth/NEG_SOUND_WELD_0402_0001.exr,dataset/normals/NEG_SOUND_WELD_0402_0001.exr,,SOUND_WELD,False,640x480,"{'position_m': [191.3799, 6.375, 12.0], 'target_m': [191.3799, 6.675, 12.0]}",0.3,0.64433,0.0,,0.3,,,,POOR,TRUSS,BASELINE
dataset/images/NEG_SOUND_WELD_0403_0001.png,dataset/masks/NEG_SOUND_WELD_0403_0001.exr,dataset/depth/NEG_SOUND_WELD_0403_0001.exr,dataset/normals/NEG_SOUND_WELD_0403_0001.exr,,SOUND_WELD,False,640x480,"{'position_m': [191.5108, 6.375, 12.0], 'target_m': [191.5108, 6.675, 12.0]}",0.3,0.64433,0.0,,0.3,,,,POOR,TRUSS,BASELINE
dataset/images/NEG_SOUND_WELD_0404_0001.png,dataset/masks/NEG_SOUND_WELD_0404_0001.exr,dataset/depth/NEG_SOUND_WELD_0404_0001.exr,dataset/normals/NEG_SOUND_WELD_0404_0001.exr,,SOUND_WELD,False,640x480,"{'position_m': [192.4726, 6.4, 12.0], 'target_m': [192.4726, 6.7, 12.0]}",0.3,0.64433,0.0,,0.3,,,,POOR,TRUSS,BASELINE
dataset/images/NEG_SOUND_WELD_0405_0001.png,dataset/masks/NEG_SOUND_WELD_0405_0001.exr,dataset/depth/NEG_SOUND_WELD_0405_0001.exr,dataset/normals/NEG_SOUND_WELD_0405_0001.exr,,SOUND_WELD,False,640x480,"{'position_m': [191.4782, -6.3532, 12.0], 'target_m': [191.4782, -6.6532, 12.0]}",0.3,0.64443,0.0,,0.3,,,,POOR,TRUSS,BASELINE
dataset/images/NEG_SOUND_WELD_0406_0001.png,dataset/masks/NEG_SOUND_WELD_0406_0001.exr,dataset/depth/NEG_SOUND_WELD_0406_0001.exr,dataset/normals/NEG_SOUND_WELD_0406_0001.exr,,SOUND_WELD,False,640x480,"{'position_m': [192.6374, -6.4, 12.0], 'target_m': [192.6374, -6.7, 12.0]}",0.3,0.64433,0.0,,0.3,,,,POOR,TRUSS,BASELINE
dataset/images/NEG_SOUND_WELD_0407_0001.png,dataset/masks/NEG_SOUND_WELD_0407_0001.exr,dataset/depth/NEG_SOUND_WELD_0407_0001.exr,dataset/normals/NEG_SOUND_WELD_0407_0001.exr,,SOUND_WELD,False,640x480,"{'position_m': [191.3027, -6.363, 12.0], 'target_m': [191.3027, -6.663, 12.0]}",0.3,0.64433,0.0,,0.3,,,,POOR,TRUSS,BASELINE
dataset/images/NEG_SOUND_WELD_0408_0001.png,dataset/masks/NEG_SOUND_WELD_0408_0001.exr,dataset/depth/NEG_SOUND_WELD_0408_0001.exr,dataset/normals/NEG_SOUND_WELD_0408_0001.exr,,SOUND_WELD,False,640x480,"{'position_m': [191.605, -6.375, 12.0], 'target_m': [191.605, -6.675, 12.0]}",0.3,0.64433,0.0,,0.3,,,,POOR,TRUSS,BASELINE
dataset/images/NEG_SOUND_WELD_0409_0001.png,dataset/masks/NEG_SOUND_WELD_0409_0001.exr,dataset/depth/NEG_SOUND_WELD_0409_0001.exr,dataset/normals/NEG_SOUND_WELD_0409_0001.exr,,SOUND_WELD,False,640x480,"{'position_m': [191.3971, -6.375, 12.0], 'target_m': [191.3971, -6.675, 12.0]}",0.3,0.64433,0.0,,0.3,,,,POOR,TRUSS,BASELINE
dataset/images/NEG_SOUND_WELD_0410_0001.png,dataset/masks/NEG_SOUND_WELD_0410_0001.exr,dataset/depth/NEG_SOUND_WELD_0410_0001.exr,dataset/normals/NEG_SOUND_WELD_0410_0001.exr,,SOUND_WELD,False,640x480,"{'position_m': [191.3147, -6.363, 12.0], 'target_m': [191.3147, -6.663, 12.0]}",0.3,0.64433,0.0,,0.3,,,,POOR,TRUSS,BASELINE
dataset/images/NEG_SOUND_WELD_0411_0001.png,dataset/masks/NEG_SOUND_WELD_0411_0001.exr,dataset/depth/NEG_SOUND_WELD_0411_0001.exr,dataset/normals/NEG_SOUND_WELD_0411_0001.exr,,SOUND_WELD,False,640x480,"{'position_m': [192.3954, -6.4, 12.0], 'target_m': [192.3954, -6.7, 12.0]}",0.3,0.64433,0.0,,0.3,,,,POOR,TRUSS,BASELINE
dataset/images/NEG_SOUND_WELD_0412_0001.png,dataset/masks/NEG_SOUND_WELD_0412_0001.exr,dataset/depth/NEG_SOUND_WELD_0412_0001.exr,dataset/normals/NEG_SOUND_WELD_0412_0001.exr,,SOUND_WELD,False,640x480,"{'position_m': [157.7493, 6.3532, 12.0], 'target_m': [157.7493, 6.6532, 12.0]}",0.3,0.64443,0.0,,0.3,,,,POOR,TRUSS,BASELINE
dataset/images/NEG_SOUND_WELD_0413_0001.png,dataset/masks/NEG_SOUND_WELD_0413_0001.exr,dataset/depth/NEG_SOUND_WELD_0413_0001.exr,dataset/normals/NEG_SOUND_WELD_0413_0001.exr,,SOUND_WELD,False,640x480,"{'position_m': [157.8386, 6.375, 12.0], 'target_m': [157.8386, 6.675, 12.0]}",0.3,0.64433,0.0,,0.3,,,,POOR,TRUSS,BASELINE
dataset/images/NEG_SOUND_WELD_0414_0001.png,dataset/masks/NEG_SOUND_WELD_0414_0001.exr,dataset/depth/NEG_SOUND_WELD_0414_0001.exr,dataset/normals/NEG_SOUND_WELD_0414_0001.exr,,SOUND_WELD,False,640x480,"{'position_m': [158.8137, 6.4, 12.0], 'target_m': [158.8137, 6.7, 12.0]}",0.3,0.64433,0.0,,0.3,,,,POOR,TRUSS,BASELINE
dataset/images/NEG_SOUND_WELD_0415_0001.png,dataset/masks/NEG_SOUND_WELD_0415_0001.exr,dataset/depth/NEG_SOUND_WELD_0415_0001.exr,dataset/normals/NEG_SOUND_WELD_0415_0001.exr,,SOUND_WELD,False,640x480,"{'position_m': [157.6497, 6.375, 12.0], 'target_m': [157.6497, 6.675, 12.0]}",0.3,0.64433,0.0,,0.3,,,,POOR,TRUSS,BASELINE
dataset/images/NEG_SOUND_WELD_0416_0001.png,dataset/masks/NEG_SOUND_WELD_0416_0001.exr,dataset/depth/NEG_SOUND_WELD_0416_0001.exr,dataset/normals/NEG_SOUND_WELD_0416_0001.exr,,SOUND_WELD,False,640x480,"{'position_m': [158.6268, 6.4, 12.0], 'target_m': [158.6268, 6.7, 12.0]}",0.3,0.64433,0.0,,0.3,,,,POOR,TRUSS,BASELINE
dataset/images/NEG_SOUND_WELD_0417_0001.png,dataset/masks/NEG_SOUND_WELD_0417_0001.exr,dataset/depth/NEG_SOUND_WELD_0417_0001.exr,dataset/normals/NEG_SOUND_WELD_0417_0001.exr,,SOUND_WELD,False,640x480,"{'position_m': [157.8117, 6.375, 12.0], 'target_m': [157.8117, 6.675, 12.0]}",0.3,0.64433,0.0,,0.3,,,,POOR,TRUSS,BASELINE
dataset/images/NEG_SOUND_WELD_0418_0001.png,dataset/masks/NEG_SOUND_WELD_0418_0001.exr,dataset/depth/NEG_SOUND_WELD_0418_0001.exr,dataset/normals/NEG_SOUND_WELD_0418_0001.exr,,SOUND_WELD,False,640x480,"{'position_m': [146.5075, -6.3532, 12.0], 'target_m': [146.5075, -6.6532, 12.0]}",0.3,0.64443,0.0,,0.3,,,,POOR,TRUSS,BASELINE
dataset/images/NEG_SOUND_WELD_0419_0001.png,dataset/masks/NEG_SOUND_WELD_0419_0001.exr,dataset/depth/NEG_SOUND_WELD_0419_0001.exr,dataset/normals/NEG_SOUND_WELD_0419_0001.exr,,SOUND_WELD,False,640x480,"{'position_m': [147.4934, -6.4, 12.0], 'target_m': [147.4934, -6.7, 12.0]}",0.3,0.64433,0.0,,0.3,,,,POOR,TRUSS,BASELINE
dataset/images/NEG_SOUND_WELD_0420_0001.png,dataset/masks/NEG_SOUND_WELD_0420_0001.exr,dataset/depth/NEG_SOUND_WELD_0420_0001.exr,dataset/normals/NEG_SOUND_WELD_0420_0001.exr,,SOUND_WELD,False,640x480,"{'position_m': [146.3288, -6.3532, 12.0], 'target_m': [146.3288, -6.6532, 12.0]}",0.3,0.64443,0.0,,0.3,,,,POOR,TRUSS,BASELINE
dataset/images/NEG_SOUND_WELD_0421_0001.png,dataset/masks/NEG_SOUND_WELD_0421_0001.exr,dataset/depth/NEG_SOUND_WELD_0421_0001.exr,dataset/normals/NEG_SOUND_WELD_0421_0001.exr,,SOUND_WELD,False,640x480,"{'position_m': [146.4278, -6.375, 12.0], 'target_m': [146.4278, -6.675, 12.0]}",0.3,0.64433,0.0,,0.3,,,,POOR,TRUSS,BASELINE
dataset/images/NEG_SOUND_WELD_0422_0001.png,dataset/masks/NEG_SOUND_WELD_0422_0001.exr,dataset/depth/NEG_SOUND_WELD_0422_0001.exr,dataset/normals/NEG_SOUND_WELD_0422_0001.exr,,SOUND_WELD,False,640x480,"{'position_m': [147.5253, -6.4, 12.0], 'target_m': [147.5253, -6.7, 12.0]}",0.3,0.64433,0.0,,0.3,,,,POOR,TRUSS,BASELINE
dataset/images/NEG_SOUND_WELD_0423_0001.png,dataset/masks/NEG_SOUND_WELD_0423_0001.exr,dataset/depth/NEG_SOUND_WELD_0423_0001.exr,dataset/normals/NEG_SOUND_WELD_0423_0001.exr,,SOUND_WELD,False,640x480,"{'position_m': [147.3316, -6.4, 12.0], 'target_m': [147.3316, -6.7, 12.0]}",0.3,0.64433,0.0,,0.3,,,,POOR,TRUSS,BASELINE
dataset/images/NEG_SOUND_COATING_0424_0001.png,dataset/masks/NEG_SOUND_COATING_0424_0001.exr,dataset/depth/NEG_SOUND_COATING_0424_0001.exr,dataset/normals/NEG_SOUND_COATING_0424_0001.exr,,SOUND_COATING,False,640x480,"{'position_m': [180.2638, 27.2206, 21.0], 'target_m': [180.2638, -6.675, 21.0]}",0.6706,1.44029,0.0,,33.8956,,,,POOR,TRUSS,BASELINE
dataset/images/NEG_SOUND_COATING_0425_0001.png,dataset/masks/NEG_SOUND_COATING_0425_0001.exr,dataset/depth/NEG_SOUND_COATING_0425_0001.exr,dataset/normals/NEG_SOUND_COATING_0425_0001.exr,,SOUND_COATING,False,640x480,"{'position_m': [206.8779, -27.9039, 21.0], 'target_m': [180.4563, -6.6717, 21.0]}",32.8487,70.55098,51.21,,33.8956,,,,POOR,TRUSS,BASELINE
dataset/images/NEG_SOUND_COATING_0426_0001.png,dataset/masks/NEG_SOUND_COATING_0426_0001.exr,dataset/depth/NEG_SOUND_COATING_0426_0001.exr,dataset/normals/NEG_SOUND_COATING_0426_0001.exr,,SOUND_COATING,False,640x480,"{'position_m': [153.8094, 14.7592, 21.0], 'target_m': [180.231, -6.473, 21.0]}",11.8922,25.54147,51.21,,33.8956,,,,POOR,TRUSS,BASELINE
dataset/images/NEG_SOUND_COATING_0427_0001.png,dataset/masks/NEG_SOUND_COATING_0427_0001.exr,dataset/depth/NEG_SOUND_COATING_0427_0001.exr,dataset/normals/NEG_SOUND_COATING_0427_0001.exr,,SOUND_COATING,False,640x480,"{'position_m': [179.6393, 27.2206, 21.0], 'target_m': [179.6393, -6.675, 21.0]}",0.6706,1.44029,0.0,,33.8956,,,,POOR,TRUSS,BASELINE
dataset/images/NEG_SOUND_COATING_0428_0001.png,dataset/masks/NEG_SOUND_COATING_0428_0001.exr,dataset/depth/NEG_SOUND_COATING_0428_0001.exr,dataset/normals/NEG_SOUND_COATING_0428_0001.exr,,SOUND_COATING,False,640x480,"{'position_m': [206.9004, -27.8758, 21.0], 'target_m': [180.4788, -6.6436, 21.0]}",32.8039,70.45474,51.21,,33.8956,,,,POOR,TRUSS,BASELINE
dataset/images/NEG_SOUND_BEARING_0429_0001.png,dataset/masks/NEG_SOUND_BEARING_0429_0001.exr,dataset/depth/NEG_SOUND_BEARING_0429_0001.exr,dataset/normals/NEG_SOUND_BEARING_0429_0001.exr,,SOUND_BEARING,False,640x480,"{'position_m': [135.0, -2.75, 39.2185], 'target_m': [135.0, -2.75, 12.3375]}",18.0685,38.80667,0.0,,26.881,,,,POOR,ROAD,BASELINE
dataset/images/NEG_SOUND_BEARING_0430_0001.png,dataset/masks/NEG_SOUND_BEARING_0430_0001.exr,dataset/depth/NEG_SOUND_BEARING_0430_0001.exr,dataset/normals/NEG_SOUND_BEARING_0430_0001.exr,,SOUND_BEARING,False,640x480,"{'position_m': [225.0, 2.75, 38.3185], 'target_m': [225.0, 2.75, 11.4375]}",17.1685,36.8737,0.0,,26.881,,,,POOR,ROAD,BASELINE
dataset/images/NEG_SOUND_BEARING_0431_0001.png,dataset/masks/NEG_SOUND_BEARING_0431_0001.exr,dataset/depth/NEG_SOUND_BEARING_0431_0001.exr,dataset/normals/NEG_SOUND_BEARING_0431_0001.exr,,SOUND_BEARING,False,640x480,"{'position_m': [135.0, -5.5, 39.2185], 'target_m': [135.0, -5.5, 12.3375]}",18.0685,38.80667,0.0,,26.881,,,,POOR,ROAD,BASELINE
dataset/images/NEG_SOUND_BEARING_0432_0001.png,dataset/masks/NEG_SOUND_BEARING_0432_0001.exr,dataset/depth/NEG_SOUND_BEARING_0432_0001.exr,dataset/normals/NEG_SOUND_BEARING_0432_0001.exr,,SOUND_BEARING,False,640x480,"{'position_m': [225.0, -2.75, 38.3185], 'target_m': [225.0, -2.75, 11.4375]}",17.1685,36.8737,0.0,,26.881,,,,POOR,ROAD,BASELINE
dataset/images/NEG_SOUND_BEARING_0433_0001.png,dataset/masks/NEG_SOUND_BEARING_0433_0001.exr,dataset/depth/NEG_SOUND_BEARING_0433_0001.exr,dataset/normals/NEG_SOUND_BEARING_0433_0001.exr,,SOUND_BEARING,False,640x480,"{'position_m': [135.0, 2.75, 39.2185], 'target_m': [135.0, 2.75, 12.3375]}",18.0685,38.80667,0.0,,26.881,,,,POOR,ROAD,BASELINE
dataset/images/NEG_SOUND_BEARING_0434_0001.png,dataset/masks/NEG_SOUND_BEARING_0434_0001.exr,dataset/depth/NEG_SOUND_BEARING_0434_0001.exr,dataset/normals/NEG_SOUND_BEARING_0434_0001.exr,,SOUND_BEARING,False,640x480,"{'position_m': [225.0, 0.0, 38.3185], 'target_m': [225.0, 0.0, 11.4375]}",17.1685,36.8737,0.0,,26.881,,,,POOR,ROAD,BASELINE
