frame,stamp_s,wall_s
0,15.840,1790288085.689
1,15.908,1790288085.849
2,15.972,1790288085.946
3,16.040,1790288086.070
4,16.236,1790288086.433
5,16.304,1790288086.589
6,16.368,1790288086.694
7,16.436,1790288086.808
8,16.500,1790288086.892
9,16.568,1790288087.038
10,17.028,1790288088.097
11,17.096,1790288088.192
12,17.228,1790288088.497
13,17.360,1790288088.791
14,17.424,1790288088.909
15,17.492,1790288089.003
16,17.556,1790288089.178
17,17.688,1790288089.396
18,18.084,1790288090.197
19,18.416,1790288090.891
20,18.548,1790288091.107
21,18.812,1790288091.684
22,18.876,1790288091.796
23,18.944,1790288091.925
24,19.076,1790288092.230
25,19.140,1790288092.365
26,19.208,1790288092.554
27,19.272,1790288092.653
28,19.340,1790288092.775
29,19.472,1790288093.047
30,19.536,1790288093.183
31,19.668,1790288093.459
32,19.736,1790288093.575
33,19.800,1790288093.669
34,19.868,1790288093.828
35,19.932,1790288093.950
36,20.000,1790288094.060
37,20.064,1790288094.223
38,20.132,1790288094.343
39,20.264,1790288094.607
40,20.396,1790288094.814
41,20.528,1790288095.123
42,20.592,1790288095.216
43,20.660,1790288095.390
44,20.792,1790288095.605
45,20.924,1790288095.907
46,20.988,1790288096.004
47,21.188,1790288096.395
48,21.252,1790288096.523
49,21.320,1790288096.691
50,21.384,1790288096.796
51,21.452,1790288096.925
52,21.516,1790288097.088
53,21.584,1790288097.185
54,21.716,1790288097.479
55,21.848,1790288097.700
56,21.912,1790288097.860
57,21.980,1790288097.948
58,22.044,1790288098.058
59,22.176,1790288098.317
60,22.244,1790288098.426
61,22.308,1790288098.595
62,22.376,1790288098.705
63,22.440,1790288098.822
64,22.508,1790288099.000
65,22.572,1790288099.108
66,22.640,1790288099.238
67,22.704,1790288099.414
68,22.772,1790288099.524
69,22.836,1790288099.659
70,22.904,1790288099.843
71,22.968,1790288099.952
72,23.036,1790288100.087
73,23.168,1790288100.347
74,23.232,1790288100.474
75,23.300,1790288100.573
76,23.432,1790288100.880
77,23.496,1790288100.965
78,23.628,1790288101.276
79,23.760,1790288101.550
80,24.024,1790288102.088
81,24.092,1790288102.171
82,24.156,1790288102.344
83,24.356,1790288102.730
84,24.488,1790288102.954
85,24.684,1790288103.347
86,24.816,1790288103.627
87,24.948,1790288103.875
88,25.016,1790288104.072
89,25.080,1790288104.167
90,25.212,1790288104.481
91,25.280,1790288104.592
92,25.344,1790288104.721
93,25.412,1790288104.907
94,25.476,1790288105.003
95,25.608,1790288105.282
96,25.676,1790288105.390
97,25.740,1790288105.508
98,25.808,1790288105.715
99,25.872,1790288105.836
100,25.940,1790288105.959
101,26.004,1790288106.142
102,26.072,1790288106.250
103,26.136,1790288106.379
104,26.204,1790288106.563
105,26.336,1790288106.774
106,26.468,1790288107.047
107,26.864,1790288107.826
108,26.928,1790288107.960
109,26.996,1790288108.067
110,27.128,1790288108.359
111,27.260,1790288108.628
112,27.456,1790288109.011
113,27.524,1790288109.138
114,27.588,1790288109.224
115,27.656,1790288109.392
116,27.720,1790288109.518
117,27.920,1790288109.902
118,27.984,1790288110.001
119,28.248,1790288110.497
120,28.316,1790288110.673
121,28.580,1790288111.149
122,28.644,1790288111.261
123,28.712,1790288111.433
124,28.844,1790288111.668
125,28.908,1790288111.836
126,28.976,1790288111.937
127,29.040,1790288112.061
128,29.172,1790288112.337
129,29.240,1790288112.465
130,29.304,1790288112.649
131,29.372,1790288112.749
132,29.436,1790288112.864
133,29.568,1790288113.164
134,29.636,1790288113.295
135,29.700,1790288113.401
136,29.768,1790288113.584
137,29.832,1790288113.721
138,29.900,1790288113.821
139,29.964,1790288113.999
140,30.032,1790288114.120
141,30.096,1790288114.223
142,30.164,1790288114.414
143,30.228,1790288114.534
144,30.296,1790288114.628
145,30.360,1790288114.809
146,30.428,1790288114.938
147,30.492,1790288115.037
148,30.624,1790288115.333
149,30.756,1790288115.605
150,30.824,1790288115.738
151,30.888,1790288115.830
152,30.956,1790288116.015
153,31.020,1790288116.137
154,31.152,1790288116.355
155,31.220,1790288116.524
156,31.352,1790288116.744
157,31.548,1790288117.161
158,31.616,1790288117.395
159,31.748,1790288117.627
160,31.812,1790288117.826
161,31.880,1790288117.939
162,31.944,1790288118.078
163,32.012,1790288118.274
164,32.076,1790288118.368
165,32.144,1790288118.477
166,32.276,1790288118.746
167,32.340,1790288118.868
168,32.408,1790288119.055
169,32.472,1790288119.156
170,32.604,1790288119.430
171,32.672,1790288119.529
172,32.736,1790288119.655
173,32.868,1790288119.972
174,32.936,1790288120.101
175,33.000,1790288120.206
176,33.068,1790288120.390
177,33.132,1790288120.517
178,33.332,1790288120.937
179,33.464,1790288121.234
180,33.528,1790288121.353
181,33.596,1790288121.457
182,33.728,1790288121.759
183,33.792,1790288121.850
184,33.860,1790288122.012
185,33.924,1790288122.131
186,33.992,1790288122.222
187,34.124,1790288122.515
188,34.188,1790288122.619
189,34.320,1790288122.921
190,34.388,1790288123.013
191,34.520,1790288123.292
192,34.584,1790288123.382
193,34.652,1790288123.498
194,34.784,1790288123.757
195,35.048,1790288124.235
196,35.112,1790288124.404
197,35.244,1790288124.618
198,35.312,1790288124.775
199,35.376,1790288124.878
200,35.444,1790288124.987
201,35.508,1790288125.159
202,35.576,1790288125.269
203,35.904,1790288125.949
204,36.036,1790288126.166
205,36.104,1790288126.337
206,36.168,1790288126.440
207,36.236,1790288126.563
208,36.300,1790288126.665
209,36.632,1790288127.304
210,36.696,1790288127.388
211,36.764,1790288127.583
212,36.896,1790288127.808
213,36.960,1790288128.000
214,37.160,1790288128.394
215,37.224,1790288128.528
216,37.292,1790288128.616
217,37.356,1790288128.806
218,37.424,1790288128.921
219,37.488,1790288129.016
220,37.556,1790288129.195
221,37.620,1790288129.324
222,37.688,1790288129.425
223,37.752,1790288129.534
224,37.820,1790288129.691
225,37.884,1790288129.783
226,37.952,1790288129.906
227,38.016,1790288130.064
228,38.148,1790288130.274
229,38.216,1790288130.451
230,38.348,1790288130.659
231,38.480,1790288130.944
232,38.544,1790288131.064
233,38.676,1790288131.335
234,38.744,1790288131.457
235,38.808,1790288131.633
236,38.876,1790288131.751
237,38.940,1790288131.860
238,39.072,1790288132.120
239,39.204,1790288132.404
240,39.272,1790288132.507
241,39.404,1790288132.784
242,39.536,1790288133.000
243,39.668,1790288133.241
244,39.732,1790288133.352
245,39.800,1790288133.454
246,39.864,1790288133.593
247,39.932,1790288133.711
248,39.996,1790288133.786
249,40.064,1790288133.928
250,40.128,1790288134.041
251,40.196,1790288134.112
252,40.260,1790288134.252
253,40.328,1790288134.372
254,40.392,1790288134.450
255,40.460,1790288134.613
256,40.524,1790288134.748
257,40.592,1790288134.840
258,40.920,1790288135.496
259,40.988,1790288135.580
260,41.120,1790288135.860
261,41.252,1790288136.058
262,41.316,1790288136.222
263,41.384,1790288136.315
264,41.448,1790288136.429
265,41.580,1790288136.704
266,41.648,1790288136.813
267,41.712,1790288136.967
268,41.780,1790288137.080
269,41.844,1790288137.194
270,41.912,1790288137.361
271,41.976,1790288137.479
272,42.044,1790288137.612
273,42.176,1790288137.908
274,42.240,1790288138.041
275,42.308,1790288138.234
276,42.372,1790288138.335
277,42.440,1790288138.469
278,42.504,1790288138.681
279,42.572,1790288138.790
280,42.636,1790288138.917
281,42.704,1790288139.088
282,42.768,1790288139.184
283,42.900,1790288139.388
284,42.968,1790288139.553
285,43.032,1790288139.673
286,43.100,1790288139.778
287,43.164,1790288139.942
288,43.296,1790288140.149
289,43.628,1790288140.818
290,43.760,1790288141.105
291,43.824,1790288141.258
292,43.892,1790288141.373
293,43.956,1790288141.568
294,44.156,1790288141.972
295,44.288,1790288142.187
296,44.352,1790288142.310
297,44.420,1790288142.476
298,44.552,1790288142.688
299,44.880,1790288143.348
300,45.012,1790288143.656
301,45.080,1790288143.755
302,45.212,1790288144.059
303,45.276,1790288144.150
304,45.344,1790288144.271
305,45.408,1790288144.445
306,45.476,1790288144.550
307,45.540,1790288144.669
308,45.672,1790288144.933
309,45.740,1790288145.050
310,45.872,1790288145.326
311,45.936,1790288145.445
312,46.004,1790288145.603
313,46.136,1790288145.821
314,46.332,1790288146.193
315,46.400,1790288146.284
316,46.532,1790288146.559
317,46.664,1790288146.863
318,46.728,1790288146.983
319,46.796,1790288147.079
320,46.860,1790288147.249
321,46.992,1790288147.450
322,47.060,1790288147.617
323,47.124,1790288147.740
324,47.256,1790288147.998
325,47.324,1790288148.132
326,47.456,1790288148.375
327,47.520,1790288148.495
328,47.588,1790288148.586
329,47.652,1790288148.717
330,47.720,1790288148.899
331,47.916,1790288149.279
332,47.984,1790288149.370
333,48.048,1790288149.478
334,48.116,1790288149.643
335,48.180,1790288149.730
336,48.248,1790288149.850
337,48.380,1790288150.110
338,48.444,1790288150.226
339,48.512,1790288150.394
340,48.840,1790288150.989
341,48.972,1790288151.255
342,49.104,1790288151.527
343,49.172,1790288151.633
344,49.236,1790288151.746
345,49.304,1790288151.921
346,49.368,1790288152.021
347,49.436,1790288152.132
348,49.500,1790288152.233
349,49.568,1790288152.414
350,49.632,1790288152.542
351,49.764,1790288152.806
352,49.832,1790288152.951
353,49.896,1790288153.050
354,49.964,1790288153.220
355,50.028,1790288153.354
356,50.096,1790288153.447
357,50.228,1790288153.752
358,50.292,1790288153.844
359,50.360,1790288154.015
360,50.424,1790288154.148
361,50.492,1790288154.236
362,50.624,1790288154.529
363,50.688,1790288154.616
364,50.756,1790288154.797
365,50.820,1790288154.928
366,50.888,1790288155.020
367,50.952,1790288155.143
368,51.020,1790288155.326
369,51.084,1790288155.416
370,51.152,1790288155.542
371,51.348,1790288155.936
372,51.548,1790288156.325
373,51.612,1790288156.502
374,51.680,1790288156.609
375,51.744,1790288156.721
376,51.876,1790288157.000
377,51.944,1790288157.131
378,52.140,1790288157.508
379,52.208,1790288157.675
380,52.272,1790288157.781
381,52.340,1790288157.897
382,52.472,1790288158.153
383,52.604,1790288158.429
384,52.668,1790288158.533
385,52.736,1790288158.649
386,52.800,1790288158.741
387,52.868,1790288158.902
388,52.932,1790288159.022
389,53.064,1790288159.270
390,53.132,1790288159.383
391,53.196,1790288159.466
392,53.264,1790288159.636
393,53.396,1790288159.853
394,53.528,1790288160.165
395,53.592,1790288160.252
396,53.660,1790288160.418
397,53.792,1790288160.648
398,53.856,1790288160.827
399,53.924,1790288160.943
400,54.056,1790288161.204
401,54.120,1790288161.338
402,54.252,1790288161.565
403,54.384,1790288161.822
404,54.452,1790288161.949
405,54.516,1790288162.107
406,54.584,1790288162.202
407,54.648,1790288162.324
408,54.716,1790288162.502
409,54.780,1790288162.601
410,54.848,1790288162.720
411,54.912,1790288162.882
412,54.980,1790288162.977
413,55.044,1790288163.089
414,55.112,1790288163.267
415,55.176,1790288163.368
416,55.244,1790288163.484
417,55.308,1790288163.656
418,55.376,1790288163.753
419,55.440,1790288163.867
420,55.572,1790288164.124
421,55.640,1790288164.237
422,55.704,1790288164.413
423,55.772,1790288164.530
424,55.836,1790288164.647
425,55.904,1790288164.808
426,56.168,1790288165.282
427,56.300,1790288165.490
428,56.496,1790288165.863
429,56.564,1790288166.026
430,56.628,1790288166.149
431,56.696,1790288166.233
432,56.760,1790288166.403
433,56.828,1790288166.530
434,56.892,1790288166.624
435,56.960,1790288166.797
436,57.024,1790288166.926
437,57.092,1790288167.015
438,57.156,1790288167.189
439,57.224,1790288167.317
440,57.288,1790288167.409
441,57.356,1790288167.587
442,57.488,1790288167.811
443,57.552,1790288167.934
444,57.816,1790288168.476
445,57.884,1790288168.574
446,58.080,1790288168.962
447,58.148,1790288169.082
448,58.212,1790288169.254
449,58.344,1790288169.484
450,58.412,1790288169.653
451,58.476,1790288169.758
452,58.544,1790288169.871
453,58.676,1790288170.138
454,58.740,1790288170.258
455,58.872,1790288170.526
456,58.940,1790288170.637
457,59.072,1790288170.914
458,59.136,1790288171.023
459,59.204,1790288171.204
460,59.268,1790288171.306
461,59.336,1790288171.417
462,59.400,1790288171.516
463,59.468,1790288171.671
464,59.532,1790288171.784
465,59.664,1790288172.039
466,59.732,1790288172.157
467,59.796,1790288172.254
468,59.864,1790288172.415
469,59.928,1790288172.543
470,59.996,1790288172.638
471,60.060,1790288172.816
472,60.192,1790288173.037
473,60.260,1790288173.194
474,60.524,1790288173.680
475,60.656,1790288173.970
476,60.720,1790288174.097
477,60.788,1790288174.185
478,60.852,1790288174.310
479,60.920,1790288174.477
480,61.052,1790288174.686
481,61.248,1790288175.069
482,61.316,1790288175.233
483,61.380,1790288175.321
484,61.448,1790288175.446
485,61.580,1790288175.720
486,61.712,1790288176.012
487,61.776,1790288176.108
488,61.844,1790288176.219
489,61.908,1790288176.395
490,61.976,1790288176.503
491,62.040,1790288176.623
492,62.172,1790288176.933
493,62.240,1790288177.077
494,62.372,1790288177.376
495,62.436,1790288177.500
496,62.504,1790288177.669
497,62.568,1790288177.779
498,62.636,1790288177.894
499,62.700,1790288178.003
500,62.768,1790288178.166
501,62.900,1790288178.358
502,62.964,1790288178.521
503,63.032,1790288178.649
504,63.096,1790288178.749
505,63.164,1790288178.907
506,63.296,1790288179.118
507,63.360,1790288179.303
508,63.428,1790288179.447
509,63.492,1790288179.551
510,63.560,1790288179.741
511,63.624,1790288179.861
512,63.824,1790288180.262
513,63.888,1790288180.360
514,63.956,1790288180.554
515,64.020,1790288180.691
516,64.088,1790288180.785
517,64.152,1790288180.908
518,64.220,1790288181.074
519,64.284,1790288181.154
520,64.352,1790288181.280
521,64.484,1790288181.559
522,64.548,1790288181.683
523,64.680,1790288181.952
524,64.748,1790288182.088
525,64.880,1790288182.355
526,64.944,1790288182.477
527,65.012,1790288182.651
528,65.076,1790288182.762
529,65.144,1790288182.878
530,65.276,1790288183.143
531,65.340,1790288183.255
532,65.408,1790288183.424
533,65.540,1790288183.629
534,65.736,1790288184.016
535,65.868,1790288184.285
536,65.936,1790288184.406
537,66.000,1790288184.493
538,66.068,1790288184.663
539,66.132,1790288184.779
540,66.200,1790288184.879
541,66.332,1790288185.163
542,66.396,1790288185.260
543,66.528,1790288185.560
544,66.596,1790288185.649
545,66.660,1790288185.827
546,66.728,1790288185.965
547,66.792,1790288186.064
548,66.924,1790288186.357
549,67.124,1790288186.721
550,67.188,1790288186.816
551,67.320,1790288187.147
552,67.452,1790288187.368
553,67.520,1790288187.537
554,67.584,1790288187.629
555,67.716,1790288187.920
556,67.848,1790288188.149
557,67.916,1790288188.314
558,67.980,1790288188.411
559,68.048,1790288188.525
560,68.112,1790288188.705
561,68.180,1790288188.814
562,68.244,1790288188.930
563,68.312,1790288189.107
564,68.444,1790288189.347
565,68.508,1790288189.542
566,68.640,1790288189.782
567,68.708,1790288189.973
568,68.904,1790288190.379
569,68.972,1790288190.486
570,69.036,1790288190.601
571,69.236,1790288190.990
572,69.432,1790288191.368
573,69.500,1790288191.456
574,69.564,1790288191.621
575,69.632,1790288191.763
576,69.764,1790288192.039
577,69.828,1790288192.164
578,69.896,1790288192.249
579,69.960,1790288192.434
580,70.028,1790288192.582
581,70.160,1790288192.877
582,70.224,1790288193.008
583,70.292,1790288193.105
584,70.356,1790288193.284
585,70.424,1790288193.416
586,70.488,1790288193.513
587,70.556,1790288193.707
588,70.620,1790288193.819
589,70.688,1790288193.922
590,70.752,1790288194.040
591,70.820,1790288194.202
592,70.884,1790288194.292
593,71.084,1790288194.674
594,71.216,1790288194.969
595,71.348,1790288195.166
596,71.412,1790288195.335
597,71.480,1790288195.433
598,71.544,1790288195.552
599,71.676,1790288195.825
600,71.744,1790288195.940
601,71.808,1790288196.115
602,71.876,1790288196.215
603,71.940,1790288196.347
604,72.072,1790288196.625
605,72.204,1790288196.903
606,72.272,1790288197.006
607,72.336,1790288197.116
608,72.468,1790288197.384
609,72.536,1790288197.495
610,72.600,1790288197.589
611,72.800,1790288197.972
612,72.864,1790288198.143
613,73.128,1790288198.670
614,73.196,1790288198.761
615,73.328,1790288199.038
616,73.392,1790288199.143
617,73.460,1790288199.326
618,73.524,1790288199.443
619,73.592,1790288199.545
620,73.656,1790288199.741
621,73.724,1790288199.853
622,73.788,1790288199.943
623,73.988,1790288200.324
624,74.052,1790288200.443
625,74.120,1790288200.615
626,74.184,1790288200.717
627,74.252,1790288200.849
628,74.384,1790288201.138
629,74.580,1790288201.534
630,74.648,1790288201.649
631,74.712,1790288201.828
632,74.780,1790288201.936
633,74.844,1790288202.068
634,75.044,1790288202.442
635,75.108,1790288202.616
636,75.308,1790288202.989
637,75.440,1790288203.202
638,75.504,1790288203.369
639,75.572,1790288203.469
640,75.704,1790288203.749
641,75.836,1790288203.963
642,75.900,1790288204.059
643,75.968,1790288204.221
644,76.032,1790288204.338
645,76.164,1790288204.615
646,76.232,1790288204.740
647,76.296,1790288204.834
648,76.364,1790288205.020
649,76.496,1790288205.232
650,76.560,1790288205.423
651,76.628,1790288205.550
652,76.692,1790288205.659
653,76.760,1790288205.853
654,76.824,1790288205.968
655,76.956,1790288206.237
656,77.024,1790288206.359
657,77.088,1790288206.458
658,77.352,1790288206.993
659,77.420,1790288207.163
660,77.552,1790288207.387
661,77.616,1790288207.557
662,77.684,1790288207.656
663,77.816,1790288207.954
664,77.880,1790288208.046
665,77.948,1790288208.158
666,78.080,1790288208.431
667,78.144,1790288208.564
668,78.344,1790288208.958
669,78.408,1790288209.127
670,78.476,1790288209.230
671,78.540,1790288209.358
672,78.608,1790288209.551
673,78.672,1790288209.672
674,78.740,1790288209.795
675,78.804,1790288209.981
676,78.872,1790288210.097
677,78.936,1790288210.239
678,79.068,1790288210.531
679,79.136,1790288210.649
680,79.200,1790288210.730
681,79.268,1790288210.891
682,79.332,1790288211.016
683,79.400,1790288211.101
684,79.464,1790288211.252
685,79.664,1790288211.642
686,79.728,1790288211.761
687,79.992,1790288212.261
688,80.124,1790288212.602
689,80.192,1790288212.703
690,80.388,1790288213.111
691,80.456,1790288213.296
692,80.520,1790288213.442
693,80.588,1790288213.532
694,80.652,1790288213.651
695,80.720,1790288213.821
696,81.048,1790288214.414
697,81.180,1790288214.684
698,81.248,1790288214.796
699,81.380,1790288215.076
700,81.444,1790288215.186
701,81.512,1790288215.363
702,81.576,1790288215.459
703,81.644,1790288215.580
704,81.708,1790288215.750
705,81.776,1790288215.849
706,81.840,1790288215.962
707,81.972,1790288216.241
708,82.040,1790288216.352
709,82.104,1790288216.531
710,82.236,1790288216.749
711,82.304,1790288216.925
712,82.368,1790288217.040
713,82.436,1790288217.167
714,82.632,1790288217.543
715,82.700,1790288217.638
716,82.832,1790288217.934
717,82.964,1790288218.195
718,83.096,1790288218.403
719,83.360,1790288218.962
720,83.424,1790288219.079
721,83.556,1790288219.335
722,83.624,1790288219.450
723,83.688,1790288219.536
724,83.756,1790288219.701
725,83.820,1790288219.828
726,83.888,1790288219.925
727,83.952,1790288220.045
728,84.084,1790288220.309
729,84.152,1790288220.438
730,84.216,1790288220.601
731,84.284,1790288220.698
732,84.348,1790288220.832
733,84.416,1790288221.007
734,84.480,1790288221.099
735,84.548,1790288221.206
736,84.612,1790288221.360
737,84.680,1790288221.456
738,84.744,1790288221.576
739,84.876,1790288221.861
740,85.008,1790288222.186
741,85.076,1790288222.294
742,85.140,1790288222.415
743,85.340,1790288222.857
744,85.404,1790288223.031
745,85.472,1790288223.140
746,85.536,1790288223.254
747,85.668,1790288223.544
748,85.736,1790288223.664
749,85.868,1790288223.936
750,85.932,1790288224.054
751,86.000,1790288224.158
752,86.264,1790288224.695
753,86.396,1790288224.903
754,86.528,1790288225.195
755,86.592,1790288225.287
756,86.660,1790288225.454
757,86.724,1790288225.573
758,86.792,1790288225.662
759,86.856,1790288225.851
760,86.924,1790288225.987
761,86.988,1790288226.073
762,87.120,1790288226.361
763,87.188,1790288226.464
764,87.252,1790288226.601
765,87.384,1790288226.875
766,87.452,1790288226.996
767,87.516,1790288227.169
768,87.584,1790288227.271
769,87.648,1790288227.402
770,87.912,1790288227.958
771,87.980,1790288228.054
772,88.044,1790288228.165
773,88.112,1790288228.331
774,88.176,1790288228.427
775,88.244,1790288228.545
776,88.308,1790288228.722
777,88.376,1790288228.823
778,88.440,1790288228.957
779,88.640,1790288229.339
780,88.836,1790288229.718
781,88.904,1790288229.884
782,88.968,1790288229.982
783,89.036,1790288230.118
784,89.100,1790288230.219
785,89.168,1790288230.379
786,89.232,1790288230.497
787,89.300,1790288230.604
788,89.364,1790288230.797
789,89.432,1790288230.908
790,89.496,1790288231.008
791,89.628,1790288231.323
792,89.696,1790288231.418
793,89.760,1790288231.586
794,89.828,1790288231.710
795,89.960,1790288231.963
796,90.024,1790288232.088
797,90.092,1790288232.173
798,90.224,1790288232.452
799,90.288,1790288232.550
800,90.420,1790288232.846
801,90.488,1790288232.937
802,90.552,1790288233.045
803,90.684,1790288233.269
804,90.752,1790288233.371
805,90.816,1790288233.513
806,90.884,1790288233.599
807,91.016,1790288233.879
808,91.344,1790288234.494
809,91.412,1790288234.680
810,91.476,1790288234.792
811,91.608,1790288235.114
812,91.676,1790288235.219
813,91.740,1790288235.340
814,91.940,1790288235.752
815,92.072,1790288236.014
816,92.204,1790288236.296
817,92.268,1790288236.399
818,92.336,1790288236.521
819,92.468,1790288236.797
820,92.532,1790288236.926
821,92.664,1790288237.202
822,92.732,1790288237.331
823,92.796,1790288237.430
824,92.864,1790288237.595
825,92.928,1790288237.737
826,92.996,1790288237.838
827,93.060,1790288238.022
828,93.128,1790288238.148
829,93.192,1790288238.250
830,93.260,1790288238.401
831,93.456,1790288238.760
832,93.524,1790288238.878
833,93.656,1790288239.138
834,93.720,1790288239.256
835,93.788,1790288239.345
836,93.852,1790288239.451
837,93.984,1790288239.708
838,94.052,1790288239.841
839,94.116,1790288240.005
840,94.184,1790288240.110
841,94.316,1790288240.418
842,94.448,1790288240.645
843,94.644,1790288241.037
844,94.776,1790288241.294
845,95.040,1790288241.809
846,95.108,1790288241.981
847,95.372,1790288242.523
848,95.436,1790288242.644
849,95.504,1790288242.823
850,95.636,1790288243.041
851,95.700,1790288243.139
852,95.768,1790288243.311
853,95.832,1790288243.446
854,95.900,1790288243.543
855,95.964,1790288243.708
856,96.032,1790288243.837
857,96.096,1790288243.928
858,96.164,1790288244.109
859,96.296,1790288244.335
860,96.492,1790288244.725
861,96.560,1790288244.906
862,96.624,1790288245.032
863,96.756,1790288245.307
864,96.824,1790288245.425
865,96.888,1790288245.520
866,97.020,1790288245.842
867,97.088,1790288245.948
868,97.152,1790288246.089
869,97.284,1790288246.341
870,97.352,1790288246.458
871,97.416,1790288246.627
872,97.484,1790288246.726
873,97.548,1790288246.841
874,97.616,1790288247.022
875,97.680,1790288247.127
876,97.748,1790288247.254
877,97.812,1790288247.430
878,98.012,1790288247.826
879,98.076,1790288247.928
880,98.144,1790288248.044
881,98.208,1790288248.209
882,98.276,1790288248.311
883,98.540,1790288248.848
884,98.672,1790288249.121
885,98.868,1790288249.506
886,99.068,1790288249.892
887,99.132,1790288250.009
888,99.200,1790288250.106
889,99.264,1790288250.274
890,99.332,1790288250.382
891,99.464,1790288250.634
892,99.528,1790288250.754
893,99.596,1790288250.836
894,99.792,1790288251.222
895,99.924,1790288251.528
896,99.992,1790288251.616
897,100.124,1790288251.932
898,100.188,1790288252.031
899,100.256,1790288252.198
900,100.388,1790288252.414
901,100.452,1790288252.532
902,100.584,1790288252.772
903,100.784,1790288253.123
904,100.848,1790288253.243
905,100.916,1790288253.416
906,100.980,1790288253.515
907,101.048,1790288253.636
908,101.112,1790288253.813
909,101.180,1790288253.910
910,101.312,1790288254.214
911,101.376,1790288254.303
912,101.444,1790288254.427
913,101.508,1790288254.598
914,101.576,1790288254.703
915,101.840,1790288255.219
916,101.972,1790288255.495
917,102.104,1790288255.783
918,102.236,1790288256.012
919,102.432,1790288256.410
920,102.500,1790288256.505
921,102.564,1790288256.683
922,102.632,1790288256.807
923,102.696,1790288256.904
924,102.764,1790288257.091
925,102.828,1790288257.209
926,102.896,1790288257.298
927,103.028,1790288257.604
928,103.160,1790288257.868
929,103.224,1790288258.006
930,103.424,1790288258.411
931,103.752,1790288259.018
932,103.884,1790288259.276
933,103.952,1790288259.408
934,104.016,1790288259.587
935,104.084,1790288259.680
936,104.148,1790288259.813
937,104.280,1790288260.106
938,104.412,1790288260.416
939,104.480,1790288260.522
940,104.544,1790288260.646
941,104.676,1790288260.911
942,104.744,1790288261.043
943,104.808,1790288261.241
944,104.876,1790288261.349
945,105.008,1790288261.654
946,105.140,1790288261.866
947,105.204,1790288262.036
948,105.272,1790288262.137
949,105.404,1790288262.441
950,105.468,1790288262.549
951,105.536,1790288262.675
952,105.600,1790288262.767
953,105.668,1790288262.932
954,105.800,1790288263.146
955,106.064,1790288263.719
956,106.196,1790288263.938
957,106.260,1790288264.112
958,106.392,1790288264.337
959,106.460,1790288264.512
960,106.656,1790288264.896
961,106.724,1790288265.025
962,106.788,1790288265.119
963,106.856,1790288265.283
964,106.920,1790288265.413
965,106.988,1790288265.506
966,107.120,1790288265.784
967,107.184,1790288265.872
968,107.384,1790288266.254
969,107.448,1790288266.381
970,107.516,1790288266.568
971,107.580,1790288266.663
972,107.648,1790288266.786
973,107.712,1790288266.965
974,107.780,1790288267.074
975,107.844,1790288267.204
976,107.912,1790288267.389
977,108.044,1790288267.614
978,108.108,1790288267.795
979,108.176,1790288267.898
980,108.240,1790288268.006
981,108.572,1790288268.667
982,108.704,1790288268.918
983,108.768,1790288269.024
984,108.836,1790288269.142
985,108.900,1790288269.240
986,109.032,1790288269.543
987,109.100,1790288269.640
988,109.164,1790288269.829
989,109.232,1790288269.950
990,109.296,1790288270.044
991,109.364,1790288270.243
992,109.560,1790288270.630
993,109.760,1790288271.013
994,109.824,1790288271.150
995,109.892,1790288271.249
996,109.956,1790288271.473
997,110.024,1790288271.608
998,110.088,1790288271.716
999,110.156,1790288271.906
1000,110.220,1790288272.047
1001,110.288,1790288272.140
1002,110.352,1790288272.269
1003,110.420,1790288272.455
1004,110.552,1790288272.696
1005,110.616,1790288272.881
1006,110.684,1790288273.002
1007,110.816,1790288273.344
1008,110.880,1790288273.457
1009,110.948,1790288273.589
1010,111.012,1790288273.798
1011,111.080,1790288273.910
1012,111.144,1790288274.036
1013,111.276,1790288274.351
1014,111.344,1790288274.492
1015,111.408,1790288274.691
1016,111.540,1790288274.933
1017,111.672,1790288275.226
1018,111.740,1790288275.353
1019,111.872,1790288275.680
1020,111.936,1790288275.824
1021,112.004,1790288276.017
1022,112.068,1790288276.136
1023,112.136,1790288276.276
1024,112.200,1790288276.387
1025,112.268,1790288276.582
1026,112.332,1790288276.719
1027,112.400,1790288276.821
1028,112.860,1790288277.811
1029,112.928,1790288277.949
1030,113.060,1790288278.208
1031,113.124,1790288278.333
1032,113.192,1790288278.418
1033,113.256,1790288278.590
1034,113.324,1790288278.731
1035,113.388,1790288278.826
1036,113.456,1790288279.013
1037,113.520,1790288279.148
1038,113.588,1790288279.264
1039,113.652,1790288279.401
1040,113.916,1790288279.977
1041,113.984,1790288280.074
1042,114.248,1790288280.560
1043,114.380,1790288280.808
1044,114.512,1790288281.090
1045,114.576,1790288281.190
1046,114.644,1790288281.307
1047,114.708,1790288281.491
1048,114.776,1790288281.611
1049,114.840,1790288281.728
1050,114.908,1790288281.916
1051,114.972,1790288282.028
1052,115.040,1790288282.156
1053,115.104,1790288282.343
1054,115.172,1790288282.469
1055,115.236,1790288282.595
1056,115.304,1790288282.796
1057,115.436,1790288283.033
1058,115.568,1790288283.326
1059,115.700,1790288283.552
1060,115.896,1790288283.971
1061,116.028,1790288284.310
1062,116.096,1790288284.410
1063,116.360,1790288284.991
1064,116.424,1790288285.102
1065,116.492,1790288285.190
1066,116.624,1790288285.487
1067,116.688,1790288285.576
1068,116.756,1790288285.745
1069,116.820,1790288285.883
1070,116.888,1790288285.980
1071,117.020,1790288286.306
1072,117.084,1790288286.423
1073,117.152,1790288286.558
1074,117.216,1790288286.760
1075,117.284,1790288286.887
1076,117.348,1790288287.012
1077,117.416,1790288287.199
1078,117.480,1790288287.302
1079,117.548,1790288287.423
1080,117.680,1790288287.692
1081,117.744,1790288287.812
1082,117.812,1790288287.984
1083,117.944,1790288288.208
1084,118.008,1790288288.381
1085,118.272,1790288288.856
1086,118.404,1790288289.148
1087,118.472,1790288289.249
1088,118.668,1790288289.636
1089,118.736,1790288289.763
1090,118.800,1790288289.865
1091,118.868,1790288290.047
1092,118.932,1790288290.166
1093,119.064,1790288290.425
1094,119.196,1790288290.635
1095,119.328,1790288290.933
1096,119.396,1790288291.024
1097,119.592,1790288291.407
1098,119.724,1790288291.682
1099,119.792,1790288291.769
1100,119.856,1790288291.950
1101,119.924,1790288292.073
1102,120.120,1790288292.453
1103,120.188,1790288292.553
1104,120.320,1790288292.852
1105,120.384,1790288292.951
1106,120.452,1790288293.077
1107,120.516,1790288293.239
1108,120.584,1790288293.339
1109,120.848,1790288293.872
1110,121.044,1790288294.264
1111,121.176,1790288294.551
1112,121.244,1790288294.668
1113,121.308,1790288294.848
1114,121.376,1790288294.962
1115,121.440,1790288295.093
1116,121.508,1790288295.282
1117,121.572,1790288295.387
1118,121.640,1790288295.496
1119,121.704,1790288295.706
1120,121.772,1790288295.822
1121,121.968,1790288296.241
1122,122.036,1790288296.354
1123,122.100,1790288296.455
1124,122.232,1790288296.736
1125,122.300,1790288296.837
1126,122.364,1790288297.014
1127,122.496,1790288297.224
1128,122.564,1790288297.395
1129,122.628,1790288297.518
1130,122.760,1790288297.795
1131,122.828,1790288297.923
1132,122.892,1790288298.015
1133,122.960,1790288298.201
1134,123.024,1790288298.338
1135,123.092,1790288298.425
1136,123.156,1790288298.596
1137,123.224,1790288298.726
1138,123.288,1790288298.822
1139,123.356,1790288298.984
1140,123.420,1790288299.114
1141,123.552,1790288299.326
1142,123.620,1790288299.495
1143,123.684,1790288299.587
1144,123.884,1790288299.959
1145,123.948,1790288300.076
1146,124.016,1790288300.244
1147,124.080,1790288300.332
1148,124.212,1790288300.644
1149,124.280,1790288300.744
1150,124.344,1790288300.863
1151,124.412,1790288301.048
1152,124.476,1790288301.151
1153,124.608,1790288301.452
1154,124.676,1790288301.558
1155,124.940,1790288302.080
1156,125.004,1790288302.242
1157,125.072,1790288302.352
1158,125.136,1790288302.471
1159,125.268,1790288302.725
1160,125.400,1790288302.909
1161,125.532,1790288303.174
1162,125.600,1790288303.255
1163,125.732,1790288303.517
1164,125.928,1790288303.888
1165,126.128,1790288304.264
1166,126.324,1790288304.676
1167,126.392,1790288304.785
1168,126.524,1790288305.113
1169,126.656,1790288305.409
1170,126.720,1790288305.547
1171,126.788,1790288305.646
1172,126.852,1790288305.779
1173,126.920,1790288305.940
1174,126.984,1790288306.038
1175,127.052,1790288306.176
1176,127.184,1790288306.448
1177,127.248,1790288306.559
1178,127.316,1790288306.738
1179,127.380,1790288306.833
1180,127.448,1790288306.953
1181,127.512,1790288307.145
1182,127.644,1790288307.411
1183,127.712,1790288307.604
1184,127.776,1790288307.728
1185,127.844,1790288307.853
1186,127.976,1790288308.182
1187,128.108,1790288308.482
1188,128.240,1790288308.714
1189,128.304,1790288308.898
1190,128.372,1790288309.001
1191,128.436,1790288309.122
1192,128.504,1790288309.294
1193,128.636,1790288309.509
1194,128.700,1790288309.596
1195,128.768,1790288309.768
1196,128.832,1790288309.876
1197,128.900,1790288309.974
1198,129.164,1790288310.542
1199,129.228,1790288310.655
1200,129.296,1790288310.760
1201,129.428,1790288311.067
1202,129.560,1790288311.324
1203,129.624,1790288311.430
1204,129.692,1790288311.519
1205,129.756,1790288311.706
1206,129.824,1790288311.846
1207,130.088,1790288312.322
1208,130.220,1790288312.603
1209,130.352,1790288312.814
1210,130.416,1790288313.001
1211,130.548,1790288313.220
1212,130.616,1790288313.396
1213,130.680,1790288313.496
1214,130.748,1790288313.621
1215,130.812,1790288313.796
1216,130.880,1790288313.892
1217,130.944,1790288314.033
1218,131.076,1790288314.307
1219,131.144,1790288314.433
1220,131.208,1790288314.606
1221,131.276,1790288314.700
1222,131.340,1790288314.814
1223,131.540,1790288315.201
1224,131.672,1790288315.498
1225,131.804,1790288315.801
1226,131.868,1790288315.902
1227,131.936,1790288316.014
1228,132.000,1790288316.099
1229,132.068,1790288316.246
1230,132.132,1790288316.352
1231,132.264,1790288316.598
1232,132.396,1790288316.807
1233,132.660,1790288317.346
1234,132.792,1790288317.566
1235,132.860,1790288317.751
1236,133.056,1790288318.138
1237,133.124,1790288318.274
1238,133.188,1790288318.369
1239,133.256,1790288318.551
1240,133.388,1790288318.775
1241,133.452,1790288318.894
1242,133.520,1790288319.074
1243,133.584,1790288319.168
1244,133.652,1790288319.289
1245,133.848,1790288319.682
1246,133.916,1790288319.871
1247,133.980,1790288319.969
1248,134.048,1790288320.097
1249,134.180,1790288320.376
1250,134.244,1790288320.484
1251,134.508,1790288321.036
1252,134.840,1790288321.650
1253,134.972,1790288321.931
1254,135.236,1790288322.428
1255,135.300,1790288322.528
1256,135.432,1790288322.812
1257,135.500,1790288322.907
1258,135.632,1790288323.206
1259,135.696,1790288323.299
1260,135.764,1790288323.479
1261,135.828,1790288323.623
1262,135.896,1790288323.736
1263,135.960,1790288323.919
1264,136.092,1790288324.135
1265,136.160,1790288324.315
1266,136.224,1790288324.446
1267,136.292,1790288324.552
1268,136.424,1790288324.861
1269,136.488,1790288324.948
1270,136.556,1790288325.129
1271,136.752,1790288325.451
1272,136.820,1790288325.607
1273,136.884,1790288325.700
1274,137.148,1790288326.168
1275,137.216,1790288326.337
1276,137.280,1790288326.442
1277,137.348,1790288326.561
1278,137.412,1790288326.741
1279,137.612,1790288327.129
1280,137.676,1790288327.236
1281,137.808,1790288327.544
1282,137.876,1790288327.650
1283,137.940,1790288327.781
1284,138.008,1790288327.951
1285,138.140,1790288328.173
1286,138.204,1790288328.345
1287,138.272,1790288328.443
1288,138.600,1790288329.052
1289,138.668,1790288329.221
1290,138.732,1790288329.343
1291,138.864,1790288329.594
1292,138.932,1790288329.723
1293,138.996,1790288329.820
1294,139.064,1790288330.008
1295,139.260,1790288330.392
1296,139.328,1790288330.515
1297,139.524,1790288330.905
1298,139.592,1790288330.996
1299,139.656,1790288331.169
1300,139.788,1790288331.383
1301,139.856,1790288331.571
1302,139.920,1790288331.702
1303,139.988,1790288331.794
1304,140.052,1790288331.911
1305,140.120,1790288332.076
1306,140.184,1790288332.171
1307,140.252,1790288332.310
1308,140.316,1790288332.475
1309,140.384,1790288332.575
1310,140.448,1790288332.695
1311,140.516,1790288332.872
1312,140.648,1790288333.098
1313,140.712,1790288333.290
1314,140.780,1790288333.396
1315,140.844,1790288333.528
1316,140.912,1790288333.698
1317,140.976,1790288333.792
1318,141.044,1790288333.916
1319,141.108,1790288334.086
1320,141.176,1790288334.197
1321,141.240,1790288334.320
1322,141.308,1790288334.501
1323,141.372,1790288334.614
1324,141.504,1790288334.926
1325,141.572,1790288335.039
1326,141.636,1790288335.161
1327,141.704,1790288335.348
1328,141.768,1790288335.456
1329,141.836,1790288335.587
1330,141.900,1790288335.693
1331,141.968,1790288335.868
1332,142.032,1790288335.986
1333,142.164,1790288336.247
1334,142.232,1790288336.379
1335,142.296,1790288336.486
1336,142.364,1790288336.686
1337,142.428,1790288336.807
1338,142.496,1790288336.901
1339,142.560,1790288337.094
1340,142.628,1790288337.213
1341,142.760,1790288337.469
1342,142.824,1790288337.594
1343,142.956,1790288337.866
1344,143.088,1790288338.076
1345,143.288,1790288338.464
1346,143.352,1790288338.595
1347,143.420,1790288338.774
1348,143.484,1790288338.877
1349,143.552,1790288339.008
1350,143.616,1790288339.170
1351,143.748,1790288339.392
1352,143.816,1790288339.576
1353,143.880,1790288339.677
1354,143.948,1790288339.804
1355,144.012,1790288339.977
1356,144.080,1790288340.076
1357,144.144,1790288340.200
1358,144.212,1790288340.369
1359,144.276,1790288340.476
1360,144.344,1790288340.606
1361,144.476,1790288340.885
1362,144.540,1790288340.999
1363,144.608,1790288341.170
1364,144.740,1790288341.398
1365,144.804,1790288341.575
1366,144.872,1790288341.701
1367,145.004,1790288341.997
1368,145.136,1790288342.214
1369,145.200,1790288342.313
1370,145.268,1790288342.483
1371,145.332,1790288342.618
1372,145.464,1790288342.912
1373,145.596,1790288343.109
1374,145.728,1790288343.409
1375,145.796,1790288343.503
1376,145.860,1790288343.692
1377,145.992,1790288343.915
1378,146.256,1790288344.487
1379,146.388,1790288344.694
1380,146.456,1790288344.875
1381,146.852,1790288345.595
1382,146.916,1790288345.762
1383,146.984,1790288345.870
1384,147.048,1790288345.994
1385,147.116,1790288346.174
1386,147.248,1790288346.385
1387,147.312,1790288346.569
1388,147.380,1790288346.673
1389,147.444,1790288346.796
1390,147.512,1790288346.970
1391,147.576,1790288347.065
1392,147.644,1790288347.175
1393,147.708,1790288347.343
1394,147.776,1790288347.449
1395,147.840,1790288347.567
1396,147.908,1790288347.752
1397,147.972,1790288347.866
1398,148.040,1790288347.993
1399,148.368,1790288348.676
1400,148.436,1790288348.797
1401,148.500,1790288348.892
1402,148.568,1790288349.066
1403,148.632,1790288349.181
1404,148.700,1790288349.289
1405,148.764,1790288349.448
1406,148.832,1790288349.579
1407,148.896,1790288349.677
1408,148.964,1790288349.847
1409,149.028,1790288349.963
1410,149.096,1790288350.057
1411,149.160,1790288350.236
1412,149.228,1790288350.366
1413,149.492,1790288350.875
1414,149.624,1790288351.194
1415,149.688,1790288351.291
1416,149.756,1790288351.504
1417,149.820,1790288351.658
1418,149.952,1790288351.907
1419,150.020,1790288352.073
1420,150.084,1790288352.171
1421,150.152,1790288352.295
1422,150.284,1790288352.563
1423,150.348,1790288352.692
1424,150.416,1790288352.879
1425,150.480,1790288352.979
1426,150.612,1790288353.278
1427,150.744,1790288353.509
1428,150.812,1790288353.697
1429,150.944,1790288353.914
1430,151.208,1790288354.486
1431,151.272,1790288354.586
1432,151.340,1790288354.715
1433,151.472,1790288355.015
1434,151.536,1790288355.132
1435,151.604,1790288355.322
1436,151.668,1790288355.423
1437,151.736,1790288355.546
1438,151.800,1790288355.641
1439,151.868,1790288355.833
1440,151.932,1790288355.970
1441,152.000,1790288356.074
1442,152.064,1790288356.267
1443,152.132,1790288356.388
1444,152.196,1790288356.487
1445,152.264,1790288356.653
1446,152.328,1790288356.793
1447,152.396,1790288356.895
1448,152.460,1790288357.082
1449,152.528,1790288357.227
1450,152.592,1790288357.331
1451,152.660,1790288357.508
1452,152.792,1790288357.731
1453,152.856,1790288357.900
1454,152.924,1790288358.026
1455,153.120,1790288358.421
1456,153.252,1790288358.641
1457,153.320,1790288358.805
1458,153.452,1790288359.020
1459,153.516,1790288359.186
1460,153.648,1790288359.406
1461,153.716,1790288359.636
1462,153.780,1790288359.740
1463,153.848,1790288359.879
1464,153.912,1790288360.086
1465,153.980,1790288360.204
1466,154.044,1790288360.340
1467,154.112,1790288360.563
1468,154.176,1790288360.696
1469,154.244,1790288360.823
1470,154.308,1790288361.008
1471,154.440,1790288361.243
1472,154.508,1790288361.471
1473,154.572,1790288361.592
1474,154.640,1790288361.739
1475,154.772,1790288362.052
1476,154.836,1790288362.183
1477,154.904,1790288362.385
1478,154.968,1790288362.503
1479,155.036,1790288362.662
1480,155.100,1790288362.773
1481,155.168,1790288362.964
1482,155.232,1790288363.092
1483,155.300,1790288363.194
1484,155.364,1790288363.396
1485,155.496,1790288363.663
1486,155.628,1790288363.999
1487,155.760,1790288365.023
1488,155.828,1790288365.162
1489,155.892,1790288365.265
1490,155.960,1790288365.459
1491,156.024,1790288365.582
1492,156.092,1790288365.668
1493,156.224,1790288365.970
1494,156.356,1790288366.259
1495,156.420,1790288366.381
1496,156.488,1790288366.483
1497,156.552,1790288366.601
1498,156.684,1790288366.884
1499,156.752,1790288367.010
1500,156.816,1790288367.190
1501,156.884,1790288367.298
1502,156.948,1790288367.438
1503,157.016,1790288367.646
1504,157.080,1790288367.755
1505,157.148,1790288367.878
1506,157.280,1790288368.189
1507,157.676,1790288369.022
1508,157.740,1790288369.136
1509,157.808,1790288369.310
1510,157.872,1790288369.417
1511,157.940,1790288369.543
1512,158.004,1790288369.706
1513,158.072,1790288369.803
1514,158.268,1790288370.157
1515,158.336,1790288370.268
1516,158.400,1790288370.361
1517,158.532,1790288370.627
1518,158.600,1790288370.715
1519,158.732,1790288370.989
1520,158.864,1790288371.253
1521,158.928,1790288371.386
1522,158.996,1790288371.488
1523,159.392,1790288372.289
1524,159.456,1790288372.463
1525,159.588,1790288372.683
1526,159.656,1790288372.854
1527,159.920,1790288373.372
1528,160.052,1790288373.600
1529,160.116,1790288373.771
1530,160.248,1790288373.999
1531,160.316,1790288374.181
1532,160.380,1790288374.267
1533,160.448,1790288374.405
1534,160.512,1790288374.586
1535,160.580,1790288374.687
1536,160.644,1790288374.807
1537,160.712,1790288374.986
1538,160.844,1790288375.222
1539,160.976,1790288375.480
1540,161.040,1790288375.598
1541,161.172,1790288375.855
1542,161.372,1790288376.257
1543,161.436,1790288376.374
1544,161.568,1790288376.634
1545,161.636,1790288376.760
1546,161.700,1790288376.878
1547,161.832,1790288377.155
1548,161.900,1790288377.246
1549,161.964,1790288377.413
1550,162.096,1790288377.626
1551,162.164,1790288377.814
1552,162.228,1790288377.933
1553,162.360,1790288378.213
1554,162.428,1790288378.330
1555,162.560,1790288378.600
1556,162.624,1790288378.735
1557,162.888,1790288379.216
1558,162.956,1790288379.387
1559,163.020,1790288379.514
1560,163.088,1790288379.621
1561,163.152,1790288379.760
1562,163.352,1790288380.145
1563,163.416,1790288380.335
1564,163.484,1790288380.448
1565,163.548,1790288380.573
1566,163.680,1790288380.864
1567,163.812,1790288381.181
1568,163.880,1790288381.304
1569,164.208,1790288382.005
1570,164.276,1790288382.108
1571,164.340,1790288382.238
1572,164.408,1790288382.424
1573,164.472,1790288382.528
1574,164.604,1790288382.819
1575,164.672,1790288382.922
1576,164.736,1790288383.057
1577,164.804,1790288383.232
1578,164.936,1790288383.458
1579,165.000,1790288383.552
1580,165.068,1790288383.720
1581,165.132,1790288383.829
1582,165.464,1790288384.466
1583,165.528,1790288384.586
1584,165.596,1790288384.679
1585,165.728,1790288384.958
1586,165.992,1790288385.419
1587,166.056,1790288385.585
1588,166.124,1790288385.717
1589,166.188,1790288385.812
1590,166.256,1790288385.998
1591,166.388,1790288386.228
1592,166.452,1790288386.369
1593,166.520,1790288386.565
1594,166.652,1790288386.777
1595,166.848,1790288387.168
1596,166.916,1790288387.354
1597,167.180,1790288387.822
1598,167.312,1790288388.103
1599,167.376,1790288388.193
1600,167.508,1790288388.486
1601,167.708,1790288388.864
1602,167.772,1790288388.969
1603,167.840,1790288389.083
1604,167.904,1790288389.242
1605,167.972,1790288389.346
1606,168.104,1790288389.645
1607,168.300,1790288389.978
1608,168.432,1790288390.255
1609,168.500,1790288390.357
1610,168.696,1790288390.736
1611,168.764,1790288390.915
1612,168.828,1790288391.037
1613,168.896,1790288391.124
1614,169.028,1790288391.427
1615,169.092,1790288391.526
1616,169.160,1790288391.702
1617,169.292,1790288391.926
1618,169.356,1790288392.091
1619,169.424,1790288392.215
1620,169.556,1790288392.486
1621,169.688,1790288392.710
1622,169.752,1790288392.837
1623,169.820,1790288393.026
1624,169.952,1790288393.261
1625,170.016,1790288393.436
1626,170.084,1790288393.538
1627,170.148,1790288393.662
1628,170.216,1790288393.838
1629,170.280,1790288393.929
1630,170.348,1790288394.055
1631,170.412,1790288394.230
1632,170.480,1790288394.325
1633,170.544,1790288394.451
1634,170.612,1790288394.620
1635,170.676,1790288394.713
1636,170.744,1790288394.832
1637,170.808,1790288395.010
1638,170.876,1790288395.113
1639,170.940,1790288395.228
1640,171.008,1790288395.416
1641,171.072,1790288395.518
1642,171.140,1790288395.642
1643,171.272,1790288395.919
1644,171.468,1790288396.313
1645,171.600,1790288396.535
1646,171.668,1790288396.725
1647,171.732,1790288396.845
1648,171.800,1790288396.931
1649,171.932,1790288397.224
1650,171.996,1790288397.319
1651,172.128,1790288397.631
1652,172.196,1790288397.716
1653,172.260,1790288397.889
1654,172.460,1790288398.302
1655,172.524,1790288398.435
1656,172.656,1790288398.681
1657,172.856,1790288399.062
1658,172.920,1790288399.195
1659,173.052,1790288399.407
1660,173.120,1790288399.571
1661,173.184,1790288399.666
1662,173.316,1790288399.944
1663,173.384,1790288400.043
1664,173.448,1790288400.153
1665,173.516,1790288400.320
1666,173.580,1790288400.419
1667,173.648,1790288400.536
1668,173.712,1790288400.713
1669,173.780,1790288400.811
1670,173.976,1790288401.174
1671,174.044,1790288401.296
1672,174.176,1790288401.575
1673,174.240,1790288401.694
1674,174.308,1790288401.862
1675,174.372,1790288401.957
1676,174.440,1790288402.071
1677,174.504,1790288402.256
1678,174.572,1790288402.368
1679,174.636,1790288402.493
1680,174.836,1790288402.876
1681,174.968,1790288403.136
1682,175.100,1790288403.356
1683,175.164,1790288403.546
1684,175.232,1790288403.688
1685,175.296,1790288403.797
1686,175.364,1790288403.992
1687,175.428,1790288404.136
1688,175.560,1790288404.437
1689,175.628,1790288404.579
1690,175.692,1790288404.674
1691,175.760,1790288404.841
1692,175.824,1790288404.966
1693,175.892,1790288405.059
1694,175.956,1790288405.220
1695,176.088,1790288405.439
1696,176.352,1790288405.926
1697,176.552,1790288406.253
1698,176.616,1790288406.410
1699,176.684,1790288406.508
1700,176.748,1790288406.618
1701,176.816,1790288406.799
1702,176.880,1790288406.897
1703,177.012,1790288407.179
1704,177.080,1790288407.286
1705,177.144,1790288407.409
1706,177.276,1790288407.676
1707,177.344,1790288407.794
1708,177.476,1790288408.076
1709,177.540,1790288408.190
1710,177.608,1790288408.364
1711,177.672,1790288408.461
1712,177.804,1790288408.735
1713,177.936,1790288408.942
1714,178.136,1790288409.300
1715,178.200,1790288409.383
1716,178.268,1790288409.537
1717,178.532,1790288410.010
1718,178.596,1790288410.098
1719,178.664,1790288410.269
1720,178.728,1790288410.386
1721,178.796,1790288410.474
1722,178.860,1790288410.659
1723,178.992,1790288410.875
1724,179.060,1790288411.049
1725,179.124,1790288411.173
1726,179.256,1790288411.441
1727,179.324,1790288411.567
1728,179.388,1790288411.657
1729,179.520,1790288411.968
1730,179.588,1790288412.061
1731,179.652,1790288412.180
1732,179.720,1790288412.334
1733,180.048,1790288412.934
1734,180.116,1790288413.111
1735,180.380,1790288413.601
1736,180.444,1790288413.714
1737,180.708,1790288414.268
1738,180.776,1790288414.376
1739,180.840,1790288414.487
1740,181.040,1790288414.873
1741,181.104,1790288415.047
1742,181.172,1790288415.150
1743,181.236,1790288415.263
1744,181.304,1790288415.432
1745,181.368,1790288415.531
1746,181.500,1790288415.741
1747,181.568,1790288415.915
1748,181.632,1790288416.030
1749,181.700,1790288416.124
1750,181.764,1790288416.292
1751,181.832,1790288416.409
1752,181.896,1790288416.495
1753,182.028,1790288416.793
1754,182.096,1790288416.877
1755,182.292,1790288417.256
1756,182.360,1790288417.420
1757,182.424,1790288417.532
1758,182.492,1790288417.611
1759,182.556,1790288417.760
1760,182.688,1790288417.967
1761,182.756,1790288418.136
1762,182.888,1790288418.360
1763,182.952,1790288418.491
1764,183.020,1790288418.683
1765,183.084,1790288418.783
1766,183.152,1790288418.908
1767,183.216,1790288419.080
1768,183.416,1790288419.483
1769,183.548,1790288419.698
1770,183.680,1790288419.984
1771,183.744,1790288420.102
1772,183.812,1790288420.269
1773,183.876,1790288420.371
1774,183.944,1790288420.478
1775,184.272,1790288421.083
1776,184.340,1790288421.195
1777,184.404,1790288421.369
1778,184.472,1790288421.469
1779,184.536,1790288421.581
1780,184.800,1790288422.053
1781,184.868,1790288422.211
1782,184.932,1790288422.337
1783,185.000,1790288422.439
1784,185.064,1790288422.594
1785,185.132,1790288422.710
1786,185.196,1790288422.797
1787,185.264,1790288422.966
1788,185.328,1790288423.084
1789,185.396,1790288423.177
1790,185.460,1790288423.344
1791,185.528,1790288423.453
1792,185.592,1790288423.539
1793,185.856,1790288424.075
1794,185.988,1790288424.290
1795,186.056,1790288424.453
1796,186.120,1790288424.573
1797,186.188,1790288424.666
1798,186.252,1790288424.787
1799,186.320,1790288424.963
1800,186.384,1790288425.058
1801,186.516,1790288425.356
1802,186.912,1790288426.157
1803,187.044,1790288426.378
1804,187.112,1790288426.589
1805,187.176,1790288426.685
1806,187.244,1790288426.801
1807,187.376,1790288427.087
1808,187.440,1790288427.210
1809,187.572,1790288427.495
1810,187.836,1790288428.044
1811,187.904,1790288428.224
1812,187.968,1790288428.346
1813,188.036,1790288428.468
1814,188.100,1790288428.558
1815,188.168,1790288428.732
1816,188.232,1790288428.853
1817,188.300,1790288428.949
1818,188.432,1790288429.270
1819,188.496,1790288429.374
1820,188.628,1790288429.699
1821,188.892,1790288430.198
1822,188.960,1790288430.394
1823,189.024,1790288430.536
1824,189.092,1790288430.626
1825,189.224,1790288430.920
1826,189.288,1790288431.004
1827,189.356,1790288431.169
1828,189.420,1790288431.291
1829,189.488,1790288431.390
1830,189.552,1790288431.520
1831,189.684,1790288431.752
1832,189.752,1790288431.858
1833,189.816,1790288432.010
1834,189.884,1790288432.113
1835,189.948,1790288432.231
1836,190.016,1790288432.394
1837,190.080,1790288432.495
1838,190.148,1790288432.618
1839,190.212,1790288432.799
1840,190.280,1790288432.897
1841,190.412,1790288433.176
1842,190.476,1790288433.291
1843,190.544,1790288433.412
1844,190.608,1790288433.589
1845,190.740,1790288433.811
1846,190.808,1790288433.973
1847,190.940,1790288434.189
1848,191.004,1790288434.348
1849,191.136,1790288434.577
1850,191.336,1790288434.982
1851,191.400,1790288435.080
1852,191.532,1790288435.395
1853,191.732,1790288435.806
1854,191.796,1790288435.898
1855,191.864,1790288436.084
1856,191.996,1790288436.309
1857,192.060,1790288436.501
1858,192.192,1790288436.713
1859,192.324,1790288437.010
1860,192.392,1790288437.099
1861,192.524,1790288437.392
1862,192.588,1790288437.495
1863,192.852,1790288438.033
1864,192.984,1790288438.324
1865,193.052,1790288438.455
1866,193.184,1790288438.744
1867,193.316,1790288439.077
1868,193.380,1790288439.186
1869,193.580,1790288439.648
1870,193.644,1790288439.776
1871,193.776,1790288440.066
1872,193.844,1790288440.211
1873,193.976,1790288440.494
1874,194.040,1790288440.610
1875,194.172,1790288440.902
1876,194.304,1790288441.228
1877,194.372,1790288441.348
1878,194.436,1790288441.479
1879,194.504,1790288441.679
1880,194.568,1790288441.803
1881,194.636,1790288441.932
1882,194.768,1790288442.223
1883,194.832,1790288442.357
1884,194.900,1790288442.474
1885,194.964,1790288442.668
1886,195.032,1790288442.796
1887,195.228,1790288443.227
1888,195.296,1790288443.326
1889,195.428,1790288443.644
1890,195.560,1790288443.961
1891,195.624,1790288444.110
1892,195.692,1790288444.217
1893,195.824,1790288444.552
1894,195.888,1790288444.642
1895,195.956,1790288444.825
1896,196.020,1790288444.967
1897,196.088,1790288445.059
1898,196.152,1790288445.182
1899,196.284,1790288445.457
1900,196.416,1790288445.733
1901,196.484,1790288445.830
1902,196.548,1790288445.951
1903,196.616,1790288446.136
1904,196.680,1790288446.237
1905,196.748,1790288446.360
1906,196.880,1790288446.682
1907,197.012,1790288446.997
1908,197.076,1790288447.112
1909,197.144,1790288447.256
1910,197.276,1790288447.537
1911,197.340,1790288447.659
1912,197.408,1790288447.847
1913,197.472,1790288447.955
1914,197.540,1790288448.086
1915,197.604,1790288448.262
1916,197.672,1790288448.372
1917,197.804,1790288448.683
1918,197.868,1790288448.776
1919,197.936,1790288448.894
1920,198.000,1790288448.988
1921,198.068,1790288449.173
1922,198.132,1790288449.289
1923,198.332,1790288449.644
1924,198.396,1790288449.742
1925,198.464,1790288449.921
1926,198.528,1790288450.035
1927,198.660,1790288450.298
1928,198.728,1790288450.415
1929,198.792,1790288450.513
1930,198.860,1790288450.691
1931,198.924,1790288450.818
1932,199.056,1790288451.113
1933,199.124,1790288451.266
1934,199.256,1790288451.523
1935,199.584,1790288452.098
1936,199.652,1790288452.226
1937,199.716,1790288452.391
1938,199.784,1790288452.492
1939,199.916,1790288452.792
1940,199.980,1790288452.900
1941,200.048,1790288453.027
1942,200.180,1790288453.322
1943,200.244,1790288453.460
1944,200.312,1790288453.652
1945,200.376,1790288453.765
1946,200.444,1790288453.900
1947,200.576,1790288454.177
1948,200.640,1790288454.305
1949,200.708,1790288454.486
1950,200.772,1790288454.588
1951,200.840,1790288454.704
1952,201.036,1790288455.085
1953,201.104,1790288455.261
1954,201.168,1790288455.362
1955,201.300,1790288455.584
1956,201.368,1790288455.747
1957,201.500,1790288455.954
1958,201.632,1790288456.236
1959,201.696,1790288456.328
1960,201.764,1790288456.505
1961,201.896,1790288456.717
1962,202.028,1790288457.037
1963,202.092,1790288457.131
1964,202.160,1790288457.319
1965,202.356,1790288457.711
1966,202.424,1790288457.842
1967,202.488,1790288457.933
1968,202.556,1790288458.120
1969,202.620,1790288458.246
1970,202.688,1790288458.335
1971,202.752,1790288458.458
1972,202.820,1790288458.615
1973,202.952,1790288458.815
1974,203.016,1790288458.970
1975,203.148,1790288459.180
1976,203.216,1790288459.358
1977,203.412,1790288459.740
1978,203.480,1790288459.840
1979,203.612,1790288460.139
1980,203.676,1790288460.242
1981,203.744,1790288460.360
1982,203.808,1790288460.525
1983,203.876,1790288460.624
1984,203.940,1790288460.734
1985,204.008,1790288460.895
1986,204.072,1790288461.014
1987,204.204,1790288461.287
1988,204.336,1790288461.519
1989,204.404,1790288461.687
1990,204.468,1790288461.783
1991,204.536,1790288461.895
1992,204.600,1790288461.982
1993,204.668,1790288462.154
1994,204.732,1790288462.267
1995,204.800,1790288462.361
1996,204.932,1790288462.653
1997,204.996,1790288462.757
1998,205.328,1790288463.538
1999,205.392,1790288463.643
2000,205.460,1790288463.829
2001,205.524,1790288463.963
2002,205.592,1790288464.060
2003,205.656,1790288464.243
2004,205.724,1790288464.381
2005,205.920,1790288464.794
2006,205.988,1790288464.890
2007,206.120,1790288465.199
2008,206.184,1790288465.300
2009,206.252,1790288465.420
2010,206.384,1790288465.694
2011,206.448,1790288465.822
2012,206.516,1790288466.004
2013,206.580,1790288466.095
2014,206.648,1790288466.221
2015,206.712,1790288466.407
2016,206.780,1790288466.520
2017,206.844,1790288466.672
2018,207.044,1790288467.130
2019,207.108,1790288467.332
2020,207.176,1790288467.445
2021,207.372,1790288467.877
2022,207.504,1790288468.190
2023,207.572,1790288468.296
2024,207.636,1790288468.409
2025,207.704,1790288468.591
2026,207.768,1790288468.694
2027,207.836,1790288468.817
2028,207.900,1790288468.921
2029,207.968,1790288469.104
2030,208.032,1790288469.226
2031,208.100,1790288469.333
2032,208.164,1790288469.501
2033,208.232,1790288469.610
2034,208.296,1790288469.691
2035,208.364,1790288469.853
2036,208.428,1790288469.987
2037,208.496,1790288470.095
2038,208.692,1790288470.491
2039,208.760,1790288470.667
2040,208.824,1790288470.792
2041,208.892,1790288470.886
2042,208.956,1790288471.057
2043,209.024,1790288471.182
2044,209.088,1790288471.291
2045,209.220,1790288471.603
2046,209.288,1790288471.709
2047,209.484,1790288472.091
2048,209.684,1790288472.488
2049,209.748,1790288472.616
2050,209.816,1790288472.803
2051,209.880,1790288472.904
2052,209.948,1790288473.028
2053,210.012,1790288473.184
2054,210.144,1790288473.380
2055,210.212,1790288473.544
2056,210.276,1790288473.636
2057,210.344,1790288473.737
2058,210.408,1790288473.901
2059,210.476,1790288474.009
2060,210.540,1790288474.122
2061,210.672,1790288474.406
2062,210.740,1790288474.532
2063,210.804,1790288474.722
2064,210.872,1790288474.827
2065,211.004,1790288475.122
2066,211.068,1790288475.228
2067,211.136,1790288475.349
2068,211.200,1790288475.455
2069,211.268,1790288475.631
2070,211.332,1790288475.763
2071,211.464,1790288476.041
2072,211.532,1790288476.175
2073,211.596,1790288476.276
2074,211.796,1790288476.693
2075,211.860,1790288476.906
2076,211.928,1790288477.059
2077,211.992,1790288477.163
2078,212.060,1790288477.357
2079,212.124,1790288477.478
2080,212.256,1790288477.736
2081,212.324,1790288477.861
2082,212.388,1790288477.958
2083,212.520,1790288478.260
2084,212.588,1790288478.356
2085,212.652,1790288478.479
2086,212.784,1790288478.728
2087,212.916,1790288479.043
2088,212.984,1790288479.140
2089,213.116,1790288479.423
2090,213.180,1790288479.523
2091,213.248,1790288479.636
2092,213.312,1790288479.815
2093,213.380,1790288479.910
2094,213.444,1790288480.028
2095,213.576,1790288480.321
2096,213.644,1790288480.437
2097,213.776,1790288480.718
2098,213.840,1790288480.855
2099,213.908,1790288481.027
2100,214.040,1790288481.249
2101,214.104,1790288481.424
2102,214.172,1790288481.526
2103,214.236,1790288481.650
2104,214.436,1790288482.061
2105,214.500,1790288482.164
2106,214.568,1790288482.353
2107,214.632,1790288482.476
2108,214.700,1790288482.572
2109,214.764,1790288482.747
2110,214.832,1790288482.881
2111,214.964,1790288483.133
2112,215.096,1790288483.343
2113,215.160,1790288483.547
2114,215.292,1790288483.770
2115,215.360,1790288483.952
2116,215.624,1790288484.483
2117,215.688,1790288484.573
2118,215.756,1790288484.764
2119,215.888,1790288484.997
2120,215.952,1790288485.119
2121,216.020,1790288485.300
2122,216.084,1790288485.417
2123,216.216,1790288485.751
2124,216.284,1790288485.854
2125,216.612,1790288486.541
2126,216.744,1790288486.784
2127,216.812,1790288486.980
2128,216.876,1790288487.091
2129,217.076,1790288487.516
2130,217.140,1790288487.653
2131,217.272,1790288487.958
2132,217.340,1790288488.096
2133,217.472,1790288488.406
2134,217.604,1790288488.718
2135,217.668,1790288488.819
2136,217.736,1790288488.955
2137,217.800,1790288489.065
2138,217.932,1790288489.340
2139,218.000,1790288489.431
2140,218.064,1790288489.602
2141,218.196,1790288489.843
2142,218.264,1790288490.068
2143,218.396,1790288490.312
2144,218.528,1790288490.645
2145,218.660,1790288490.961
2146,218.724,1790288491.096
2147,218.792,1790288491.191
2148,218.924,1790288491.500
2149,218.988,1790288491.597
2150,219.056,1790288491.790
2151,219.120,1790288491.910
2152,219.188,1790288492.004
2153,219.384,1790288492.381
2154,219.452,1790288492.503
2155,219.516,1790288492.660
2156,219.584,1790288492.773
2157,219.716,1790288493.088
2158,219.780,1790288493.194
2159,219.848,1790288493.323
2160,219.912,1790288493.507
2161,219.980,1790288493.605
2162,220.176,1790288494.039
2163,220.244,1790288494.168
2164,220.308,1790288494.354
2165,220.376,1790288494.473
2166,220.440,1790288494.607
2167,220.508,1790288494.782
2168,220.572,1790288494.879
2169,220.640,1790288495.001
2170,220.704,1790288495.205
2171,220.836,1790288495.428
2172,220.968,1790288495.715
2173,221.036,1790288495.840
2174,221.168,1790288496.114
2175,221.232,1790288496.264
2176,221.300,1790288496.361
2177,221.432,1790288496.651
2178,221.564,1790288496.917
2179,221.628,1790288497.042
2180,221.760,1790288497.344
2181,221.828,1790288497.474
2182,221.892,1790288497.570
2183,222.024,1790288497.892
2184,222.092,1790288497.986
2185,222.156,1790288498.180
2186,222.224,1790288498.304
2187,222.288,1790288498.399
2188,222.356,1790288498.579
2189,222.420,1790288498.712
2190,222.488,1790288498.809
2191,222.552,1790288498.929
2192,222.620,1790288499.097
2193,222.684,1790288499.189
2194,222.816,1790288499.506
2195,222.948,1790288499.744
2196,223.016,1790288499.926
2197,223.148,1790288500.164
2198,223.212,1790288500.351
2199,223.280,1790288500.447
2200,223.344,1790288500.571
2201,223.476,1790288500.848
2202,223.740,1790288501.371
2203,223.872,1790288501.638
2204,223.940,1790288501.749
2205,224.004,1790288501.933
2206,224.072,1790288502.044
2207,224.268,1790288502.450
2208,224.336,1790288502.570
2209,224.468,1790288502.833
2210,224.532,1790288502.956
2211,224.600,1790288503.054
2212,224.732,1790288503.328
2213,224.796,1790288503.416
2214,224.928,1790288503.703
2215,225.060,1790288503.960
2216,225.324,1790288504.441
2217,225.392,1790288504.526
2218,225.524,1790288504.808
2219,225.720,1790288505.202
2220,225.984,1790288505.701
2221,226.052,1790288505.819
2222,226.116,1790288505.963
2223,226.184,1790288506.050
2224,226.248,1790288506.165
2225,226.316,1790288506.316
2226,226.380,1790288506.404
2227,226.448,1790288506.509
2228,226.512,1790288506.655
2229,226.776,1790288507.108
2230,226.844,1790288507.212
2231,226.908,1790288507.379
2232,226.976,1790288507.476
2233,227.040,1790288507.587
2234,227.108,1790288507.764
2235,227.240,1790288507.972
2236,227.304,1790288508.157
2237,227.372,1790288508.264
2238,227.436,1790288508.375
2239,227.504,1790288508.548
2240,227.568,1790288508.657
2241,227.636,1790288508.768
2242,227.700,1790288508.850
2243,227.768,1790288508.998
2244,227.832,1790288509.109
2245,228.032,1790288509.461
2246,228.096,1790288509.545
2247,228.164,1790288509.700
2248,228.228,1790288509.819
2249,228.296,1790288509.894
2250,228.428,1790288510.179
2251,228.492,1790288510.275
2252,228.560,1790288510.458
2253,228.756,1790288510.832
2254,228.824,1790288510.950
2255,228.888,1790288511.034
2256,228.956,1790288511.210
2257,229.152,1790288511.566
2258,229.220,1790288511.742
2259,229.352,1790288511.950
2260,229.416,1790288512.113
2261,229.484,1790288512.208
2262,229.616,1790288512.515
2263,229.748,1790288512.733
2264,229.812,1790288512.917
2265,230.076,1790288513.403
2266,230.144,1790288513.536
2267,230.208,1790288513.697
2268,230.276,1790288513.800
2269,230.340,1790288513.903
2270,230.408,1790288514.071
2271,230.672,1790288514.526
2272,230.736,1790288514.645
2273,230.868,1790288514.921
2274,231.000,1790288515.132
2275,231.068,1790288515.301
2276,231.200,1790288515.523
2277,231.332,1790288515.814
2278,231.528,1790288516.219
2279,231.660,1790288516.508
2280,231.728,1790288516.645
2281,231.792,1790288516.742
2282,231.992,1790288517.139
2283,232.124,1790288517.456
2284,232.188,1790288517.546
2285,232.256,1790288517.728
2286,232.320,1790288517.856
2287,232.452,1790288518.071
2288,232.520,1790288518.243
2289,232.584,1790288518.343
2290,232.652,1790288518.481
2291,232.716,1790288518.665
2292,232.848,1790288518.881
2293,232.916,1790288519.068
2294,232.980,1790288519.163
2295,233.048,1790288519.301
2296,233.112,1790288519.501
2297,233.244,1790288519.705
2298,233.376,1790288519.978
2299,233.444,1790288520.100
2300,233.508,1790288520.272
2301,233.840,1790288520.843
2302,233.904,1790288521.007
2303,233.972,1790288521.108
2304,234.036,1790288521.220
2305,234.104,1790288521.392
2306,234.168,1790288521.499
2307,234.300,1790288521.713
2308,234.368,1790288521.910
2309,234.432,1790288522.056
2310,234.500,1790288522.182
2311,234.632,1790288522.518
2312,234.696,1790288522.623
2313,234.764,1790288522.825
2314,234.828,1790288522.966
2315,234.896,1790288523.071
2316,234.960,1790288523.248
2317,235.028,1790288523.373
2318,235.160,1790288523.620
2319,235.292,1790288523.819
2320,235.356,1790288523.987
2321,235.556,1790288524.393
2322,235.820,1790288524.923
2323,235.884,1790288525.038
2324,235.952,1790288525.175
2325,236.084,1790288525.501
2326,236.148,1790288525.637
2327,236.280,1790288525.956
2328,236.348,1790288526.081
2329,236.544,1790288526.483
2330,236.612,1790288526.651
2331,236.676,1790288526.748
2332,236.808,1790288527.053
2333,236.876,1790288527.151
2334,236.940,1790288527.275
2335,237.008,1790288527.456
2336,237.272,1790288527.973
2337,237.336,1790288528.089
2338,237.404,1790288528.269
2339,237.468,1790288528.394
2340,237.536,1790288528.535
2341,237.600,1790288528.642
2342,237.668,1790288528.829
2343,237.732,1790288528.957
2344,237.800,1790288529.057
2345,237.864,1790288529.215
2346,237.932,1790288529.335
2347,237.996,1790288529.435
2348,238.064,1790288529.634
2349,238.128,1790288529.763
2350,238.196,1790288529.868
2351,238.328,1790288530.166
2352,238.392,1790288530.260
2353,238.460,1790288530.449
2354,238.524,1790288530.577
2355,238.656,1790288530.845
2356,238.724,1790288530.982
2357,238.856,1790288531.255
2358,238.920,1790288531.383
2359,238.988,1790288531.487
2360,239.052,1790288531.600
2361,239.120,1790288531.773
2362,239.184,1790288531.864
2363,239.252,1790288531.987
2364,239.316,1790288532.162
2365,239.448,1790288532.381
2366,239.580,1790288532.687
2367,239.648,1790288532.809
2368,239.712,1790288533.007
2369,239.780,1790288533.118
2370,239.844,1790288533.249
2371,239.912,1790288533.449
2372,239.976,1790288533.553
2373,240.044,1790288533.690
2374,240.108,1790288533.879
2375,240.240,1790288534.111
2376,240.372,1790288534.403
2377,240.504,1790288534.713
2378,240.572,1790288534.823
2379,240.704,1790288535.134
2380,240.768,1790288535.272
2381,240.836,1790288535.382
2382,240.900,1790288535.484
2383,240.968,1790288535.657
2384,241.032,1790288535.771
2385,241.100,1790288535.875
2386,241.232,1790288536.170
2387,241.296,1790288536.268
2388,241.364,1790288536.452
2389,241.428,1790288536.585
2390,241.496,1790288536.693
2391,241.560,1790288536.867
2392,241.628,1790288536.994
2393,241.760,1790288537.260
2394,241.824,1790288537.386
2395,241.892,1790288537.474
2396,241.956,1790288537.646
2397,242.024,1790288537.774
2398,242.088,1790288537.866
2399,242.156,1790288538.057
2400,242.220,1790288538.192
2401,242.288,1790288538.286
2402,242.352,1790288538.412
2403,242.420,1790288538.613
2404,242.552,1790288538.852
2405,242.684,1790288539.139
2406,242.748,1790288539.253
2407,242.816,1790288539.426
2408,242.880,1790288539.527
2409,242.948,1790288539.658
2410,243.080,1790288539.940
2411,243.276,1790288540.353
2412,243.344,1790288540.477
2413,243.540,1790288540.934
2414,243.672,1790288541.218
2415,243.740,1790288541.339
2416,243.936,1790288541.713
2417,244.068,1790288541.975
2418,244.136,1790288542.094
2419,244.200,1790288542.187
2420,244.268,1790288542.351
2421,244.332,1790288542.470
2422,244.400,1790288542.566
2423,244.464,1790288542.730
2424,244.728,1790288543.277
2425,244.928,1790288543.743
2426,244.992,1790288543.853
2427,245.060,1790288544.058
2428,245.124,1790288544.198
2429,245.192,1790288544.296
2430,245.256,1790288544.519
2431,245.324,1790288544.660
2432,245.388,1790288544.755
2433,245.520,1790288545.079
2434,245.588,1790288545.177
2435,245.652,1790288545.311
2436,245.784,1790288545.578
2437,246.048,1790288546.072
2438,246.180,1790288546.360
2439,246.248,1790288546.478
2440,246.380,1790288546.748
2441,246.512,1790288547.038
2442,246.576,1790288547.128
2443,246.644,1790288547.252
2444,246.776,1790288547.570
2445,246.908,1790288547.914
2446,246.972,1790288548.026
2447,247.040,1790288548.166
2448,247.172,1790288548.474
2449,247.236,1790288548.609
2450,247.436,1790288549.010
2451,247.568,1790288549.275
2452,247.632,1790288549.395
2453,247.700,1790288549.494
2454,247.764,1790288549.672
2455,247.964,1790288550.071
2456,248.028,1790288550.196
2457,248.096,1790288550.285
2458,248.160,1790288550.466
2459,248.228,1790288550.603
2460,248.292,1790288550.705
2461,248.360,1790288550.884
2462,248.424,1790288551.014
2463,248.492,1790288551.110
2464,248.556,1790288551.294
2465,248.624,1790288551.426
2466,248.688,1790288551.533
2467,248.756,1790288551.723
2468,248.820,1790288551.865
2469,248.952,1790288552.087
2470,249.216,1790288552.653
2471,249.284,1790288552.741
2472,249.348,1790288552.865
2473,249.416,1790288553.066
2474,249.480,1790288553.172
2475,249.680,1790288553.584
2476,249.812,1790288553.895
2477,249.944,1790288554.103
2478,250.008,1790288554.258
2479,250.076,1790288554.353
2480,250.140,1790288554.469
2481,250.472,1790288555.084
2482,250.536,1790288555.193
2483,250.604,1790288555.350
2484,250.668,1790288555.450
2485,250.736,1790288555.578
2486,250.800,1790288555.670
2487,250.868,1790288555.834
2488,250.932,1790288555.961
2489,251.132,1790288556.384
2490,251.196,1790288556.477
2491,251.264,1790288556.634
2492,251.396,1790288556.831
2493,251.528,1790288557.125
2494,251.792,1790288557.600
2495,251.856,1790288557.774
2496,251.924,1790288557.898
2497,251.988,1790288557.997
2498,252.120,1790288558.293
2499,252.188,1790288558.381
2500,252.252,1790288558.506
2501,252.320,1790288558.681
2502,252.384,1790288558.771
2503,252.452,1790288558.890
2504,252.516,1790288559.052
2505,252.584,1790288559.152
2506,252.648,1790288559.297
2507,252.780,1790288559.596
2508,252.848,1790288559.703
2509,252.912,1790288559.867
2510,252.980,1790288559.967
2511,253.044,1790288560.082
2512,253.112,1790288560.268
2513,253.244,1790288560.479
2514,253.376,1790288560.755
2515,253.640,1790288561.290
2516,253.772,1790288561.604
2517,253.968,1790288562.013
2518,254.036,1790288562.133
2519,254.100,1790288562.235
2520,254.232,1790288562.534
2521,254.364,1790288562.829
2522,254.432,1790288562.950
2523,254.564,1790288563.225
2524,254.628,1790288563.345
2525,254.760,1790288563.636
2526,254.892,1790288563.860
2527,254.960,1790288564.038
2528,255.024,1790288564.159
2529,255.092,1790288564.258
2530,255.156,1790288564.437
2531,255.288,1790288564.655
2532,255.356,1790288564.834
2533,255.420,1790288564.981
2534,255.488,1790288565.078
2535,255.620,1790288565.340
2536,255.684,1790288565.428
2537,255.816,1790288565.679
2538,255.884,1790288565.770
2539,255.948,1790288565.883
2540,256.148,1790288566.272
2541,256.280,1790288566.544
2542,256.476,1790288566.921
2543,256.544,1790288567.042
2544,256.608,1790288567.222
2545,256.676,1790288567.320
2546,256.740,1790288567.430
2547,256.808,1790288567.578
2548,256.872,1790288567.684
2549,256.940,1790288567.791
2550,257.004,1790288567.964
2551,257.072,1790288568.063
2552,257.204,1790288568.345
2553,257.268,1790288568.456
2554,257.336,1790288568.574
2555,257.600,1790288569.048
2556,257.664,1790288569.232
2557,257.796,1790288569.456
2558,257.864,1790288569.643
2559,257.928,1790288569.767
2560,257.996,1790288569.868
2561,258.060,1790288570.052
2562,258.128,1790288570.189
2563,258.192,1790288570.279
2564,258.260,1790288570.450
2565,258.324,1790288570.564
2566,258.524,1790288570.929
2567,258.588,1790288571.020
2568,258.788,1790288571.399
2569,258.920,1790288571.690
2570,258.984,1790288571.786
2571,259.052,1790288571.923
2572,259.116,1790288572.102
2573,259.184,1790288572.199
2574,259.248,1790288572.324
2575,259.448,1790288572.737
2576,259.512,1790288572.924
2577,259.644,1790288573.134
2578,259.776,1790288573.462
2579,259.844,1790288573.585
2580,260.040,1790288574.007
2581,260.108,1790288574.203
2582,260.240,1790288574.421
2583,260.304,1790288574.586
2584,260.568,1790288575.111
2585,260.636,1790288575.255
2586,260.700,1790288575.359
2587,260.768,1790288575.532
2588,260.832,1790288575.646
2589,260.900,1790288575.741
2590,260.964,1790288575.913
2591,261.032,1790288576.037
2592,261.096,1790288576.130
2593,261.164,1790288576.312
2594,261.228,1790288576.447
2595,261.360,1790288576.776
2596,261.428,1790288576.933
2597,261.692,1790288577.496
2598,261.824,1790288577.841
2599,261.888,1790288577.939
2600,261.956,1790288578.130
2601,262.020,1790288578.251
2602,262.088,1790288578.349
2603,262.284,1790288578.737
2604,262.352,1790288578.867
2605,262.416,1790288579.039
2606,262.548,1790288579.251
2607,262.616,1790288579.428
2608,262.680,1790288579.525
2609,262.812,1790288579.853
2610,262.880,1790288579.958
2611,262.944,1790288580.091
2612,263.012,1790288580.288
2613,263.076,1790288580.422
2614,263.144,1790288580.556
2615,263.208,1790288580.774
2616,263.276,1790288580.894
2617,263.408,1790288581.222
2618,263.472,1790288581.320
2619,263.540,1790288581.441
2620,263.736,1790288581.868
2621,263.804,1790288582.039
2622,263.868,1790288582.144
2623,263.936,1790288582.270
2624,264.000,1790288582.363
2625,264.068,1790288582.537
2626,264.200,1790288582.770
2627,264.264,1790288582.956
2628,264.332,1790288583.085
2629,264.396,1790288583.177
2630,264.464,1790288583.352
2631,264.528,1790288583.475
2632,264.596,1790288583.569
2633,264.660,1790288583.758
2634,264.728,1790288583.878
2635,264.792,1790288583.971
2636,264.860,1790288584.139
2637,264.924,1790288584.270
2638,264.992,1790288584.371
2639,265.124,1790288584.683
2640,265.188,1790288584.772
2641,265.256,1790288584.945
2642,265.388,1790288585.160
2643,265.452,1790288585.303
2644,265.520,1790288585.471
2645,265.652,1790288585.675
2646,265.784,1790288585.952
2647,265.848,1790288586.070
2648,266.048,1790288586.449
2649,266.112,1790288586.642
2650,266.180,1790288586.743
2651,266.312,1790288587.040
2652,266.444,1790288587.253
2653,266.640,1790288587.677
2654,266.708,1790288587.866
2655,266.772,1790288587.975
2656,266.904,1790288588.264
2657,267.104,1790288588.673
2658,267.236,1790288588.903
2659,267.368,1790288589.156
2660,267.432,1790288589.279
2661,267.632,1790288589.652
2662,267.696,1790288589.750
2663,267.764,1790288589.928
2664,267.828,1790288590.044
2665,267.896,1790288590.155
2666,267.960,1790288590.330
2667,268.028,1790288590.461
2668,268.092,1790288590.553
2669,268.160,1790288590.740
2670,268.224,1790288590.869
2671,268.292,1790288590.964
2672,268.356,1790288591.148
2673,268.424,1790288591.272
2674,268.556,1790288591.538
2675,268.688,1790288591.756
2676,268.752,1790288591.875
2677,268.884,1790288592.150
2678,269.016,1790288592.446
2679,269.084,1790288592.554
2680,269.148,1790288592.683
2681,269.280,1790288592.973
2682,269.348,1790288593.089
2683,269.412,1790288593.277
2684,269.612,1790288593.663
2685,269.676,1790288593.773
2686,269.744,1790288593.903
2687,269.808,1790288594.090
2688,269.940,1790288594.305
2689,270.008,1790288594.488
2690,270.072,1790288594.593
2691,270.272,1790288595.007
2692,270.336,1790288595.129
2693,270.468,1790288595.412
2694,270.600,1790288595.627
2695,270.668,1790288595.792
2696,270.800,1790288596.008
2697,270.864,1790288596.198
2698,270.932,1790288596.322
2699,270.996,1790288596.414
2700,271.128,1790288596.728
2701,271.196,1790288596.834
2702,271.260,1790288597.030
2703,271.328,1790288597.163
2704,271.392,1790288597.257
2705,271.460,1790288597.415
2706,271.524,1790288597.536
2707,271.656,1790288597.789
2708,271.724,1790288597.912
2709,271.788,1790288598.017
2710,271.856,1790288598.190
2711,271.920,1790288598.326
2712,272.184,1790288598.795
2713,272.384,1790288599.190
2714,272.448,1790288599.330
2715,272.516,1790288599.513
2716,272.648,1790288599.737
2717,272.780,1790288600.021
2718,272.912,1790288600.320
2719,272.976,1790288600.419
2720,273.044,1790288600.550
2721,273.176,1790288600.841
2722,273.308,1790288601.155
2723,273.572,1790288601.660
2724,273.636,1790288601.788
2725,273.704,1790288601.978
2726,273.768,1790288602.093
2727,273.836,1790288602.227
2728,273.900,1790288602.346
2729,274.100,1790288602.714
2730,274.364,1790288603.263
2731,274.428,1790288603.384
2732,274.560,1790288603.648
2733,274.692,1790288603.860
2734,274.892,1790288604.247
2735,274.956,1790288604.429
2736,275.024,1790288604.561
2737,275.088,1790288604.656
2738,275.156,1790288604.849
2739,275.220,1790288604.971
2740,275.352,1790288605.170
2741,275.420,1790288605.309
2742,275.484,1790288605.397
2743,275.616,1790288605.660
2744,275.684,1790288605.748
2745,275.880,1790288606.140
2746,276.080,1790288606.516
2747,276.144,1790288606.632
2748,276.212,1790288606.815
2749,276.276,1790288606.916
2750,276.344,1790288607.042
2751,276.540,1790288607.450
2752,276.608,1790288607.635
2753,276.672,1790288607.737
2754,276.740,1790288607.856
2755,276.804,1790288608.047
2756,276.872,1790288608.147
2757,276.936,1790288608.262
2758,277.004,1790288608.454
2759,277.068,1790288608.555
2760,277.136,1790288608.670
2761,277.268,1790288608.897
2762,277.332,1790288609.010
2763,277.532,1790288609.350
2764,277.664,1790288609.593
2765,277.728,1790288609.700
2766,277.796,1790288609.797
2767,277.860,1790288609.957
2768,277.928,1790288610.061
2769,277.992,1790288610.148
2770,278.124,1790288610.446
2771,278.256,1790288610.690
2772,278.324,1790288610.824
2773,278.388,1790288610.916
2774,278.456,1790288611.083
2775,278.520,1790288611.224
2776,278.588,1790288611.335
2777,278.652,1790288611.470
2778,278.916,1790288612.039
2779,278.984,1790288612.142
2780,279.116,1790288612.433
2781,279.180,1790288612.528
2782,279.248,1790288612.652
2783,279.380,1790288612.923
2784,279.444,1790288613.040
2785,279.512,1790288613.227
2786,279.576,1790288613.339
2787,279.644,1790288613.479
2788,279.776,1790288613.766
2789,279.840,1790288613.891
2790,279.908,1790288614.065
2791,279.972,1790288614.171
2792,280.040,1790288614.295
2793,280.104,1790288614.499
2794,280.172,1790288614.614
2795,280.236,1790288614.736
2796,280.304,1790288614.906
2797,280.368,1790288615.013
2798,280.436,1790288615.134
2799,280.500,1790288615.225
2800,280.632,1790288615.530
2801,280.764,1790288615.806
2802,280.832,1790288615.922
2803,280.896,1790288616.014
2804,280.964,1790288616.182
2805,281.028,1790288616.300
2806,281.096,1790288616.390
2807,281.160,1790288616.542
2808,281.292,1790288616.742
2809,281.360,1790288616.911
2810,281.492,1790288617.110
2811,281.688,1790288617.486
2812,281.820,1790288617.788
2813,282.020,1790288618.159
2814,282.284,1790288618.646
2815,282.416,1790288618.948
2816,282.480,1790288619.038
2817,282.548,1790288619.175
2818,282.612,1790288619.367
2819,282.680,1790288619.464
2820,282.744,1790288619.578
2821,282.812,1790288619.757
2822,282.876,1790288619.847
2823,282.944,1790288619.978
2824,283.008,1790288620.177
2825,283.140,1790288620.412
2826,283.208,1790288620.587
2827,283.340,1790288620.810
2828,283.404,1790288620.988
2829,283.472,1790288621.099
2830,283.536,1790288621.227
2831,283.604,1790288621.401
2832,283.668,1790288621.514
2833,283.736,1790288621.636
2834,283.800,1790288621.729
2835,283.868,1790288621.895
2836,283.932,1790288622.031
2837,284.064,1790288622.312
2838,284.132,1790288622.441
2839,284.196,1790288622.528
2840,284.264,1790288622.716
2841,284.328,1790288622.844
2842,284.396,1790288622.952
2843,284.460,1790288623.136
2844,284.528,1790288623.267
2845,284.592,1790288623.367
2846,284.660,1790288623.553
2847,284.724,1790288623.682
2848,284.792,1790288623.780
2849,284.988,1790288624.186
2850,285.056,1790288624.358
2851,285.120,1790288624.499
2852,285.188,1790288624.588
2853,285.384,1790288624.980
2854,285.452,1790288625.097
2855,285.516,1790288625.262
2856,285.584,1790288625.360
2857,285.648,1790288625.481
2858,285.780,1790288625.768
2859,285.848,1790288625.886
2860,285.912,1790288626.071
2861,285.980,1790288626.182
2862,286.244,1790288626.703
2863,286.308,1790288626.887
2864,286.440,1790288627.095
2865,286.572,1790288627.373
2866,286.704,1790288627.677
2867,286.772,1790288627.780
2868,286.836,1790288627.893
2869,286.968,1790288628.194
2870,287.036,1790288628.317
2871,287.100,1790288628.426
2872,287.232,1790288628.730
2873,287.300,1790288628.830
2874,287.364,1790288629.006
2875,287.432,1790288629.138
2876,287.496,1790288629.235
2877,287.628,1790288629.548
2878,287.696,1790288629.650
2879,287.760,1790288629.831
2880,287.828,1790288629.959
2881,288.024,1790288630.362
2882,288.092,1790288630.449
2883,288.224,1790288630.761
2884,288.288,1790288630.849
2885,288.356,1790288631.024
2886,288.620,1790288631.533
2887,288.816,1790288631.920
2888,288.884,1790288632.025
2889,288.948,1790288632.155
2890,289.080,1790288632.436
2891,289.148,1790288632.558
2892,289.212,1790288632.744
2893,289.280,1790288632.844
2894,289.344,1790288632.968
2895,289.476,1790288633.261
2896,289.544,1790288633.385
2897,289.676,1790288633.659
2898,289.740,1790288633.777
2899,289.808,1790288633.959
2900,289.872,1790288634.061
2901,289.940,1790288634.184
2902,290.004,1790288634.375
2903,290.072,1790288634.483
2904,290.136,1790288634.613
2905,290.336,1790288635.009
2906,290.400,1790288635.097
2907,290.468,1790288635.259
2908,290.532,1790288635.368
2909,290.664,1790288635.602
2910,290.732,1790288635.723
2911,290.864,1790288635.992
2912,290.928,1790288636.112
2913,291.060,1790288636.398
2914,291.128,1790288636.540
2915,291.392,1790288637.048
2916,291.524,1790288637.348
2917,291.588,1790288637.443
2918,291.656,1790288637.610
2919,291.788,1790288637.820
2920,291.852,1790288637.944
2921,292.052,1790288638.309
2922,292.184,1790288638.563
2923,292.316,1790288638.896
2924,292.380,1790288639.007
2925,292.448,1790288639.141
2926,292.512,1790288639.344
2927,292.644,1790288639.552
2928,292.712,1790288639.718
2929,292.844,1790288639.933
2930,293.040,1790288640.328
2931,293.108,1790288640.534
2932,293.240,1790288640.779
2933,293.372,1790288641.062
2934,293.504,1790288641.378
2935,293.568,1790288641.482
2936,293.700,1790288641.697
2937,293.768,1790288641.873
2938,293.900,1790288642.085
2939,293.964,1790288642.285
2940,294.032,1790288642.416
2941,294.096,1790288642.516
2942,294.164,1790288642.711
2943,294.228,1790288642.844
2944,294.360,1790288643.123
2945,294.492,1790288643.362
2946,294.624,1790288643.659
2947,294.692,1790288643.760
2948,294.756,1790288643.940
2949,294.824,1790288644.070
2950,294.888,1790288644.168
2951,294.956,1790288644.337
2952,295.020,1790288644.467
2953,295.088,1790288644.571
2954,295.152,1790288644.700
2955,295.220,1790288644.872
2956,295.284,1790288644.964
2957,295.352,1790288645.088
2958,295.416,1790288645.258
2959,295.484,1790288645.363
2960,295.548,1790288645.490
2961,295.616,1790288645.687
2962,295.680,1790288645.792
2963,295.748,1790288645.907
2964,295.812,1790288646.095
2965,295.880,1790288646.199
2966,295.944,1790288646.327
2967,296.012,1790288646.515
2968,296.076,1790288646.621
2969,296.276,1790288647.014
2970,296.340,1790288647.139
2971,296.408,1790288647.318
2972,296.472,1790288647.423
2973,296.540,1790288647.537
2974,296.604,1790288647.717
2975,296.672,1790288647.817
2976,296.736,1790288647.953
2977,296.804,1790288648.131
2978,296.868,1790288648.222
2979,296.936,1790288648.338
2980,297.000,1790288648.441
2981,297.068,1790288648.612
2982,297.200,1790288648.842
2983,297.264,1790288649.025
2984,297.332,1790288649.151
2985,297.396,1790288649.242
2986,297.464,1790288649.444
2987,297.528,1790288649.564
2988,297.596,1790288649.658
2989,297.660,1790288649.830
2990,297.860,1790288650.235
2991,297.924,1790288650.379
2992,297.992,1790288650.489
2993,298.056,1790288650.679
2994,298.124,1790288650.821
2995,298.320,1790288651.227
2996,298.388,1790288651.328
2997,298.584,1790288651.733
2998,298.652,1790288651.873
2999,298.716,1790288652.026
3000,298.980,1790288652.534
3001,299.048,1790288652.660
3002,299.180,1790288652.941
3003,299.376,1790288653.333
3004,299.508,1790288653.625
3005,299.576,1790288653.724
3006,299.640,1790288653.842
3007,299.708,1790288654.016
3008,299.772,1790288654.116
3009,299.840,1790288654.235
3010,299.904,1790288654.406
3011,300.036,1790288654.626
3012,300.168,1790288654.907
3013,300.236,1790288655.031
3014,300.368,1790288655.289
3015,300.432,1790288655.411
3016,300.500,1790288655.506
3017,300.696,1790288655.881
3018,300.764,1790288656.054
3019,300.828,1790288656.187
3020,300.896,1790288656.286
3021,301.028,1790288656.591
3022,301.092,1790288656.689
3023,301.224,1790288656.995
3024,301.292,1790288657.084
3025,301.356,1790288657.257
3026,301.424,1790288657.406
3027,301.488,1790288657.494
3028,301.820,1790288658.167
3029,301.884,1790288658.274
3030,302.016,1790288658.557
3031,302.084,1790288658.654
3032,302.280,1790288659.058
3033,302.348,1790288659.172
3034,302.412,1790288659.367
3035,302.480,1790288659.466
3036,302.544,1790288659.590
3037,302.612,1790288659.761
3038,302.676,1790288659.859
3039,302.876,1790288660.277
3040,302.940,1790288660.399
3041,303.008,1790288660.581
3042,303.072,1790288660.682
3043,303.140,1790288660.823
3044,303.272,1790288661.095
3045,303.336,1790288661.213
3046,303.468,1790288661.506
3047,303.536,1790288661.624
3048,303.668,1790288661.897
3049,303.732,1790288662.019
3050,303.800,1790288662.127
3051,303.932,1790288662.427
3052,303.996,1790288662.525
3053,304.260,1790288663.108
3054,304.328,1790288663.227
3055,304.392,1790288663.320
3056,304.524,1790288663.641
3057,304.592,1790288663.751
3058,304.656,1790288663.948
3059,304.856,1790288664.374
3060,304.920,1790288664.511
3061,304.988,1790288664.613
3062,305.052,1790288664.745
3063,305.252,1790288665.148
3064,305.316,1790288665.338
3065,305.384,1790288665.451
3066,305.448,1790288665.582
3067,305.516,1790288665.762
3068,305.648,1790288665.971
3069,305.712,1790288666.160
3070,305.780,1790288666.266
3071,305.912,1790288666.572
3072,306.108,1790288666.959
3073,306.176,1790288667.066
3074,306.240,1790288667.189
3075,306.372,1790288667.460
3076,306.440,1790288667.598
3077,306.636,1790288667.999
3078,306.768,1790288668.266
3079,306.836,1790288668.392
3080,306.900,1790288668.489
3081,306.968,1790288668.658
3082,307.032,1790288668.788
3083,307.100,1790288668.889
3084,307.164,1790288669.059
3085,307.232,1790288669.195
3086,307.296,1790288669.293
3087,307.364,1790288669.468
3088,307.428,1790288669.587
3089,307.628,1790288669.989
3090,307.824,1790288670.387
3091,307.892,1790288670.491
3092,308.024,1790288670.801
3093,308.156,1790288671.080
3094,308.220,1790288671.211
3095,308.288,1790288671.301
3096,308.420,1790288671.606
3097,308.484,1790288671.701
3098,308.552,1790288671.824
3099,308.616,1790288671.999
3100,308.684,1790288672.097
3101,308.748,1790288672.224
3102,308.816,1790288672.412
3103,308.880,1790288672.527
3104,308.948,1790288672.647
3105,309.012,1790288672.841
3106,309.144,1790288673.059
3107,309.212,1790288673.231
3108,309.344,1790288673.446
3109,309.408,1790288673.618
3110,309.608,1790288674.000
3111,309.872,1790288674.508
3112,310.004,1790288674.800
3113,310.068,1790288674.908
3114,310.136,1790288675.046
3115,310.268,1790288675.319
3116,310.400,1790288675.528
3117,310.464,1790288675.695
3118,310.532,1790288675.828
3119,310.596,1790288675.929
3120,310.664,1790288676.113
3121,310.728,1790288676.233
3122,310.796,1790288676.325
3123,310.860,1790288676.500
3124,310.928,1790288676.628
3125,310.992,1790288676.716
3126,311.256,1790288677.306
3127,311.456,1790288677.718
3128,311.588,1790288677.937
3129,311.720,1790288678.223
3130,311.784,1790288678.315
3131,312.180,1790288679.096
3132,312.248,1790288679.211
3133,312.380,1790288679.510
3134,312.444,1790288679.637
3135,312.512,1790288679.825
3136,312.576,1790288679.929
3137,312.644,1790288680.058
3138,312.776,1790288680.353
3139,312.908,1790288680.639
3140,312.972,1790288680.732
3141,313.040,1790288680.836
3142,313.104,1790288680.995
3143,313.236,1790288681.212
3144,313.304,1790288681.414
3145,313.368,1790288681.536
3146,313.436,1790288681.653
3147,313.500,1790288681.764
3148,313.568,1790288681.946
3149,313.700,1790288682.203
3150,313.832,1790288682.508
3151,313.964,1790288682.820
3152,314.028,1790288682.950
3153,314.424,1790288683.796
3154,314.492,1790288683.904
3155,314.688,1790288684.315
3156,314.820,1790288684.621
3157,314.952,1790288684.829
3158,315.020,1790288684.982
3159,315.152,1790288685.193
3160,315.216,1790288685.378
3161,315.284,1790288685.474
3162,315.348,1790288685.590
3163,315.416,1790288685.772
3164,315.548,1790288685.975
3165,315.612,1790288686.166
3166,315.744,1790288686.403
3167,315.876,1790288686.683
3168,315.944,1790288686.803
3169,316.008,1790288686.981
3170,316.076,1790288687.096
3171,316.272,1790288687.489
3172,316.536,1790288688.042
3173,316.604,1790288688.238
3174,316.668,1790288688.354
3175,316.736,1790288688.487
3176,316.800,1790288688.594
3177,316.868,1790288688.763
3178,316.932,1790288688.886
3179,317.000,1790288688.979
3180,317.064,1790288689.154
3181,317.196,1790288689.371
3182,317.264,1790288689.547
3183,317.328,1790288689.678
3184,317.396,1790288689.783
3185,317.460,1790288689.965
3186,317.528,1790288690.097
3187,317.592,1790288690.197
3188,317.660,1790288690.372
3189,317.792,1790288690.593
3190,317.924,1790288690.902
3191,317.988,1790288690.994
3192,318.120,1790288691.294
3193,318.188,1790288691.403
3194,318.252,1790288691.537
3195,318.320,1790288691.700
3196,318.384,1790288691.812
3197,318.452,1790288691.950
3198,318.516,1790288692.112
3199,318.584,1790288692.202
3200,318.648,1790288692.318
3201,318.716,1790288692.483
3202,318.848,1790288692.669
3203,318.912,1790288692.835
3204,319.044,1790288693.067
3205,319.176,1790288693.326
3206,319.308,1790288693.611
3207,319.440,1790288693.845
3208,319.572,1790288694.139
3209,319.640,1790288694.254
3210,319.704,1790288694.435
3211,319.772,1790288694.538
3212,319.836,1790288694.660
3213,319.904,1790288694.834
3214,319.968,1790288694.946
3215,320.036,1790288695.062
3216,320.168,1790288695.317
3217,320.364,1790288695.684
3218,320.432,1790288695.809
3219,320.496,1790288695.903
3220,320.564,1790288696.068
3221,320.628,1790288696.182
3222,320.828,1790288696.583
3223,320.892,1790288696.676
3224,320.960,1790288696.852
3225,321.024,1790288696.979
3226,321.092,1790288697.074
3227,321.156,1790288697.256
3228,321.420,1790288697.825
3229,321.552,1790288698.039
3230,321.620,1790288698.222
3231,321.684,1790288698.309
3232,321.752,1790288698.433
3233,321.816,1790288698.595
3234,321.884,1790288698.696
3235,321.948,1790288698.835
3236,322.016,1790288699.035
3237,322.080,1790288699.129
3238,322.148,1790288699.253
3239,322.212,1790288699.442
3240,322.280,1790288699.533
3241,322.476,1790288699.925
3242,322.544,1790288700.050
3243,322.676,1790288700.347
3244,322.740,1790288700.467
3245,322.808,1790288700.648
3246,322.940,1790288700.897
3247,323.004,1790288701.087
3248,323.136,1790288701.308
3249,323.204,1790288701.492
3250,323.268,1790288701.595
3251,323.336,1790288701.721
3252,323.468,1790288701.980
3253,323.796,1790288702.570
3254,323.864,1790288702.751
3255,323.928,1790288702.866
3256,323.996,1790288702.958
3257,324.060,1790288703.144
3258,324.128,1790288703.277
3259,324.192,1790288703.375
3260,324.392,1790288703.774
3261,324.524,1790288704.083
3262,324.588,1790288704.186
3263,324.656,1790288704.357
3264,324.788,1790288704.574
3265,324.852,1790288704.696
3266,324.920,1790288704.849
3267,325.052,1790288705.046
3268,325.448,1790288705.789
3269,325.512,1790288705.954
3270,325.580,1790288706.045
3271,325.644,1790288706.155
3272,325.776,1790288706.442
3273,325.844,1790288706.555
3274,325.976,1790288706.830
3275,326.108,1790288707.116
3276,326.240,1790288707.330
3277,326.304,1790288707.528
3278,326.436,1790288707.750
3279,326.504,1790288707.910
3280,326.568,1790288708.012
3281,326.636,1790288708.129
3282,326.832,1790288708.529
3283,326.964,1790288708.789
3284,327.096,1790288708.994
3285,327.164,1790288709.167
3286,327.228,1790288709.289
3287,327.360,1790288709.536
3288,327.428,1790288709.666
3289,327.492,1790288709.760
3290,327.692,1790288710.134
3291,327.888,1790288710.527
3292,327.956,1790288710.701
3293,328.020,1790288710.834
3294,328.088,1790288710.929
3295,328.220,1790288711.215
3296,328.284,1790288711.314
3297,328.416,1790288711.598
3298,328.484,1790288711.696
3299,328.548,1790288711.811
3300,328.680,1790288712.080
3301,328.748,1790288712.222
3302,328.812,1790288712.406
3303,328.880,1790288712.511
3304,328.944,1790288712.628
3305,329.012,1790288712.805
3306,329.076,1790288712.903
3307,329.144,1790288713.036
3308,329.208,1790288713.216
3309,329.276,1790288713.310
3310,329.340,1790288713.438
3311,329.472,1790288713.719
3312,329.540,1790288713.832
3313,329.604,1790288714.004
3314,329.672,1790288714.109
3315,329.736,1790288714.230
3316,329.804,1790288714.391
3317,329.936,1790288714.602
3318,330.200,1790288715.032
3319,330.264,1790288715.185
3320,330.332,1790288715.308
3321,330.396,1790288715.404
3322,330.464,1790288715.587
3323,330.528,1790288715.712
3324,330.596,1790288715.807
3325,330.728,1790288716.125
3326,330.792,1790288716.208
3327,330.860,1790288716.379
3328,330.924,1790288716.504
3329,331.056,1790288716.771
3330,331.124,1790288716.896
3331,331.256,1790288717.167
3332,331.320,1790288717.305
3333,331.520,1790288717.682
3334,331.584,1790288717.784
3335,331.652,1790288717.902
3336,331.784,1790288718.160
3337,331.848,1790288718.293
3338,331.916,1790288718.478
3339,331.980,1790288718.575
3340,332.048,1790288718.697
3341,332.180,1790288718.973
3342,332.376,1790288719.363
3343,332.508,1790288719.675
3344,332.576,1790288719.774
3345,332.640,1790288719.890
3346,332.840,1790288720.295
3347,332.904,1790288720.478
3348,332.972,1790288720.582
3349,333.036,1790288720.704
3350,333.104,1790288720.907
3351,333.168,1790288721.014
3352,333.300,1790288721.228
3353,333.368,1790288721.396
3354,333.500,1790288721.602
3355,333.564,1790288721.775
3356,333.764,1790288722.160
3357,333.828,1790288722.289
3358,333.896,1790288722.377
3359,334.160,1790288722.948
3360,334.224,1790288723.079
3361,334.424,1790288723.513
3362,334.488,1790288723.610
3363,334.556,1790288723.814
3364,334.620,1790288723.970
3365,334.688,1790288724.074
3366,334.752,1790288724.213
3367,335.016,1790288724.782
3368,335.084,1790288724.876
3369,335.280,1790288725.254
3370,335.348,1790288725.374
3371,335.412,1790288725.539
3372,335.480,1790288725.640
3373,335.544,1790288725.769
3374,335.612,1790288725.951
3375,335.676,1790288726.048
3376,335.808,1790288726.346
3377,336.008,1790288726.737
3378,336.072,1790288726.835
3379,336.140,1790288726.959
3380,336.204,1790288727.118
3381,336.272,1790288727.219
3382,336.404,1790288727.538
3383,336.468,1790288727.653
3384,336.600,1790288727.886
3385,336.668,1790288728.083
3386,336.864,1790288728.533
3387,337.196,1790288729.199
3388,337.328,1790288729.529
3389,337.392,1790288729.621
3390,337.460,1790288729.836
3391,337.524,1790288729.971
3392,337.592,1790288730.075
3393,337.656,1790288730.286
3394,337.724,1790288730.434
3395,337.788,1790288730.548
3396,337.988,1790288731.007
3397,338.052,1790288731.141
3398,338.120,1790288731.312
3399,338.184,1790288731.409
3400,338.448,1790288731.892
3401,338.712,1790288732.473
3402,338.780,1790288732.571
3403,338.844,1790288732.695
3404,338.912,1790288732.892
3405,338.976,1790288733.016
3406,339.240,1790288733.553
3407,339.308,1790288733.742
3408,339.372,1790288733.842
3409,339.504,1790288734.148
3410,339.572,1790288734.256
3411,339.704,1790288734.591
3412,339.768,1790288734.701
3413,339.900,1790288734.943
3414,339.968,1790288735.117
3415,340.100,1790288735.332
3416,340.364,1790288735.864
3417,340.428,1790288735.986
3418,340.628,1790288736.366
3419,340.760,1790288736.647
3420,340.824,1790288736.770
3421,340.892,1790288736.856
3422,340.956,1790288737.037
3423,341.024,1790288737.165
3424,341.156,1790288737.455
3425,341.220,1790288737.608
3426,341.288,1790288737.730
3427,341.352,1790288737.884
3428,341.420,1790288738.078
3429,341.484,1790288738.181
3430,341.552,1790288738.309
3431,341.748,1790288738.721
3432,341.816,1790288738.932
3433,341.948,1790288739.204
3434,342.012,1790288739.415
3435,342.080,1790288739.535
3436,342.144,1790288739.658
3437,342.212,1790288739.853
3438,342.344,1790288740.079
3439,342.408,1790288740.289
3440,342.476,1790288740.403
3441,342.540,1790288740.536
3442,342.608,1790288740.710
3443,342.804,1790288741.121
3444,343.136,1790288741.719
3445,343.200,1790288741.823
3446,343.332,1790288742.090
3447,343.400,1790288742.194
3448,343.728,1790288742.887
3449,343.796,1790288742.979
3450,343.860,1790288743.171
3451,343.928,1790288743.299
3452,343.992,1790288743.396
3453,344.124,1790288743.689
3454,344.192,1790288743.773
3455,344.388,1790288744.136
3456,344.456,1790288744.301
3457,344.520,1790288744.420
3458,344.588,1790288744.508
3459,344.652,1790288744.615
3460,344.720,1790288744.787
3461,344.784,1790288744.883
3462,344.852,1790288744.998
3463,344.984,1790288745.265
3464,345.048,1790288745.405
3465,345.248,1790288745.800
3466,345.312,1790288745.988
3467,345.380,1790288746.089
3468,345.512,1790288746.417
3469,345.576,1790288746.534
3470,345.644,1790288746.672
3471,345.776,1790288746.943
3472,345.840,1790288747.048
3473,345.908,1790288747.201
3474,345.972,1790288747.294
3475,346.040,1790288747.396
3476,346.104,1790288747.554
3477,346.236,1790288747.782
3478,346.304,1790288747.940
3479,346.368,1790288748.043
3480,346.436,1790288748.161
3481,346.500,1790288748.247
3482,346.568,1790288748.397
3483,346.632,1790288748.514
3484,346.700,1790288748.623
3485,346.764,1790288748.794
3486,346.832,1790288748.910
3487,346.964,1790288749.176
3488,347.096,1790288749.386
3489,347.160,1790288749.564
3490,347.228,1790288749.695
3491,347.360,1790288749.961
3492,347.424,1790288750.076
3493,347.556,1790288750.316
3494,347.624,1790288750.434
3495,347.688,1790288750.525
3496,347.820,1790288750.816
3497,348.020,1790288751.170
3498,348.084,1790288751.270
3499,348.284,1790288751.652
3500,348.348,1790288751.775
3501,348.416,1790288751.949
3502,348.480,1790288752.053
3503,348.548,1790288752.178
3504,348.612,1790288752.360
3505,348.744,1790288752.594
3506,348.876,1790288752.916
3507,349.008,1790288753.254
3508,349.140,1790288753.489
3509,349.208,1790288753.678
3510,349.272,1790288753.780
3511,349.404,1790288754.106
3512,349.472,1790288754.204
3513,349.536,1790288754.333
3514,349.604,1790288754.519
3515,349.668,1790288754.622
3516,349.868,1790288755.036
3517,349.932,1790288755.165
3518,350.328,1790288755.937
3519,350.396,1790288756.024
3520,350.460,1790288756.204
3521,350.660,1790288756.585
3522,350.724,1790288756.711
3523,350.792,1790288756.805
3524,350.856,1790288756.981
3525,350.924,1790288757.117
3526,351.056,1790288757.410
3527,351.120,1790288757.533
3528,351.188,1790288757.631
3529,351.252,1790288757.766
3530,351.320,1790288757.934
3531,351.384,1790288758.031
3532,351.516,1790288758.340
3533,351.584,1790288758.441
3534,351.848,1790288758.949
3535,351.912,1790288759.121
3536,351.980,1790288759.229
3537,352.044,1790288759.357
3538,352.244,1790288759.761
3539,352.308,1790288759.936
3540,352.376,1790288760.051
3541,352.440,1790288760.174
3542,352.508,1790288760.352
3543,352.572,1790288760.453
3544,352.640,1790288760.584
3545,352.704,1790288760.770
3546,352.772,1790288760.871
3547,352.836,1790288761.009
3548,352.968,1790288761.291
3549,353.036,1790288761.428
3550,353.300,1790288761.867
3551,353.364,1790288762.028
3552,353.432,1790288762.148
3553,353.496,1790288762.244
3554,353.564,1790288762.426
3555,353.760,1790288762.831
3556,353.828,1790288762.974
3557,353.960,1790288763.253
3558,354.092,1790288763.469
3559,354.224,1790288763.772
3560,354.288,1790288763.863
3561,354.420,1790288764.182
3562,354.488,1790288764.288
3563,354.552,1790288764.408
3564,354.620,1790288764.576
3565,354.684,1790288764.674
3566,354.816,1790288764.974
3567,354.948,1790288765.188
3568,355.016,1790288765.387
3569,355.080,1790288765.487
3570,355.344,1790288766.045
3571,355.412,1790288766.254
3572,355.476,1790288766.360
3573,355.544,1790288766.488
3574,355.676,1790288766.781
3575,355.740,1790288766.890
3576,355.872,1790288767.161
3577,355.940,1790288767.285
3578,356.004,1790288767.455
3579,356.072,1790288767.549
3580,356.136,1790288767.669
3581,356.204,1790288767.846
3582,356.268,1790288767.955
3583,356.336,1790288768.094
3584,356.400,1790288768.193
3585,356.468,1790288768.375
3586,356.600,1790288768.592
3587,356.732,1790288768.887
3588,356.796,1790288768.969
3589,356.864,1790288769.145
3590,356.928,1790288769.267
3591,356.996,1790288769.368
3592,357.060,1790288769.532
3593,357.128,1790288769.661
3594,357.192,1790288769.752
3595,357.260,1790288769.930
3596,357.392,1790288770.153
3597,357.524,1790288770.455
3598,357.656,1790288770.736
3599,357.788,1790288770.954
3600,357.920,1790288771.245
3601,357.984,1790288771.338
3602,358.248,1790288771.841
3603,358.316,1790288772.025
3604,358.380,1790288772.133
3605,358.448,1790288772.261
3606,358.776,1790288772.942
3607,358.908,1790288773.239
3608,359.040,1790288773.444
3609,359.172,1790288773.746
3610,359.240,1790288773.867
3611,359.304,1790288774.041
3612,359.372,1790288774.145
3613,359.436,1790288774.270
3614,359.504,1790288774.462
3615,359.700,1790288774.815
3616,359.832,1790288775.108
3617,359.900,1790288775.202
3618,359.964,1790288775.367
3619,360.032,1790288775.499
3620,360.096,1790288775.591
3621,360.164,1790288775.796
3622,360.296,1790288776.035
3623,360.428,1790288776.399
3624,360.492,1790288776.531
3625,360.560,1790288776.739
3626,360.624,1790288776.871
3627,360.692,1790288776.982
3628,360.824,1790293866.776
3629,360.888,1790293866.883
3630,361.020,1790293867.174
3631,361.152,1790293867.399
3632,361.220,1790293867.562
3633,361.352,1790293867.771
3634,361.416,1790293867.933
3635,361.484,1790293868.025
3636,361.548,1790293868.161
3637,361.680,1790293868.468
3638,361.748,1790293868.590
3639,361.812,1790293868.775
3640,361.944,1790293868.997
3641,362.012,1790293869.208
3642,362.076,1790293869.315
3643,362.208,1790293869.646
3644,362.340,1790293869.879
3645,362.472,1790293870.189
3646,362.540,1790293870.316
3647,362.604,1790293870.521
3648,362.672,1790293870.643
3649,362.736,1790293870.773
3650,362.804,1790293870.992
3651,362.868,1790293871.105
3652,362.936,1790293871.259
3653,363.000,1790293871.372
3654,363.068,1790293871.611
3655,363.132,1790293871.773
3656,363.200,1790293871.925
3657,363.332,1790293872.342
3658,363.396,1790293872.448
3659,363.464,1790293872.674
3660,363.528,1790293872.802
3661,363.660,1790293873.107
3662,363.728,1790293873.241
3663,363.792,1790293873.343
3664,363.924,1790293873.681
3665,364.188,1790293874.205
3666,364.320,1790293874.567
3667,364.388,1790293874.691
3668,364.452,1790293874.834
3669,364.652,1790293875.229
3670,364.848,1790293875.647
3671,364.980,1790293875.930
3672,365.112,1790293876.236
3673,365.180,1790293876.342
3674,365.244,1790293876.472
3675,365.312,1790293876.668
3676,365.376,1790293876.771
3677,365.444,1790293876.901
3678,365.576,1790293877.212
3679,365.640,1790293877.336
3680,365.708,1790293877.533
3681,365.772,1790293877.632
3682,366.036,1790293878.158
3683,366.104,1790293878.341
3684,366.168,1790293878.445
3685,366.236,1790293878.575
3686,366.300,1790293878.672
3687,366.368,1790293878.847
3688,366.432,1790293878.970
3689,366.500,1790293879.075
3690,366.632,1790293879.353
3691,366.696,1790293879.453
3692,366.828,1790293879.749
3693,366.896,1790293879.846
3694,367.160,1790293880.451
3695,367.224,1790293880.582
3696,367.292,1790293880.687
3697,367.356,1790293880.884
3698,367.424,1790293881.025
3699,367.488,1790293881.115
3700,367.556,1790293881.291
3701,367.620,1790293881.421
3702,367.752,1790293881.653
3703,367.820,1790293881.824
3704,367.884,1790293881.923
3705,368.084,1790293882.321
3706,368.148,1790293882.445
3707,368.280,1790293882.721
3708,368.348,1790293882.845
3709,368.544,1790293883.246
3710,368.676,1790293883.544
3711,368.744,1790293883.667
3712,368.808,1790293883.847
3713,369.072,1790293884.353
3714,369.140,1790293884.481
3715,369.272,1790293884.769
3716,369.336,1790293884.899
3717,369.536,1790293885.306
3718,369.600,1790293885.413
3719,369.668,1790293885.589
3720,369.732,1790293885.706
3721,369.864,1790293885.976
3722,369.932,1790293886.093
3723,370.128,1790293886.495
3724,370.196,1790293886.611
3725,370.260,1790293886.798
3726,370.328,1790293886.930
3727,370.392,1790293887.029
3728,370.460,1790293887.207
3729,370.524,1790293887.326
3730,370.592,1790293887.422
3731,370.656,1790293887.616
3732,370.724,1790293887.749
3733,370.788,1790293887.841
3734,370.920,1790293888.140
3735,370.988,1790293888.242
3736,371.120,1790293888.530
3737,371.184,1790293888.621
3738,371.252,1790293888.751
3739,371.448,1790293889.135
3740,371.516,1790293889.326
3741,371.580,1790293889.429
3742,371.648,1790293889.556
3743,371.844,1790293889.954
3744,372.044,1790293890.360
3745,372.108,1790293890.566
3746,372.176,1790293890.670
3747,372.372,1790293891.089
3748,372.440,1790293891.217
3749,372.572,1790293891.515
3750,372.636,1790293891.654
3751,372.704,1790293891.838
3752,372.768,1790293891.953
3753,372.836,1790293892.094
3754,372.900,1790293892.204
3755,372.968,1790293892.387
3756,373.164,1790293892.794
3757,373.232,1790293892.926
3758,373.428,1790293893.305
3759,373.496,1790293893.386
3760,373.560,1790293893.559
3761,373.628,1790293893.671
3762,373.692,1790293893.766
3763,373.760,1790293893.937
3764,374.024,1790293894.479
3765,374.220,1790293894.875
3766,374.288,1790293894.974
3767,374.420,1790293895.289
3768,374.552,1790293895.505
3769,374.616,1790293895.676
3770,374.684,1790293895.771
3771,374.748,1790293895.899
3772,374.816,1790293896.083
3773,374.948,1790293896.302
3774,375.144,1790293896.672
3775,375.212,1790293896.866
3776,375.276,1790293896.978
3777,375.344,1790293897.111
3778,375.408,1790293897.299
3779,375.540,1790293897.535
3780,375.608,1790293897.722
3781,375.672,1790293897.825
3782,375.804,1790293898.111
3783,375.872,1790293898.210
3784,375.936,1790293898.330
3785,376.004,1790293898.503
3786,376.136,1790293898.746
3787,376.200,1790293898.850
3788,376.268,1790293899.024
3789,376.400,1790293899.247
3790,376.532,1790293899.564
3791,376.596,1790293899.656
3792,376.728,1790293899.959
3793,376.796,1790293900.062
3794,376.860,1790293900.240
3795,376.992,1790293900.464
3796,377.192,1790293900.871
3797,377.256,1790293901.058
3798,377.324,1790293901.196
3799,377.388,1790293901.302
3800,377.520,1790293901.611
3801,377.588,1790293901.708
3802,377.652,1790293901.835
3803,377.720,1790293902.008
3804,377.784,1790293902.109
3805,377.852,1790293902.246
3806,377.916,1790293902.444
3807,377.984,1790293902.561
3808,378.048,1790293902.700
3809,378.116,1790293902.923
3810,378.180,1790293903.066
3811,378.248,1790293903.220
3812,378.312,1790293903.411
3813,378.380,1790293903.521
3814,378.444,1790293903.667
3815,378.512,1790293903.863
3816,378.576,1790293903.992
3817,378.644,1790293904.144
3818,378.776,1790293904.467
3819,378.908,1790293904.761
3820,379.040,1790293905.007
3821,379.104,1790293905.202
3822,379.172,1790293905.313
3823,379.236,1790293905.449
3824,379.368,1790293905.748
3825,379.436,1790293905.892
3826,379.500,1790293905.997
3827,379.568,1790293906.159
3828,379.632,1790293906.266
3829,379.700,1790293906.368
3830,379.764,1790293906.543
3831,379.832,1790293906.668
3832,379.896,1790293906.769
3833,379.964,1790293906.953
3834,380.028,1790293907.058
3835,380.096,1790293907.146
3836,380.228,1790293907.443
3837,380.292,1790293907.529
3838,380.424,1790293907.857
3839,380.624,1790293908.273
3840,380.688,1790293908.366
3841,380.888,1790293908.793
3842,380.952,1790293908.938
3843,381.152,1790293909.352
3844,381.216,1790293909.551
3845,381.284,1790293909.657
3846,381.348,1790293909.788
3847,381.416,1790293909.957
3848,381.480,1790293910.056
3849,381.548,1790293910.189
3850,381.612,1790293910.381
3851,381.680,1790293910.474
3852,381.744,1790293910.594
3853,381.876,1790293910.862
3854,381.944,1790293910.962
3855,382.140,1790293911.331
3856,382.208,1790293911.507
3857,382.340,1790293911.728
3858,382.472,1790293912.002
3859,382.536,1790293912.119
3860,382.604,1790293912.297
3861,382.668,1790293912.406
3862,382.800,1790293912.624
3863,382.868,1790293912.792
3864,382.932,1790293912.910
3865,383.000,1790293913.002
3866,383.064,1790293913.176
3867,383.132,1790293913.300
3868,383.196,1790293913.392
3869,383.264,1790293913.573
3870,383.328,1790293913.699
3871,383.528,1790293914.077
3872,383.660,1790293914.357
3873,383.792,1790293914.581
3874,383.856,1790293914.754
3875,383.988,1790293914.983
3876,384.056,1790293915.162
3877,384.120,1790293915.293
3878,384.252,1790293915.502
3879,384.320,1790293915.666
3880,384.584,1790293916.152
3881,384.716,1790293916.409
3882,384.780,1790293916.511
3883,384.848,1790293916.635
3884,385.112,1790293917.195
3885,385.176,1790293917.302
3886,385.244,1790293917.412
3887,385.308,1790293917.591
3888,385.376,1790293917.687
3889,385.508,1790293917.983
3890,385.640,1790293918.200
3891,385.704,1790293918.367
3892,385.772,1790293918.478
3893,385.836,1790293918.619
3894,385.904,1790293918.794
3895,386.036,1790293919.042
3896,386.100,1790293919.147
3897,386.168,1790293919.313
3898,386.232,1790293919.451
3899,386.364,1790293919.700
3900,386.432,1790293919.817
3901,386.496,1790293919.899
3902,386.564,1790293920.083
3903,386.628,1790293920.208
3904,386.696,1790293920.303
3905,386.892,1790293920.681
3906,386.960,1790293920.823
3907,387.092,1790293921.034
3908,387.224,1790293921.308
3909,387.288,1790293921.397
3910,387.356,1790293921.576
3911,387.684,1790293922.179
3912,387.752,1790293922.287
3913,387.816,1790293922.449
3914,387.884,1790293922.546
3915,388.080,1790293922.969
3916,388.148,1790293923.083
3917,388.344,1790293923.479
3918,388.412,1790293923.655
3919,388.476,1790293923.758
3920,388.608,1790293924.063
3921,388.676,1790293924.198
3922,389.336,1790293925.510
3923,389.532,1790293925.874
3924,389.732,1790293926.254
3925,390.060,1790293926.933
3926,390.128,1790293927.055
3927,390.392,1790293927.534
3928,390.456,1790293927.706
3929,390.588,1790293927.917
3930,390.656,1790293928.081
3931,390.720,1790293928.216
3932,390.788,1790293928.313
3933,390.852,1790293928.444
3934,390.920,1790293928.625
3935,390.984,1790293928.725
3936,391.052,1790293928.857
3937,391.116,1790293929.022
3938,391.316,1790293929.396
3939,391.380,1790293929.487
3940,391.448,1790293929.610
3941,391.512,1790293929.774
3942,391.580,1790293929.874
3943,391.644,1790293930.021
3944,391.712,1790293930.203
3945,391.776,1790293930.306
3946,391.844,1790293930.429
3947,391.976,1790293930.746
3948,392.040,1790293930.867
3949,392.172,1790293931.195
3950,392.304,1790293931.509
3951,392.372,1790293931.621
3952,392.436,1790293931.742
3953,392.504,1790293931.917
3954,392.568,1790293932.028
3955,392.636,1790293932.148
3956,392.700,1790293932.250
3957,392.832,1790293932.524
3958,392.900,1790293932.616
3959,392.964,1790293932.768
3960,393.032,1790293932.893
3961,393.096,1790293932.990
3962,393.164,1790293933.160
3963,393.296,1790293933.354
3964,393.360,1790293933.530
3965,393.624,1790293934.064
3966,393.692,1790293934.174
3967,393.756,1790293934.355
3968,393.824,1790293934.485
3969,393.956,1790293934.742
3970,394.020,1790293934.876
3971,394.152,1790293935.091
3972,394.220,1790293935.265
3973,394.284,1790293935.361
3974,394.416,1790293935.632
3975,394.548,1790293935.835
3976,394.680,1790293936.078
3977,394.748,1790293936.177
3978,394.812,1790293936.332
3979,394.880,1790293936.429
3980,395.208,1790293937.070
3981,395.340,1790293937.280
3982,395.408,1790293937.459
3983,395.540,1790293937.667
3984,395.672,1790293937.944
3985,395.736,1790293938.056
3986,395.804,1790293938.224
3987,395.936,1790293938.438
3988,396.000,1790293938.520
3989,396.068,1790293938.698
3990,396.200,1790293938.938
3991,396.332,1790293939.227
3992,396.396,1790293939.309
3993,396.464,1790293939.481
3994,396.528,1790293939.612
3995,396.728,1790293939.997
3996,396.792,1790293940.091
3997,396.860,1790293940.274
3998,397.056,1790293940.685
3999,397.124,1790293940.821
4000,397.188,1790293940.905
4001,397.320,1790293941.196
4002,397.388,1790293941.300
4003,397.452,1790293941.421
4004,397.520,1790293941.578
4005,397.584,1790293941.664
4006,397.652,1790293941.784
4007,397.716,1790293941.969
4008,397.784,1790293942.070
4009,397.916,1790293942.370
4010,397.980,1790293942.461
4011,398.048,1790293942.597
4012,398.112,1790293942.773
4013,398.244,1790293942.990
4014,398.508,1790293943.534
4015,398.640,1790293943.747
4016,398.772,1790293944.030
4017,398.840,1790293944.150
4018,398.972,1790293944.428
4019,399.036,1790293944.551
4020,399.168,1790293944.820
4021,399.236,1790293944.955
4022,399.300,1790293945.057
4023,399.500,1790293945.429
4024,399.564,1790293945.596
4025,399.632,1790293945.720
4026,399.696,1790293945.810
4027,399.764,1790293945.982
4028,399.828,1790293946.096
4029,399.960,1790293946.362
4030,400.092,1790293946.584
4031,400.224,1790293946.898
4032,400.292,1790293946.992
4033,400.356,1790293947.154
4034,400.424,1790293947.277
4035,400.556,1790293947.541
4036,400.620,1790293947.677
4037,400.688,1790293947.781
4038,400.752,1790293947.916
4039,400.884,1790293948.163
4040,400.952,1790293948.277
4041,401.016,1790293948.448
4042,401.084,1790293948.550
4043,401.148,1790293948.663
4044,401.280,1790293948.937
4045,401.348,1790293949.063
4046,401.412,1790293949.248
4047,401.480,1790293949.345
4048,401.544,1790293949.477
4049,401.676,1790293949.746
4050,401.940,1790293950.244
4051,402.008,1790293950.429
4052,402.140,1790293950.647
4053,402.336,1790293951.092
4054,402.404,1790293951.282
4055,402.536,1790293951.532
4056,402.732,1790293951.949
4057,402.800,1790293952.059
4058,402.996,1790293952.466
4059,403.064,1790293952.650
4060,403.196,1790293952.880
4061,403.392,1790293953.290
4062,403.460,1790293953.469
4063,403.524,1790293953.597
4064,403.592,1790293953.688
4065,403.656,1790293953.861
4066,403.724,1790293954.008
4067,403.788,1790293954.101
4068,404.120,1790293954.798
4069,404.252,1790293955.030
4070,404.384,1790293955.305
4071,404.448,1790293955.418
4072,404.516,1790293955.610
4073,404.580,1790293955.701
4074,404.712,1790293956.011
4075,404.780,1790293956.120
4076,404.844,1790293956.250
4077,404.976,1790293956.548
4078,405.108,1790293956.879
4079,405.176,1790293956.994
4080,405.308,1790293957.342
4081,405.372,1790293957.457
4082,405.440,1790293957.590
4083,405.572,1790293957.918
4084,405.636,1790293958.047
4085,405.704,1790293958.254
4086,405.900,1790293958.600
4087,406.032,1790293958.906
4088,406.100,1790293959.007
4089,406.164,1790293959.184
4090,406.232,1790293959.329
4091,406.296,1790293959.441
4092,406.364,1790293959.627
4093,406.496,1790293959.868
4094,406.560,1790293960.056
4095,406.692,1790293960.274
4096,406.760,1790293960.453
4097,406.824,1790293960.574
4098,406.892,1790293960.671
4099,407.024,1790293960.983
4100,407.088,1790293961.076
4101,407.220,1790293961.379
4102,407.288,1790293961.469
4103,407.352,1790293961.585
4104,407.420,1790293961.765
4105,407.484,1790293961.869
4106,407.552,1790293961.994
4107,407.684,1790293962.252
4108,407.748,1790293962.381
4109,407.880,1790293962.641
4110,407.948,1790293962.759
4111,408.080,1790293963.007
4112,408.144,1790293963.114
4113,408.276,1790293963.391
4114,408.344,1790293963.516
4115,408.408,1790293963.692
4116,408.476,1790293963.790
4117,408.540,1790293963.906
4118,408.608,1790293964.087
4119,408.872,1790293964.588
4120,409.004,1790293964.878
4121,409.068,1790293964.975
4122,409.200,1790293965.193
4123,409.268,1790293965.377
4124,409.332,1790293965.510
4125,409.400,1790293965.611
4126,409.464,1790293965.809
4127,409.532,1790293965.932
4128,409.596,1790293966.014
4129,409.664,1790293966.183
4130,409.728,1790293966.313
4131,409.796,1790293966.401
4132,409.860,1790293966.576
4133,409.992,1790293966.817
4134,410.060,1790293967.042
4135,410.124,1790293967.211
4136,410.256,1790293967.614
4137,410.456,1790293968.066
4138,410.520,1790293968.194
4139,410.652,1790293968.423
4140,410.720,1790293968.602
4141,410.784,1790293968.701
4142,410.852,1790293968.823
4143,410.916,1790293968.992
4144,410.984,1790293969.095
4145,411.048,1790293969.213
4146,411.116,1790293969.401
4147,411.180,1790293969.503
4148,411.312,1790293969.826
4149,411.380,1790293969.922
4150,411.444,1790293970.049
4151,411.512,1790293970.243
4152,411.576,1790293970.349
4153,411.708,1790293970.625
4154,411.840,1790293970.831
4155,411.908,1790293971.015
4156,411.972,1790293971.128
4157,412.040,1790293971.232
4158,412.104,1790293971.440
4159,412.172,1790293971.548
4160,412.236,1790293971.683
4161,412.304,1790293971.881
4162,412.368,1790293971.996
4163,412.436,1790293972.134
4164,412.500,1790293972.244
4165,412.568,1790293972.433
4166,412.632,1790293972.576
4167,412.700,1790293972.688
4168,412.764,1790293972.885
4169,412.832,1790293973.031
4170,412.896,1790293973.173
4171,412.964,1790293973.377
4172,413.028,1790293973.501
4173,413.160,1790293973.787
4174,413.228,1790293973.941
4175,413.292,1790293974.041
4176,413.424,1790293974.323
4177,413.492,1790293974.417
4178,413.556,1790293974.573
4179,413.624,1790293974.721
4180,413.756,1790293974.973
4181,414.084,1790293975.631
4182,414.284,1790293976.025
4183,414.348,1790293976.159
4184,414.416,1790293976.352
4185,414.480,1790293976.450
4186,414.612,1790293976.757
4187,414.744,1790293976.979
4188,414.876,1790293977.252
4189,414.944,1790293977.363
4190,415.008,1790293977.554
4191,415.140,1790293977.782
4192,415.272,1790293978.067
4193,415.404,1790293978.388
4194,415.472,1790293978.505
4195,415.536,1790293978.648
4196,415.604,1790293978.831
4197,415.668,1790293978.941
4198,415.736,1790293979.087
4199,415.800,1790293979.190
4200,416.132,1790293979.899
4201,416.196,1790293979.998
4202,416.264,1790293980.163
4203,416.328,1790293980.280
4204,416.396,1790293980.386
4205,416.460,1790293980.571
4206,416.528,1790293980.711
4207,416.592,1790293980.806
4208,416.660,1790293980.991
4209,416.724,1790293981.137
4210,416.792,1790293981.239
4211,416.988,1790293981.678
4212,417.056,1790293981.861
4213,417.120,1790293981.992
4214,417.188,1790293982.106
4215,417.252,1790293982.256
4216,417.384,1790293982.552
4217,417.452,1790293982.702
4218,417.516,1790293982.882
4219,417.584,1790293982.990
4220,417.648,1790293983.109
4221,417.716,1790293983.280
4222,417.848,1790293983.487
4223,417.980,1790293983.751
4224,418.112,1790293984.052
4225,418.244,1790293984.272
4226,418.308,1790293984.449
4227,418.376,1790293984.556
4228,418.440,1790293984.689
4229,418.508,1790293984.878
4230,418.572,1790293984.978
4231,418.640,1790293985.111
4232,418.704,1790293985.312
4233,418.772,1790293985.443
4234,418.904,1790293985.775
4235,419.036,1790293986.015
4236,419.100,1790293986.113
4237,419.232,1790293986.398
4238,419.300,1790293986.493
4239,419.364,1790293986.693
4240,419.432,1790293986.815
4241,419.496,1790293986.921
4242,419.628,1790293987.248
4243,419.760,1790293987.569
4244,419.828,1790293987.716
4245,420.024,1790293988.161
4246,420.356,1790293988.917
4247,420.420,1790293989.053
4248,420.488,1790293989.158
4249,420.552,1790293989.308
4250,420.752,1790293989.701
4251,420.816,1790293989.880
4252,420.948,1790293990.135
4253,421.016,1790293990.322
4254,421.080,1790293990.412
4255,421.148,1790293990.560
4256,421.212,1790293990.797
4257,421.344,1790293991.023
4258,421.412,1790293991.228
4259,421.476,1790293991.325
4260,421.544,1790293991.459
4261,421.808,1790293992.092
4262,421.872,1790293992.202
4263,421.940,1790293992.328
4264,422.004,1790293992.524
4265,422.072,1790293992.635
4266,422.136,1790293992.763
4267,422.204,1790293992.955
4268,422.268,1790293993.061
4269,422.468,1790293993.477
4270,422.532,1790293993.614
4271,422.664,1790293993.901
4272,422.732,1790293994.043
4273,422.796,1790293994.158
4274,422.864,1790293994.348
4275,422.928,1790293994.500
4276,422.996,1790293994.623
4277,423.060,1790293994.819
4278,423.128,1790293994.958
4279,423.192,1790293995.567
4280,423.260,1790293995.762
4281,423.324,1790293995.906
4282,423.456,1790293996.197
4283,423.852,1790293996.997
4284,423.984,1790293997.281
4285,424.184,1790293997.658
4286,424.248,1790293997.780
4287,424.316,1790293997.941
4288,424.512,1790293998.319
4289,424.580,1790293998.411
4290,424.644,1790293998.524
4291,424.844,1790293998.902
4292,425.040,1790293999.317
4293,425.240,1790293999.742
4294,425.304,1790293999.930
4295,425.504,1790294000.339
4296,425.700,1790294000.651
4297,425.832,1790294000.930
4298,425.900,1790294001.017
4299,426.096,1790294001.406
4300,426.164,1790294001.574
4301,426.228,1790294001.695
4302,426.360,1790294001.950
4303,426.428,1790294002.071
4304,426.492,1790294002.155
4305,426.560,1790294002.322
4306,426.624,1790294002.448
4307,426.756,1790294002.727
4308,426.824,1790294002.875
4309,426.888,1790294002.976
4310,427.020,1790294003.341
4311,427.088,1790294003.483
4312,427.152,1790294003.598
4313,427.352,1790294003.984
4314,427.416,1790294004.177
4315,427.484,1790294004.283
4316,427.548,1790294004.408
4317,427.616,1790294004.602
4318,427.680,1790294004.717
4319,427.748,1790294004.848
4320,427.812,1790294005.030
4321,427.944,1790294005.241
4322,428.012,1790294005.420
4323,428.076,1790294005.515
4324,428.144,1790294005.625
4325,428.208,1790294005.789
4326,428.276,1790294005.889
4327,428.340,1790294005.997
4328,428.408,1790294006.160
4329,428.540,1790294006.384
4330,428.604,1790294006.575
4331,428.672,1790294006.682
4332,428.804,1790294006.994
4333,428.936,1790294007.211
4334,429.000,1790294007.305
4335,429.068,1790294007.465
4336,429.132,1790294007.582
4337,429.200,1790294007.683
4338,429.332,1790294008.026
4339,429.396,1790294008.125
4340,429.464,1790294008.317
4341,429.528,1790294008.437
4342,429.596,1790294008.530
4343,429.660,1790294008.724
4344,429.728,1790294008.847
4345,429.792,1790294008.931
4346,429.860,1790294009.104
4347,429.992,1790294009.312
4348,430.256,1790294009.855
4349,430.388,1790294010.079
4350,430.452,1790294010.210
4351,430.520,1790294010.378
4352,430.584,1790294010.470
4353,430.652,1790294010.584
4354,430.716,1790294010.749
4355,430.784,1790294010.846
4356,430.848,1790294010.963
4357,430.980,1790294011.241
4358,431.048,1790294011.352
4359,431.180,1790294011.623
4360,431.312,1790294011.901
4361,431.376,1790294012.001
4362,431.444,1790294012.121
4363,431.508,1790294012.310
4364,431.640,1790294012.534
4365,431.772,1790294012.811
4366,431.840,1790294012.930
4367,431.972,1790294013.203
4368,432.036,1790294013.318
4369,432.104,1790294013.482
4370,432.168,1790294013.580
4371,432.236,1790294013.712
4372,432.368,1790294013.978
4373,432.500,1790294014.213
4374,432.564,1790294014.374
4375,432.632,1790294014.498
4376,432.696,1790294014.576
4377,432.828,1790294014.870
4378,432.896,1790294014.958
4379,433.092,1790294015.309
4380,433.160,1790294015.485
4381,433.224,1790294015.600
4382,433.292,1790294015.695
4383,433.424,1790294015.998
4384,433.488,1790294016.084
4385,433.556,1790294016.259
4386,433.752,1790294016.606
4387,433.820,1790294016.791
4388,433.884,1790294016.882
4389,433.952,1790294017.008
4390,434.016,1790294017.181
4391,434.084,1790294017.279
4392,434.148,1790294017.394
4393,434.280,1790294017.671
4394,434.348,1790294017.784
4395,434.412,1790294017.978
4396,434.480,1790294018.083
4397,434.544,1790294018.194
4398,434.612,1790294018.383
4399,434.676,1790294018.477
4400,434.744,1790294018.594
4401,434.808,1790294018.787
4402,434.940,1790294019.006
4403,435.072,1790294019.270
4404,435.140,1790294019.386
4405,435.272,1790294019.668
4406,435.336,1790294019.793
4407,435.404,1790294019.953
4408,435.468,1790294020.062
4409,435.536,1790294020.184
4410,435.600,1790294020.277
4411,435.668,1790294020.426
4412,435.932,1790294020.875
4413,435.996,1790294020.954
4414,436.064,1790294021.139
4415,436.196,1790294021.346
4416,436.260,1790294021.533
4417,436.328,1790294021.659
4418,436.460,1790294021.931
4419,436.524,1790294022.059
4420,436.724,1790294022.459
4421,436.788,1790294022.543
4422,436.856,1790294022.729
4423,436.988,1790294022.957
4424,437.120,1790294023.237
4425,437.252,1790294023.440
4426,437.316,1790294023.608
4427,437.384,1790294023.702
4428,437.448,1790294023.820
4429,437.516,1790294023.995
4430,437.580,1790294024.092
4431,437.648,1790294024.217
4432,437.712,1790294024.404
4433,437.780,1790294024.508
4434,437.844,1790294024.630
4435,438.044,1790294025.022
4436,438.240,1790294025.421
4437,438.440,1790294025.815
4438,438.572,1790294026.103
4439,438.768,1790294026.500
4440,438.968,1790294026.882
4441,439.164,1790294027.266
4442,439.296,1790294027.468
4443,439.364,1790294027.650
4444,439.496,1790294027.870
4445,439.692,1790294028.246
4446,439.824,1790294028.541
4447,440.024,1790294028.933
4448,440.088,1790294029.018
4449,440.156,1790294029.193
4450,440.220,1790294029.313
4451,440.288,1790294029.408
4452,440.420,1790294029.693
4453,440.552,1790294029.912
4454,440.684,1790294030.173
4455,440.880,1790294030.555
4456,440.948,1790294030.680
4457,441.012,1790294030.860
4458,441.080,1790294030.964
4459,441.212,1790294031.253
4460,441.476,1790294031.739
4461,441.608,1790294032.036
4462,441.740,1790294032.264
4463,441.804,1790294032.443
4464,441.936,1790294032.674
4465,442.068,1790294032.959
4466,442.136,1790294033.084
4467,442.200,1790294033.189
4468,442.268,1790294033.352
4469,442.400,1790294033.569
4470,442.532,1790294033.857
4471,442.596,1790294033.939
4472,442.860,1790294034.482
4473,442.928,1790294034.618
4474,442.992,1790294034.713
4475,443.060,1790294034.880
4476,443.124,1790294035.004
4477,443.192,1790294035.100
4478,443.256,1790294035.258
4479,443.324,1790294035.388
4480,443.456,1790294035.631
4481,443.520,1790294035.768
4482,443.588,1790294035.860
4483,443.652,1790294035.980
4484,443.784,1790294036.238
4485,443.984,1790294036.607
4486,444.048,1790294036.717
4487,444.116,1790294036.877
4488,444.180,1790294036.964
4489,444.248,1790294037.096
4490,444.380,1790294037.369
4491,444.444,1790294037.482
4492,444.776,1790294038.146
4493,444.840,1790294038.253
4494,445.040,1790294038.626
4495,445.172,1790294038.897
4496,445.236,1790294039.025
4497,445.436,1790294039.423
4498,445.500,1790294039.521
4499,445.568,1790294039.694
4500,445.632,1790294039.808
4501,445.764,1790294040.038
4502,445.832,1790294040.161
4503,445.896,1790294040.245
4504,446.028,1790294040.500
4505,446.096,1790294040.603
4506,446.228,1790294040.889
4507,446.292,1790294040.969
4508,446.492,1790294041.315
4509,446.556,1790294041.479
4510,446.624,1790294041.611
4511,446.688,1790294041.694
4512,446.888,1790294042.095
4513,446.952,1790294042.217
4514,447.020,1790294042.386
4515,447.084,1790294042.477
4516,447.152,1790294042.603
4517,447.216,1790294042.755
4518,447.348,1790294042.961
4519,447.416,1790294043.142
4520,447.612,1790294043.501
4521,447.680,1790294043.596
4522,447.744,1790294043.716
4523,447.876,1790294043.965
4524,447.944,1790294044.073
4525,448.008,1790294044.228
4526,448.076,1790294044.325
4527,448.140,1790294044.433
4528,448.208,1790294044.591
4529,448.272,1790294044.698
4530,448.340,1790294044.811
4531,448.472,1790294045.090
4532,448.536,1790294045.208
4533,448.604,1790294045.394
4534,448.668,1790294045.509
4535,448.932,1790294045.999
4536,449.064,1790294046.239
4537,449.132,1790294046.370
4538,449.196,1790294046.472
4539,449.264,1790294046.666
4540,449.328,1790294046.789
4541,449.460,1790294047.049
4542,449.528,1790294047.172
4543,449.592,1790294047.264
4544,449.660,1790294047.455
4545,449.724,1790294047.578
4546,449.792,1790294047.684
4547,449.924,1790294048.001
4548,449.988,1790294048.102
4549,450.056,1790294048.295
4550,450.120,1790294048.422
4551,450.188,1790294048.516
4552,450.320,1790294048.798
4553,450.384,1790294048.893
4554,450.452,1790294049.000
4555,450.584,1790294049.261
4556,450.648,1790294049.374
4557,450.716,1790294049.536
4558,450.780,1790294049.625
4559,450.848,1790294049.745
4560,451.176,1790294050.413
4561,451.244,1790294050.536
4562,451.308,1790294050.719
4563,451.376,1790294050.839
4564,451.440,1790294050.982
4565,451.508,1790294051.191
4566,451.572,1790294051.317
4567,451.640,1790294051.446
4568,451.772,1790294051.750
4569,451.836,1790294051.868
4570,451.904,1790294052.059
4571,452.168,1790294052.558
4572,452.232,1790294052.692
4573,452.496,1790294053.177
4574,452.564,1790294053.369
4575,452.696,1790294053.593
4576,452.760,1790294053.768
4577,452.828,1790294053.914
4578,452.892,1790294054.031
4579,452.960,1790294054.219
4580,453.024,1790294054.354
4581,453.092,1790294054.448
4582,453.156,1790294054.634
4583,453.224,1790294054.762
4584,453.420,1790294055.166
4585,453.488,1790294055.267
4586,453.620,1790294055.567
4587,453.684,1790294055.673
4588,453.752,1790294055.799
4589,453.816,1790294055.968
4590,453.884,1790294056.081
4591,453.948,1790294056.217
4592,454.080,1790294056.541
4593,454.212,1790294056.879
4594,454.412,1790294057.312
4595,454.608,1790294057.713
4596,454.808,1790294058.125
4597,455.004,1790294058.512
4598,455.136,1790294058.740
4599,455.268,1790294059.034
4600,455.400,1790294059.270
4601,455.600,1790294059.670
4602,455.732,1790294059.944
4603,455.864,1790294060.207
4604,456.060,1790294060.554
4605,456.128,1790294060.667
4606,456.192,1790294060.749
4607,456.456,1790294061.338
4608,456.588,1790294061.551
4609,456.656,1790294061.755
4610,456.720,1790294061.893
4611,456.788,1790294061.995
4612,456.852,1790294062.118
4613,457.052,1790294062.505
4614,457.184,1790294062.785
4615,457.248,1790294062.912
4616,457.316,1790294063.112
4617,457.448,1790294063.332
4618,457.580,1790294063.613
4619,457.776,1790294064.035
4620,457.976,1790294064.436
4621,458.108,1790294064.739
4622,458.304,1790294065.157
4623,458.372,1790294065.264
4624,458.436,1790294065.392
4625,458.568,1790294065.675
4626,458.636,1790294065.795
4627,458.832,1790294066.203
4628,458.900,1790294066.299
4629,458.964,1790294066.482
4630,459.164,1790294066.902
4631,459.228,1790294067.015
4632,459.296,1790294067.110
4633,459.360,1790294067.282
4634,459.492,1790294067.461
4635,459.560,1790294067.613
4636,459.692,1790294067.806
4637,459.756,1790294067.959
4638,459.824,1790294068.083
4639,459.956,1790294068.325
4640,460.088,1790294068.528
4641,460.152,1790294068.643
4642,460.220,1790294068.826
4643,460.284,1790294068.928
4644,460.352,1790294069.069
4645,460.416,1790294069.251
4646,460.548,1790294069.474
4647,460.680,1790294069.778
4648,460.880,1790294070.177
4649,460.944,1790294070.292
4650,461.012,1790294070.474
4651,461.076,1790294070.577
4652,461.208,1790294070.866
4653,461.276,1790294070.978
4654,461.340,1790294071.114
4655,461.408,1790294071.291
4656,461.472,1790294071.397
4657,461.736,1790294071.891
4658,461.936,1790294072.268
4659,462.000,1790294072.363
4660,462.068,1790294072.522
4661,462.132,1790294072.638
4662,462.200,1790294072.742
4663,462.396,1790294073.119
4664,462.464,1790294073.293
4665,462.528,1790294073.424
4666,462.596,1790294073.514
4667,462.728,1790294073.809
4668,462.792,1790294073.897
4669,462.860,1790294074.076
4670,462.924,1790294074.188
4671,462.992,1790294074.284
4672,463.056,1790294074.461
4673,463.320,1790294074.962
4674,463.388,1790294075.059
4675,463.452,1790294075.186
4676,463.520,1790294075.355
4677,463.584,1790294075.447
4678,463.652,1790294075.571
4679,463.716,1790294075.722
4680,463.848,1790294075.932
4681,463.916,1790294076.097
4682,464.048,1790294076.303
4683,464.180,1790294076.563
4684,464.244,1790294076.683
4685,464.312,1790294076.848
4686,464.376,1790294076.959
4687,464.444,1790294077.095
4688,464.508,1790294077.274
4689,464.576,1790294077.370
4690,464.640,1790294077.485
4691,464.708,1790294077.661
4692,464.772,1790294077.756
4693,464.840,1790294077.881
4694,464.904,1790294078.058
4695,465.036,1790294078.302
4696,465.104,1790294078.481
4697,465.168,1790294078.585
4698,465.236,1790294078.711
4699,465.368,1790294078.983
4700,465.432,1790294079.098
4701,465.500,1790294079.198
4702,465.564,1790294079.358
4703,465.632,1790294079.478
4704,465.696,1790294079.573
4705,465.828,1790294079.891
4706,465.896,1790294079.993
4707,466.092,1790294080.418
4708,466.160,1790294080.621
4709,466.224,1790294080.744
4710,466.292,1790294080.830
4711,466.356,1790294080.994
4712,466.424,1790294081.121
4713,466.488,1790294081.205
4714,466.556,1790294081.366
4715,466.688,1790294081.559
4716,466.752,1790294081.668
4717,466.820,1790294081.818
4718,466.884,1790294081.902
4719,466.952,1790294082.009
4720,467.084,1790294082.265
4721,467.148,1790294082.370
4722,467.348,1790294082.735
4723,467.480,1790294082.995
4724,467.612,1790294083.281
4725,467.676,1790294083.375
4726,467.744,1790294083.489
4727,467.876,1790294083.749
4728,467.940,1790294083.867
4729,468.008,1790294084.026
4730,468.072,1790294084.126
4731,468.140,1790294084.258
4732,468.272,1790294084.527
4733,468.336,1790294084.639
4734,468.468,1790294084.900
4735,468.600,1790294085.125
4736,468.668,1790294085.282
4737,468.732,1790294085.402
4738,468.800,1790294085.491
4739,468.864,1790294085.651
4740,468.932,1790294085.772
4741,468.996,1790294085.870
4742,469.064,1790294086.041
4743,469.128,1790294086.186
4744,469.260,1790294086.468
4745,469.524,1790294086.998
4746,469.724,1790294087.390
4747,469.788,1790294087.474
4748,469.920,1790294087.748
4749,469.988,1790294087.837
4750,470.052,1790294087.953
4751,470.120,1790294088.118
4752,470.184,1790294088.202
4753,470.316,1790294088.465
4754,470.448,1790294088.672
4755,470.516,1790294088.837
4756,470.712,1790294089.285
4757,470.780,1790294089.402
4758,470.844,1790294089.530
4759,470.912,1790294089.715
4760,470.976,1790294089.826
4761,471.176,1790294090.246
4762,471.240,1790294090.357
4763,471.308,1790294090.531
4764,471.372,1790294090.645
4765,471.440,1790294090.769
4766,471.504,1790294090.934
4767,471.636,1790294091.160
4768,471.704,1790294091.313
4769,471.768,1790294091.428
4770,471.836,1790294091.538
4771,472.032,1790294091.907
4772,472.296,1790294092.357
4773,472.364,1790294092.512
4774,472.428,1790294092.637
4775,472.496,1790294092.714
4776,472.628,1790294092.994
4777,472.692,1790294093.092
4778,472.760,1790294093.253
4779,472.892,1790294093.468
4780,473.024,1790294093.759
4781,473.088,1790294093.848
4782,473.156,1790294094.013
4783,473.288,1790294094.218
4784,473.352,1790294094.333
4785,473.420,1790294094.496
4786,473.552,1790294094.718
4787,473.616,1790294094.898
4788,473.816,1790294095.280
4789,473.880,1790294095.366
4790,474.080,1790294095.746
4791,474.144,1790294095.869
4792,474.212,1790294096.040
4793,474.344,1790294096.242
4794,474.408,1790294096.408
4795,474.608,1790294096.787
4796,474.672,1790294096.879
4797,474.740,1790294096.989
4798,474.872,1790294097.271
4799,475.200,1790294097.859
4800,475.332,1790294098.151
4801,475.464,1790294098.411
4802,475.532,1790294098.530
4803,475.596,1790294098.616
4804,475.664,1790294098.778
4805,475.728,1790294098.903
4806,475.796,1790294098.991
4807,475.992,1790294099.363
4808,476.124,1790294099.668
4809,476.192,1790294099.758
4810,476.256,1790294099.919
4811,476.324,1790294100.061
4812,476.388,1790294100.148
4813,476.456,1790294100.327
4814,476.588,1790294100.540
4815,476.720,1790294100.809
4816,476.852,1790294101.010
4817,476.916,1790294101.165
4818,476.984,1790294101.264
4819,477.048,1790294101.390
4820,477.116,1790294101.546
4821,477.248,1790294101.745
4822,477.380,1790294102.017
4823,477.512,1790294102.284
4824,477.576,1790294102.373
4825,477.644,1790294102.481
4826,477.708,1790294102.646
4827,477.776,1790294102.740
4828,477.908,1790294103.022
4829,477.972,1790294103.119
4830,478.040,1790294103.227
4831,478.104,1790294103.394
4832,478.172,1790294103.495
4833,478.236,1790294103.604
4834,478.436,1790294103.993
4835,478.500,1790294104.074
4836,478.568,1790294104.232
4837,478.632,1790294104.350
4838,478.700,1790294104.437
4839,478.896,1790294104.819
4840,478.964,1790294104.981
4841,479.028,1790294105.091
4842,479.096,1790294105.188
4843,479.228,1790294105.489
4844,479.292,1790294105.571
4845,479.424,1790294105.857
4846,479.492,1790294105.945
4847,479.556,1790294106.114
4848,479.888,1790294106.681
4849,480.152,1790294107.163
4850,480.416,1790294107.710
4851,480.612,1790294108.092
4852,480.680,1790294108.199
4853,480.812,1790294108.471
4854,480.944,1790294108.664
4855,481.076,1790294108.926
4856,481.140,1790294109.037
4857,481.208,1790294109.202
4858,481.404,1790294109.572
4859,481.472,1790294109.668
4860,481.736,1790294110.157
4861,481.868,1790294110.403
4862,481.932,1790294110.525
4863,482.000,1790294110.609
4864,482.064,1790294110.765
4865,482.132,1790294110.876
4866,482.196,1790294110.963
4867,482.264,1790294111.132
4868,482.328,1790294111.247
4869,482.528,1790294111.604
4870,482.592,1790294111.707
4871,482.724,1790294111.997
4872,482.856,1790294112.241
4873,482.988,1790294112.461
4874,483.056,1790294112.646
4875,483.120,1790294112.771
4876,483.188,1790294112.865
4877,483.452,1790294113.361
4878,483.648,1790294113.727
4879,483.716,1790294113.899
4880,483.848,1790294114.110
4881,483.980,1790294114.370
4882,484.044,1790294114.478
4883,484.112,1790294114.638
4884,484.176,1790294114.733
4885,484.244,1790294114.844
4886,484.376,1790294115.125
4887,484.440,1790294115.232
4888,484.572,1790294115.508
4889,484.704,1790294115.795
4890,485.036,1790294116.403
4891,485.100,1790294116.498
4892,485.168,1790294116.663
4893,485.300,1790294116.864
4894,485.432,1790294117.147
4895,485.496,1790294117.231
4896,485.564,1790294117.400
4897,485.760,1790294117.764
4898,485.828,1790294117.889
4899,485.892,1790294117.975
4900,485.960,1790294118.151
4901,486.024,1790294118.273
4902,486.092,1790294118.368
4903,486.156,1790294118.547
4904,486.224,1790294118.665
4905,486.288,1790294118.754
4906,486.420,1790294119.056
4907,486.488,1790294119.157
4908,486.552,1790294119.278
4909,486.620,1790294119.462
4910,486.684,1790294119.564
4911,486.752,1790294119.693
4912,486.816,1790294119.869
4913,486.884,1790294119.973
4914,487.080,1790294120.408
4915,487.212,1790294120.705
4916,487.280,1790294120.795
4917,487.412,1790294121.098
4918,487.476,1790294121.203
4919,487.544,1790294121.333
4920,487.608,1790294121.501
4921,487.676,1790294121.611
4922,487.740,1790294121.737
4923,487.872,1790294122.003
4924,487.940,1790294122.118
4925,488.072,1790294122.391
4926,488.136,1790294122.518
4927,488.204,1790294122.699
4928,488.268,1790294122.790
4929,488.400,1790294122.992
4930,488.468,1790294123.165
4931,488.532,1790294123.300
4932,488.664,1790294123.556
4933,488.732,1790294123.674
4934,488.796,1790294123.757
4935,488.928,1790294124.034
4936,489.060,1790294124.288
4937,489.192,1790294124.499
4938,489.392,1790294124.872
4939,489.456,1790294125.052
4940,489.524,1790294125.181
4941,489.656,1790294125.422
4942,489.720,1790294125.543
4943,489.852,1790294125.744
4944,489.920,1790294125.883
4945,489.984,1790294125.980
4946,490.052,1790294126.083
4947,490.184,1790294126.326
4948,490.248,1790294126.434
4949,490.316,1790294126.595
4950,490.380,1790294126.686
4951,490.448,1790294126.811
4952,490.512,1790294127.003
4953,490.580,1790294127.105
4954,490.644,1790294127.220
4955,490.776,1790294127.484
4956,490.844,1790294127.602
4957,490.908,1790294127.780
4958,490.976,1790294127.878
4959,491.040,1790294128.000
4960,491.172,1790294128.278
4961,491.240,1790294128.395
4962,491.372,1790294128.671
4963,491.504,1790294128.957
4964,491.568,1790294129.062
4965,491.700,1790294129.274
4966,491.900,1790294129.638
4967,491.964,1790294129.788
4968,492.032,1790294129.912
4969,492.096,1790294130.015
4970,492.164,1790294130.211
4971,492.228,1790294130.338
4972,492.296,1790294130.434
4973,492.360,1790294130.609
4974,492.428,1790294130.735
4975,492.492,1790294130.836
4976,492.560,1790294131.017
4977,492.692,1790294131.235
4978,492.756,1790294131.413
4979,492.824,1790294131.534
4980,492.888,1790294131.614
4981,492.956,1790294131.771
4982,493.020,1790294131.903
4983,493.152,1790294132.107
4984,493.220,1790294132.260
4985,493.284,1790294132.349
4986,493.416,1790294132.617
4987,493.616,1790294133.026
4988,493.680,1790294133.135
4989,493.748,1790294133.260
4990,493.812,1790294133.422
4991,493.880,1790294133.513
4992,493.944,1790294133.627
4993,494.076,1790294133.880
4994,494.144,1790294133.992
4995,494.208,1790294134.161
4996,494.276,1790294134.260
4997,494.340,1790294134.367
4998,494.408,1790294134.531
4999,494.472,1790294134.626
5000,494.672,1790294135.009
5001,494.736,1790294135.120
5002,494.868,1790294135.379
5003,494.936,1790294135.494
5004,495.068,1790294135.733
5005,495.132,1790294135.846
5006,495.396,1790294136.275
5007,495.596,1790294136.637
5008,496.124,1790294137.701
5009,496.256,1790294137.941
5010,496.584,1790294138.490
5011,496.652,1790294138.607
5012,496.716,1790294138.752
5013,496.916,1790294139.107
5014,496.980,1790294139.206
5015,497.048,1790294139.315
5016,497.312,1790294139.849
5017,497.376,1790294139.944
5018,497.444,1790294140.069
5019,497.508,1790294140.269
5020,497.576,1790294140.377
5021,497.640,1790294140.491
5022,497.772,1790294140.747
5023,497.972,1790294141.137
5024,498.036,1790294141.263
5025,498.104,1790294141.443
5026,498.168,1790294141.558
5027,498.236,1790294141.688
5028,498.300,1790294141.792
5029,498.368,1790294141.965
5030,498.500,1790294142.185
5031,498.564,1790294142.362
5032,498.632,1790294142.516
5033,498.696,1790294142.624
5034,498.764,1790294142.814
5035,498.828,1790294142.946
5036,498.896,1790294143.036
5037,498.960,1790294143.228
5038,499.028,1790294143.359
5039,499.092,1790294143.451
5040,499.160,1790294143.614
5041,499.224,1790294143.724
5042,499.292,1790294143.805
5043,499.356,1790294143.963
5044,499.424,1790294144.084
5045,499.488,1790294144.160
5046,499.620,1790294144.449
5047,499.688,1790294144.550
5048,499.752,1790294144.665
5049,499.820,1790294144.830
5050,499.884,1790294144.933
5051,499.952,1790294145.052
5052,500.084,1790294145.340
5053,500.148,1790294145.468
5054,500.216,1790294145.675
5055,500.280,1790294145.802
5056,500.412,1790294146.132
5057,500.480,1790294146.237
5058,500.544,1790294146.362
5059,500.612,1790294146.556
5060,500.676,1790294146.655
5061,500.744,1790294146.773
5062,500.876,1790294147.073
5063,500.940,1790294147.191
5064,501.072,1790294147.483
5065,501.204,1790294147.803
5066,501.272,1790294147.919
5067,501.336,1790294148.052
5068,501.468,1790294148.344
5069,501.536,1790294148.469
5070,501.668,1790294148.768
5071,501.732,1790294148.904
5072,501.800,1790294149.006
5073,501.864,1790294149.194
5074,501.996,1790294149.423
5075,502.064,1790294149.595
5076,502.196,1790294149.791
5077,502.260,1790294149.990
5078,502.328,1790294150.144
5079,502.392,1790294150.239
5080,502.524,1790294150.549
5081,502.656,1790294150.834
5082,502.724,1790294150.962
5083,502.788,1790294151.061
5084,502.920,1790294151.373
5085,502.988,1790294151.470
5086,503.052,1790294151.599
5087,503.120,1790294151.764
5088,503.184,1790294151.856
5089,503.316,1790294152.161
5090,503.384,1790294152.263
5091,503.516,1790294152.575
5092,503.648,1790294152.790
5093,503.712,1790294152.968
5094,503.780,1790294153.072
5095,503.844,1790294153.192
5096,503.912,1790294153.376
5097,504.044,1790294153.592
5098,504.108,1790294153.782
5099,504.176,1790294153.886
5100,504.240,1790294154.009
5101,504.372,1790294154.302
5102,504.440,1790294154.431
5103,504.504,1790294154.623
5104,504.572,1790294154.746
5105,504.636,1790294154.886
5106,504.704,1790294155.100
5107,504.768,1790294155.208
5108,504.836,1790294155.330
5109,504.968,1790294155.627
5110,505.100,1790294155.862
5111,505.164,1790294156.047
5112,505.232,1790294156.189
5113,505.364,1790294156.495
5114,505.496,1790294156.713
5115,505.824,1790294157.467
5116,505.892,1790294157.572
5117,506.024,1790294157.890
5118,506.088,1790294158.004
5119,506.288,1790294158.427
5120,506.552,1790294158.905
5121,506.616,1790294159.049
5122,506.684,1790294159.147
5123,506.816,1790294159.412
5124,507.012,1790294159.801
5125,507.080,1790294159.908
5126,507.144,1790294160.018
5127,507.276,1790294160.270
5128,507.408,1790294160.577
5129,507.476,1790294160.698
5130,507.540,1790294160.833
5131,507.672,1790294161.182
5132,507.740,1790294161.315
5133,507.804,1790294161.507
5134,507.936,1790294161.732
5135,508.136,1790294162.131
5136,508.200,1790294162.232
5137,508.400,1790294162.624
5138,508.464,1790294162.798
5139,508.532,1790294162.929
5140,508.664,1790294163.187
5141,508.728,1790294163.319
5142,508.796,1790294163.418
5143,508.860,1790294163.590
5144,509.060,1790294163.973
5145,509.124,1790294164.109
5146,509.192,1790294164.224
5147,509.324,1790294164.531
5148,509.456,1790294164.804
5149,509.520,1790294164.939
5150,509.652,1790294165.155
5151,509.720,1790294165.337
5152,509.784,1790294165.449
5153,509.852,1790294165.585
5154,510.048,1790294165.988
5155,510.180,1790294166.260
5156,510.248,1790294166.375
5157,510.380,1790294166.640
5158,510.444,1790294166.755
5159,510.512,1790294166.929
5160,510.576,1790294167.023
5161,510.644,1790294167.157
5162,510.776,1790294167.426
5163,510.840,1790294167.542
5164,510.972,1790294167.833
5165,511.236,1790294168.337
5166,511.304,1790294168.504
5167,511.368,1790294168.617
5168,511.436,1790294168.737
5169,511.568,1790294168.997
5170,511.632,1790294169.116
5171,511.700,1790294169.205
5172,511.832,1790294169.480
5173,511.896,1790294169.567
5174,512.028,1790294169.867
5175,512.096,1790294169.964
5176,512.228,1790294170.283
5177,512.292,1790294170.383
5178,512.424,1790294170.673
5179,512.492,1790294170.770
5180,512.556,1790294170.951
5181,512.624,1790294171.074
5182,512.756,1790294171.354
5183,512.820,1790294171.482
5184,512.888,1790294171.583
5185,512.952,1790294171.692
5186,513.020,1790294171.858
5187,513.084,1790294171.943
5188,513.152,1790294172.070
5189,513.216,1790294172.227
5190,513.348,1790294172.449
5191,513.480,1790294172.734
5192,513.548,1790294172.854
5193,513.612,1790294173.026
5194,513.680,1790294173.133
5195,513.744,1790294173.259
5196,513.944,1790294173.666
5197,514.008,1790294173.839
5198,514.076,1790294173.936
5199,514.208,1790294174.225
5200,514.340,1790294174.424
5201,514.404,1790294174.573
5202,514.472,1790294174.677
5203,514.536,1790294174.779
5204,514.604,1790294174.942
5205,514.668,1790294175.036
5206,514.800,1790294175.261
5207,514.868,1790294175.425
5208,514.932,1790294175.562
5209,515.000,1790294175.670
5210,515.132,1790294176.000
5211,515.196,1790294176.119
5212,515.328,1790294176.454
5213,515.396,1790294176.551
5214,515.528,1790294176.867
5215,515.592,1790294176.953
5216,515.660,1790294177.141
5217,515.724,1790294177.265
5218,515.792,1790294177.356
5219,515.924,1790294177.649
5220,515.988,1790294177.736
5221,516.056,1790294177.910
5222,516.188,1790294178.142
5223,516.252,1790294178.255
5224,516.320,1790294178.415
5225,516.384,1790294178.515
5226,516.452,1790294178.646
5227,516.516,1790294178.844
5228,516.648,1790294179.067
5229,516.716,1790294179.244
5230,516.848,1790294179.450
5231,516.912,1790294179.624
5232,517.044,1790294179.828
5233,517.112,1790294180.003
5234,517.176,1790294180.103
5235,517.244,1790294180.227
5236,517.308,1790294180.388
5237,517.376,1790294180.494
5238,517.508,1790294180.757
5239,517.572,1790294180.860
5240,517.640,1790294180.979
5241,517.704,1790294181.171
5242,517.772,1790294181.286
5243,517.904,1790294181.585
5244,517.968,1790294181.686
5245,518.036,1790294181.810
5246,518.232,1790294182.224
5247,518.300,1790294182.315
5248,518.364,1790294182.470
5249,518.496,1790294182.676
5250,518.564,1790294182.870
5251,518.628,1790294182.998
5252,518.696,1790294183.086
5253,518.760,1790294183.268
5254,518.892,1790294183.488
5255,518.960,1790294183.651
5256,519.092,1790294183.858
5257,519.156,1790294184.047
5258,519.224,1790294184.180
5259,519.288,1790294184.272
5260,519.356,1790294184.462
5261,519.488,1790294184.697
5262,519.552,1790294184.817
5263,519.684,1790294185.083
5264,519.816,1790294185.367
5265,519.884,1790294185.465
5266,519.948,1790294185.587
5267,520.148,1790294185.958
5268,520.212,1790294186.123
5269,520.280,1790294186.225
5270,520.344,1790294186.350
5271,520.412,1790294186.524
5272,520.544,1790294186.741
5273,520.676,1790294187.015
5274,520.740,1790294187.142
5275,520.808,1790294187.315
5276,520.872,1790294187.419
5277,520.940,1790294187.528
5278,521.072,1790294187.804
5279,521.204,1790294188.077
5280,521.268,1790294188.181
5281,521.400,1790294188.394
5282,521.468,1790294188.557
5283,521.532,1790294188.679
5284,521.600,1790294188.777
5285,521.732,1790294189.066
5286,521.796,1790294189.164
5287,521.996,1790294189.537
5288,522.060,1790294189.695
5289,522.128,1790294189.821
5290,522.192,1790294189.919
5291,522.260,1790294190.104
5292,522.392,1790294190.331
5293,522.456,1790294190.524
5294,522.524,1790294190.659
5295,522.588,1790294190.768
5296,522.720,1790294191.093
5297,522.788,1790294191.188
5298,522.852,1790294191.328
5299,522.920,1790294191.525
5300,522.984,1790294191.636
5301,523.052,1790294191.782
5302,523.116,1790294191.980
5303,523.184,1790294192.083
5304,523.248,1790294192.218
5305,523.380,1790294192.495
5306,523.448,1790294192.625
5307,523.512,1790294192.818
5308,523.580,1790294192.921
5309,523.712,1790294193.243
5310,523.776,1790294193.348
5311,523.844,1790294193.478
5312,523.976,1790294193.770
5313,524.040,1790294193.917
5314,524.108,1790294194.116
5315,524.172,1790294194.223
5316,524.304,1790294194.556
5317,524.372,1790294194.687
5318,524.436,1790294194.826
5319,524.504,1790294195.038
5320,524.636,1790294195.292
5321,524.700,1790294195.383
5322,524.768,1790294195.551
5323,524.832,1790294195.677
5324,524.900,1790294195.775
5325,524.964,1790294195.948
5326,525.032,1790294196.083
5327,525.164,1790294196.359
5328,525.228,1790294196.493
5329,525.296,1790294196.604
5330,525.360,1790294196.785
5331,525.428,1790294196.918
5332,525.492,1790294197.011
5333,525.756,1790294197.589
5334,525.824,1790294197.733
5335,525.888,1790294197.829
5336,525.956,1790294198.002
5337,526.088,1790294198.225
5338,526.152,1790294198.352
5339,526.284,1790294198.612
5340,526.352,1790294198.731
5341,526.548,1790294199.130
5342,526.616,1790294199.340
5343,526.680,1790294199.448
5344,526.748,1790294199.576
5345,526.812,1790294199.756
5346,526.880,1790294199.854
5347,526.944,1790294199.966
5348,527.144,1790294200.328
5349,527.276,1790294200.595
5350,527.408,1790294200.882
5351,527.472,1790294200.986
5352,527.540,1790294201.117
5353,527.604,1790294201.305
5354,527.672,1790294201.402
5355,527.736,1790294201.528
5356,527.868,1790294201.814
5357,527.936,1790294201.936
5358,528.000,1790294202.034
5359,528.068,1790294202.210
5360,528.200,1790294202.437
5361,528.332,1790294202.730
5362,528.396,1790294202.825
5363,528.464,1790294203.004
5364,528.528,1790294203.128
5365,528.596,1790294203.219
5366,528.660,1790294203.394
5367,528.728,1790294203.533
5368,528.792,1790294203.630
5369,528.924,1790294203.930
5370,529.056,1790294204.201
5371,529.124,1790294204.334
5372,529.320,1790294204.706
5373,529.388,1790294204.802
5374,529.520,1790294205.104
5375,529.584,1790294205.200
5376,529.652,1790294205.340
5377,529.716,1790294205.498
5378,529.848,1790294205.728
5379,529.916,1790294205.890
5380,529.980,1790294205.995
5381,530.112,1790294206.260
5382,530.244,1790294206.466
5383,530.376,1790294206.727
5384,530.444,1790294206.835
5385,530.508,1790294207.016
5386,530.576,1790294207.133
5387,530.640,1790294207.246
5388,530.708,1790294207.420
5389,530.772,1790294207.521
5390,530.904,1790294207.819
5391,530.972,1790294207.922
5392,531.036,1790294208.040
5393,531.104,1790294208.225
5394,531.168,1790294208.329
5395,531.236,1790294208.460
5396,531.300,1790294208.564
5397,531.432,1790294208.848
5398,531.500,1790294208.947
5399,531.564,1790294209.122
5400,531.632,1790294209.254
5401,531.696,1790294209.351
5402,531.896,1790294209.743
5403,532.028,1790294210.038
5404,532.092,1790294210.134
5405,532.224,1790294210.435
5406,532.356,1790294210.715
5407,532.424,1790294210.857
5408,532.488,1790294210.957
5409,532.556,1790294211.122
5410,532.620,1790294211.243
5411,532.752,1790294211.460
5412,532.820,1790294211.636
5413,532.884,1790294211.736
5414,533.016,1790294211.987
5415,533.216,1790294212.363
5416,533.280,1790294212.457
5417,533.348,1790294212.568
5418,533.480,1790294212.842
5419,533.612,1790294213.140
5420,533.676,1790294213.247
5421,533.876,1790294213.648
5422,533.940,1790294213.771
5423,534.008,1790294213.942
5424,534.072,1790294214.043
5425,534.204,1790294214.338
5426,534.336,1790294214.580
5427,534.404,1790294214.773
5428,534.468,1790294214.899
5429,534.536,1790294215.030
5430,534.600,1790294215.136
5431,534.668,1790294215.324
5432,534.732,1790294215.452
5433,534.800,1790294215.554
5434,534.864,1790294215.722
5435,534.932,1790294215.865
5436,534.996,1790294215.976
5437,535.128,1790294216.293
5438,535.196,1790294216.397
5439,535.392,1790294216.795
5440,535.724,1790294217.483
5441,535.920,1790294217.874
5442,535.988,1790294217.968
5443,536.052,1790294218.092
5444,536.120,1790294218.258
5445,536.316,1790294218.630
5446,536.384,1790294218.735
5447,536.448,1790294218.847
5448,536.516,1790294219.036
5449,536.580,1790294219.138
5450,536.648,1790294219.265
5451,536.712,1790294219.461
5452,536.844,1790294219.675
5453,536.912,1790294219.845
5454,536.976,1790294219.948
5455,537.176,1790294220.367
5456,537.240,1790294220.503
5457,537.440,1790294220.931
5458,537.504,1790294221.127
5459,537.572,1790294221.238
5460,537.636,1790294221.372
5461,537.704,1790294221.536
5462,538.032,1790294222.076
5463,538.164,1790294222.313
5464,538.428,1790294222.796
5465,538.496,1790294222.900
5466,538.560,1790294223.106
5467,538.692,1790294223.348
5468,538.824,1790294223.671
5469,538.892,1790294223.772
5470,538.956,1790294223.965
5471,539.024,1790294224.095
5472,539.088,1790294224.182
5473,539.156,1790294224.322
5474,539.220,1790294224.439
5475,539.288,1790294224.528
5476,539.352,1790294224.639
5477,539.420,1790294224.796
5478,539.484,1790294224.893
5479,539.552,1790294225.011
5480,539.616,1790294225.183
5481,539.684,1790294225.277
5482,539.748,1790294225.403
5483,539.816,1790294225.579
5484,539.948,1790294225.813
5485,540.080,1790294226.095
5486,540.344,1790294226.602
5487,540.476,1790294226.881
5488,540.540,1790294227.017
5489,540.672,1790294227.342
5490,540.740,1790294227.467
5491,540.804,1790294227.645
5492,540.872,1790294227.744
5493,540.936,1790294227.869
5494,541.004,1790294228.049
5495,541.136,1790294228.272
5496,541.200,1790294228.370
5497,541.332,1790294228.658
5498,541.400,1790294228.751
5499,541.532,1790294229.054
5500,541.596,1790294229.142
5501,541.728,1790294229.442
5502,541.796,1790294229.524
5503,542.256,1790294230.497
5504,542.324,1790294230.623
5505,542.388,1790294230.715
5506,542.456,1790294230.917
5507,542.520,1790294231.038
5508,542.588,1790294231.127
5509,542.652,1790294231.251
5510,542.784,1790294231.516
5511,542.852,1790294231.635
5512,542.916,1790294231.810
5513,542.984,1790294231.907
5514,543.048,1790294232.031
5515,543.116,1790294232.214
5516,543.180,1790294232.321
5517,543.248,1790294232.442
5518,543.444,1790294232.833
5519,543.644,1790294233.226
5520,543.776,1790294233.505
5521,543.908,1790294233.807
5522,543.972,1790294233.912
5523,544.040,1790294234.034
5524,544.104,1790294234.205
5525,544.236,1790294234.427
5526,544.304,1790294234.615
5527,544.368,1790294234.722
5528,544.436,1790294234.845
5529,544.500,1790294234.944
5530,544.568,1790294235.128
5531,544.632,1790294235.264
5532,544.700,1790294235.369
5533,544.764,1790294235.529
5534,544.832,1790294235.660
5535,544.896,1790294235.775
5536,545.028,1790294236.077
5537,545.096,1790294236.176
5538,545.228,1790294236.505
5539,545.292,1790294236.607
5540,545.360,1790294236.778
5541,545.424,1790294236.912
5542,545.492,1790294236.998
5543,545.556,1790294237.175
5544,545.624,1790294237.312
5545,545.820,1790294237.723
5546,545.888,1790294237.816
5547,545.952,1790294237.934
5548,546.020,1790294238.121
5549,546.084,1790294238.214
5550,546.216,1790294238.508
5551,546.480,1790294239.004
5552,546.548,1790294239.128
5553,546.612,1790294239.312
5554,546.680,1790294239.419
5555,546.744,1790294239.534
5556,546.812,1790294239.700
5557,546.876,1790294239.802
5558,546.944,1790294239.935
5559,547.008,1790294240.120
5560,547.076,1790294240.220
5561,547.140,1790294240.333
5562,547.208,1790294240.504
5563,547.272,1790294240.598
5564,547.340,1790294240.714
5565,547.404,1790294240.877
5566,547.472,1790294240.979
5567,547.536,1790294241.093
5568,547.604,1790294241.267
5569,547.668,1790294241.373
5570,547.736,1790294241.488
5571,548.000,1790294241.955
5572,548.064,1790294242.120
5573,548.132,1790294242.230
5574,548.264,1790294242.486
5575,548.328,1790294242.605
5576,548.460,1790294242.867
5577,548.528,1790294242.995
5578,548.724,1790294243.409
5579,548.856,1790294243.667
5580,548.924,1790294243.801
5581,548.988,1790294243.894
5582,549.056,1790294244.065
5583,549.120,1790294244.194
5584,549.188,1790294244.290
5585,549.384,1790294244.664
5586,549.452,1790294244.778
5587,549.584,1790294245.044
5588,549.648,1790294245.169
5589,549.716,1790294245.374
5590,549.848,1790294245.588
5591,549.980,1790294245.860
5592,550.044,1790294245.981
5593,550.112,1790294246.150
5594,550.176,1790294246.238
5595,550.244,1790294246.368
5596,550.308,1790294246.536
5597,550.376,1790294246.642
5598,550.508,1790294246.906
5599,550.572,1790294246.998
5600,550.640,1790294247.110
5601,550.772,1790294247.376
5602,550.836,1790294247.489
5603,551.036,1790294247.858
5604,551.100,1790294247.954
5605,551.168,1790294248.118
5606,551.232,1790294248.228
5607,551.300,1790294248.331
5608,551.364,1790294248.497
5609,551.432,1790294248.614
5610,551.496,1790294248.707
5611,551.564,1790294248.871
5612,551.628,1790294249.000
5613,551.696,1790294249.095
5614,551.760,1790294249.272
5615,551.828,1790294249.397
5616,551.892,1790294249.491
5617,552.024,1790294249.790
5618,552.092,1790294249.872
5619,552.156,1790294250.056
5620,552.356,1790294250.441
5621,552.420,1790294250.569
5622,552.552,1790294250.793
5623,552.620,1790294250.958
5624,552.684,1790294251.054
5625,552.752,1790294251.183
5626,552.816,1790294251.347
5627,552.884,1790294251.445
5628,552.948,1790294251.578
5629,553.016,1790294251.770
5630,553.080,1790294251.872
5631,553.148,1790294252.002
5632,553.212,1790294252.199
5633,553.344,1790294252.433
5634,553.544,1790294252.835
5635,553.608,1790294253.011
5636,553.676,1790294253.114
5637,553.740,1790294253.235
5638,553.808,1790294253.432
5639,553.872,1790294253.536
5640,553.940,1790294253.657
5641,554.004,1790294253.831
5642,554.072,1790294253.931
5643,554.136,1790294254.063
5644,554.268,1790294254.368
5645,554.336,1790294254.496
5646,554.468,1790294254.777
5647,554.532,1790294254.905
5648,554.600,1790294255.018
5649,554.664,1790294255.211
5650,554.732,1790294255.365
5651,554.864,1790294255.656
5652,554.928,1790294255.800
5653,554.996,1790294255.901
5654,555.060,1790294256.092
5655,555.128,1790294256.228
5656,555.324,1790294256.618
5657,555.456,1790294256.883
5658,555.656,1790294257.273
5659,555.720,1790294257.400
5660,555.788,1790294257.495
5661,555.852,1790294257.615
5662,555.984,1790294257.884
5663,556.052,1790294258.012
5664,556.116,1790294258.211
5665,556.380,1790294258.721
5666,556.512,1790294259.055
5667,556.580,1790294259.162
5668,556.644,1790294259.285
5669,556.712,1790294259.476
5670,556.776,1790294259.573
5671,556.908,1790294259.884
5672,556.976,1790294259.976
5673,557.040,1790294260.101
5674,557.108,1790294260.289
5675,557.172,1790294260.397
5676,557.240,1790294260.520
5677,557.372,1790294260.822
5678,557.436,1790294260.935
5679,557.504,1790294261.113
5680,557.568,1790294261.228
5681,557.636,1790294261.351
5682,557.700,1790294261.463
5683,557.768,1790294261.640
5684,557.832,1790294261.763
5685,557.900,1790294261.858
5686,557.964,1790294262.023
5687,558.032,1790294262.144
5688,558.096,1790294262.241
5689,558.164,1790294262.409
5690,558.360,1790294262.780
5691,558.428,1790294262.908
5692,558.492,1790294262.994
5693,558.624,1790294263.297
5694,558.756,1790294263.558
5695,558.824,1790294263.676
5696,558.888,1790294263.781
5697,558.956,1790294263.946
5698,559.020,1790294264.072
5699,559.088,1790294264.169
5700,559.152,1790294264.292
5701,559.220,1790294264.452
5702,559.352,1790294264.672
5703,559.416,1790294264.851
5704,559.484,1790294264.947
5705,559.616,1790294265.247
5706,559.748,1790294265.472
5707,560.012,1790294266.117
5708,560.076,1790294266.229
5709,560.144,1790294266.359
5710,560.276,1790294266.651
5711,560.340,1790294266.767
5712,560.408,1790294266.960
5713,560.540,1790294267.180
5714,560.672,1790294267.464
5715,560.736,1790294267.582
5716,560.804,1790294267.775
5717,561.068,1790294268.259
5718,561.132,1790294268.381
5719,561.200,1790294268.486
5720,561.264,1790294268.663
5721,561.332,1790294268.797
5722,561.396,1790294268.898
5723,561.464,1790294269.085
5724,561.596,1790294269.311
5725,561.728,1790294269.602
5726,561.792,1790294269.694
5727,561.860,1790294269.864
5728,561.924,1790294269.983
5729,562.056,1790294270.249
5730,562.124,1790294270.382
5731,562.188,1790294270.479
5732,562.320,1790294270.786
5733,562.388,1790294270.880
5734,562.452,1790294270.997
5735,562.520,1790294271.164
5736,562.584,1790294271.262
5737,562.848,1790294271.815
5738,562.916,1790294271.995
5739,562.980,1790294272.099
5740,563.180,1790294272.497
5741,563.312,1790294272.796
5742,563.376,1790294272.894
5743,563.444,1790294273.017
5744,563.576,1790294273.299
5745,563.640,1790294273.419
5746,563.840,1790294273.838
5747,563.904,1790294274.018
5748,563.972,1790294274.121
5749,564.036,1790294274.260
5750,564.168,1790294274.527
5751,564.236,1790294274.657
5752,564.300,1790294274.768
5753,564.432,1790294275.058
5754,564.500,1790294275.166
5755,564.764,1790294275.742
5756,564.828,1790294275.871
5757,564.896,1790294275.969
5758,564.960,1790294276.162
5759,565.092,1790294276.390
5760,565.160,1790294276.583
5761,565.224,1790294276.717
5762,565.292,1790294276.815
5763,565.356,1790294277.012
5764,565.424,1790294277.154
5765,565.488,1790294277.253
5766,565.620,1790294277.567
5767,565.688,1790294277.668
5768,565.752,1790294277.801
5769,565.820,1790294277.971
5770,565.952,1790294278.196
5771,566.016,1790294278.368
5772,566.148,1790294278.579
5773,566.280,1790294278.856
5774,566.412,1790294279.149
5775,566.480,1790294279.247
5776,566.544,1790294279.409
5777,566.612,1790294279.597
5778,566.676,1790294279.707
5779,566.808,1790294280.025
5780,566.876,1790294280.119
5781,566.940,1790294280.234
5782,567.008,1790294280.408
5783,567.072,1790294280.505
5784,567.204,1790294280.800
5785,567.272,1790294280.909
5786,567.336,1790294281.024
5787,567.404,1790294281.202
5788,567.468,1790294281.321
5789,567.600,1790294281.521
5790,567.668,1790294281.684
5791,567.932,1790294282.193
5792,567.996,1790294282.298
5793,568.064,1790294282.500
5794,568.128,1790294282.628
5795,568.196,1790294282.712
5796,568.392,1790294283.117
5797,568.524,1790294283.415
5798,568.592,1790294283.507
5799,568.788,1790294283.931
5800,568.988,1790294284.378
5801,569.052,1790294284.511
5802,569.120,1790294284.710
5803,569.384,1790294285.241
5804,569.448,1790294285.369
5805,569.580,1790294285.675
5806,569.780,1790294286.101
5807,569.844,1790294286.227
5808,570.044,1790294286.665
5809,570.176,1790294286.987
5810,570.240,1790294287.117
5811,570.372,1790294287.425
5812,570.440,1790294287.536
5813,570.572,1790294287.808
5814,570.636,1790294287.926
5815,570.836,1790294288.350
5816,570.900,1790294288.442
5817,571.100,1790294288.837
5818,571.428,1790294289.538
5819,571.560,1790294289.821
5820,571.628,1790294289.960
5821,571.824,1790294290.407
5822,571.892,1790294290.504
5823,571.956,1790294290.700
5824,572.088,1790294290.932
5825,572.220,1790294291.281
5826,572.420,1790294291.716
5827,572.552,1790294291.956
5828,572.748,1790294292.377
5829,572.880,1790294292.693
5830,572.948,1790294292.843
5831,573.080,1790294293.140
5832,573.212,1790294293.448
5833,573.344,1790294293.688
5834,573.408,1790294293.859
5835,573.476,1790294293.959
5836,573.540,1790294294.087
5837,573.608,1790294294.264
5838,573.672,1790294294.360
5839,573.740,1790294294.488
5840,573.804,1790294294.665
5841,573.872,1790294294.770
5842,573.936,1790294294.890
5843,574.004,1790294295.071
5844,574.400,1790294295.767
5845,574.464,1790294295.935
5846,574.532,1790294296.059
5847,574.596,1790294296.172
5848,574.664,1790294296.344
5849,574.796,1790294296.558
5850,574.860,1790294296.747
5851,574.928,1790294296.890
5852,574.992,1790294296.998
5853,575.060,1790294297.187
5854,575.124,1790294297.295
5855,575.192,1790294297.376
5856,575.324,1790294297.660
5857,575.456,1790294297.911
5858,575.520,1790294298.035
5859,575.588,1790294298.125
5860,575.652,1790294298.256
5861,575.720,1790294298.429
5862,575.784,1790294298.532
5863,575.916,1790294298.812
5864,575.984,1790294298.907
5865,576.048,1790294299.047
5866,576.116,1790294299.224
5867,576.180,1790294299.335
5868,576.248,1790294299.456
5869,576.312,1790294299.609
5870,576.444,1790294299.825
5871,576.512,1790294299.988
5872,576.576,1790294300.076
5873,576.776,1790294300.463
5874,576.840,1790294300.583
5875,576.908,1790294300.776
5876,576.972,1790294300.871
5877,577.040,1790294300.994
5878,577.104,1790294301.160
5879,577.172,1790294301.256
5880,577.304,1790294301.562
5881,577.368,1790294301.668
5882,577.500,1790294301.891
5883,577.632,1790294302.207
5884,577.700,1790294302.312
5885,577.764,1790294302.484
5886,577.896,1790294302.711
5887,577.964,1790294302.908
5888,578.028,1790294303.038
5889,578.160,1790294303.330
5890,578.228,1790294303.455
5891,578.292,1790294303.550
5892,578.492,1790294303.960
5893,578.556,1790294304.161
5894,578.624,1790294304.305
5895,578.688,1790294304.422
5896,578.756,1790294304.629
5897,578.820,1790294304.765
5898,579.020,1790294305.204
5899,579.084,1790294305.297
5900,579.152,1790294305.426
5901,579.216,1790294305.592
5902,579.348,1790294305.823
5903,579.416,1790294305.987
5904,579.480,1790294306.084
5905,579.548,1790294306.210
5906,579.612,1790294306.381
5907,579.680,1790294306.481
5908,579.744,1790294306.597
5909,579.876,1790294306.860
5910,579.944,1790294306.976
5911,580.008,1790294307.163
5912,580.076,1790294307.268
5913,580.208,1790294307.578
5914,580.272,1790294307.676
5915,580.340,1790294307.793
5916,580.404,1790294308.008
5917,580.472,1790294308.124
5918,580.536,1790294308.244
5919,580.604,1790294308.431
5920,580.668,1790294308.543
5921,580.736,1790294308.672
5922,580.800,1790294308.764
5923,580.868,1790294308.931
5924,580.932,1790294309.043
5925,581.000,1790294309.134
5926,581.064,1790294309.301
5927,581.132,1790294309.425
5928,581.264,1790294309.705
5929,581.460,1790294310.120
5930,581.592,1790294310.335
5931,581.660,1790294310.499
5932,581.792,1790294310.711
5933,581.988,1790294311.111
5934,582.056,1790294311.285
5935,582.120,1790294311.414
5936,582.188,1790294311.507
5937,582.252,1790294311.625
5938,582.384,1790294311.891
5939,582.584,1790294312.266
5940,582.648,1790294312.389
5941,582.912,1790294312.962
5942,582.980,1790294313.077
5943,583.044,1790294313.204
5944,583.112,1790294313.386
5945,583.176,1790294313.480
5946,583.244,1790294313.599
5947,583.308,1790294313.785
5948,583.508,1790294314.157
5949,583.640,1790294314.363
5950,583.704,1790294314.519
5951,583.772,1790294314.617
5952,583.836,1790294314.722
5953,583.904,1790294314.886
5954,583.968,1790294315.001
5955,584.036,1790294315.126
5956,584.100,1790294315.222
5957,584.232,1790294315.511
5958,584.300,1790294315.605
5959,584.364,1790294315.796
5960,584.432,1790294315.928
5961,584.496,1790294316.017
5962,584.628,1790294316.320
5963,584.760,1790294316.598
5964,584.828,1790294316.716
5965,584.892,1790294316.808
5966,585.024,1790294317.117
5967,585.092,1790294317.208
5968,585.156,1790294317.374
5969,585.224,1790294317.522
5970,585.356,1790294317.785
5971,585.420,1790294317.906
5972,585.488,1790294318.002
5973,585.552,1790294318.124
5974,585.620,1790294318.287
5975,585.684,1790294318.373
5976,585.884,1790294318.758
5977,586.080,1790294319.160
5978,586.148,1790294319.285
5979,586.212,1790294319.460
5980,586.344,1790294319.699
5981,586.412,1790294319.881
5982,586.476,1790294319.975
5983,586.544,1790294320.096
5984,586.608,1790294320.282
5985,586.676,1790294320.401
5986,586.740,1790294320.522
5987,587.004,1790294321.066
5988,587.072,1790294321.176
5989,587.136,1790294321.292
5990,587.204,1790294321.476
5991,587.268,1790294321.579
5992,587.400,1790294321.794
5993,587.468,1790294321.958
5994,587.532,1790294322.094
5995,587.600,1790294322.198
5996,587.732,1790294322.482
5997,587.796,1790294322.577
5998,587.864,1790294322.750
5999,587.928,1790294322.863
6000,587.996,1790294322.958
6001,588.060,1790294323.157
6002,588.128,1790294323.289
6003,588.192,1790294323.377
6004,588.260,1790294323.562
6005,588.324,1790294323.682
6006,588.392,1790294323.775
6007,588.456,1790294323.959
6008,588.524,1790294324.092
6009,588.720,1790294324.473
6010,588.788,1790294324.577
6011,588.852,1790294324.701
6012,588.920,1790294324.868
6013,588.984,1790294324.955
6014,589.052,1790294325.081
6015,589.184,1790294325.336
6016,589.248,1790294325.459
6017,589.316,1790294325.638
6018,589.512,1790294326.025
6019,589.644,1790294326.252
6020,589.776,1790294326.528
6021,589.844,1790294326.647
6022,589.908,1790294326.818
6023,589.976,1790294326.924
6024,590.040,1790294327.036
6025,590.108,1790294327.201
6026,590.172,1790294327.299
6027,590.240,1790294327.407
6028,590.304,1790294327.584
6029,590.372,1790294327.684
6030,590.436,1790294327.801
6031,590.700,1790294328.298
6032,590.768,1790294328.456
6033,590.832,1790294328.569
6034,590.900,1790294328.657
6035,591.032,1790294328.934
6036,591.096,1790294329.033
6037,591.228,1790294329.333
6038,591.296,1790294329.429
6039,591.492,1790294329.833
6040,591.624,1790294330.121
6041,591.692,1790294330.212
6042,591.888,1790294330.598
6043,592.088,1790294330.981
6044,592.152,1790294331.107
6045,592.284,1790294331.358
6046,592.352,1790294331.489
6047,592.416,1790294331.643
6048,592.484,1790294331.738
6049,592.548,1790294331.858
6050,592.616,1790294332.026
6051,592.680,1790294332.118
6052,592.748,1790294332.235
6053,593.076,1790294332.887
6054,593.144,1790294333.005
6055,593.276,1790294333.281
6056,593.408,1790294333.565
6057,593.540,1790294333.790
6058,593.604,1790294333.972
6059,593.672,1790294334.072
6060,593.736,1790294334.183
6061,593.804,1790294334.342
6062,593.936,1790294334.553
6063,594.000,1790294334.651
6064,594.068,1790294334.812
6065,594.132,1790294334.925
6066,594.200,1790294335.016
6067,594.264,1790294335.181
6068,594.332,1790294335.297
6069,594.396,1790294335.379
6070,594.464,1790294335.553
6071,594.528,1790294335.669
6072,594.596,1790294335.753
6073,594.728,1790294336.032
6074,594.860,1790294336.275
6075,594.992,1790294336.496
6076,595.056,1790294336.684
6077,595.124,1790294336.818
6078,595.188,1790294336.921
6079,595.256,1790294337.090
6080,595.388,1790294337.309
6081,595.452,1790294337.437
6082,595.520,1790294337.605
6083,595.584,1790294337.701
6084,595.784,1790294338.094
6085,595.848,1790294338.217
6086,595.916,1790294338.383
6087,595.980,1790294338.477
6088,596.048,1790294338.607
6089,596.112,1790294338.795
6090,596.180,1790294338.904
6091,596.244,1790294339.029
6092,596.444,1790294339.415
6093,596.508,1790294339.597
6094,596.576,1790294339.697
6095,596.640,1790294339.828
6096,596.708,1790294340.025
6097,596.772,1790294340.134
6098,596.840,1790294340.262
6099,596.904,1790294340.425
6100,597.104,1790294340.844
6101,597.236,1790294341.065
6102,597.300,1790294341.157
6103,597.368,1790294341.321
6104,597.432,1790294341.436
6105,597.632,1790294341.807
6106,597.896,1790294342.267
6107,597.960,1790294342.450
6108,598.092,1790294342.675
6109,598.160,1790294342.860
6110,598.292,1790294343.099
6111,598.424,1790294343.436
6112,598.488,1790294343.536
6113,598.556,1790294343.723
6114,598.620,1790294343.852
6115,598.688,1790294343.949
6116,598.752,1790294344.070
6117,598.884,1790294344.322
6118,599.016,1790294344.597
6119,599.084,1790294344.683
6120,599.216,1790294344.976
6121,599.348,1790294345.202
6122,599.412,1790294345.364
6123,599.612,1790294345.760
6124,599.676,1790294345.860
6125,599.808,1790294346.147
6126,599.876,1790294346.247
6127,600.072,1790294346.639
6128,600.140,1790294346.750
6129,600.204,1790294346.916
6130,600.336,1790294347.136
6131,600.404,1790294347.294
6132,600.600,1790294347.614
6133,600.864,1790294348.151
6134,600.932,1790294348.268
6135,600.996,1790294348.362
6136,601.196,1790294348.751
6137,601.328,1790294349.042
6138,601.460,1790294349.322
6139,601.592,1790294349.543
6140,601.656,1790294349.721
6141,601.724,1790294349.846
6142,601.788,1790294349.933
6143,601.856,1790294350.093
6144,601.920,1790294350.220
6145,602.120,1790294350.616
6146,602.184,1790294350.705
6147,602.252,1790294350.824
6148,602.316,1790294350.988
6149,602.448,1790294351.206
6150,602.516,1790294351.394
6151,602.580,1790294351.496
6152,602.648,1790294351.612
6153,602.712,1790294351.780
6154,602.780,1790294351.883
6155,602.844,1790294352.002
6156,602.912,1790294352.171
6157,602.976,1790294352.267
6158,603.044,1790294352.381
6159,603.108,1790294352.558
6160,603.308,1790294352.961
6161,603.372,1790294353.067
6162,603.572,1790294353.460
6163,603.768,1790294353.867
6164,603.836,1790294353.991
6165,603.900,1790294354.079
6166,604.032,1790294354.365
6167,604.100,1790294354.471
6168,604.164,1790294354.645
6169,604.296,1790294354.840
6170,604.364,1790294355.035
6171,604.428,1790294355.156
6172,604.496,1790294355.247
6173,604.560,1790294355.410
6174,604.692,1790294355.614
6175,604.760,1790294355.784
6176,604.956,1790294356.172
6177,605.024,1790294356.301
6178,605.088,1790294356.402
6179,605.288,1790294356.816
6180,605.352,1790294356.966
6181,605.420,1790294357.167
6182,605.484,1790294357.265
6183,605.552,1790294357.385
6184,605.684,1790294357.652
6185,605.880,1790294358.042
6186,605.948,1790294358.162
6187,606.080,1790294358.455
6188,606.144,1790294358.567
6189,606.212,1790294358.741
6190,606.276,1790294358.848
6191,606.344,1790294358.966
6192,606.608,1790294359.547
6193,606.672,1790294359.648
6194,606.740,1790294359.786
6195,606.872,1790294360.076
6196,607.004,1790294360.358
6197,607.068,1790294360.469
6198,607.332,1790294360.958
6199,607.400,1790294361.044
6200,607.532,1790294361.326
6201,607.596,1790294361.419
6202,607.664,1790294361.586
6203,607.728,1790294361.698
6204,607.796,1790294361.782
6205,607.928,1790294362.082
6206,607.992,1790294362.175
6207,608.060,1790294362.362
6208,608.192,1790294362.578
6209,608.256,1790294362.750
6210,608.324,1790294362.881
6211,608.388,1790294362.985
6212,608.456,1790294363.158
6213,608.652,1790294363.486
6214,608.720,1790294363.646
6215,608.784,1790294363.733
6216,608.984,1790294364.115
6217,609.180,1790294364.491
6218,609.312,1790294364.772
6219,609.380,1790294364.869
6220,609.444,1790294364.993
6221,609.644,1790294365.373
6222,609.708,1790294365.544
6223,609.840,1790294365.763
6224,610.040,1790294366.155
6225,610.172,1790294366.436
6226,610.236,1790294366.555
6227,610.304,1790294366.738
6228,610.368,1790294366.838
6229,610.436,1790294366.955
6230,610.500,1790294367.048
6231,610.632,1790294367.321
6232,610.832,1790294367.691
6233,610.896,1790294367.793
6234,610.964,1790294367.964
6235,611.096,1790294368.176
6236,611.228,1790294368.462
6237,611.292,1790294368.548
6238,611.424,1790294368.829
6239,611.556,1790294369.090
6240,611.624,1790294369.211
6241,611.820,1790294369.590
6242,611.888,1790294369.677
6243,612.152,1790294370.160
6244,612.480,1790294370.794
6245,612.548,1790294370.898
6246,612.876,1790294371.545
6247,612.944,1790294371.670
6248,613.076,1790294371.924
6249,613.140,1790294372.044
6250,613.272,1790294372.306
6251,613.340,1790294372.422
6252,613.472,1790294372.694
6253,613.736,1790294373.189
6254,613.932,1790294373.557
6255,614.000,1790294373.653
6256,614.132,1790294373.934
6257,614.196,1790294374.018
6258,614.264,1790294374.186
6259,614.328,1790294374.311
6260,614.396,1790294374.406
6261,614.460,1790294374.596
6262,614.528,1790294374.727
6263,614.660,1790294374.991
6264,614.724,1790294375.102
6265,614.924,1790294375.501
6266,615.056,1790294375.765
6267,615.120,1790294375.880
6268,615.188,1790294375.976
6269,615.252,1790294376.089
6270,615.320,1790294376.250
6271,615.384,1790294376.349
6272,615.584,1790294376.738
6273,615.648,1790294376.862
6274,615.912,1790294377.411
6275,615.980,1790294377.510
6276,616.044,1790294377.624
6277,616.112,1790294377.797
6278,616.176,1790294377.894
6279,616.244,1790294378.019
6280,616.376,1790294378.289
6281,616.572,1790294378.665
6282,616.836,1790294379.162
6283,616.968,1790294379.432
6284,617.036,1790294379.548
6285,617.100,1790294379.635
6286,617.168,1790294379.792
6287,617.364,1790294380.154
6288,617.564,1790294380.543
6289,617.628,1790294380.670
6290,617.696,1790294380.751
6291,617.760,1790294380.923
6292,617.828,1790294381.047
6293,617.892,1790294381.134
6294,617.960,1790294381.324
6295,618.024,1790294381.449
6296,618.092,1790294381.533
6297,618.156,1790294381.701
6298,618.224,1790294381.826
6299,618.356,1790294382.084
6300,618.420,1790294382.208
6301,618.488,1790294382.300
6302,618.684,1790294382.671
6303,618.752,1790294382.785
6304,618.816,1790294382.954
6305,618.884,1790294383.061
6306,618.948,1790294383.194
6307,619.080,1790294383.459
6308,619.148,1790294383.571
6309,619.280,1790294383.827
6310,619.344,1790294383.944
6311,619.412,1790294384.124
6312,619.476,1790294384.214
6313,619.544,1790294384.329
6314,619.608,1790294384.509
6315,619.676,1790294384.611
6316,619.740,1790294384.749
6317,619.808,1790294384.927
6318,619.872,1790294385.025
6319,619.940,1790294385.156
6320,620.072,1790294385.446
6321,620.136,1790294385.565
6322,620.204,1790294385.736
6323,620.532,1790294386.332
6324,620.732,1790294386.711
6325,620.796,1790294386.808
6326,620.996,1790294387.187
6327,621.060,1790294387.356
6328,621.192,1790294387.566
6329,621.260,1790294387.740
6330,621.324,1790294387.867
6331,621.456,1790294388.156
6332,621.588,1790294388.380
6333,621.656,1790294388.581
6334,621.720,1790294388.711
6335,621.920,1790294389.138
6336,621.984,1790294389.234
6337,622.116,1790294389.500
6338,622.184,1790294389.590
6339,622.248,1790294389.709
6340,622.380,1790294389.971
6341,622.448,1790294390.085
6342,622.644,1790294390.474
6343,622.712,1790294390.638
6344,622.844,1790294390.862
6345,622.908,1790294391.023
6346,622.976,1790294391.135
6347,623.240,1790294391.641
6348,623.304,1790294391.828
6349,623.372,1790294391.945
6350,623.436,1790294392.056
6351,623.504,1790294392.245
6352,623.568,1790294392.361
6353,623.700,1790294392.586
6354,623.832,1790294392.864
6355,624.032,1790294393.228
6356,624.096,1790294393.317
6357,624.164,1790294393.495
6358,624.228,1790294393.611
6359,624.296,1790294393.705
6360,624.360,1790294393.868
6361,624.428,1790294393.994
6362,624.492,1790294394.087
6363,624.624,1790294394.389
6364,624.692,1790294394.490
6365,624.888,1790294394.880
6366,624.956,1790294395.046
6367,625.020,1790294395.174
6368,625.088,1790294395.277
6369,625.284,1790294395.651
6370,625.416,1790294395.934
6371,625.616,1790294396.312
6372,625.748,1790294396.517
6373,625.812,1790294396.692
6374,625.880,1790294396.783
6375,626.012,1790294397.089
6376,626.208,1790294397.491
6377,626.340,1790294397.707
6378,626.408,1790294397.891
6379,626.472,1790294397.989
6380,626.540,1790294398.112
6381,626.604,1790294398.280
6382,626.672,1790294398.381
6383,626.868,1790294398.773
6384,626.936,1790294398.898
6385,627.132,1790294399.299
6386,627.264,1790294399.566
6387,627.596,1790294400.176
6388,627.728,1790294400.463
6389,627.792,1790294400.547
6390,627.860,1790294400.723
6391,627.924,1790294400.861
6392,628.124,1790294401.259
6393,628.188,1790294401.355
6394,628.256,1790294401.551
6395,628.320,1790294401.686
6396,628.388,1790294401.795
6397,628.520,1790294402.125
6398,628.584,1790294402.231
6399,628.784,1790294402.609
6400,628.848,1790294402.729
6401,628.916,1790294402.904
6402,628.980,1790294402.997
6403,629.048,1790294403.113
6404,629.180,1790294403.373
6405,629.244,1790294403.489
6406,629.376,1790294403.753
6407,629.576,1790294404.142
6408,629.640,1790294404.254
6409,629.708,1790294404.419
6410,629.772,1790294404.516
6411,629.840,1790294404.635
6412,630.036,1790294405.011
6413,630.104,1790294405.180
6414,630.168,1790294405.281
6415,630.236,1790294405.401
6416,630.368,1790294405.658
6417,630.564,1790294406.044
6418,630.632,1790294406.167
6419,630.696,1790294406.254
6420,630.764,1790294406.423
6421,630.828,1790294406.550
6422,630.896,1790294406.640
6423,631.028,1790294406.929
6424,631.092,1790294407.016
6425,631.160,1790294407.184
6426,631.224,1790294407.303
6427,631.292,1790294407.402
6428,631.356,1790294407.574
6429,631.424,1790294407.699
6430,631.488,1790294407.786
6431,631.556,1790294407.950
6432,631.620,1790294408.082
6433,631.752,1790294408.306
6434,632.084,1790294408.938
6435,632.148,1790294409.062
6436,632.216,1790294409.271
6437,632.280,1790294409.359
6438,632.544,1790294409.875
6439,632.744,1790294410.273
6440,632.876,1790294410.537
6441,632.940,1790294410.654
6442,633.008,1790294410.839
6443,633.336,1790294411.436
6444,633.404,1790294411.608
6445,633.468,1790294411.711
6446,633.536,1790294411.835
6447,633.600,1790294411.937
6448,633.800,1790294412.296
6449,633.864,1790294412.459
6450,633.932,1790294412.582
6451,633.996,1790294412.679
6452,634.064,1790294412.852
6453,634.128,1790294412.973
6454,634.196,1790294413.061
6455,634.328,1790294413.347
6456,634.392,1790294413.433
6457,634.524,1790294413.733
6458,634.592,1790294413.825
6459,634.656,1790294414.027
6460,634.788,1790294414.243
6461,634.856,1790294414.408
6462,634.920,1790294414.533
6463,634.988,1790294414.622
6464,635.120,1790294414.918
6465,635.252,1790294415.121
6466,635.316,1790294415.288
6467,635.384,1790294415.389
6468,635.448,1790294415.513
6469,635.648,1790294415.901
6470,635.712,1790294416.077
6471,635.780,1790294416.182
6472,635.912,1790294416.469
6473,635.976,1790294416.561
6474,636.044,1790294416.675
6475,636.108,1790294416.865
6476,636.176,1790294416.974
6477,636.240,1790294417.107
6478,636.372,1790294417.398
6479,636.440,1790294417.528
6480,636.504,1790294417.693
6481,636.572,1790294417.801
6482,636.636,1790294417.912
6483,636.704,1790294418.081
6484,636.768,1790294418.184
6485,636.836,1790294418.297
6486,636.968,1790294418.565
6487,637.032,1790294418.693
6488,637.164,1790294418.973
6489,637.232,1790294419.112
6490,637.428,1790294419.493
6491,637.496,1790294419.585
6492,637.628,1790294419.875
6493,637.892,1790294420.345
6494,637.956,1790294420.527
6495,638.088,1790294420.745
6496,638.484,1790294421.518
6497,638.552,1790294421.627
6498,638.616,1790294421.796
6499,638.748,1790294422.015
6500,638.816,1790294422.196
6501,638.880,1790294422.296
6502,638.948,1790294422.421
6503,639.012,1790294422.601
6504,639.144,1790294422.826
6505,639.212,1790294423.004
6506,639.276,1790294423.104
6507,639.476,1790294423.509
6508,639.608,1790294423.807
6509,639.672,1790294423.897
6510,639.740,1790294424.018
6511,639.804,1790294424.196
6512,639.936,1790294424.424
6513,640.004,1790294424.587
6514,640.068,1790294424.681
6515,640.136,1790294424.812
6516,640.200,1790294424.915
6517,640.268,1790294425.089
6518,640.332,1790294425.213
6519,640.400,1790294425.317
6520,640.464,1790294425.493
6521,640.664,1790294425.894
6522,640.728,1790294426.021
6523,640.796,1790294426.116
6524,640.992,1790294426.505
6525,641.060,1790294426.690
6526,641.192,1790294426.912
6527,641.256,1790294427.091
6528,641.324,1790294427.221
6529,641.388,1790294427.318
6530,641.588,1790294427.690
6531,641.652,1790294427.800
6532,641.720,1790294427.960
6533,641.784,1790294428.057
6534,641.852,1790294428.172
6535,641.916,1790294428.339
6536,641.984,1790294428.444
6537,642.048,1790294428.589
6538,642.116,1790294428.763
6539,642.180,1790294428.850
6540,642.312,1790294429.160
6541,642.576,1790294429.658
6542,642.644,1790294429.769
6543,642.708,1790294429.947
6544,642.908,1790294430.365
6545,642.972,1790294430.459
6546,643.304,1790294431.117
6547,643.368,1790294431.222
6548,643.436,1790294431.332
6549,643.500,1790294431.424
6550,643.568,1790294431.585
6551,643.632,1790294431.697
6552,643.700,1790294431.795
6553,643.764,1790294431.945
6554,643.832,1790294432.073
6555,643.896,1790294432.166
6556,643.964,1790294432.351
6557,644.228,1790294432.848
6558,644.424,1790294433.263
6559,644.492,1790294433.361
6560,644.556,1790294433.547
6561,644.756,1790294433.973
6562,644.888,1790294434.218
6563,645.020,1790294434.551
6564,645.084,1790294434.661
6565,645.152,1790294434.788
6566,645.216,1790294434.951
6567,645.480,1790294435.426
6568,645.548,1790294435.548
6569,645.612,1790294435.719
6570,645.680,1790294435.813
6571,645.744,1790294435.941
6572,645.812,1790294436.110
6573,645.944,1790294436.333
6574,646.272,1790294437.009
6575,646.340,1790294437.128
6576,646.404,1790294437.321
6577,646.472,1790294437.422
6578,646.536,1790294437.543
6579,646.736,1790294437.932
6580,646.800,1790294438.033
6581,647.000,1790294438.403
6582,647.132,1790294438.682
6583,647.196,1790294438.775
6584,647.264,1790294438.946
6585,647.328,1790294439.073
6586,647.460,1790294439.337
6587,647.528,1790294439.467
6588,647.592,1790294439.554
6589,647.724,1790294439.854
6590,647.792,1790294439.947
6591,647.924,1790294440.252
6592,647.988,1790294440.351
6593,648.056,1790294440.516
6594,648.120,1790294440.634
6595,648.188,1790294440.732
6596,648.252,1790294440.851
6597,648.384,1790294441.101
6598,648.516,1790294441.383
6599,648.648,1790294441.588
6600,648.716,1790294441.759
6601,649.044,1790294442.343
6602,649.112,1790294442.510
6603,649.244,1790294442.724
6604,649.376,1790294443.006
6605,649.440,1790294443.124
6606,649.508,1790294443.292
6607,649.572,1790294443.393
6608,649.704,1790294443.687
6609,649.772,1790294443.796
6610,649.904,1790294444.068
6611,649.968,1790294444.169
6612,650.100,1790294444.383
6613,650.168,1790294444.554
6614,650.364,1790294444.925
6615,650.432,1790294445.037
6616,650.496,1790294445.136
6617,650.564,1790294445.326
6618,650.628,1790294445.466
6619,650.696,1790294445.565
6620,650.760,1790294445.730
6621,650.892,1790294445.947
6622,651.024,1790294446.235
6623,651.092,1790294446.327
6624,651.156,1790294446.512
6625,651.288,1790294446.738
6626,651.420,1790294447.033
6627,651.552,1790294447.268
6628,651.620,1790294447.450
6629,651.752,1790294447.704
6630,651.948,1790294448.136
6631,652.016,1790294448.308
6632,652.080,1790294448.401
6633,652.148,1790294448.515
6634,652.280,1790294448.816
6635,652.344,1790294448.937
6636,652.608,1790294449.500
6637,652.676,1790294449.596
6638,652.740,1790294449.712
6639,652.808,1790294449.880
6640,652.940,1790294450.092
6641,653.004,1790294450.264
6642,653.268,1790294450.752
6643,653.336,1790294450.870
6644,653.400,1790294450.968
6645,653.468,1790294451.136
6646,653.532,1790294451.259
6647,653.600,1790294451.371
6648,653.664,1790294451.539
6649,653.996,1790294452.132
6650,654.060,1790294452.293
6651,654.128,1790294452.424
6652,654.260,1790294452.690
6653,654.324,1790294452.813
6654,654.392,1790294452.910
6655,654.456,1790294453.089
6656,654.524,1790294453.222
6657,654.588,1790294453.318
6658,654.656,1790294453.487
6659,654.720,1790294453.615
6660,654.788,1790294453.709
6661,654.852,1790294453.832
6662,654.920,1790294453.993
6663,655.052,1790294454.200
6664,655.116,1790294454.355
6665,655.184,1790294454.446
6666,655.380,1790294454.834
6667,655.448,1790294454.952
6668,655.512,1790294455.122
6669,655.580,1790294455.216
6670,655.644,1790294455.343
6671,655.712,1790294455.506
6672,655.776,1790294455.606
6673,655.844,1790294455.744
6674,655.908,1790294455.914
6675,656.040,1790294456.152
6676,656.108,1790294456.342
6677,656.172,1790294456.449
6678,656.240,1790294456.575
6679,656.304,1790294456.752
6680,656.372,1790294456.852
6681,656.436,1790294456.966
6682,656.568,1790294457.229
6683,656.636,1790294457.343
6684,656.700,1790294457.435
6685,656.768,1790294457.612
6686,656.832,1790294457.737
6687,656.900,1790294457.834
6688,656.964,1790294458.003
6689,657.032,1790294458.127
6690,657.096,1790294458.223
6691,657.164,1790294458.398
6692,657.228,1790294458.520
6693,657.296,1790294458.617
6694,657.360,1790294458.782
6695,657.428,1790294458.907
6696,657.492,1790294459.000
6697,657.692,1790294459.387
6698,657.756,1790294459.552
6699,657.824,1790294459.677
6700,657.888,1790294459.768
6701,657.956,1790294459.938
6702,658.088,1790294460.174
6703,658.152,1790294460.293
6704,658.220,1790294460.440
6705,658.284,1790294460.532
6706,658.352,1790294460.654
6707,658.416,1790294460.802
6708,658.548,1790294461.015
6709,658.616,1790294461.172
6710,658.680,1790294461.264
6711,658.880,1790294461.645
6712,659.076,1790294462.019
6713,659.276,1790294462.396
6714,659.340,1790294462.516
6715,659.408,1790294462.684
6716,659.472,1790294462.786
6717,659.540,1790294462.906
6718,659.736,1790294463.313
6719,659.804,1790294463.488
6720,659.868,1790294463.583
6721,659.936,1790294463.703
6722,660.000,1790294463.799
6723,660.068,1790294463.954
6724,660.200,1790294464.168
6725,660.332,1790294464.448
6726,660.396,1790294464.538
6727,660.528,1790294464.824
6728,660.596,1790294464.916
6729,660.660,1790294465.086
6730,660.728,1790294465.223
6731,660.792,1790294465.311
6732,661.056,1790294465.869
6733,661.188,1790294466.089
6734,661.256,1790294466.271
6735,661.388,1790294466.490
6736,661.520,1790294466.787
6737,661.584,1790294466.871
6738,661.716,1790294467.158
6739,661.784,1790294467.255
6740,661.848,1790294467.382
6741,661.980,1790294467.674
6742,662.180,1790294468.066
6743,662.312,1790294468.362
6744,662.376,1790294468.457
6745,662.508,1790294468.750
6746,662.576,1790294468.854
6747,662.640,1790294468.978
6748,662.708,1790294469.149
6749,662.840,1790294469.363
6750,662.904,1790294469.552
6751,662.972,1790294469.655
6752,663.036,1790294469.772
6753,663.236,1790294470.154
6754,663.432,1790294470.539
6755,663.500,1790294470.637
6756,663.564,1790294470.811
6757,663.632,1790294470.934
6758,663.696,1790294471.034
6759,663.764,1790294471.208
6760,663.896,1790294471.409
6761,664.028,1790294471.699
6762,664.092,1790294471.791
6763,664.224,1790294472.086
6764,664.292,1790294472.179
6765,664.356,1790294472.339
6766,664.488,1790294472.558
6767,664.556,1790294472.736
6768,664.620,1790294472.868
6769,664.688,1790294472.962
6770,664.884,1790294473.345
6771,664.952,1790294473.468
6772,665.148,1790294473.840
6773,665.216,1790294474.003
6774,665.348,1790294474.212
6775,665.480,1790294474.471
6776,665.544,1790294474.594
6777,665.612,1790294474.766
6778,665.808,1790294475.143
6779,665.940,1790294475.358
6780,666.008,1790294475.541
6781,666.072,1790294475.638
6782,666.140,1790294475.753
6783,666.204,1790294475.927
6784,666.272,1790294476.028
6785,666.404,1790294476.318
6786,666.468,1790294476.424
6787,666.600,1790294476.636
6788,666.668,1790294476.796
6789,666.732,1790294476.929
6790,666.996,1790294477.402
6791,667.064,1790294477.568
6792,667.128,1790294477.688
6793,667.196,1790294477.787
6794,667.328,1790294478.085
6795,667.524,1790294478.499
6796,667.656,1790294478.781
6797,667.724,1790294478.901
6798,667.788,1790294478.987
6799,667.920,1790294479.288
6800,668.252,1790294479.873
6801,668.316,1790294480.031
6802,668.384,1790294480.121
6803,668.516,1790294480.415
6804,668.580,1790294480.512
6805,668.648,1790294480.634
6806,668.712,1790294480.811
6807,668.844,1790294481.034
6808,668.912,1790294481.218
6809,669.044,1790294481.433
6810,669.176,1790294481.714
6811,669.240,1790294481.842
6812,669.308,1790294482.032
6813,669.440,1790294482.246
6814,669.504,1790294482.428
6815,669.572,1790294482.529
6816,669.636,1790294482.645
6817,669.836,1790294483.030
6818,669.900,1790294483.125
6819,669.968,1790294483.287
6820,670.032,1790294483.414
6821,670.100,1790294483.509
6822,670.296,1790294483.893
6823,670.364,1790294484.070
6824,670.428,1790294484.203
6825,670.496,1790294484.300
6826,670.560,1790294484.473
6827,670.628,1790294484.592
6828,670.760,1790294484.861
6829,670.892,1790294485.080
6830,671.024,1790294485.380
6831,671.088,1790294485.473
6832,671.156,1790294485.642
6833,671.220,1790294485.758
6834,671.288,1790294485.853
6835,671.352,1790294485.965
6836,671.420,1790294486.123
6837,671.552,1790294486.338
6838,671.616,1790294486.510
6839,671.684,1790294486.605
6840,671.816,1790294486.921
6841,671.948,1790294487.137
6842,672.080,1790294487.401
6843,672.212,1790294487.692
6844,672.276,1790294487.799
6845,672.344,1790294487.929
6846,672.540,1790294488.320
6847,672.608,1790294488.491
6848,672.672,1790294488.594
6849,672.740,1790294488.716
6850,672.804,1790294488.909
6851,672.872,1790294489.041
6852,672.936,1790294489.170
6853,673.068,1790294489.482
6854,673.136,1790294489.618
6855,673.200,1790294489.735
6856,673.268,1790294489.930
6857,673.332,1790294490.069
6858,673.400,1790294490.174
6859,673.464,1790294490.367
6860,673.532,1790294490.497
6861,673.596,1790294490.607
6862,673.796,1790294491.042
6863,673.928,1790294491.382
6864,673.992,1790294491.496
6865,674.060,1790294491.689
6866,674.124,1790294491.823
6867,674.256,1790294492.117
6868,674.324,1790294492.248
6869,674.388,1790294492.344
6870,674.652,1790294492.911
6871,674.720,1790294493.107
6872,674.916,1790294493.524
6873,674.984,1790294493.635
6874,675.048,1790294493.763
6875,675.116,1790294493.958
6876,675.180,1790294494.060
6877,675.248,1790294494.185
6878,675.312,1790294494.375
6879,675.512,1790294494.807
6880,675.576,1790294494.911
6881,675.644,1790294495.041
6882,675.708,1790294495.235
6883,675.840,1790294495.492
6884,675.908,1790294495.678
6885,675.972,1790294495.783
6886,676.104,1790294496.106
6887,676.172,1790294496.214
6888,676.236,1790294496.336
6889,676.304,1790294496.528
6890,676.436,1790294496.759
6891,676.500,1790294496.870
6892,676.568,1790294497.059
6893,676.632,1790294497.185
6894,676.700,1790294497.292
6895,676.764,1790294497.496
6896,676.832,1790294497.625
6897,676.896,1790294497.725
6898,677.028,1790294498.047
6899,677.096,1790294498.139
6900,677.160,1790294498.328
6901,677.228,1790294498.460
6902,677.292,1790294498.562
6903,677.424,1790294498.889
6904,677.492,1790294498.982
6905,677.556,1790294499.157
6906,677.624,1790294499.284
6907,677.688,1790294499.385
6908,677.756,1790294499.556
6909,677.820,1790294499.690
6910,677.952,1790294499.917
6911,678.152,1790294500.343
6912,678.216,1790294500.536
6913,678.284,1790294500.640
6914,678.348,1790294500.767
6915,678.416,1790294500.950
6916,678.480,1790294501.050
6917,678.548,1790294501.163
6918,678.612,1790294501.329
6919,678.744,1790294501.561
6920,678.812,1790294501.730
6921,679.008,1790294502.134
6922,679.076,1790294502.242
6923,679.208,1790294502.544
6924,679.272,1790294502.648
6925,679.340,1790294502.769
6926,679.472,1790294503.046
6927,679.536,1790294503.175
6928,679.604,1790294503.366
6929,679.668,1790294503.475
6930,679.736,1790294503.608
6931,679.800,1790294503.707
6932,679.868,1790294503.869
6933,680.000,1790294504.088
6934,680.064,1790294504.249
6935,680.132,1790294504.373
6936,680.196,1790294504.476
6937,680.264,1790294504.657
6938,680.328,1790294504.787
6939,680.396,1790294504.884
6940,680.460,1790294505.054
6941,680.528,1790294505.176
6942,680.592,1790294505.270
6943,680.660,1790294505.441
6944,680.724,1790294505.561
6945,680.792,1790294505.650
6946,680.924,1790294505.955
6947,680.988,1790294506.042
6948,681.056,1790294506.225
6949,681.188,1790294506.443
6950,681.252,1790294506.558
6951,681.320,1790294506.724
6952,681.384,1790294506.813
6953,681.584,1790294507.182
6954,681.648,1790294507.304
6955,681.716,1790294507.480
6956,681.980,1790294507.961
6957,682.044,1790294508.081
6958,682.244,1790294508.475
6959,682.308,1790294508.651
6960,682.376,1790294508.760
6961,682.440,1790294508.890
6962,682.508,1790294509.059
6963,682.640,1790294509.278
6964,682.772,1790294509.552
6965,682.836,1790294509.662
6966,682.904,1790294509.835
6967,682.968,1790294509.941
6968,683.036,1790294510.065
6969,683.100,1790294510.162
6970,683.232,1790294510.477
6971,683.300,1790294510.590
6972,683.432,1790294510.909
6973,683.496,1790294511.014
6974,683.564,1790294511.213
6975,683.628,1790294511.341
6976,683.696,1790294511.438
6977,683.828,1790294511.741
6978,683.892,1790294511.831
6979,684.024,1790294512.140
6980,684.092,1790294512.244
6981,684.156,1790294512.431
6982,684.224,1790294512.569
6983,684.288,1790294512.666
6984,684.356,1790294512.834
6985,684.420,1790294512.963
6986,684.488,1790294513.044
6987,684.552,1790294513.173
6988,684.752,1790294513.543
6989,684.884,1790294513.805
6990,684.948,1790294513.927
6991,685.016,1790294514.112
6992,685.080,1790294514.199
6993,685.212,1790294514.496
6994,685.344,1790294514.719
6995,685.412,1790294514.885
6996,685.544,1790294515.100
6997,685.608,1790294515.286
6998,685.676,1790294515.393
6999,685.740,1790294515.517
7000,685.872,1790294515.786
7001,685.940,1790294515.899
7002,686.004,1790294516.067
7003,686.072,1790294516.179
7004,686.136,1790294516.312
7005,686.204,1790294516.488
7006,686.336,1790294516.705
7007,686.468,1790294516.968
7008,686.664,1790294517.340
7009,686.732,1790294517.460
7010,686.796,1790294517.545
7011,686.928,1790294517.843
7012,687.060,1790294518.116
7013,687.128,1790294518.234
7014,687.192,1790294518.330
7015,687.260,1790294518.513
7016,687.324,1790294518.642
7017,687.392,1790294518.747
7018,687.456,1790294518.928
7019,687.524,1790294519.050
7020,687.588,1790294519.145
7021,687.656,1790294519.318
7022,687.720,1790294519.443
7023,687.788,1790294519.559
7024,687.852,1790294519.701
7025,687.920,1790294519.870
7026,687.984,1790294519.977
7027,688.116,1790294520.295
7028,688.184,1790294520.397
7029,688.248,1790294520.517
7030,688.448,1790294520.896
7031,688.512,1790294521.072
7032,688.712,1790294521.466
7033,688.776,1790294521.565
7034,688.908,1790294521.852
7035,689.172,1790294522.348
7036,689.372,1790294522.744
7037,689.504,1790294523.063
7038,689.636,1790294523.291
7039,689.700,1790294523.396
7040,689.900,1790294523.837
7041,689.964,1790294524.002
7042,690.164,1790294524.394
7043,690.228,1790294524.513
7044,690.360,1790294524.778
7045,690.428,1790294524.905
7046,690.492,1790294524.998
7047,690.560,1790294525.173
7048,690.624,1790294525.296
7049,690.692,1790294525.381
7050,690.756,1790294525.551
7051,690.824,1790294525.687
7052,690.888,1790294525.796
7053,690.956,1790294525.973
7054,691.088,1790294526.200
7055,691.152,1790294526.325
7056,691.220,1790294526.505
7057,691.284,1790294526.606
7058,691.352,1790294526.731
7059,691.416,1790294526.896
7060,691.548,1790294527.114
7061,691.616,1790294527.306
7062,691.680,1790294527.402
7063,691.812,1790294527.702
7064,691.880,1790294527.801
7065,691.944,1790294527.938
7066,692.012,1790294528.126
7067,692.144,1790294528.355
7068,692.208,1790294528.541
7069,692.276,1790294528.644
7070,692.340,1790294528.763
7071,692.408,1790294528.951
7072,692.472,1790294529.059
7073,692.540,1790294529.181
7074,692.604,1790294529.377
7075,692.736,1790294529.610
7076,692.804,1790294529.788
7077,692.868,1790294529.886
7078,692.936,1790294530.011
7079,693.000,1790294530.106
7080,693.068,1790294530.271
7081,693.132,1790294530.392
7082,693.528,1790294531.140
7083,693.596,1790294531.237
7084,693.660,1790294531.407
7085,693.728,1790294531.526
7086,693.924,1790294531.911
7087,694.056,1790294532.172
7088,694.124,1790294532.302
7089,694.188,1790294532.405
7090,694.256,1790294532.576
7091,694.320,1790294532.708
7092,694.388,1790294532.810
7093,694.452,1790294532.933
7094,694.520,1790294533.108
7095,694.584,1790294533.198
7096,694.652,1790294533.318
7097,694.848,1790294533.686
7098,694.916,1790294533.868
7099,694.980,1790294533.963
7100,695.048,1790294534.090
7101,695.112,1790294534.261
7102,695.244,1790294534.485
7103,695.444,1790294534.900
7104,695.508,1790294535.083
7105,695.576,1790294535.187
7106,695.640,1790294535.304
7107,695.708,1790294535.471
7108,695.904,1790294535.874
7109,696.036,1790294536.109
7110,696.104,1790294536.302
7111,696.168,1790294536.419
7112,696.432,1790294536.968
7113,696.500,1790294537.072
7114,696.632,1790294537.382
7115,696.764,1790294537.672
7116,696.960,1790294538.069
7117,697.092,1790294538.286
7118,697.160,1790294538.466
7119,697.224,1790294538.586
7120,697.356,1790294538.883
7121,697.488,1790294539.106
7122,697.556,1790294539.286
7123,697.620,1790294539.420
7124,697.688,1790294539.519
7125,697.752,1790294539.641
7126,697.884,1790294539.917
7127,697.952,1790294540.035
7128,698.084,1790294540.296
7129,698.148,1790294540.421
7130,698.280,1790294540.695
7131,698.348,1790294540.822
7132,698.412,1790294541.019
7133,698.480,1790294541.118
7134,698.544,1790294541.255
7135,698.808,1790294541.850
7136,698.940,1790294542.081
7137,699.008,1790294542.282
7138,699.140,1790294542.499
7139,699.336,1790294542.897
7140,699.404,1790294543.080
7141,699.468,1790294543.194
7142,699.600,1790294543.422
7143,699.668,1790294543.591
7144,699.732,1790294543.732
7145,699.864,1790294544.000
7146,699.932,1790294544.137
7147,700.064,1790294544.418
7148,700.128,1790294544.544
7149,700.196,1790294544.640
7150,700.260,1790294544.815
7151,700.328,1790294544.938
7152,700.392,1790294545.042
7153,700.460,1790294545.228
7154,700.724,1790294545.753
7155,700.788,1790294545.850
7156,700.920,1790294546.144
7157,700.988,1790294546.238
7158,701.184,1790294546.627
7159,701.384,1790294547.015
7160,701.448,1790294547.148
7161,701.516,1790294547.327
7162,701.648,1790294547.547
7163,701.912,1790294548.135
7164,701.976,1790294548.232
7165,702.044,1790294548.360
7166,702.108,1790294548.548
7167,702.240,1790294548.783
7168,702.308,1790294548.966
7169,702.372,1790294549.065
7170,702.572,1790294549.473
7171,702.636,1790294549.597
7172,702.704,1790294549.766
7173,702.768,1790294549.866
7174,702.836,1790294549.982
7175,702.968,1790294550.246
7176,703.032,1790294550.363
7177,703.100,1790294550.456
7178,703.296,1790294550.839
7179,703.428,1790294551.147
7180,703.496,1790294551.241
7181,703.560,1790294551.407
7182,703.628,1790294551.529
7183,703.692,1790294551.632
7184,703.760,1790294551.799
7185,703.824,1790294551.929
7186,703.892,1790294552.025
7187,704.024,1790294552.337
7188,704.220,1790294552.766
7189,704.288,1790294552.873
7190,704.352,1790294553.007
7191,704.552,1790294553.440
7192,704.616,1790294553.626
7193,704.684,1790294553.733
7194,704.748,1790294553.854
7195,704.880,1790294554.122
7196,704.948,1790294554.242
7197,705.080,1790294554.526
7198,705.144,1790294554.649
7199,705.212,1790294554.813
7200,705.276,1790294554.908
7201,705.344,1790294555.030
7202,705.608,1790294555.580
7203,705.740,1790294555.795
7204,705.936,1790294556.185
7205,706.004,1790294556.354
7206,706.068,1790294556.455
7207,706.136,1790294556.575
7208,706.200,1790294556.666
7209,706.268,1790294556.834
7210,706.332,1790294556.954
7211,706.400,1790294557.049
7212,706.464,1790294557.225
7213,706.532,1790294557.369
7214,706.596,1790294557.463
7215,706.664,1790294557.642
7216,706.728,1790294557.767
7217,706.796,1790294557.860
7218,706.860,1790294558.034
7219,706.928,1790294558.155
7220,707.060,1790294558.430
7221,707.124,1790294558.548
7222,707.256,1790294558.810
7223,707.324,1790294558.932
7224,707.388,1790294559.026
7225,707.456,1790294559.200
7226,707.720,1790294559.717
7227,707.916,1790294560.094
7228,708.048,1790294560.310
7229,708.180,1790294560.581
7230,708.312,1790294560.879
7231,708.380,1790294560.986
7232,708.444,1790294561.098
7233,708.512,1790294561.275
7234,708.576,1790294561.379
7235,708.644,1790294561.517
7236,708.708,1790294561.714
7237,708.776,1790294561.821
7238,708.972,1790294562.217
7239,709.304,1790294562.902
7240,709.436,1790294563.115
7241,709.500,1790294563.206
7242,709.568,1790294563.370
7243,709.632,1790294563.497
7244,709.700,1790294563.590
7245,709.832,1790294563.881
7246,709.896,1790294563.983
7247,709.964,1790294564.160
7248,710.028,1790294564.281
7249,710.096,1790294564.381
7250,710.228,1790294564.678
7251,710.292,1790294564.773
7252,710.360,1790294564.958
7253,710.424,1790294565.082
7254,710.556,1790294565.377
7255,710.624,1790294565.514
7256,710.688,1790294565.609
7257,710.756,1790294565.792
7258,710.888,1790294566.006
7259,710.952,1790294566.136
7260,711.084,1790294566.394
7261,711.152,1790294566.533
7262,711.216,1790294566.689
7263,711.284,1790294566.777
7264,711.480,1790294567.178
7265,711.548,1790294567.293
7266,711.612,1790294567.459
7267,711.680,1790294567.566
7268,711.744,1790294567.681
7269,711.812,1790294567.856
7270,711.876,1790294567.957
7271,711.944,1790294568.079
7272,712.140,1790294568.479
7273,712.208,1790294568.664
7274,712.272,1790294568.763
7275,712.404,1790294569.044
7276,712.472,1790294569.148
7277,712.604,1790294569.419
7278,712.668,1790294569.521
7279,712.736,1790294569.637
7280,712.800,1790294569.737
7281,712.932,1790294570.039
7282,713.000,1790294570.138
7283,713.064,1790294570.329
7284,713.132,1790294570.464
7285,713.196,1790294570.565
7286,713.264,1790294570.763
7287,713.396,1790294570.979
7288,713.460,1790294571.170
7289,713.528,1790294571.291
7290,713.592,1790294571.384
7291,713.724,1790294571.715
7292,713.792,1790294571.818
7293,713.988,1790294572.217
7294,714.056,1790294572.393
7295,714.120,1790294572.514
7296,714.252,1790294572.746
7297,714.320,1790294572.908
7298,714.384,1790294573.000
7299,714.452,1790294573.116
7300,714.516,1790294573.295
7301,714.584,1790294573.385
7302,714.648,1790294573.500
7303,714.716,1790294573.673
7304,714.780,1790294573.765
7305,714.848,1790294573.884
7306,714.912,1790294574.066
7307,714.980,1790294574.165
7308,715.044,1790294574.296
7309,715.112,1790294574.486
7310,715.244,1790294574.728
7311,715.376,1790294575.025
7312,715.440,1790294575.142
7313,715.508,1790294575.312
7314,715.572,1790294575.420
7315,715.640,1790294575.539
7316,715.704,1790294575.710
7317,715.772,1790294575.827
7318,715.836,1790294575.949
7319,715.968,1790294576.217
7320,716.036,1790294576.330
7321,716.100,1790294576.426
7322,716.364,1790294576.962
7323,716.564,1790294577.346
7324,716.628,1790294577.467
7325,716.696,1790294577.556
7326,716.828,1790294577.864
7327,716.892,1790294577.961
7328,717.024,1790294578.258
7329,717.092,1790294578.347
7330,717.224,1790294578.647
7331,717.356,1790294578.908
7332,717.620,1790294579.415
7333,717.684,1790294579.520
7334,717.752,1790294579.653
7335,717.816,1790294579.832
7336,717.884,1790294579.944
7337,717.948,1790294580.072
7338,718.080,1790294580.341
7339,718.212,1790294580.637
7340,718.280,1790294580.741
7341,718.412,1790294581.045
7342,718.476,1790294581.136
7343,718.544,1790294581.263
7344,718.608,1790294581.451
7345,718.740,1790294581.671
7346,718.808,1790294581.856
7347,718.872,1790294581.959
7348,719.004,1790294582.242
7349,719.072,1790294582.348
7350,719.204,1790294582.645
7351,719.268,1790294582.760
7352,719.400,1790294582.979
7353,719.468,1790294583.164
7354,719.600,1790294583.400
7355,719.732,1790294583.712
7356,719.796,1790294583.810
7357,719.864,1790294584.025
7358,719.996,1790294584.259
7359,720.060,1790294584.456
7360,720.128,1790294584.597
7361,720.192,1790294584.707
7362,720.392,1790294585.142
7363,720.456,1790294585.357
7364,720.524,1790294585.500
7365,720.656,1790294585.788
7366,720.720,1790294585.927
7367,720.788,1790294586.025
7368,720.920,1790294586.304
7369,720.984,1790294586.406
7370,721.052,1790294586.535
7371,721.116,1790294586.697
7372,721.184,1790294586.793
7373,721.248,1790294586.914
7374,721.380,1790294587.177
7375,721.448,1790294587.302
7376,721.512,1790294587.499
7377,721.580,1790294587.594
7378,721.644,1790294587.712
7379,721.844,1790294588.094
7380,722.040,1790294588.518
7381,722.108,1790294588.699
7382,722.172,1790294588.793
7383,722.240,1790294588.919
7384,722.304,1790294589.102
7385,722.372,1790294589.198
7386,722.436,1790294589.314
7387,722.504,1790294589.495
7388,722.568,1790294589.597
7389,722.636,1790294589.715
7390,722.700,1790294589.806
7391,722.768,1790294589.994
7392,722.900,1790294590.214
7393,722.964,1790294590.400
7394,723.032,1790294590.526
7395,723.096,1790294590.614
7396,723.228,1790294590.912
7397,723.296,1790294591.005
7398,723.360,1790294591.201
7399,723.560,1790294591.611
7400,723.756,1790294592.006
7401,723.888,1790294592.223
7402,723.956,1790294592.398
7403,724.220,1790294592.903
7404,724.284,1790294592.995
7405,724.352,1790294593.121
7406,724.416,1790294593.287
7407,724.484,1790294593.385
7408,724.616,1790294593.673
7409,724.680,1790294593.771
7410,724.880,1790294594.168
7411,724.944,1790294594.293
7412,725.012,1790294594.472
7413,725.076,1790294594.572
7414,725.144,1790294594.692
7415,725.276,1790294594.954
7416,725.340,1790294595.067
7417,725.408,1790294595.244
7418,725.540,1790294595.464
7419,725.804,1790294596.049
7420,725.868,1790294596.150
7421,725.936,1790294596.277
7422,726.000,1790294596.380
7423,726.132,1790294596.682
7424,726.200,1790294596.770
7425,726.264,1790294596.936
7426,726.332,1790294597.068
7427,726.396,1790294597.172
7428,726.464,1790294597.347
7429,726.528,1790294597.475
7430,726.728,1790294597.870
7431,726.792,1790294597.972
7432,726.860,1790294598.143
7433,726.924,1790294598.264
7434,727.056,1790294598.546
7435,727.124,1790294598.668
7436,727.188,1790294598.757
7437,727.320,1790294599.062
7438,727.388,1790294599.154
7439,727.584,1790294599.544
7440,727.652,1790294599.662
7441,727.784,1790294599.928
7442,727.848,1790294600.053
7443,727.916,1790294600.240
7444,727.980,1790294600.342
7445,728.112,1790294600.632
7446,728.376,1790294601.113
7447,728.444,1790294601.242
7448,728.508,1790294601.444
7449,728.576,1790294601.541
7450,728.640,1790294601.662
7451,728.772,1790294601.941
7452,728.840,1790294602.061
7453,728.904,1790294602.252
7454,728.972,1790294602.375
7455,729.036,1790294602.514
7456,729.104,1790294602.709
7457,729.300,1790294603.013
7458,729.500,1790294603.399
7459,729.564,1790294603.573
7460,729.632,1790294603.699
7461,729.696,1790294603.799
7462,729.828,1790294604.109
7463,729.896,1790294604.215
7464,729.960,1790294604.381
7465,730.028,1790294604.504
7466,730.092,1790294604.598
7467,730.224,1790294604.889
7468,730.292,1790294604.984
7469,730.488,1790294605.384
7470,730.556,1790294605.551
7471,730.620,1790294605.683
7472,730.688,1790294605.773
7473,730.752,1790294605.899
7474,730.820,1790294606.059
7475,731.016,1790294606.429
7476,731.084,1790294606.528
7477,731.148,1790294606.658
7478,731.216,1790294606.833
7479,731.280,1790294606.928
7480,731.544,1790294607.458
7481,731.676,1790294607.747
7482,731.744,1790294607.858
7483,731.808,1790294608.028
7484,731.940,1790294608.249
7485,732.008,1790294608.422
7486,732.072,1790294608.533
7487,732.204,1790294608.838
7488,732.536,1790294609.452
7489,732.600,1790294609.545
7490,732.732,1790294609.831
7491,732.800,1790294609.931
7492,732.864,1790294610.095
7493,732.932,1790294610.213
7494,732.996,1790294610.306
7495,733.064,1790294610.492
7496,733.128,1790294610.604
7497,733.196,1790294610.691
7498,733.260,1790294610.858
7499,733.328,1790294610.986
7500,733.392,1790294611.081
7501,733.524,1790294611.375
7502,733.592,1790294611.462
7503,733.656,1790294611.628
7504,733.724,1790294611.764
7505,733.856,1790294612.035
7506,733.920,1790294612.171
7507,733.988,1790294612.260
7508,734.252,1790294612.780
7509,734.448,1790294613.172
7510,734.648,1790294613.561
7511,734.780,1790294613.838
7512,734.844,1790294613.969
7513,734.912,1790294614.168
7514,734.976,1790294614.258
7515,735.044,1790294614.394
7516,735.108,1790294614.583
7517,735.176,1790294614.695
7518,735.372,1790294615.136
7519,735.440,1790294615.265
7520,735.636,1790294615.733
7521,735.768,1790294616.060
7522,735.900,1790294616.307
7523,736.032,1790294616.634
7524,736.100,1790294616.736
7525,736.164,1790294616.933
7526,736.428,1790294617.492
7527,736.628,1790294617.923
7528,736.692,1790294618.031
7529,736.760,1790294618.215
7530,736.824,1790294618.338
7531,736.892,1790294618.436
7532,737.024,1790294618.746
7533,737.088,1790294618.854
7534,737.220,1790294619.152
7535,737.288,1790294619.246
7536,737.352,1790294619.366
7537,737.484,1790294619.632
7538,737.748,1790294620.166
7539,737.880,1790294620.453
7540,738.080,1790294620.862
7541,738.144,1790294620.975
7542,738.344,1790294621.363
7543,738.408,1790294621.540
7544,738.476,1790294621.649
7545,738.540,1790294621.767
7546,738.672,1790294622.056
7547,738.740,1790294622.169
7548,738.872,1790294622.443
7549,738.936,1790294622.559
7550,739.004,1790294622.740
7551,739.068,1790294622.841
7552,739.136,1790294622.962
7553,739.200,1790294623.057
7554,739.268,1790294623.250
7555,739.332,1790294623.389
7556,739.400,1790294623.476
7557,739.464,1790294623.640
7558,739.532,1790294623.771
7559,739.596,1790294623.866
7560,739.728,1790294624.163
7561,739.860,1790294624.421
7562,739.992,1790294624.632
7563,740.060,1790294624.803
7564,740.124,1790294624.921
7565,740.192,1790294625.015
7566,740.324,1790294625.315
7567,740.388,1790294625.420
7568,740.520,1790294625.714
7569,740.588,1790294625.809
7570,740.720,1790294626.093
7571,740.852,1790294626.300
7572,740.984,1790294626.553
7573,741.048,1790294626.677
7574,741.116,1790294626.865
7575,741.180,1790294626.962
7576,741.248,1790294627.085
7577,741.312,1790294627.265
7578,741.444,1790294627.477
7579,741.576,1790294627.750
7580,741.708,1790294628.036
7581,741.776,1790294628.133
7582,741.908,1790294628.435
7583,741.972,1790294628.536
7584,742.040,1790294628.666
7585,742.172,1790294628.960
7586,742.236,1790294629.071
7587,742.368,1790294629.348
7588,742.436,1790294629.476
7589,742.568,1790294629.745
7590,742.632,1790294629.870
7591,742.764,1790294630.155
7592,742.832,1790294630.269
7593,743.096,1790294630.740
7594,743.228,1790294631.030
7595,743.360,1790294631.319
7596,743.492,1790294631.538
7597,743.624,1790294631.873
7598,743.688,1790294631.972
7599,743.756,1790294632.152
7600,743.820,1790294632.282
7601,744.020,1790294632.689
7602,744.152,1790294632.899
7603,744.284,1790294633.175
7604,744.416,1790294633.484
7605,744.480,1790294633.576
7606,744.548,1790294633.700
7607,744.680,1790294633.978
7608,744.944,1790294634.508
7609,745.008,1790294634.699
7610,745.076,1790294634.795
7611,745.208,1790294635.096
7612,745.272,1790294635.200
7613,745.340,1790294635.325
7614,745.472,1790294635.594
7615,745.536,1790294635.719
7616,745.604,1790294635.891
7617,745.668,1790294636.006
7618,745.868,1790294636.390
7619,745.932,1790294636.503
7620,746.000,1790294636.590
7621,746.064,1790294636.761
7622,746.132,1790294636.887
7623,746.196,1790294636.980
7624,746.328,1790294637.290
7625,746.396,1790294637.383
7626,746.592,1790294637.782
7627,746.660,1790294637.963
7628,746.724,1790294638.086
7629,746.856,1790294638.362
7630,746.988,1790294638.597
7631,747.056,1790294638.768
7632,747.120,1790294638.898
7633,747.188,1790294638.994
7634,747.252,1790294639.121
7635,747.320,1790294639.284
7636,747.384,1790294639.381
7637,747.648,1790294639.893
7638,747.780,1790294640.178
7639,747.912,1790294640.465
7640,748.044,1790294640.682
7641,748.112,1790294640.861
7642,748.176,1790294640.968
7643,748.244,1790294641.092
7644,748.308,1790294641.264
7645,748.376,1790294641.366
7646,748.440,1790294641.481
7647,748.508,1790294641.638
7648,748.572,1790294641.738
7649,748.704,1790294642.016
7650,748.836,1790294642.241
7651,748.904,1790294642.415
7652,748.968,1790294642.519
7653,749.100,1790294642.743
7654,749.168,1790294642.918
7655,749.300,1790294643.139
7656,749.364,1790294643.303
7657,749.432,1790294643.439
7658,749.496,1790294643.540
7659,749.628,1790294643.851
7660,749.828,1790294644.251
7661,749.892,1790294644.343
7662,749.960,1790294644.511
7663,750.092,1790294644.724
7664,750.156,1790294644.892
7665,750.224,1790294645.026
7666,750.288,1790294645.126
7667,750.356,1790294645.297
7668,750.420,1790294645.439
7669,750.552,1790294645.672
7670,750.684,1790294645.923
7671,750.816,1790294646.206
7672,750.884,1790294646.308
7673,751.016,1790294646.625
7674,751.148,1790294646.856
7675,751.212,1790294647.051
7676,751.280,1790294647.174
7677,751.344,1790294647.329
7678,751.412,1790294647.534
7679,751.608,1790294647.967
7680,751.740,1790294648.202
7681,751.872,1790294648.504
7682,752.004,1790294648.809
7683,752.072,1790294648.920
7684,752.136,1790294649.043
7685,752.204,1790294649.232
7686,752.268,1790294649.336
7687,752.336,1790294649.468
7688,752.400,1790294649.562
7689,752.468,1790294649.730
7690,752.532,1790294649.847
7691,752.600,1790294649.934
7692,752.664,1790294650.099
7693,752.732,1790294650.220
7694,752.796,1790294650.307
7695,752.864,1790294650.481
7696,752.928,1790294650.602
7697,752.996,1790294650.702
7698,753.060,1790294650.867
7699,753.128,1790294650.989
7700,753.192,1790294651.081
7701,753.260,1790294651.259
7702,753.324,1790294651.387
7703,753.524,1790294651.780
7704,753.588,1790294651.873
7705,753.656,1790294652.051
7706,753.788,1790294652.269
7707,753.852,1790294652.388
7708,753.920,1790294652.568
7709,753.984,1790294652.662
7710,754.116,1790294652.959
7711,754.184,1790294653.052
7712,754.248,1790294653.168
7713,754.380,1790294653.443
7714,754.448,1790294653.568
7715,754.512,1790294653.731
7716,754.580,1790294653.825
7717,754.712,1790294654.119
7718,754.844,1790294654.325
7719,755.108,1790294654.886
7720,755.172,1790294654.989
7721,755.240,1790294655.103
7722,755.504,1790294655.642
7723,755.700,1790294655.949
7724,755.832,1790294656.233
7725,755.964,1790294656.483
7726,756.096,1790294656.696
7727,756.164,1790294656.869
7728,756.228,1790294656.988
7729,756.296,1790294657.084
7730,756.428,1790294657.378
7731,756.492,1790294657.466
7732,756.692,1790294657.865
7733,756.756,1790294658.028
7734,756.824,1790294658.152
7735,756.888,1790294658.244
7736,756.956,1790294658.411
7737,757.152,1790294658.745
7738,757.284,1790294658.994
7739,757.352,1790294659.100
7740,757.484,1790294659.351
7741,757.548,1790294659.465
7742,757.680,1790294659.729
7743,757.748,1790294659.848
7744,757.880,1790294660.113
7745,757.944,1790294660.226
7746,758.144,1790294660.614
7747,758.276,1790294660.895
7748,758.340,1790294661.008
7749,758.540,1790294661.389
7750,758.604,1790294661.556
7751,758.672,1790294661.659
7752,758.736,1790294661.776
7753,758.868,1790294662.047
7754,759.000,1790294662.255
7755,759.264,1790294662.810
7756,759.464,1790294663.235
7757,759.528,1790294663.370
7758,759.660,1790294663.642
7759,759.728,1790294663.761
7760,759.792,1790294663.852
7761,759.924,1790294664.156
7762,759.992,1790294664.253
7763,760.056,1790294664.424
7764,760.188,1790294664.650
7765,760.256,1790294664.841
7766,760.320,1790294664.979
7767,760.452,1790294665.200
7768,760.520,1790294665.365
7769,760.584,1790294665.460
7770,760.652,1790294665.583
7771,760.716,1790294665.758
7772,760.784,1790294665.851
7773,760.848,1790294665.976
7774,760.916,1790294666.141
7775,760.980,1790294666.236
7776,761.112,1790294666.546
7777,761.180,1790294666.647
7778,761.244,1790294666.772
7779,761.376,1790294667.054
7780,761.444,1790294667.176
7781,761.508,1790294667.358
7782,761.576,1790294667.457
7783,761.640,1790294667.575
7784,761.708,1790294667.735
7785,761.772,1790294667.842
7786,761.840,1790294667.956
7787,761.972,1790294668.225
7788,762.104,1790294668.508
7789,762.168,1790294668.634
7790,762.300,1790294668.862
7791,762.368,1790294669.026
7792,762.432,1790294669.153
7793,762.500,1790294669.252
7794,762.632,1790294669.554
7795,762.696,1790294669.649
7796,762.896,1790294670.024
7797,762.960,1790294670.200
7798,763.160,1790294670.574
7799,763.292,1790294670.776
7800,763.356,1790294670.942
7801,763.488,1790294671.170
7802,763.820,1790294671.874
7803,764.084,1790294672.349
7804,764.148,1790294672.470
7805,764.216,1790294672.641
7806,764.280,1790294672.728
7807,764.348,1790294672.852
7808,764.412,1790294673.029
7809,764.480,1790294673.135
7810,764.544,1790294673.259
7811,764.876,1790294673.925
7812,765.072,1790294674.317
7813,765.140,1790294674.433
7814,765.204,1790294674.608
7815,765.336,1790294674.840
7816,765.536,1790294675.245
7817,765.600,1790294675.338
7818,765.732,1790294675.620
7819,765.800,1790294675.721
7820,765.932,1790294676.016
7821,766.064,1790294676.283
7822,766.196,1790294676.513
7823,766.328,1790294676.813
7824,766.392,1790294676.905
7825,766.524,1790294677.213
7826,766.592,1790294677.302
7827,766.724,1790294677.615
7828,766.988,1790294678.149
7829,767.052,1790294678.283
7830,767.120,1790294678.476
7831,767.184,1790294678.589
7832,767.384,1790294678.997
7833,767.516,1790294679.314
7834,767.580,1790294679.434
7835,767.648,1790294679.561
7836,767.844,1790294679.982
7837,768.108,1790294680.545
7838,768.240,1790294680.766
7839,768.308,1790294680.932
7840,768.372,1790294681.031
7841,768.440,1790294681.150
7842,768.572,1790294681.437
7843,768.704,1790294681.756
7844,768.836,1790294681.977
7845,768.968,1790294682.236
7846,769.032,1790294682.354
7847,769.232,1790294682.731
7848,769.296,1790294682.820
7849,769.364,1790294683.012
7850,769.428,1790294683.126
7851,769.496,1790294683.219
7852,769.560,1790294683.386
7853,769.692,1790294683.598
7854,769.760,1790294683.775
7855,769.824,1790294683.902
7856,769.892,1790294683.989
7857,770.024,1790294684.280
7858,770.156,1790294684.556
7859,770.220,1790294684.687
7860,770.288,1790294684.788
7861,770.352,1790294684.935
7862,770.420,1790294685.114
7863,770.484,1790294685.201
7864,770.616,1790294685.469
7865,770.748,1790294685.686
7866,770.880,1790294685.958
7867,770.948,1790294686.080
7868,771.144,1790294686.456
7869,771.276,1790294686.711
7870,771.344,1790294686.836
7871,771.408,1790294687.016
7872,771.476,1790294687.138
7873,771.540,1790294687.273
7874,771.608,1790294687.448
7875,771.740,1790294687.662
7876,771.804,1790294687.840
7877,771.872,1790294687.938
7878,772.068,1790294688.324
7879,772.200,1790294688.539
7880,772.268,1790294688.711
7881,772.332,1790294688.829
7882,772.400,1790294688.925
7883,772.596,1790294689.301
7884,772.728,1790294689.588
7885,772.796,1790294689.684
7886,772.860,1790294689.858
7887,772.928,1790294689.980
7888,772.992,1790294690.078
7889,773.060,1790294690.261
7890,773.124,1790294690.380
7891,773.192,1790294690.472
7892,773.256,1790294690.633
7893,773.324,1790294690.755
7894,773.388,1790294690.850
7895,773.456,1790294691.027
7896,773.520,1790294691.153
7897,773.652,1790294691.363
7898,773.720,1790294691.528
7899,773.784,1790294691.626
7900,773.852,1790294691.761
7901,773.916,1790294691.923
7902,773.984,1790294692.015
7903,774.180,1790294692.406
7904,774.248,1790294692.522
7905,774.380,1790294692.805
7906,774.512,1790294693.101
7907,774.576,1790294693.191
7908,774.644,1790294693.307
7909,774.776,1790294693.590
7910,774.840,1790294693.713
7911,774.908,1790294693.891
7912,774.972,1790294693.985
7913,775.040,1790294694.097
7914,775.104,1790294694.266
7915,775.172,1790294694.374
7916,775.236,1790294694.491
7917,775.368,1790294694.756
7918,775.500,1790294694.973
7919,775.568,1790294695.149
7920,775.764,1790294695.528
7921,776.096,1790294696.168
7922,776.160,1790294696.348
7923,776.228,1790294696.490
7924,776.292,1790294696.586
7925,776.360,1790294696.771
7926,776.424,1790294696.907
7927,776.492,1790294697.008
7928,776.556,1790294697.189
7929,776.624,1790294697.311
7930,776.688,1790294697.405
7931,776.756,1790294697.574
7932,776.888,1790294697.805
7933,776.952,1790294697.947
7934,777.020,1790294698.107
7935,777.084,1790294698.199
7936,777.152,1790294698.324
7937,777.284,1790294698.583
7938,777.480,1790294698.969
7939,777.548,1790294699.087
7940,777.612,1790294699.254
7941,777.680,1790294699.353
7942,777.744,1790294699.468
7943,777.944,1790294699.878
7944,778.076,1790294700.160
7945,778.208,1790294700.476
7946,778.272,1790294700.584
7947,778.340,1790294700.706
7948,778.536,1790294701.139
7949,778.668,1790294701.419
7950,778.736,1790294701.541
7951,778.868,1790294701.801
7952,778.932,1790294701.907
7953,779.000,1790294701.991
7954,779.132,1790294702.264
7955,779.396,1790294702.727
7956,779.528,1790294703.010
7957,779.592,1790294703.101
7958,779.660,1790294703.264
7959,779.724,1790294703.393
7960,779.792,1790294703.480
7961,779.856,1790294703.645
7962,780.056,1790294704.034
7963,780.120,1790294704.167
7964,780.188,1790294704.268
7965,780.252,1790294704.396
7966,780.320,1790294704.558
7967,780.384,1790294704.647
7968,780.516,1790294704.944
7969,780.648,1790294705.155
7970,780.716,1790294705.324
7971,780.780,1790294705.416
7972,780.848,1790294705.539
7973,781.044,1790294705.919
7974,781.112,1790294706.089
7975,781.176,1790294706.184
7976,781.440,1790294706.658
7977,781.508,1790294706.825
7978,781.640,1790294707.031
7979,781.704,1790294707.209
7980,781.772,1790294707.320
7981,781.904,1790294707.612
7982,782.036,1790294707.825
7983,782.100,1790294707.917
7984,782.232,1790294708.200
7985,782.300,1790294708.293
7986,782.364,1790294708.466
7987,782.696,1790294709.096
7988,782.960,1790294709.688
7989,783.092,1790294709.907
7990,783.156,1790294710.095
7991,783.420,1790294710.638
7992,783.488,1790294710.730
7993,783.552,1790294710.854
7994,783.684,1790294711.102
7995,783.884,1790294711.484
7996,783.948,1790294711.604
7997,784.016,1790294711.775
7998,784.148,1790294711.990
7999,784.212,1790294712.168
8000,784.676,1790294713.052
8001,785.004,1790294713.736
8002,785.136,1790294713.955
8003,785.204,1790294714.143
8004,785.268,1790294714.254
8005,785.400,1790294714.473
8006,785.468,1790294714.628
8007,785.532,1790294714.743
8008,785.600,1790294714.832
8009,785.732,1790294715.107
8010,785.796,1790294715.197
8011,785.864,1790294715.376
8012,785.928,1790294715.510
8013,785.996,1790294715.608
8014,786.060,1790294715.790
8015,786.128,1790294715.924
8016,786.192,1790294716.013
8017,786.324,1790294716.314
8018,786.392,1790294716.404
8019,786.588,1790294716.792
8020,786.720,1790294717.104
8021,786.920,1790294717.468
8022,787.184,1790294717.921
8023,787.248,1790294718.035
8024,787.380,1790294718.299
8025,787.448,1790294718.429
8026,787.512,1790294718.605
8027,787.644,1790294718.832
8028,787.776,1790294719.110
8029,787.908,1790294719.424
8030,788.040,1790294719.635
8031,788.108,1790294719.798
8032,788.172,1790294719.904
8033,788.240,1790294720.012
8034,788.304,1790294720.189
8035,788.372,1790294720.292
8036,788.504,1790294720.577
8037,788.568,1790294720.675
8038,788.636,1790294720.802
8039,788.700,1790294720.910
8040,788.768,1790294721.083
8041,788.900,1790294721.297
8042,789.032,1790294721.575
8043,789.164,1790294721.842
8044,789.228,1790294721.960
8045,789.296,1790294722.048
8046,789.360,1790294722.223
8047,789.428,1790294722.341
8048,789.492,1790294722.433
8049,789.560,1790294722.603
8050,789.824,1790294723.123
8051,789.888,1790294723.222
8052,789.956,1790294723.401
8053,790.020,1790294723.538
8054,790.088,1790294723.629
8055,790.152,1790294723.745
8056,790.416,1790294724.287
8057,790.548,1790294724.489
8058,790.616,1790294724.654
8059,790.812,1790294725.045
8060,790.880,1790294725.158
8061,790.944,1790294725.280
8062,791.012,1790294725.471
8063,791.144,1790294725.685
8064,791.208,1790294725.854
8065,791.276,1790294725.969
8066,791.408,1790294726.251
8067,791.472,1790294726.353
8068,791.540,1790294726.484
8069,791.604,1790294726.668
8070,791.672,1790294726.768
8071,791.736,1790294726.888
8072,791.804,1790294727.054
8073,791.868,1790294727.159
8074,791.936,1790294727.285
8075,792.068,1790294727.547
8076,792.200,1790294727.756
8077,792.264,1790294727.915
8078,792.464,1790294728.308
8079,792.528,1790294728.432
8080,792.596,1790294728.526
8081,792.660,1790294728.693
8082,792.728,1790294728.815
8083,792.792,1790294728.907
8084,792.860,1790294729.071
8085,792.924,1790294729.186
8086,792.992,1790294729.272
8087,793.056,1790294729.436
8088,793.188,1790294729.645
8089,793.320,1790294729.954
8090,793.388,1790294730.052
8091,793.452,1790294730.186
8092,793.520,1790294730.357
8093,793.716,1790294730.733
8094,793.784,1790294730.832
8095,793.848,1790294730.960
8096,794.048,1790294731.350
8097,794.180,1790294731.625
8098,794.244,1790294731.742
8099,794.312,1790294731.914
8100,794.444,1790294732.129
8101,794.576,1790294732.402
8102,794.640,1790294732.513
8103,794.708,1790294732.704
8104,794.772,1790294732.805
8105,794.840,1790294732.928
8106,794.972,1790294733.197
8107,795.036,1790294733.316
8108,795.104,1790294733.502
8109,795.168,1790294733.617
8110,795.368,1790294734.003
8111,795.432,1790294734.120
8112,795.500,1790294734.218
8113,795.564,1790294734.383
8114,795.696,1790294734.596
8115,795.764,1790294734.778
8116,795.828,1790294734.908
8117,795.896,1790294735.007
8118,796.028,1790294735.319
8119,796.160,1790294735.618
8120,796.224,1790294735.738
8121,796.292,1790294735.834
8122,796.424,1790294736.161
8123,796.488,1790294736.246
8124,796.556,1790294736.426
8125,796.688,1790294736.674
8126,796.820,1790294736.973
8127,796.952,1790294737.185
8128,797.084,1790294737.446
8129,797.148,1790294737.559
8130,797.216,1790294737.734
8131,797.348,1790294737.960
8132,797.480,1790294738.227
8133,797.544,1790294738.353
8134,797.676,1790294738.632
8135,797.744,1790294738.742
8136,797.940,1790294739.160
8137,798.072,1790294739.461
8138,798.140,1790294739.587
8139,798.272,1790294739.897
8140,798.404,1790294740.216
8141,798.468,1790294740.337
8142,798.536,1790294740.460
8143,798.600,1790294740.564
8144,798.668,1790294740.740
8145,798.800,1790294740.970
8146,798.864,1790294741.151
8147,798.932,1790294741.287
8148,799.064,1790294741.580
8149,799.196,1790294741.788
8150,799.260,1790294741.957
8151,799.392,1790294742.163
8152,799.460,1790294742.341
8153,799.592,1790294742.541
8154,799.656,1790294742.727
8155,799.724,1790294742.844
8156,799.788,1790294742.934
8157,799.856,1790294743.105
8158,799.920,1790294743.228
8159,799.988,1790294743.324
8160,800.052,1790294743.449
8161,800.120,1790294743.634
8162,800.184,1790294743.738
8163,800.252,1790294743.884
8164,800.316,1790294744.050
8165,800.384,1790294744.153
8166,800.448,1790294744.270
8167,800.580,1790294744.538
8168,800.648,1790294744.651
8169,800.712,1790294744.828
8170,800.844,1790294745.044
8171,800.976,1790294745.302
8172,801.044,1790294745.418
8173,801.108,1790294745.590
8174,801.308,1790294745.974
8175,801.372,1790294746.065
8176,801.440,1790294746.192
8177,801.504,1790294746.362
8178,801.572,1790294746.464
8179,801.636,1790294746.581
8180,801.704,1790294746.751
8181,801.768,1790294746.857
8182,801.900,1790294747.070
8183,802.100,1790294747.436
8184,802.164,1790294747.603
8185,802.296,1790294747.821
8186,802.428,1790294748.108
8187,802.692,1790294748.574
8188,802.760,1790294748.749
8189,802.824,1790294748.863
8190,802.892,1790294748.950
8191,803.024,1790294749.239
8192,803.156,1790294749.505
8193,803.288,1790294749.725
8194,803.352,1790294749.843
8195,803.420,1790294750.008
8196,803.484,1790294750.111
8197,803.684,1790294750.487
8198,803.816,1790294750.767
8199,803.880,1790294750.859
8200,803.948,1790294750.973
8201,804.080,1790294751.247
8202,804.144,1790294751.356
8203,804.276,1790294751.626
8204,804.344,1790294751.747
8205,804.408,1790294751.917
8206,804.540,1790294752.130
8207,804.608,1790294752.290
8208,804.740,1790294752.508
8209,804.804,1790294752.681
8210,804.936,1790294752.918
8211,805.200,1790294753.410
8212,805.268,1790294753.583
8213,805.400,1790294753.781
8214,805.532,1790294754.053
8215,805.596,1790294754.146
8216,805.728,1790294754.440
8217,805.796,1790294754.536
8218,805.860,1790294754.703
8219,805.992,1790294754.918
8220,806.060,1790294755.081
8221,806.124,1790294755.209
8222,806.192,1790294755.307
8223,806.324,1790294755.611
8224,806.456,1790294755.869
8225,806.520,1790294755.996
8226,806.588,1790294756.086
8227,806.652,1790294756.217
8228,806.852,1790294756.583
8229,806.916,1790294756.738
8230,806.984,1790294756.828
8231,807.048,1790294756.967
8232,807.116,1790294757.151
8233,807.180,1790294757.244
8234,807.248,1790294757.368
8235,807.312,1790294757.560
8236,807.776,1790294758.444
8237,807.840,1790294758.564
8238,807.972,1790294758.853
8239,808.040,1790294758.977
8240,808.104,1790294759.157
8241,808.172,1790294759.256
8242,808.236,1790294759.369
8243,808.304,1790294759.547
8244,808.368,1790294759.645
8245,808.436,1790294759.768
8246,808.500,1790294759.862
8247,808.632,1790294760.145
8248,808.764,1790294760.407
8249,808.832,1790294760.522
8250,808.896,1790294760.610
8251,808.964,1790294760.790
8252,809.028,1790294760.908
8253,809.160,1790294761.168
8254,809.228,1790294761.295
8255,809.360,1790294761.545
8256,809.492,1790294761.748
8257,809.756,1790294762.311
8258,809.820,1790294762.437
8259,809.888,1790294762.536
8260,810.020,1790294762.818
8261,810.084,1790294762.903
8262,810.216,1790294763.172
8263,810.348,1790294763.378
8264,810.480,1790294763.633
8265,810.812,1790294764.318
8266,810.876,1790294764.421
8267,811.140,1790294764.928
8268,811.208,1790294765.091
8269,811.272,1790294765.187
8270,811.472,1790294765.571
8271,811.536,1790294765.689
8272,811.604,1790294765.860
8273,811.668,1790294765.957
8274,811.736,1790294766.076
8275,811.800,1790294766.174
8276,811.868,1790294766.341
8277,811.932,1790294766.455
8278,812.000,1790294766.556
8279,812.064,1790294766.728
8280,812.132,1790294766.854
8281,812.196,1790294766.948
8282,812.264,1790294767.117
8283,812.328,1790294767.244
8284,812.396,1790294767.341
8285,812.528,1790294767.637
8286,812.724,1790294768.023
8287,812.792,1790294768.120
8288,812.924,1790294768.419
8289,812.988,1790294768.511
8290,813.056,1790294768.689
8291,813.188,1790294768.901
8292,813.252,1790294769.029
8293,813.320,1790294769.214
8294,813.384,1790294769.309
8295,813.452,1790294769.424
8296,813.516,1790294769.593
8297,813.584,1790294769.687
8298,813.716,1790294770.006
8299,813.780,1790294770.119
8300,813.848,1790294770.259
8301,813.912,1790294770.461
8302,813.980,1790294770.570
8303,814.176,1790294770.997
8304,814.244,1790294771.138
8305,814.308,1790294771.339
8306,814.440,1790294771.588
8307,814.640,1790294772.031
8308,814.704,1790294772.225
8309,814.772,1790294772.341
8310,814.836,1790294772.463
8311,814.904,1790294772.629
8312,814.968,1790294772.734
8313,815.036,1790294772.868
8314,815.100,1790294772.961
8315,815.300,1790294773.323
8316,815.432,1790294773.601
8317,815.496,1790294773.695
8318,815.564,1790294773.857
8319,815.892,1790294774.439
8320,815.960,1790294774.604
8321,816.024,1790294774.719
8322,816.092,1790294774.807
8323,816.156,1790294774.974
8324,816.224,1790294775.090
8325,816.288,1790294775.178
8326,816.356,1790294775.345
8327,816.420,1790294775.465
8328,816.488,1790294775.555
8329,816.552,1790294775.674
8330,816.884,1790294776.275
8331,816.948,1790294776.386
8332,817.080,1790294776.643
8333,817.148,1790294776.762
8334,817.280,1790294777.025
8335,817.344,1790294777.139
8336,817.412,1790294777.302
8337,817.476,1790294777.393
8338,817.544,1790294777.510
8339,817.608,1790294777.667
8340,817.676,1790294777.766
8341,817.740,1790294777.885
8342,817.808,1790294778.043
8343,817.872,1790294778.142
8344,817.940,1790294778.259
8345,818.004,1790294778.424
8346,818.072,1790294778.529
8347,818.204,1790294778.792
8348,818.268,1790294778.892
8349,818.468,1790294779.249
8350,818.532,1790294779.372
8351,818.600,1790294779.464
8352,818.664,1790294779.621
8353,818.732,1790294779.750
8354,818.796,1790294779.841
8355,818.864,1790294780.014
8356,818.928,1790294780.128
8357,818.996,1790294780.215
8358,819.060,1790294780.392
8359,819.128,1790294780.514
8360,819.192,1790294780.609
8361,819.260,1790294780.788
8362,819.324,1790294780.909
8363,819.392,1790294781.008
8364,819.456,1790294781.198
8365,819.524,1790294781.332
8366,819.588,1790294781.419
8367,819.656,1790294781.578
8368,819.720,1790294781.703
8369,819.788,1790294781.803
8370,819.852,1790294781.947
8371,819.920,1790294782.109
8372,819.984,1790294782.194
8373,820.116,1790294782.470
8374,820.184,1790294782.560
8375,820.248,1790294782.669
8376,820.380,1790294782.942
8377,820.448,1790294783.067
8378,820.512,1790294783.241
8379,820.580,1790294783.334
8380,820.644,1790294783.447
8381,820.712,1790294783.607
8382,820.776,1790294783.714
8383,820.844,1790294783.834
8384,820.908,1790294783.998
8385,821.040,1790294784.202
8386,821.172,1790294784.476
8387,821.372,1790294784.870
8388,821.636,1790294785.358
8389,821.700,1790294785.443
8390,821.768,1790294785.599
8391,821.832,1790294785.713
8392,821.964,1790294785.977
8393,822.164,1790294786.357
8394,822.228,1790294786.476
8395,822.296,1790294786.564
8396,822.428,1790294786.849
8397,822.492,1790294786.956
8398,822.560,1790294787.128
8399,822.624,1790294787.252
8400,822.692,1790294787.349
8401,822.756,1790294787.530
8402,822.824,1790294787.655
8403,822.888,1790294787.743
8404,822.956,1790294787.916
8405,823.220,1790294788.413
8406,823.352,1790294788.620
8407,823.416,1790294788.802
8408,823.484,1790294788.889
8409,823.548,1790294789.007
8410,823.680,1790294789.259
8411,823.880,1790294789.641
8412,823.944,1790294789.772
8413,824.144,1790294790.181
8414,824.276,1790294790.453
8415,824.340,1790294790.568
8416,824.408,1790294790.743
8417,824.472,1790294790.838
8418,824.540,1790294790.951
8419,824.604,1790294791.114
8420,824.672,1790294791.223
8421,824.936,1790294791.752
8422,825.068,1790294792.030
8423,825.132,1790294792.158
8424,825.264,1790294792.423
8425,825.464,1790294792.853
8426,825.528,1790294792.976
8427,825.660,1790294793.238
8428,825.728,1790294793.363
8429,825.792,1790294793.449
8430,825.992,1790294793.828
8431,826.056,1790294794.003
8432,826.124,1790294794.134
8433,826.188,1790294794.222
8434,826.320,1790294794.512
8435,826.584,1790294794.973
8436,826.716,1790294795.287
8437,826.784,1790294795.396
8438,826.848,1790294795.517
8439,826.916,1790294795.719
8440,827.048,1790294795.967
8441,827.376,1790294796.668
8442,827.444,1790294796.802
8443,827.508,1790294797.014
8444,827.772,1790294797.538
8445,827.840,1790294797.656
8446,827.904,1790294797.823
8447,828.036,1790294798.041
8448,828.104,1790294798.225
8449,828.168,1790294798.337
8450,828.236,1790294798.459
8451,828.300,1790294798.543
8452,828.368,1790294798.709
8453,828.696,1790294799.355
8454,828.764,1790294799.543
8455,828.960,1790294799.966
8456,829.292,1790294800.576
8457,829.488,1790294800.968
8458,829.556,1790294801.138
8459,829.620,1790294801.264
8460,829.688,1790294801.363
8461,829.752,1790294801.477
8462,829.820,1790294801.644
8463,829.884,1790294801.742
8464,829.952,1790294801.867
8465,830.016,1790294802.026
8466,830.148,1790294802.238
8467,830.216,1790294802.410
8468,830.280,1790294802.511
8469,830.348,1790294802.630
8470,830.480,1790294802.901
8471,830.544,1790294803.017
8472,830.676,1790294803.302
8473,830.876,1790294803.702
8474,830.940,1790294803.819
8475,831.008,1790294803.986
8476,831.072,1790294804.087
8477,831.140,1790294804.202
8478,831.204,1790294804.381
8479,831.272,1790294804.485
8480,831.336,1790294804.623
8481,831.404,1790294804.802
8482,831.536,1790294805.025
8483,831.600,1790294805.122
8484,831.668,1790294805.286
8485,831.732,1790294805.409
8486,831.800,1790294805.500
8487,831.864,1790294805.662
8488,831.932,1790294805.785
8489,832.064,1790294806.046
8490,832.128,1790294806.167
8491,832.260,1790294806.426
8492,832.392,1790294806.635
8493,832.460,1790294806.799
8494,832.656,1790294807.172
8495,832.920,1790294807.661
8496,833.120,1790294808.068
8497,833.184,1790294808.171
8498,833.252,1790294808.289
8499,833.384,1790294808.545
8500,833.448,1790294808.662
8501,833.516,1790294808.833
8502,833.580,1790294808.926
8503,833.780,1790294809.301
8504,833.844,1790294809.417
8505,833.912,1790294809.600
8506,833.976,1790294809.707
8507,834.044,1790294809.836
8508,834.108,1790294810.016
8509,834.176,1790294810.125
8510,834.240,1790294810.251
8511,834.372,1790294810.555
8512,834.572,1790294810.989
8513,834.768,1790294811.403
8514,834.900,1790294811.625
8515,834.968,1790294811.809
8516,835.032,1790294811.929
8517,835.100,1790294812.033
8518,835.232,1790294812.346
8519,835.296,1790294812.450
8520,835.428,1790294812.757
8521,835.496,1790294812.850
8522,835.560,1790294813.040
8523,835.628,1790294813.173
8524,835.692,1790294813.274
8525,835.760,1790294813.466
8526,835.824,1790294813.602
8527,835.892,1790294813.695
8528,836.088,1790294814.111
8529,836.156,1790294814.296
8530,836.220,1790294814.438
8531,836.288,1790294814.535
8532,836.352,1790294814.662
8533,836.420,1790294814.848
8534,836.484,1790294814.941
8535,836.816,1790294815.636
8536,836.948,1790294815.860
8537,837.080,1790294816.147
8538,837.276,1790294816.559
8539,837.344,1790294816.676
8540,837.408,1790294816.873
8541,837.476,1790294816.978
8542,837.540,1790294817.113
8543,837.608,1790294817.291
8544,837.672,1790294817.405
8545,837.740,1790294817.532
8546,837.804,1790294817.735
8547,837.872,1790294817.854
8548,837.936,1790294817.977
8549,838.004,1790294818.162
8550,838.136,1790294818.397
8551,838.332,1790294818.806
8552,838.464,1790294819.123
8553,838.532,1790294819.271
8554,838.596,1790294819.375
8555,838.664,1790294819.573
8556,838.860,1790294820.012
8557,838.928,1790294820.150
8558,838.992,1790294820.240
8559,839.060,1790294820.423
8560,839.124,1790294820.555
8561,839.192,1790294820.655
8562,839.256,1790294820.834
8563,839.324,1790294820.976
8564,839.388,1790294821.069
8565,839.588,1790294821.493
8566,839.652,1790294821.633
8567,839.720,1790294821.842
8568,839.784,1790294821.946
8569,839.916,1790294822.248
8570,839.984,1790294822.348
8571,840.048,1790294822.473
8572,840.116,1790294822.659
8573,840.180,1790294822.750
8574,840.248,1790294822.865
8575,840.380,1790294823.148
8576,840.444,1790294823.260
8577,840.644,1790294823.676
8578,840.776,1790294823.965
8579,840.840,1790294824.092
8580,840.972,1790294824.383
8581,841.368,1790294825.212
8582,841.436,1790294825.332
8583,841.568,1790294825.611
8584,841.700,1790294825.864
8585,841.764,1790294826.045
8586,841.832,1790294826.178
8587,841.964,1790294826.469
8588,842.028,1790294826.600
8589,842.096,1790294826.689
8590,842.160,1790294826.881
8591,842.228,1790294827.016
8592,842.292,1790294827.118
8593,842.424,1790294827.430
8594,842.624,1790294827.854
8595,842.688,1790294827.957
8596,842.756,1790294828.139
8597,842.820,1790294828.258
8598,842.888,1790294828.354
8599,842.952,1790294828.480
8600,843.020,1790294828.649
8601,843.084,1790294828.738
8602,843.152,1790294828.862
8603,843.284,1790294829.123
8604,843.348,1790294829.237
8605,843.480,1790294829.508
8606,843.744,1790294830.042
8607,843.812,1790294830.258
8608,844.008,1790294830.674
8609,844.208,1790294831.082
8610,844.340,1790294831.298
8611,844.404,1790294831.461
8612,844.536,1790294831.668
8613,844.604,1790294831.829
8614,844.668,1790294831.934
8615,844.800,1790294832.137
8616,844.868,1790294832.297
8617,844.932,1790294832.414
8618,845.064,1790294832.646
8619,845.196,1790294832.847
8620,845.396,1790294833.225
8621,845.592,1790294833.615
8622,845.660,1790294833.781
8623,845.724,1790294833.905
8624,845.792,1790294834.004
8625,845.988,1790294834.387
8626,846.056,1790294834.567
8627,846.188,1790294834.771
8628,846.320,1790294835.053
8629,846.384,1790294835.145
8630,846.452,1790294835.261
8631,846.516,1790294835.422
8632,846.648,1790294835.635
8633,846.780,1790294835.902
8634,846.848,1790294836.021
8635,846.980,1790294836.309
8636,847.044,1790294836.432
8637,847.176,1790294836.701
8638,847.308,1790294836.990
8639,847.376,1790294837.086
8640,847.440,1790294837.197
8641,847.508,1790294837.380
8642,847.572,1790294837.480
8643,847.640,1790294837.591
8644,847.704,1790294837.781
8645,847.772,1790294837.883
8646,847.836,1790294837.998
8647,848.168,1790294838.644
8648,848.232,1790294838.768
8649,848.364,1790294839.023
8650,848.564,1790294839.402
8651,848.628,1790294839.523
8652,848.696,1790294839.621
8653,848.760,1790294839.812
8654,848.828,1790294839.948
8655,848.892,1790294840.049
8656,849.092,1790294840.492
8657,849.156,1790294840.691
8658,849.224,1790294840.831
8659,849.288,1790294840.933
8660,849.356,1790294841.131
8661,849.420,1790294841.266
8662,849.488,1790294841.380
8663,849.620,1790294841.688
8664,849.684,1790294841.782
8665,849.816,1790294842.069
8666,849.884,1790294842.161
8667,850.080,1790294842.577
8668,850.280,1790294843.032
8669,850.344,1790294843.174
8670,850.412,1790294843.366
8671,850.544,1790294843.605
8672,850.608,1790294843.794
8673,850.676,1790294843.903
8674,850.808,1790294844.217
8675,850.872,1790294844.323
8676,850.940,1790294844.451
8677,851.004,1790294844.651
8678,851.072,1790294844.764
8679,851.136,1790294844.885
8680,851.204,1790294845.086
8681,851.336,1790294845.316
8682,851.400,1790294845.423
8683,851.468,1790294845.633
8684,851.796,1790294846.266
8685,851.864,1790294846.463
8686,851.928,1790294846.585
8687,851.996,1790294846.687
8688,852.128,1790294847.017
8689,852.192,1790294847.120
8690,852.260,1790294847.313
8691,852.324,1790294847.444
8692,852.392,1790294847.540
8693,852.456,1790294847.723
8694,852.524,1790294847.861
8695,852.788,1790294848.389
8696,852.852,1790294848.512
8697,852.920,1790294848.705
8698,852.984,1790294848.806
8699,853.052,1790294848.935
8700,853.116,1790294849.112
8701,853.184,1790294849.219
8702,853.380,1790294849.633
8703,853.448,1790294849.777
8704,853.512,1790294849.972
8705,853.644,1790294850.200
8706,853.712,1790294850.400
8707,853.776,1790294850.505
8708,853.844,1790294850.625
8709,853.908,1790294850.823
8710,853.976,1790294850.942
8711,854.172,1790294851.353
8712,854.240,1790294851.474
8713,854.304,1790294851.680
8714,854.372,1790294851.784
8715,854.504,1790294852.114
8716,854.568,1790294852.237
8717,854.636,1790294852.365
8718,854.700,1790294852.477
8719,854.964,1790294853.048
8720,855.032,1790294853.173
8721,855.228,1790294853.573
8722,855.360,1790294853.852
8723,855.492,1790294854.074
8724,855.560,1790294854.264
8725,855.624,1790294854.389
8726,855.692,1790294854.481
8727,855.756,1790294854.651
8728,855.888,1790294854.881
8729,856.020,1790294855.211
8730,856.088,1790294855.309
8731,856.220,1790294855.626
8732,856.284,1790294855.740
8733,856.484,1790294856.149
8734,856.548,1790294856.277
8735,856.680,1790294856.551
8736,856.748,1790294856.680
8737,856.812,1790294856.866
8738,856.880,1790294856.964
8739,856.944,1790294857.084
8740,857.208,1790294857.686
8741,857.276,1790294857.800
8742,857.408,1790294858.111
8743,857.472,1790294858.223
8744,857.540,1790294858.339
8745,857.604,1790294858.537
8746,857.672,1790294858.649
8747,857.736,1790294858.770
8748,857.804,1790294858.964
8749,857.868,1790294859.075
8750,858.000,1790294859.312
8751,858.132,1790294859.635
8752,858.200,1790294859.747
8753,858.264,1790294859.939
8754,858.332,1790294860.079
8755,858.396,1790294860.180
8756,858.528,1790294860.483
8757,858.596,1790294860.589
8758,858.728,1790294860.903
8759,858.924,1790294861.326
8760,858.992,1790294861.426
8761,859.256,1790294861.990
8762,859.388,1790294862.206
8763,859.452,1790294862.313
8764,859.520,1790294862.466
8765,859.584,1790294862.553
8766,859.848,1790294863.024
8767,859.916,1790294863.191
8768,859.980,1790294863.282
8769,860.048,1790294863.405
8770,860.112,1790294863.595
8771,860.180,1790294863.697
8772,860.312,1790294863.989
8773,860.508,1790294864.387
8774,860.576,1790294864.481
8775,860.640,1790294864.592
8776,860.840,1790294864.966
8777,860.904,1790294865.132
8778,860.972,1790294865.240
8779,861.036,1790294865.353
8780,861.104,1790294865.529
8781,861.168,1790294865.635
8782,861.236,1790294865.749
8783,861.300,1790294865.839
8784,861.432,1790294866.108
8785,861.632,1790294866.472
8786,861.696,1790294866.558
8787,861.828,1790294866.829
8788,861.896,1790294866.922
8789,861.960,1790294867.108
8790,862.028,1790294867.238
8791,862.092,1790294867.332
8792,862.160,1790294867.496
8793,862.224,1790294867.615
8794,862.292,1790294867.711
8795,862.356,1790294867.875
8796,862.424,1790294868.000
8797,862.488,1790294868.109
8798,862.556,1790294868.294
8799,862.688,1790294868.504
8800,862.752,1790294868.622
8801,862.820,1790294868.785
8802,862.884,1790294868.871
8803,862.952,1790294868.997
8804,863.084,1790294869.247
8805,863.148,1790294869.362
8806,863.280,1790294869.639
8807,863.348,1790294869.779
8808,863.412,1790294869.941
8809,863.480,1790294870.036
8810,863.612,1790294870.325
8811,863.676,1790294870.436
8812,863.744,1790294870.556
8813,863.808,1790294870.721
8814,863.876,1790294870.819
8815,863.940,1790294870.932
8816,864.072,1790294871.196
8817,864.140,1790294871.305
8818,864.204,1790294871.480
8819,864.272,1790294871.575
8820,864.336,1790294871.698
8821,864.404,1790294871.872
8822,864.468,1790294871.972
8823,864.536,1790294872.083
8824,864.668,1790294872.338
8825,864.732,1790294872.457
8826,864.800,1790294872.559
8827,864.864,1790294872.749
8828,864.932,1790294872.879
8829,864.996,1790294872.977
8830,865.064,1790294873.165
8831,865.128,1790294873.275
8832,865.196,1790294873.365
8833,865.260,1790294873.551
8834,865.328,1790294873.673
8835,865.392,1790294873.762
8836,865.524,1790294874.044
8837,865.592,1790294874.131
8838,865.788,1790294874.516
8839,865.856,1790294874.697
8840,865.988,1790294874.927
8841,866.120,1790294875.209
8842,866.184,1790294875.304
8843,866.252,1790294875.419
8844,866.316,1790294875.596
8845,866.384,1790294875.702
8846,866.448,1790294875.836
8847,866.580,1790294876.124
8848,866.712,1790294876.430
8849,866.780,1790294876.530
8850,866.844,1790294876.654
8851,866.976,1790294876.930
8852,867.108,1790294877.199
8853,867.240,1790294877.409
8854,867.308,1790294877.582
8855,867.372,1790294877.687
8856,867.440,1790294877.817
8857,867.504,1790294877.977
8858,867.636,1790294878.190
8859,867.704,1790294878.354
8860,867.768,1790294878.460
8861,867.900,1790294878.679
8862,867.968,1790294878.833
8863,868.100,1790294879.032
8864,868.164,1790294879.187
8865,868.232,1790294879.317
8866,868.296,1790294879.413
8867,868.364,1790294879.592
8868,868.496,1790294879.811
8869,868.560,1790294879.997
8870,868.628,1790294880.116
8871,868.692,1790294880.199
8872,868.760,1790294880.375
8873,868.892,1790294880.585
8874,869.024,1790294880.849
8875,869.156,1790294881.102
8876,869.220,1790294881.226
8877,869.484,1790294881.703
8878,869.552,1790294881.817
8879,869.616,1790294881.971
8880,869.748,1790294882.178
8881,869.816,1790294882.355
8882,869.880,1790294882.452
8883,869.948,1790294882.562
8884,870.144,1790294882.961
8885,870.212,1790294883.142
8886,870.276,1790294883.241
8887,870.344,1790294883.370
8888,870.408,1790294883.536
8889,870.476,1790294883.631
8890,870.540,1790294883.744
8891,870.608,1790294883.928
8892,870.672,1790294884.020
8893,870.740,1790294884.143
8894,870.872,1790294884.403
8895,870.936,1790294884.524
8896,871.136,1790294884.909
8897,871.332,1790294885.258
8898,871.400,1790294885.359
8899,871.532,1790294885.629
8900,871.596,1790294885.713
8901,871.728,1790294886.000
8902,871.796,1790294886.094
8903,871.928,1790294886.392
8904,872.060,1790294886.648
8905,872.192,1790294886.850
8906,872.324,1790294887.132
8907,872.388,1790294887.222
8908,872.456,1790294887.386
8909,872.520,1790294887.504
8910,872.588,1790294887.591
8911,872.652,1790294887.709
8912,872.720,1790294887.870
8913,872.784,1790294887.961
8914,873.116,1790294888.610
8915,873.180,1790294888.695
8916,873.248,1790294888.808
8917,873.312,1790294888.988
8918,873.380,1790294889.083
8919,873.444,1790294889.196
8920,873.576,1790294889.455
8921,873.708,1790294889.718
8922,873.840,1790294889.927
8923,873.908,1790294890.099
8924,874.040,1790294890.306
8925,874.104,1790294890.476
8926,874.172,1790294890.589
8927,874.304,1790294890.851
8928,874.368,1790294890.955
8929,874.500,1790294891.180
8930,874.568,1790294891.341
8931,874.632,1790294891.451
8932,874.700,1790294891.546
8933,874.764,1790294891.698
8934,874.832,1790294891.824
8935,874.896,1790294891.916
8936,874.964,1790294892.076
8937,875.096,1790294892.285
8938,875.160,1790294892.445
8939,875.228,1790294892.553
8940,875.492,1790294893.010
8941,875.556,1790294893.171
8942,875.624,1790294893.296
8943,875.756,1790294893.539
8944,875.888,1790294893.750
8945,875.952,1790294893.857
8946,876.020,1790294894.008
8947,876.084,1790294894.097
8948,876.152,1790294894.207
8949,876.216,1790294894.358
8950,876.284,1790294894.449
8951,876.348,1790294894.559
8952,876.416,1790294894.719
8953,876.480,1790294894.816
8954,876.548,1790294894.928
8955,876.612,1790294895.098
8956,876.680,1790294895.193
8957,876.744,1790294895.324
8958,876.812,1790294895.506
8959,876.876,1790294895.601
8960,877.008,1790294895.867
8961,877.076,1790294895.967
8962,877.140,1790294896.080
8963,877.208,1790294896.235
8964,877.272,1790294896.338
8965,877.340,1790294896.462
8966,877.404,1790294896.629
8967,877.604,1790294897.015
8968,877.668,1790294897.115
8969,877.736,1790294897.242
8970,877.800,1790294897.341
8971,878.000,1790294897.737
8972,878.064,1790294897.895
8973,878.196,1790294898.099
8974,878.264,1790294898.280
8975,878.328,1790294898.389
8976,878.396,1790294898.474
8977,878.460,1790294898.634
8978,878.528,1790294898.760
8979,878.660,1790294899.012
8980,878.724,1790294899.143
8981,878.856,1790294899.382
8982,878.924,1790294899.506
8983,878.988,1790294899.590
8984,879.056,1790294899.762
8985,879.188,1790294899.973
8986,879.320,1790294900.244
8987,879.384,1790294900.331
8988,879.452,1790294900.445
8989,879.516,1790294900.608
8990,879.716,1790294900.960
8991,879.912,1790294901.340
8992,880.112,1790294901.707
8993,880.244,1790294901.916
8994,880.308,1790294902.081
8995,880.376,1790294902.177
8996,880.440,1790294902.287
8997,880.640,1790294902.667
8998,880.704,1790294902.836
8999,880.836,1790294903.045
9000,880.904,1790294903.216
9001,880.968,1790294903.337
9002,881.100,1790294903.550
9003,881.168,1790294903.715
9004,881.232,1790294903.842
9005,881.300,1790294903.925
9006,881.496,1790294904.296
9007,881.564,1790294904.455
9008,881.628,1790294904.567
9009,882.024,1790294905.275
9010,882.092,1790294905.370
9011,882.156,1790294905.556
9012,882.224,1790294905.695
9013,882.288,1790294905.801
9014,882.356,1790294905.990
9015,882.420,1790294906.122
9016,882.488,1790294906.229
9017,882.552,1790294906.362
9018,882.620,1790294906.546
9019,882.752,1790294906.782
9020,882.884,1790294907.040
9021,882.948,1790294907.156
9022,883.016,1790294907.320
9023,883.148,1790294907.519
9024,883.212,1790294907.688
9025,883.280,1790294907.785
9026,883.344,1790294907.902
9027,883.412,1790294908.083
9028,883.476,1790294908.196
9029,883.544,1790294908.327
9030,883.676,1790294908.606
9031,883.808,1790294908.884
9032,883.940,1790294909.091
9033,884.072,1790294909.353
9034,884.136,1790294909.470
9035,884.204,1790294909.632
9036,884.336,1790294909.854
9037,884.400,1790294909.945
9038,884.468,1790294910.103
9039,884.532,1790294910.214
9040,884.600,1790294910.330
9041,884.664,1790294910.506
9042,884.732,1790294910.645
9043,884.796,1790294910.745
9044,884.864,1790294910.929
9045,884.928,1790294911.048
9046,884.996,1790294911.130
9047,885.128,1790294911.415
9048,885.192,1790294911.511
9049,885.392,1790297499.842
9050,885.524,1790297500.145
9051,885.588,1790297500.248
9052,885.656,1790297500.438
9053,885.720,1790297500.586
9054,885.920,1790297500.958
9055,886.052,1790297501.165
9056,886.116,1790297501.319
9057,886.184,1790297501.409
9058,886.248,1790297501.540
9059,886.316,1790297501.715
9060,886.380,1790297501.815
9061,886.448,1790297501.931
9062,886.512,1790297502.096
9063,886.580,1790297502.195
9064,886.644,1790297502.322
9065,886.712,1790297502.481
9066,886.776,1790297502.575
9067,886.844,1790297502.706
9068,886.976,1790297502.970
9069,887.040,1790297503.085
9070,887.172,1790297503.368
9071,887.240,1790297503.491
9072,887.372,1790297503.762
9073,887.700,1790297504.415
9074,887.768,1790297504.593
9075,887.832,1790297504.739
9076,887.900,1790297504.848
9077,887.964,1790297505.023
9078,888.032,1790297505.158
9079,888.096,1790297505.267
9080,888.164,1790297505.468
9081,888.228,1790297505.587
9082,888.296,1790297505.686
9083,888.428,1790297506.038
9084,888.492,1790297506.131
9085,888.624,1790297506.440
9086,888.692,1790297506.543
9087,888.756,1790297506.742
9088,888.824,1790297506.879
9089,888.888,1790297506.976
9090,888.956,1790297507.180
9091,889.020,1790297507.303
9092,889.088,1790297507.399
9093,889.152,1790297507.527
9094,889.220,1790297507.701
9095,889.284,1790297507.793
9096,889.416,1790297508.084
9097,889.484,1790297508.187
9098,889.548,1790297508.309
9099,889.616,1790297508.501
9100,889.680,1790297508.609
9101,889.748,1790297508.740
9102,889.880,1790297509.027
9103,890.076,1790297509.437
9104,890.144,1790297509.554
9105,890.208,1790297509.732
9106,890.276,1790297509.829
9107,890.340,1790297509.942
9108,890.472,1790297510.215
9109,890.540,1790297510.349
9110,890.604,1790297510.521
9111,890.672,1790297510.618
9112,890.736,1790297510.732
9113,890.804,1790297510.909
9114,890.868,1790297511.016
9115,890.936,1790297511.143
9116,891.068,1790297511.399
9117,891.132,1790297511.520
9118,891.200,1790297511.618
9119,891.332,1790297511.893
9120,891.464,1790297512.160
9121,891.728,1790297512.649
9122,891.860,1790297512.910
9123,891.992,1790297513.128
9124,892.056,1790297513.306
9125,892.124,1790297513.423
9126,892.188,1790297513.514
9127,892.256,1790297513.684
9128,892.320,1790297513.809
9129,892.388,1790297513.897
9130,892.520,1790297514.180
9131,892.584,1790297514.270
9132,892.652,1790297514.395
9133,892.716,1790297514.552
9134,892.980,1790297515.033
9135,893.048,1790297515.153
9136,893.112,1790297515.329
9137,893.180,1790297515.420
9138,893.244,1790297515.537
9139,893.312,1790297515.721
9140,893.376,1790297515.814
9141,893.444,1790297515.928
9142,893.508,1790297516.101
9143,893.576,1790297516.203
9144,893.640,1790297516.323
9145,893.840,1790297516.700
9146,893.972,1790297516.966
9147,894.104,1790297517.262
9148,894.168,1790297517.370
9149,894.300,1790297517.595
9150,894.368,1790297517.762
9151,894.500,1790297517.982
9152,894.632,1790297518.264
9153,894.696,1790297518.355
9154,894.960,1790297518.902
9155,895.028,1790297519.030
9156,895.620,1790297520.356
9157,895.688,1790297520.451
9158,895.752,1790297520.574
9159,895.884,1790297520.844
9160,895.952,1790297520.980
9161,896.084,1790297521.247
9162,896.280,1790297521.689
9163,896.348,1790297521.816
9164,896.480,1790297522.121
9165,896.544,1790297522.228
9166,896.612,1790297522.409
9167,896.676,1790297522.512
9168,896.808,1790297522.834
9169,896.876,1790297522.947
9170,897.008,1790297523.228
9171,897.072,1790297523.326
9172,897.140,1790297523.453
9173,897.204,1790297523.619
9174,897.272,1790297523.724
9175,897.336,1790297523.838
9176,897.404,1790297524.006
9177,897.536,1790297524.215
9178,897.600,1790297524.301
9179,897.668,1790297524.491
9180,897.932,1790297524.969
9181,898.064,1790297525.230
9182,898.128,1790297525.343
9183,898.196,1790297525.432
9184,898.260,1790297525.606
9185,898.328,1790297525.737
9186,898.392,1790297525.839
9187,898.460,1790297526.021
9188,898.524,1790297526.154
9189,898.592,1790297526.252
9190,898.656,1790297526.420
9191,898.724,1790297526.537
9192,898.788,1790297526.626
9193,898.988,1790297527.019
9194,899.052,1790297527.138
9195,899.120,1790297527.301
9196,899.184,1790297527.397
9197,899.252,1790297527.516
9198,899.316,1790297527.679
9199,899.384,1790297527.773
9200,899.516,1790297528.062
9201,899.712,1790297528.493
9202,899.780,1790297528.604
9203,899.912,1790297528.906
9204,899.976,1790297529.011
9205,900.044,1790297529.146
9206,900.176,1790297529.471
9207,900.240,1790297529.616
9208,900.308,1790297529.811
9209,900.372,1790297529.926
9210,900.440,1790297530.055
9211,900.504,1790297530.259
9212,900.572,1790297530.374
9213,900.704,1790297530.673
9214,900.768,1790297530.778
9215,900.836,1790297530.890
9216,900.900,1790297530.992
9217,901.100,1790297531.341
9218,901.232,1790297531.616
9219,901.296,1790297531.715
9220,901.428,1790297532.005
9221,901.496,1790297532.085
9222,901.560,1790297532.253
9223,901.628,1790297532.370
9224,901.760,1790297532.712
9225,901.824,1790297532.851
9226,901.956,1790297533.145
9227,902.088,1790297533.398
9228,902.220,1790297533.709
9229,902.352,1790297533.925
9230,902.420,1790297534.099
9231,902.552,1790297534.321
9232,902.684,1790297534.630
9233,902.748,1790297534.737
9234,902.880,1790297535.013
9235,903.012,1790297535.281
9236,903.212,1790297535.678
9237,903.276,1790297535.768
9238,903.344,1790297535.899
9239,903.408,1790297536.088
9240,903.476,1790297536.197
9241,903.540,1790297536.328
9242,903.608,1790297536.509
9243,903.672,1790297536.605
9244,903.740,1790297536.732
9245,903.872,1790297537.006
9246,903.936,1790297537.118
9247,904.004,1790297537.339
9248,904.136,1790297537.593
9249,904.268,1790297537.879
9250,904.332,1790297538.000
9251,904.400,1790297538.103
9252,904.532,1790297538.431
9253,904.596,1790297538.532
9254,904.664,1790297538.702
9255,904.728,1790297538.819
9256,904.796,1790297538.912
9257,904.860,1790297539.092
9258,904.928,1790297539.216
9259,904.992,1790297539.322
9260,905.060,1790297539.513
9261,905.124,1790297539.651
9262,905.192,1790297539.751
9263,905.388,1790297540.155
9264,905.456,1790297540.362
9265,905.520,1790297540.507
9266,905.588,1790297540.602
9267,905.652,1790297540.722
9268,905.784,1790297540.974
9269,905.852,1790297541.092
9270,905.916,1790297541.248
9271,905.984,1790297541.349
9272,906.180,1790297541.722
9273,906.312,1790297542.002
9274,906.380,1790297542.111
9275,906.444,1790297542.228
9276,906.576,1790297542.504
9277,906.776,1790297542.883
9278,906.972,1790297543.290
9279,907.040,1790297543.409
9280,907.236,1790297543.836
9281,907.304,1790297544.027
9282,907.368,1790297544.145
9283,907.436,1790297544.278
9284,907.500,1790297544.381
9285,907.568,1790297544.566
9286,907.632,1790297544.693
9287,907.700,1790297544.780
9288,907.764,1790297544.948
9289,907.832,1790297545.074
9290,907.896,1790297545.169
9291,908.096,1790297545.589
9292,908.160,1790297545.786
9293,908.292,1790297546.007
9294,908.360,1790297546.191
9295,908.424,1790297546.318
9296,908.624,1790297546.788
9297,908.688,1790297546.885
9298,908.756,1790297547.087
9299,908.888,1790297547.299
9300,908.952,1790297547.418
9301,909.020,1790297547.585
9302,909.084,1790297547.682
9303,909.152,1790297547.819
9304,909.216,1790297547.988
9305,909.284,1790297548.087
9306,909.348,1790297548.206
9307,909.548,1790297548.624
9308,909.612,1790297548.812
9309,909.744,1790297549.051
9310,909.876,1790297549.332
9311,910.008,1790297549.650
9312,910.076,1790297549.747
9313,910.272,1790297550.184
9314,910.404,1790297550.479
9315,910.472,1790297550.580
9316,910.536,1790297550.689
9317,910.604,1790297550.845
9318,910.800,1790297551.145
9319,911.000,1790297551.531
9320,911.064,1790297551.697
9321,911.132,1790297551.817
9322,911.196,1790297551.912
9323,911.264,1790297552.088
9324,911.328,1790297552.213
9325,911.396,1790297552.338
9326,911.460,1790297552.538
9327,911.528,1790297552.666
9328,911.592,1790297552.779
9329,911.660,1790297552.969
9330,911.724,1790297553.103
9331,911.792,1790297553.201
9332,911.924,1790297553.520
9333,911.988,1790297553.631
9334,912.056,1790297553.814
9335,912.120,1790297553.931
9336,912.252,1790297554.141
9337,912.320,1790297554.310
9338,912.384,1790297554.398
9339,912.516,1790297554.714
9340,912.584,1790297554.831
9341,912.648,1790297554.961
9342,912.716,1790297555.151
9343,912.780,1790297555.254
9344,912.848,1790297555.401
9345,912.980,1790297555.720
9346,913.044,1790297555.853
9347,913.112,1790297556.051
9348,913.176,1790297556.148
9349,913.244,1790297556.264
9350,913.308,1790297556.440
9351,913.376,1790297556.554
9352,913.640,1790297557.078
9353,913.836,1790297557.503
9354,913.904,1790297557.694
9355,913.968,1790297557.807
9356,914.036,1790297557.935
9357,914.168,1790297558.217
9358,914.300,1790297558.439
9359,914.364,1790297558.604
9360,914.496,1790297558.828
9361,914.564,1790297559.002
9362,914.628,1790297559.133
9363,914.696,1790297559.229
9364,914.760,1790297559.410
9365,914.892,1790297559.622
9366,914.960,1790297559.801
9367,915.024,1790297559.926
9368,915.092,1790297560.023
9369,915.156,1790297560.222
9370,915.224,1790297560.361
9371,915.420,1790297560.736
9372,915.488,1790297560.830
9373,915.620,1790297561.152
9374,915.684,1790297561.251
9375,915.752,1790297561.395
9376,915.816,1790297561.568
9377,915.884,1790297561.668
9378,915.948,1790297561.794
9379,916.016,1790297561.989
9380,916.080,1790297562.103
9381,916.148,1790297562.244
9382,916.212,1790297562.436
9383,916.344,1790297562.642
9384,916.412,1790297562.797
9385,916.476,1790297562.896
9386,916.544,1790297563.022
9387,916.676,1790297563.292
9388,916.808,1790297563.657
9389,917.004,1790297564.068
9390,917.072,1790297564.177
9391,917.136,1790297564.297
9392,917.268,1790297564.591
9393,917.336,1790297564.702
9394,917.400,1790297564.806
9395,917.468,1790297565.002
9396,917.532,1790297565.142
9397,917.664,1790297565.488
9398,917.796,1790297565.723
9399,917.928,1790297566.021
9400,917.996,1790297566.119
9401,918.060,1790297566.390
9402,918.128,1790297566.502
9403,918.192,1790297566.604
9404,918.260,1790297566.784
9405,918.324,1790297566.912
9406,918.392,1790297567.022
9407,918.456,1790297567.216
9408,918.524,1790297567.356
9409,918.588,1790297567.461
9410,918.656,1790297567.647
9411,918.720,1790297567.786
9412,918.852,1790297568.044
9413,918.920,1790297568.240
9414,918.984,1790297568.365
9415,919.052,1790297568.509
9416,919.116,1790297568.710
9417,919.184,1790297568.832
9418,919.248,1790297568.954
9419,919.380,1790297569.243
9420,919.512,1790297569.543
9421,919.644,1790297569.776
9422,919.712,1790297569.970
9423,920.040,1790297570.597
9424,920.108,1790297570.794
9425,920.172,1790297570.896
9426,920.240,1790297571.027
9427,920.304,1790297571.211
9428,920.372,1790297571.321
9429,920.504,1790297571.658
9430,920.568,1790297571.760
9431,920.636,1790297571.876
9432,920.700,1790297571.964
9433,920.768,1790297572.148
9434,920.832,1790297572.265
9435,920.900,1790297572.357
9436,920.964,1790297572.514
9437,921.032,1790297572.629
9438,921.096,1790297572.721
9439,921.164,1790297572.887
9440,921.360,1790297573.264
9441,921.428,1790297573.387
9442,921.492,1790297573.479
9443,921.756,1790297574.026
9444,921.824,1790297574.151
9445,921.888,1790297574.240
9446,921.956,1790297574.407
9447,922.020,1790297574.541
9448,922.088,1790297574.640
9449,922.152,1790297574.768
9450,922.220,1790297574.930
9451,922.284,1790297575.016
9452,922.352,1790297575.141
9453,922.416,1790297575.305
9454,922.484,1790297575.400
9455,922.680,1790297575.782
9456,922.880,1790297576.180
9457,923.144,1790297576.677
9458,923.208,1790297576.861
9459,923.276,1790297576.986
9460,923.340,1790297577.113
9461,923.472,1790297577.433
9462,923.540,1790297577.569
9463,923.604,1790297577.760
9464,923.672,1790297577.870
9465,923.736,1790297578.003
9466,923.868,1790297578.301
9467,924.200,1790297578.862
9468,924.332,1790297579.145
9469,924.396,1790297579.235
9470,924.464,1790297579.411
9471,924.528,1790297579.528
9472,924.660,1790297579.798
9473,924.860,1790297580.187
9474,924.924,1790297580.312
9475,924.992,1790297580.396
9476,925.056,1790297580.562
9477,925.320,1790297581.075
9478,925.520,1790297581.439
9479,925.584,1790297581.536
9480,925.716,1790297581.825
9481,925.848,1790297582.040
9482,925.916,1790297582.208
9483,925.980,1790297582.301
9484,926.112,1790297582.605
9485,926.180,1790297582.700
9486,926.244,1790297582.819
9487,926.312,1790297582.993
9488,926.444,1790297583.200
9489,926.508,1790297583.366
9490,926.576,1790297583.468
9491,926.640,1790297583.583
9492,926.772,1790297583.852
9493,926.840,1790297583.966
9494,926.904,1790297584.162
9495,927.036,1790297584.381
9496,927.104,1790297584.559
9497,927.168,1790297584.659
9498,927.236,1790297584.771
9499,927.368,1790297585.034
9500,927.564,1790297585.426
9501,927.696,1790297585.639
9502,927.764,1790297585.814
9503,927.828,1790297585.945
9504,927.896,1790297586.033
9505,927.960,1790297586.198
9506,928.160,1790297586.573
9507,928.224,1790297586.696
9508,928.292,1790297586.787
9509,928.424,1790297587.082
9510,928.488,1790297587.173
9511,928.556,1790297587.342
9512,928.620,1790297587.465
9513,928.820,1790297587.847
9514,928.884,1790297587.941
9515,928.952,1790297588.055
9516,929.084,1790297588.315
9517,929.148,1790297588.435
9518,929.216,1790297588.600
9519,929.280,1790297588.702
9520,929.412,1790297588.992
9521,929.480,1790297589.096
9522,929.544,1790297589.215
9523,929.612,1790297589.387
9524,929.808,1790297589.750
9525,929.876,1790297589.847
9526,930.140,1790297590.344
9527,930.204,1790297590.514
9528,930.272,1790297590.635
9529,930.336,1790297590.762
9530,930.468,1790297591.054
9531,930.536,1790297591.182
9532,930.600,1790297591.279
9533,930.732,1790297591.572
9534,930.800,1790297591.663
9535,930.996,1790297592.031
9536,931.128,1790297592.303
9537,931.260,1790297592.566
9538,931.328,1790297592.688
9539,931.392,1790297592.773
9540,931.524,1790297593.075
9541,931.724,1790297593.460
9542,931.788,1790297593.549
9543,931.920,1790297593.833
9544,931.988,1790297593.930
9545,932.120,1790297594.211
9546,932.252,1790297594.419
9547,932.384,1790297594.669
9548,932.448,1790297594.790
9549,932.516,1790297594.956
9550,932.648,1790297595.174
9551,932.712,1790297595.339
9552,932.844,1790297595.546
9553,932.976,1790297595.815
9554,933.044,1790297595.929
9555,933.108,1790297596.101
9556,933.176,1790297596.204
9557,933.372,1790297596.587
9558,933.504,1790297596.870
9559,933.636,1790297597.093
9560,933.704,1790297597.281
9561,933.900,1790297597.590
9562,934.032,1790297597.870
9563,934.164,1790297598.130
9564,934.232,1790297598.253
9565,934.296,1790297598.342
9566,934.364,1790297598.512
9567,934.428,1790297598.628
9568,934.496,1790297598.722
9569,934.692,1790297599.113
9570,934.892,1790297599.485
9571,934.956,1790297599.666
9572,935.024,1790297599.788
9573,935.088,1790297599.883
9574,935.156,1790297600.059
9575,935.352,1790297600.391
9576,935.420,1790297600.554
9577,935.552,1790297600.778
9578,935.684,1790297601.036
9579,935.748,1790297601.157
9580,935.816,1790297601.334
9581,935.880,1790297601.422
9582,935.948,1790297601.545
9583,936.012,1790297601.729
9584,936.080,1790297601.828
9585,936.212,1790297602.116
9586,936.276,1790297602.206
9587,936.476,1790297602.586
9588,936.540,1790297602.703
9589,936.608,1790297602.886
9590,936.672,1790297602.984
9591,936.804,1790297603.258
9592,936.872,1790297603.357
9593,937.004,1790297603.646
9594,937.136,1790297603.863
9595,937.200,1790297603.956
9596,937.464,1790297604.465
9597,937.532,1790297604.586
9598,937.664,1790297604.847
9599,937.728,1790297604.969
9600,937.796,1790297605.057
9601,937.860,1790297605.219
9602,937.992,1790297605.431
9603,938.060,1790297605.594
9604,938.124,1790297605.718
9605,938.192,1790297605.810
9606,938.256,1790297605.976
9607,938.388,1790297606.193
9608,938.520,1790297606.483
9609,938.652,1790297606.692
9610,938.720,1790297606.859
9611,938.784,1790297606.947
9612,938.852,1790297607.058
9613,938.916,1790297607.226
9614,938.984,1790297607.311
9615,939.048,1790297607.424
9616,939.116,1790297607.593
9617,939.180,1790297607.691
9618,939.248,1790297607.800
9619,939.380,1790297608.074
9620,939.444,1790297608.186
9621,939.512,1790297608.363
9622,939.576,1790297608.466
9623,939.644,1790297608.575
9624,939.708,1790297608.742
9625,939.776,1790297608.848
9626,939.908,1790297609.142
9627,939.972,1790297609.241
9628,940.040,1790297609.356
9629,940.104,1790297609.533
9630,940.236,1790297609.749
9631,940.304,1790297609.920
9632,940.500,1790297610.231
9633,940.568,1790297610.395
9634,940.632,1790297610.513
9635,940.764,1790297610.778
9636,940.832,1790297610.902
9637,940.896,1790297610.994
9638,940.964,1790297611.171
9639,941.028,1790297611.296
9640,941.096,1790297611.398
9641,941.160,1790297611.565
9642,941.228,1790297611.691
9643,941.492,1790297612.166
9644,941.556,1790297612.339
9645,941.624,1790297612.463
9646,941.888,1790297612.937
9647,942.216,1790297613.582
9648,942.284,1790297613.676
9649,942.348,1790297613.791
9650,942.416,1790297613.949
9651,942.480,1790297614.047
9652,942.548,1790297614.170
9653,942.612,1790297614.338
9654,942.680,1790297614.448
9655,942.812,1790297614.731
9656,942.876,1790297614.819
9657,942.944,1790297614.937
9658,943.076,1790297615.205
9659,943.140,1790297615.320
9660,943.208,1790297615.490
9661,943.340,1790297615.703
9662,943.404,1790297615.869
9663,943.536,1790297616.097
9664,943.604,1790297616.267
9665,943.668,1790297616.367
9666,943.736,1790297616.486
9667,943.800,1790297616.586
9668,943.932,1790297616.867
9669,944.064,1790297617.120
9670,944.196,1790297617.332
9671,944.264,1790297617.500
9672,944.396,1790297617.697
9673,944.460,1790297617.873
9674,944.792,1790297618.459
9675,944.856,1790297618.653
9676,944.924,1790297618.775
9677,945.056,1790297619.034
9678,945.188,1790297619.249
9679,945.252,1790297619.368
9680,945.320,1790297619.547
9681,945.452,1790297619.763
9682,945.516,1790297619.930
9683,945.648,1790297620.134
9684,945.716,1790297620.305
9685,945.780,1790297620.412
9686,945.980,1790297620.821
9687,946.044,1790297620.946
9688,946.176,1790297621.209
9689,946.244,1790297621.343
9690,946.440,1790297621.739
9691,946.572,1790297622.027
9692,946.836,1790297622.572
9693,946.904,1790297622.766
9694,947.036,1790297623.015
9695,947.168,1790297623.307
9696,947.232,1790297623.436
9697,947.300,1790297623.546
9698,947.364,1790297623.733
9699,947.432,1790297623.880
9700,947.564,1790297624.150
9701,947.628,1790297624.270
9702,947.828,1790297624.642
9703,947.892,1790297624.726
9704,947.960,1790297624.896
9705,948.024,1790297625.011
9706,948.092,1790297625.103
9707,948.224,1790297625.391
9708,948.288,1790297625.479
9709,948.488,1790297625.861
9710,948.552,1790297625.981
9711,948.620,1790297626.145
9712,948.684,1790297626.234
9713,948.752,1790297626.351
9714,949.148,1790297627.149
9715,949.212,1790297627.347
9716,949.344,1790297627.581
9717,949.476,1790297627.871
9718,949.544,1790297627.987
9719,949.608,1790297628.159
9720,949.676,1790297628.263
9721,949.808,1790297628.552
9722,949.872,1790297628.650
9723,949.940,1790297628.760
9724,950.004,1790297628.932
9725,950.072,1790297629.037
9726,950.136,1790297629.153
9727,950.468,1790297629.776
9728,950.600,1790297629.974
9729,950.796,1790297630.343
9730,950.928,1790297630.625
9731,950.996,1790297630.726
9732,951.060,1790297630.914
9733,951.128,1790297631.052
9734,951.324,1790297631.434
9735,951.392,1790297631.530
9736,951.588,1790297631.933
9737,951.656,1790297632.091
9738,951.920,1790297632.660
9739,951.984,1790297632.769
9740,952.052,1790297632.898
9741,952.116,1790297633.083
9742,952.184,1790297633.191
9743,952.380,1790297633.581
9744,952.512,1790297633.855
9745,952.580,1790297633.970
9746,952.644,1790297634.102
9747,952.712,1790297634.285
9748,952.776,1790297634.383
9749,952.844,1790297634.504
9750,952.908,1790297634.669
9751,952.976,1790297634.769
9752,953.040,1790297634.885
9753,953.172,1790297635.163
9754,953.240,1790297635.280
9755,953.372,1790297635.562
9756,953.568,1790297635.945
9757,953.636,1790297636.060
9758,953.832,1790297636.411
9759,954.032,1790297636.772
9760,954.096,1790297636.859
9761,954.164,1790297637.016
9762,954.228,1790297637.130
9763,954.296,1790297637.219
9764,954.428,1790297637.516
9765,954.492,1790297637.606
9766,954.560,1790297637.780
9767,954.624,1790297637.895
9768,954.692,1790297637.981
9769,954.756,1790297638.147
9770,954.888,1790297638.347
9771,954.956,1790297638.502
9772,955.020,1790297638.624
9773,955.088,1790297638.713
9774,955.152,1790297638.833
9775,955.284,1790297639.101
9776,955.352,1790297639.217
9777,955.484,1790297639.463
9778,955.616,1790297639.747
9779,955.680,1790297639.831
9780,955.748,1790297639.943
9781,955.812,1790297640.109
9782,955.944,1790297640.325
9783,956.012,1790297640.506
9784,956.076,1790297640.603
9785,956.144,1790297640.711
9786,956.276,1790297640.991
9787,956.472,1790297641.403
9788,956.540,1790297641.520
9789,956.604,1790297641.693
9790,956.672,1790297641.805
9791,956.736,1790297641.925
9792,956.804,1790297642.090
9793,956.868,1790297642.196
9794,956.936,1790297642.307
9795,957.000,1790297642.406
9796,957.068,1790297642.559
9797,957.200,1790297642.758
9798,957.264,1790297642.913
9799,957.332,1790297643.028
9800,957.396,1790297643.113
9801,957.528,1790297643.394
9802,957.596,1790297643.483
9803,957.860,1790297644.013
9804,957.924,1790297644.138
9805,958.188,1790297644.579
9806,958.256,1790297644.739
9807,958.320,1790297644.852
9808,958.388,1790297644.942
9809,958.520,1790297645.231
9810,958.584,1790297645.317
9811,958.716,1790297645.590
9812,958.784,1790297645.678
9813,958.980,1790297646.055
9814,959.048,1790297646.184
9815,959.180,1790297646.461
9816,959.244,1790297646.583
9817,959.312,1790297646.759
9818,959.376,1790297646.869
9819,959.444,1790297646.991
9820,959.508,1790297647.163
9821,959.576,1790297647.268
9822,959.640,1790297647.381
9823,959.708,1790297647.550
9824,959.772,1790297647.654
9825,959.840,1790297647.781
9826,959.972,1790297648.087
9827,960.036,1790297648.196
9828,960.104,1790297648.382
9829,960.168,1790297648.483
9830,960.300,1790297648.682
9831,960.500,1790297649.034
9832,960.564,1790297649.191
9833,960.696,1790297649.392
9834,960.764,1790297649.565
9835,960.828,1790297649.689
9836,960.896,1790297649.786
9837,960.960,1790297649.958
9838,961.160,1790297650.363
9839,961.224,1790297650.490
9840,961.424,1790297650.896
9841,961.488,1790297650.989
9842,961.556,1790297651.163
9843,961.688,1790297651.389
9844,961.884,1790297651.789
9845,961.952,1790297651.915
9846,962.016,1790297652.092
9847,962.084,1790297652.193
9848,962.148,1790297652.315
9849,962.348,1790297652.695
9850,962.480,1790297652.979
9851,962.544,1790297653.098
9852,962.676,1790297653.390
9853,963.008,1790297654.098
9854,963.072,1790297654.200
9855,963.140,1790297654.318
9856,963.336,1790297654.722
9857,963.404,1790297654.906
9858,963.468,1790297655.013
9859,963.536,1790297655.146
9860,963.668,1790297655.424
9861,963.732,1790297655.544
9862,963.800,1790297655.644
9863,963.932,1790297655.933
9864,963.996,1790297656.031
9865,964.128,1790297656.338
9866,964.260,1790297656.610
9867,964.328,1790297656.727
9868,964.524,1790297657.129
9869,964.592,1790297657.220
9870,964.656,1790297657.402
9871,964.788,1790297657.623
9872,964.856,1790297657.793
9873,964.920,1790297657.921
9874,964.988,1790297658.018
9875,965.052,1790297658.129
9876,965.120,1790297658.285
9877,965.252,1790297658.486
9878,965.316,1790297658.633
9879,965.384,1790297658.723
9880,965.516,1790297659.004
9881,965.580,1790297659.093
9882,965.648,1790297659.201
9883,965.712,1790297659.361
9884,965.844,1790297659.562
9885,966.044,1790297659.929
9886,966.108,1790297660.095
9887,966.440,1790297660.667
9888,966.504,1790297660.824
9889,966.572,1790297660.920
9890,966.636,1790297661.029
9891,966.704,1790297661.191
9892,966.836,1790297661.401
9893,967.100,1790297661.833
9894,967.232,1790297662.105
9895,967.296,1790297662.199
9896,967.364,1790297662.365
9897,967.428,1790297662.484
9898,967.496,1790297662.570
9899,967.560,1790297662.725
9900,967.692,1790297662.914
9901,967.760,1790297663.083
9902,967.892,1790297663.276
9903,967.956,1790297663.429
9904,968.024,1790297663.547
9905,968.088,1790297663.638
9906,968.288,1790297664.026
9907,968.420,1790297664.300
9908,968.484,1790297664.387
9909,968.552,1790297664.503
9910,968.616,1790297664.660
9911,968.684,1790297664.749
9912,968.748,1790297664.870
9913,968.880,1790297665.123
9914,968.948,1790297665.247
9915,969.012,1790297665.415
9916,969.080,1790297665.515
9917,969.144,1790297665.622
9918,969.344,1790297665.990
9919,969.408,1790297666.147
9920,969.476,1790297666.244
9921,969.540,1790297666.354
9922,969.608,1790297666.527
9923,969.672,1790297666.630
9924,969.740,1790297666.750
9925,969.872,1790297667.014
9926,969.936,1790297667.121
9927,970.136,1790297667.499
9928,970.200,1790297667.587
9929,970.268,1790297667.740
9930,970.332,1790297667.853
9931,970.400,1790297667.949
9932,970.464,1790297668.097
9933,970.532,1790297668.225
9934,970.596,1790297668.323
9935,970.928,1790297669.030
9936,971.124,1790297669.397
9937,971.192,1790297669.492
9938,971.256,1790297669.670
9939,971.324,1790297669.795
9940,971.388,1790297669.889
9941,971.456,1790297670.052
9942,971.588,1790297670.266
9943,971.652,1790297670.378
9944,971.720,1790297670.531
9945,971.852,1790297670.739
9946,971.984,1790297670.981
9947,972.116,1790297671.253
9948,972.180,1790297671.350
9949,972.380,1790297671.723
9950,972.576,1790297672.086
9951,972.644,1790297672.202
9952,972.708,1790297672.368
9953,972.776,1790297672.457
9954,972.840,1790297672.566
9955,972.972,1790297672.824
9956,973.104,1790297673.084
9957,973.304,1790297673.437
9958,973.368,1790297673.553
9959,973.436,1790297673.662
9960,973.500,1790297673.754
9961,973.568,1790297673.909
9962,973.700,1790297674.105
9963,973.764,1790297674.254
9964,973.964,1790297674.601
9965,974.028,1790297674.716
9966,974.096,1790297674.799
9967,974.228,1790297675.084
9968,974.360,1790297675.331
9969,974.492,1790297675.539
9970,974.556,1790297675.700
9971,974.624,1790297675.814
9972,974.688,1790297675.901
9973,974.756,1790297676.063
9974,974.888,1790297676.261
9975,974.952,1790297676.364
9976,975.084,1790297676.613
9977,975.152,1790297676.716
9978,975.216,1790297676.873
9979,975.348,1790297677.076
9980,975.416,1790297677.243
9981,975.480,1790297677.325
9982,975.612,1790297677.599
9983,975.680,1790297677.692
9984,975.744,1790297677.800
9985,975.944,1790297678.166
9986,976.008,1790297678.322
9987,976.076,1790297678.414
9988,976.140,1790297678.525
9989,976.208,1790297678.678
9990,976.472,1790297679.142
9991,976.536,1790297679.266
9992,976.604,1790297679.426
9993,976.668,1790297679.539
9994,976.868,1790297679.906
9995,976.932,1790297680.017
9996,977.000,1790297680.112
9997,977.064,1790297680.282
9998,977.132,1790297680.401
9999,977.196,1790297680.495
10000,977.264,1790297680.662
10001,977.396,1790297680.875
10002,977.528,1790297681.178
10003,977.592,1790297681.279
10004,977.724,1790297681.548
10005,977.792,1790297681.645
10006,977.856,1790297681.807
10007,977.924,1790297681.932
10008,978.056,1790297682.192
10009,978.120,1790297682.323
10010,978.188,1790297682.415
10011,978.384,1790297682.775
10012,978.452,1790297682.882
10013,978.584,1790297683.142
10014,978.848,1790297683.614
10015,978.980,1790297683.875
10016,979.044,1790297683.998
10017,979.244,1790297684.370
10018,979.376,1790297684.627
10019,979.440,1790297684.734
10020,979.572,1790297684.984
10021,979.640,1790297685.095
10022,979.704,1790297685.257
10023,979.772,1790297685.364
10024,979.904,1790297685.637
10025,980.036,1790297685.851
10026,980.100,1790297685.939
10027,980.232,1790297686.206
10028,980.432,1790297686.551
10029,980.496,1790297686.633
10030,980.564,1790297686.816
10031,980.628,1790297686.942
10032,980.760,1790297687.197
10033,980.828,1790297687.314
10034,980.960,1790297687.549
10035,981.024,1790297687.685
10036,981.092,1790297687.773
10037,981.224,1790297688.078
10038,981.288,1790297688.166
10039,981.356,1790297688.344
10040,981.488,1790297688.556
10041,981.552,1790297688.676
10042,981.620,1790297688.830
10043,981.684,1790297688.915
10044,981.752,1790297689.035
10045,981.884,1790297689.283
10046,982.016,1790297689.553
10047,982.212,1790297689.927
10048,982.280,1790297690.021
10049,982.344,1790297690.140
10050,982.544,1790297690.520
10051,982.676,1790297690.777
10052,982.740,1790297690.881
10053,982.808,1790297691.036
10054,982.940,1790297691.238
10055,983.004,1790297691.391
10056,983.136,1790297691.594
10057,983.268,1790297691.851
10058,983.468,1790297692.207
10059,983.532,1790297692.311
10060,983.928,1790297693.019
10061,983.996,1790297693.103
10062,984.060,1790297693.266
10063,984.128,1790297693.386
10064,984.192,1790297693.472
10065,984.324,1790297693.760
10066,984.392,1790297693.849
10067,984.456,1790297694.012
10068,984.588,1790297694.212
10069,984.788,1790297694.583
10070,984.852,1790297694.689
10071,984.984,1790297694.927
10072,985.116,1790297695.187
10073,985.248,1790297695.395
10074,985.380,1790297695.656
10075,985.448,1790297695.780
10076,985.712,1790297696.314
10077,985.844,1790297696.515
10078,986.040,1790297696.884
10079,986.172,1790297697.136
10080,986.372,1790297697.506
10081,986.504,1790297697.775
10082,986.636,1790297697.978
10083,986.700,1790297698.065
10084,986.832,1790297698.330
10085,986.900,1790297698.413
10086,986.964,1790297698.569
10087,987.032,1790297698.691
10088,987.096,1790297698.775
10089,987.228,1790297699.055
10090,987.296,1790297699.145
10091,987.492,1790297699.491
10092,987.560,1790297699.653
10093,987.624,1790297699.768
10094,987.692,1790297699.855
10095,987.888,1790297700.224
10096,988.020,1790297700.514
10097,988.088,1790297700.620
10098,988.152,1790297700.742
10099,988.220,1790297700.901
10100,988.284,1790297700.986
10101,988.484,1790297701.362
10102,988.680,1790297701.747
10103,988.880,1790297702.126
10104,988.944,1790297702.261
10105,989.076,1790297702.522
10106,989.144,1790297702.626
10107,989.276,1790297702.888
10108,989.340,1790297702.994
10109,989.472,1790297703.253
10110,989.540,1790297703.369
10111,989.672,1790297703.632
10112,989.736,1790297703.739
10113,989.804,1790297703.896
10114,989.868,1790297704.010
10115,989.936,1790297704.137
10116,990.000,1790297704.245
10117,990.132,1790297704.510
10118,990.264,1790297704.750
10119,990.332,1790297704.861
10120,990.464,1790297705.123
10121,990.596,1790297705.335
10122,990.660,1790297705.489
10123,990.728,1790297705.607
10124,990.792,1790297705.691
10125,991.188,1790297706.408
10126,991.256,1790297706.585
10127,991.320,1790297706.707
10128,991.388,1790297706.797
10129,991.452,1790297706.904
10130,991.520,1790297707.087
10131,991.584,1790297707.179
10132,991.652,1790297707.306
10133,991.716,1790297707.455
10134,991.784,1790297707.549
10135,991.848,1790297707.674
10136,991.916,1790297707.868
10137,991.980,1790297707.964
10138,992.048,1790297708.094
10139,992.112,1790297708.266
10140,992.180,1790297708.362
10141,992.444,1790297708.845
10142,992.640,1790297709.219
10143,992.708,1790297709.381
10144,993.168,1790297710.222
10145,993.236,1790297710.350
10146,993.300,1790297710.445
10147,993.368,1790297710.594
10148,993.432,1790297710.704
10149,993.500,1790297710.798
10150,993.564,1790297710.958
10151,993.632,1790297711.074
10152,993.764,1790297711.322
10153,993.828,1790297711.442
10154,994.028,1790297711.808
10155,994.092,1790297711.897
10156,994.160,1790297712.066
10157,994.224,1790297712.188
10158,994.292,1790297712.283
10159,994.356,1790297712.463
10160,994.424,1790297712.577
10161,994.488,1790297712.671
10162,994.556,1790297712.843
10163,994.620,1790297712.978
10164,994.688,1790297713.079
10165,994.752,1790297713.205
10166,994.820,1790297713.373
10167,995.016,1790297713.753
10168,995.084,1790297713.838
10169,995.148,1790297713.944
10170,995.216,1790297714.107
10171,995.280,1790297714.207
10172,995.480,1790297714.585
10173,995.544,1790297714.696
10174,995.676,1790297714.964
10175,995.808,1790297715.271
10176,996.008,1790297715.655
10177,996.204,1790297716.027
10178,996.336,1790297716.230
10179,996.536,1790297716.589
10180,996.600,1790297716.681
10181,996.864,1790297717.181
10182,996.996,1790297717.385
10183,997.196,1790297717.747
10184,997.260,1790297717.912
10185,997.328,1790297718.052
10186,997.524,1790297718.405
10187,997.656,1790297718.654
10188,997.724,1790297718.772
10189,997.920,1790297719.144
10190,997.988,1790297719.237
10191,998.052,1790297719.364
10192,998.184,1790297719.608
10193,998.384,1790297719.966
10194,998.448,1790297720.079
10195,998.516,1790297720.251
10196,998.580,1790297720.345
10197,998.648,1790297720.461
10198,998.712,1790297720.624
10199,998.780,1790297720.714
10200,998.844,1790297720.832
10201,999.044,1790297721.207
10202,999.108,1790297721.370
10203,999.176,1790297721.466
10204,999.240,1790297721.579
10205,999.372,1790297721.857
10206,999.504,1790297722.136
10207,999.704,1790297722.510
10208,999.768,1790297722.608
10209,999.836,1790297722.719
10210,999.900,1790297722.823
10211,1000.100,1790297723.186
10212,1000.164,1790297723.339
10213,1000.232,1790297723.453
10214,1000.296,1790297723.549
10215,1000.428,1790297723.839
10216,1000.560,1790297724.109
10217,1000.628,1790297724.231
10218,1000.692,1790297724.317
10219,1000.760,1790297724.478
10220,1000.824,1790297724.594
10221,1000.956,1790297724.859
10222,1001.024,1790297724.991
10223,1001.220,1790297725.362
10224,1001.288,1790297725.453
10225,1001.352,1790297725.563
10226,1001.420,1790297725.707
10227,1001.552,1790297725.897
10228,1001.616,1790297726.052
10229,1001.684,1790297726.155
10230,1001.748,1790297726.266
10231,1001.816,1790297726.443
10232,1001.948,1790297726.649
10233,1002.012,1790297726.840
10234,1002.080,1790297726.936
10235,1002.212,1790297727.220
10236,1002.276,1790297727.335
10237,1002.408,1790297727.643
10238,1002.608,1790297728.060
10239,1002.740,1790297728.285
10240,1002.804,1790297728.458
10241,1003.004,1790297728.837
10242,1003.068,1790297728.942
10243,1003.136,1790297729.068
10244,1003.268,1790297729.331
10245,1003.332,1790297729.447
10246,1003.400,1790297729.535
10247,1003.532,1790297729.796
10248,1003.596,1790297729.881
10249,1003.728,1790297730.151
10250,1003.796,1790297730.233
10251,1003.860,1790297730.398
10252,1003.928,1790297730.526
10253,1003.992,1790297730.606
10254,1004.060,1790297730.800
10255,1004.256,1790297731.190
10256,1004.324,1790297731.312
10257,1004.456,1790297731.563
10258,1004.520,1790297731.683
10259,1004.652,1790297731.898
10260,1004.720,1790297732.056
10261,1004.852,1790297732.273
10262,1004.916,1790297732.429
10263,1004.984,1790297732.516
10264,1005.180,1790297732.899
10265,1005.248,1790297733.022
10266,1005.312,1790297733.195
10267,1005.380,1790297733.290
10268,1005.444,1790297733.406
10269,1005.576,1790297733.672
10270,1005.644,1790297733.791
10271,1005.708,1790297733.948
10272,1005.840,1790297734.162
10273,1005.972,1790297734.437
10274,1006.172,1790297734.826
10275,1006.236,1790297734.929
10276,1006.304,1790297735.109
10277,1006.368,1790297735.213
10278,1006.568,1790297735.600
10279,1006.700,1790297735.800
10280,1006.764,1790297735.956
10281,1006.896,1790297736.160
10282,1006.964,1790297736.354
10283,1007.096,1790297736.560
10284,1007.160,1790297736.726
10285,1007.228,1790297736.852
10286,1007.292,1790297736.942
10287,1007.360,1790297737.113
10288,1007.424,1790297737.243
10289,1007.492,1790297737.335
10290,1007.624,1790297737.668
10291,1007.688,1790297737.768
10292,1007.756,1790297737.922
10293,1007.888,1790297738.134
10294,1008.020,1790297738.425
10295,1008.084,1790297738.509
10296,1008.152,1790297738.623
10297,1008.480,1790297739.254
10298,1008.548,1790297739.376
10299,1008.612,1790297739.542
10300,1008.744,1790297739.774
10301,1009.008,1790297740.283
10302,1009.076,1790297740.386
10303,1009.208,1790297740.679
10304,1009.272,1790297740.775
10305,1009.404,1790297741.074
10306,1009.604,1790297741.484
10307,1009.668,1790297741.581
10308,1009.868,1790297741.940
10309,1009.932,1790297742.070
10310,1010.000,1790297742.157
10311,1010.064,1790297742.317
10312,1010.132,1790297742.445
10313,1010.196,1790297742.532
10314,1010.264,1790297742.693
10315,1010.396,1790297742.898
10316,1010.528,1790297743.214
10317,1010.660,1790297743.496
10318,1010.792,1790297743.719
10319,1010.988,1790297744.116
10320,1011.056,1790297744.322
10321,1011.252,1790297744.680
10322,1011.452,1790297745.036
10323,1011.584,1790297745.280
10324,1011.648,1790297745.404
10325,1011.716,1790297745.564
10326,1011.848,1790297745.790
10327,1011.980,1790297746.074
10328,1012.044,1790297746.201
10329,1012.112,1790297746.391
10330,1012.244,1790297746.614
10331,1012.308,1790297746.800
10332,1012.376,1790297746.911
10333,1012.440,1790297747.058
10334,1012.508,1790297747.256
10335,1012.572,1790297747.372
10336,1012.704,1790297747.686
10337,1012.772,1790297747.810
10338,1012.836,1790297747.944
10339,1012.904,1790297748.145
10340,1012.968,1790297748.258
10341,1013.036,1790297748.384
10342,1013.232,1790297748.799
10343,1013.300,1790297748.889
10344,1013.496,1790297749.287
10345,1013.628,1790297749.597
10346,1013.696,1790297749.683
10347,1013.760,1790297749.863
10348,1013.960,1790297750.265
10349,1014.024,1790297750.391
10350,1014.092,1790297750.479
10351,1014.224,1790297750.771
10352,1014.288,1790297750.871
10353,1014.356,1790297751.039
10354,1014.488,1790297751.257
10355,1014.552,1790297751.397
10356,1014.684,1790297751.677
10357,1014.752,1790297751.805
10358,1014.816,1790297751.974
10359,1014.884,1790297752.078
10360,1014.948,1790297752.198
10361,1015.080,1790297752.466
10362,1015.148,1790297752.580
10363,1015.280,1790297752.899
10364,1015.476,1790297753.302
10365,1015.608,1790297753.613
10366,1015.676,1790297753.726
10367,1015.740,1790297753.847
10368,1015.808,1790297754.033
10369,1015.872,1790297754.139
10370,1015.940,1790297754.254
10371,1016.004,1790297754.441
10372,1016.072,1790297754.550
10373,1016.136,1790297754.682
10374,1016.204,1790297754.864
10375,1016.336,1790297755.107
10376,1016.400,1790297755.199
10377,1016.532,1790297755.517
10378,1016.600,1790297755.614
10379,1016.664,1790297755.798
10380,1016.732,1790297755.929
10381,1016.796,1790297756.030
10382,1016.864,1790297756.199
10383,1016.928,1790297756.317
10384,1016.996,1790297756.406
10385,1017.060,1790297756.581
10386,1017.392,1790297757.169
10387,1017.456,1790297757.339
10388,1017.588,1790297757.553
10389,1017.656,1790297757.735
10390,1017.720,1790297757.878
10391,1017.788,1790297757.977
10392,1017.920,1790297758.306
10393,1017.984,1790297758.409
10394,1018.052,1790297758.553
10395,1018.116,1790297758.750
10396,1018.248,1790297758.979
10397,1018.380,1790297759.245
10398,1018.448,1790297759.374
10399,1018.512,1790297759.559
10400,1018.580,1790297759.665
10401,1018.644,1790297759.780
10402,1018.908,1790297760.343
10403,1018.976,1790297760.436
10404,1019.040,1790297760.559
10405,1019.108,1790297760.720
10406,1019.172,1790297760.820
10407,1019.240,1790297760.935
10408,1019.304,1790297761.106
10409,1019.436,1790297761.325
10410,1019.700,1790297761.815
10411,1019.832,1790297762.112
10412,1019.900,1790297762.200
10413,1019.964,1790297762.389
10414,1020.032,1790297762.515
10415,1020.164,1790297762.778
10416,1020.228,1790297762.893
10417,1020.296,1790297762.990
10418,1020.360,1790297763.162
10419,1020.428,1790297763.284
10420,1020.492,1790297763.376
10421,1020.560,1790297763.563
10422,1020.624,1790297763.692
10423,1020.692,1790297763.797
10424,1020.756,1790297763.968
10425,1020.824,1790297764.086
10426,1020.888,1790297764.195
10427,1020.956,1790297764.389
10428,1021.020,1790297764.526
10429,1021.152,1790297764.744
10430,1021.220,1790297764.913
10431,1021.284,1790297765.014
10432,1021.416,1790297765.305
10433,1021.484,1790297765.411
10434,1021.548,1790297765.530
10435,1021.680,1790297765.803
10436,1021.748,1790297765.925
10437,1021.812,1790297766.101
10438,1021.880,1790297766.208
10439,1022.012,1790297766.510
10440,1022.076,1790297766.607
10441,1022.208,1790297766.919
10442,1022.276,1790297767.022
10443,1022.340,1790297767.143
10444,1022.604,1790297767.705
10445,1022.672,1790297767.805
10446,1022.736,1790297767.919
10447,1022.868,1790297768.189
10448,1023.000,1790297768.421
10449,1023.068,1790297768.600
10450,1023.332,1790297769.117
10451,1023.396,1790297769.222
10452,1023.464,1790297769.435
10453,1023.528,1790297769.566
10454,1023.596,1790297769.664
10455,1023.792,1790297770.081
10456,1023.860,1790297770.283
10457,1023.924,1790297770.417
10458,1023.992,1790297770.512
10459,1024.056,1790297770.700
10460,1024.188,1790297770.934
10461,1024.320,1790297771.275
10462,1024.388,1790297771.378
10463,1024.520,1790297771.710
10464,1024.784,1790297772.205
10465,1024.916,1790297772.510
10466,1024.980,1790297772.611
10467,1025.048,1790297772.741
10468,1025.112,1790297772.922
10469,1025.180,1790297773.020
10470,1025.244,1790297773.141
10471,1025.444,1790297773.531
10472,1025.508,1790297773.701
10473,1025.576,1790297773.802
10474,1025.708,1790297774.095
10475,1025.840,1790297774.323
10476,1025.972,1790297774.608
10477,1026.104,1790297774.889
10478,1026.168,1790297774.987
10479,1026.300,1790297775.196
10480,1026.368,1790297775.365
10481,1026.500,1790297775.587
10482,1026.564,1790297775.758
10483,1026.632,1790297775.883
10484,1026.696,1790297775.985
10485,1026.828,1790297776.288
10486,1026.896,1790297776.403
10487,1026.960,1790297776.586
10488,1027.160,1790297776.970
10489,1027.224,1790297777.087
10490,1027.424,1790297777.462
10491,1027.488,1790297777.555
10492,1027.556,1790297777.724
10493,1027.688,1790297777.932
10494,1027.752,1790297778.054
10495,1027.884,1790297778.313
10496,1027.952,1790297778.425
10497,1028.016,1790297778.585
10498,1028.084,1790297778.683
10499,1028.148,1790297778.801
10500,1028.216,1790297778.979
10501,1028.348,1790297779.180
10502,1028.480,1790297779.448
10503,1028.612,1790297779.741
10504,1028.676,1790297779.832
10505,1028.744,1790297779.952
10506,1028.808,1790297780.119
10507,1029.072,1790297780.649
10508,1029.140,1790297780.771
10509,1029.204,1790297780.939
10510,1029.336,1790297781.156
10511,1029.468,1790297781.418
10512,1029.600,1790297781.627
10513,1029.732,1790297781.924
10514,1029.800,1790297782.028
10515,1029.864,1790297782.197
10516,1029.932,1790297782.333
10517,1030.128,1790297782.701
10518,1030.196,1790297782.793
10519,1030.260,1790297782.954
10520,1030.328,1790297783.078
10521,1030.392,1790297783.171
10522,1030.460,1790297783.335
10523,1030.524,1790297783.458
10524,1030.592,1790297783.554
10525,1030.656,1790297783.722
10526,1030.724,1790297783.852
10527,1030.788,1790297783.940
10528,1030.856,1790297784.102
10529,1030.920,1790297784.228
10530,1030.988,1790297784.315
10531,1031.052,1790297784.431
10532,1031.120,1790297784.593
10533,1031.184,1790297784.682
10534,1031.316,1790297784.968
10535,1031.516,1790297785.355
10536,1031.580,1790297785.452
10537,1031.648,1790297785.571
10538,1031.712,1790297785.748
10539,1031.780,1790297785.855
10540,1031.912,1790297786.163
10541,1031.976,1790297786.265
10542,1032.044,1790297786.385
10543,1032.108,1790297786.567
10544,1032.176,1790297786.665
10545,1032.240,1790297786.785
10546,1032.372,1790297787.075
10547,1032.440,1790297787.193
10548,1032.504,1790297787.372
10549,1032.572,1790297787.475
10550,1032.636,1790297787.594
10551,1032.704,1790297787.766
10552,1032.836,1790297787.972
10553,1032.900,1790297788.063
10554,1032.968,1790297788.230
10555,1033.032,1790297788.350
10556,1033.232,1790297788.727
10557,1033.296,1790297788.827
10558,1033.364,1790297789.007
10559,1033.496,1790297789.211
10560,1033.560,1790297789.384
10561,1033.628,1790297789.501
10562,1033.692,1790297789.593
10563,1033.824,1790297789.884
10564,1033.956,1790297790.148
10565,1034.024,1790297790.274
10566,1034.088,1790297790.369
10567,1034.288,1790297790.766
10568,1034.352,1790297790.891
10569,1034.484,1790297791.135
10570,1034.552,1790297791.258
10571,1034.684,1790297791.521
10572,1034.748,1790297791.638
10573,1035.080,1790297792.296
10574,1035.144,1790297792.414
10575,1035.212,1790297792.586
10576,1035.344,1790297792.797
10577,1035.408,1790297792.968
10578,1035.540,1790297793.183
10579,1035.740,1790297793.575
10580,1035.804,1790297793.741
10581,1035.872,1790297793.839
10582,1036.004,1790297794.140
10583,1036.136,1790297794.349
10584,1036.200,1790297794.445
10585,1036.268,1790297794.608
10586,1036.332,1790297794.715
10587,1036.464,1790297794.965
10588,1036.596,1790297795.180
10589,1036.664,1790297795.363
10590,1036.728,1790297795.476
10591,1036.796,1790297795.563
10592,1036.860,1790297795.742
10593,1036.992,1790297795.976
10594,1037.124,1790297796.281
10595,1037.192,1790297796.373
10596,1037.324,1790297796.665
10597,1037.388,1790297796.760
10598,1037.456,1790297796.928
10599,1037.520,1790297797.058
10600,1037.588,1790297797.160
10601,1037.652,1790297797.281
10602,1037.720,1790297797.455
10603,1037.784,1790297797.556
10604,1037.852,1790297797.669
10605,1037.984,1790297797.922
10606,1038.048,1790297798.034
10607,1038.116,1790297798.195
10608,1038.180,1790297798.284
10609,1038.444,1790297798.780
10610,1038.576,1790297799.034
10611,1038.840,1790297799.530
10612,1038.972,1790297799.798
10613,1039.104,1790297800.082
10614,1039.172,1790297800.187
10615,1039.436,1790297800.689
10616,1039.500,1790297800.778
10617,1039.568,1790297800.953
10618,1039.632,1790297801.088
10619,1039.700,1790297801.180
10620,1039.764,1790297801.340
10621,1039.832,1790297801.460
10622,1040.028,1790297801.856
10623,1040.096,1790297801.942
10624,1040.160,1790297802.105
10625,1040.228,1790297802.232
10626,1040.292,1790297802.328
10627,1040.424,1790297802.608
10628,1040.492,1790297802.695
10629,1040.624,1790297802.988
10630,1040.756,1790297803.242
10631,1040.888,1790297803.455
10632,1040.952,1790297803.572
10633,1041.152,1790297803.925
10634,1041.216,1790297804.077
10635,1041.348,1790297804.281
10636,1041.416,1790297804.463
10637,1041.480,1790297804.551
10638,1041.548,1790297804.681
10639,1041.680,1790297804.976
10640,1041.744,1790297805.107
10641,1041.812,1790297805.297
10642,1041.944,1790297805.528
10643,1042.008,1790297805.711
10644,1042.076,1790297805.826
10645,1042.272,1790297806.267
10646,1042.340,1790297806.393
10647,1042.404,1790297806.572
10648,1042.472,1790297806.673
10649,1042.536,1790297806.784
10650,1042.604,1790297806.947
10651,1042.668,1790297807.064
10652,1042.736,1790297807.180
10653,1042.932,1790297807.548
10654,1043.064,1790297807.799
10655,1043.132,1790297807.915
10656,1043.196,1790297808.013
10657,1043.328,1790297808.299
10658,1043.396,1790297808.391
10659,1043.460,1790297808.567
10660,1043.528,1790297808.692
10661,1043.592,1790297808.784
10662,1043.660,1790297808.958
10663,1043.724,1790297809.085
10664,1043.792,1790297809.174
10665,1043.856,1790297809.345
10666,1043.924,1790297809.485
10667,1043.988,1790297809.582
10668,1044.120,1790297809.888
10669,1044.252,1790297810.105
10670,1044.452,1790297810.483
10671,1044.584,1790297810.747
10672,1044.648,1790297810.868
10673,1044.780,1790297811.122
10674,1044.848,1790297811.235
10675,1044.912,1790297811.398
10676,1044.980,1790297811.497
10677,1045.176,1790297811.873
10678,1045.308,1790297812.184
10679,1045.376,1790297812.276
10680,1045.440,1790297812.401
10681,1045.508,1790297812.606
10682,1045.572,1790297812.705
10683,1045.640,1790297812.820
10684,1045.704,1790297813.000
10685,1045.772,1790297813.102
10686,1045.836,1790297813.220
10687,1045.904,1790297813.395
10688,1045.968,1790297813.498
10689,1046.036,1790297813.614
10690,1046.168,1790297813.855
10691,1046.232,1790297813.971
10692,1046.300,1790297814.062
10693,1046.432,1790297814.353
10694,1046.496,1790297814.446
10695,1046.628,1790297814.729
10696,1046.696,1790297814.818
10697,1047.024,1790297815.486
10698,1047.224,1790297815.884
10699,1047.288,1790297815.990
10700,1047.356,1790297816.156
10701,1047.488,1790297816.363
10702,1047.552,1790297816.477
10703,1047.752,1790297816.851
10704,1047.816,1790297817.014
10705,1047.884,1790297817.110
10706,1047.948,1790297817.223
10707,1048.016,1790297817.392
10708,1048.080,1790297817.489
10709,1048.212,1790297817.780
10710,1048.280,1790297817.875
10711,1048.608,1790297818.557
10712,1048.676,1790297818.656
10713,1048.740,1790297818.774
10714,1048.872,1790297819.057
10715,1048.940,1790297819.171
10716,1049.004,1790297819.334
10717,1049.072,1790297819.439
10718,1049.204,1790297819.724
10719,1049.400,1790297820.032
10720,1049.468,1790297820.196
10721,1049.532,1790297820.310
10722,1049.600,1790297820.407
10723,1049.664,1790297820.565
10724,1049.996,1790297821.165
10725,1050.060,1790297821.341
10726,1050.128,1790297821.458
10727,1050.192,1790297821.542
10728,1050.324,1790297821.835
10729,1050.456,1790297822.108
10730,1050.524,1790297822.235
10731,1050.588,1790297822.324
10732,1050.656,1790297822.495
10733,1050.720,1790297822.626
10734,1050.788,1790297822.730
10735,1050.920,1790297823.007
10736,1050.984,1790297823.085
10737,1051.116,1790297823.364
10738,1051.184,1790297823.452
10739,1051.380,1790297823.827
10740,1051.448,1790297823.944
10741,1051.512,1790297824.113
10742,1051.644,1790297824.329
10743,1051.712,1790297824.508
10744,1051.776,1790297824.616
10745,1051.844,1790297824.736
10746,1052.040,1790297825.116
10747,1052.108,1790297825.288
10748,1052.240,1790297825.494
10749,1052.372,1790297825.764
10750,1052.568,1790297826.139
10751,1052.900,1790297826.710
10752,1052.964,1790297826.865
10753,1053.032,1790297826.984
10754,1053.296,1790297827.469
10755,1053.492,1790297827.880
10756,1053.756,1790297828.452
10757,1053.956,1790297828.825
10758,1054.020,1790297828.947
10759,1054.088,1790297829.050
10760,1054.220,1790297829.354
10761,1054.352,1790297829.559
10762,1054.416,1790297829.723
10763,1054.484,1790297829.822
10764,1054.548,1790297829.936
10765,1054.616,1790297830.112
10766,1054.680,1790297830.199
10767,1054.748,1790297830.312
10768,1054.944,1790297830.698
10769,1055.076,1790297830.958
10770,1055.144,1790297831.067
10771,1055.276,1790297831.333
10772,1055.340,1790297831.446
10773,1055.408,1790297831.611
10774,1055.540,1790297831.829
10775,1055.604,1790297831.999
10776,1055.736,1790297832.214
10777,1055.868,1790297832.471
10778,1055.936,1790297832.591
10779,1056.000,1790297832.680
10780,1056.200,1790297833.050
10781,1056.264,1790297833.217
10782,1056.332,1790297833.356
10783,1056.464,1790297833.622
10784,1056.528,1790297833.737
10785,1056.660,1790297833.996
10786,1056.728,1790297834.141
10787,1056.792,1790297834.240
10788,1056.860,1790297834.417
10789,1056.992,1790297834.644
10790,1057.056,1790297834.809
10791,1057.124,1790297834.950
10792,1057.256,1790297835.204
10793,1057.320,1790297835.318
10794,1057.452,1790297835.519
10795,1057.584,1790297835.777
10796,1057.784,1790297836.149
10797,1057.848,1790297836.270
10798,1057.916,1790297836.453
10799,1057.980,1790297836.549
10800,1058.048,1790297836.671
10801,1058.112,1790297836.853
10802,1058.180,1790297836.943
10803,1058.244,1790297837.067
10804,1058.312,1790297837.233
10805,1058.376,1790297837.326
10806,1058.444,1790297837.435
10807,1058.508,1790297837.602
10808,1058.640,1790297837.812
10809,1058.772,1790297838.095
10810,1058.840,1790297838.203
10811,1059.036,1790297838.584
10812,1059.104,1790297838.758
10813,1059.432,1790297839.388
10814,1059.564,1790297839.685
10815,1059.632,1790297839.814
10816,1059.696,1790297839.919
10817,1059.764,1790297840.115
10818,1059.828,1790297840.244
10819,1060.292,1790297841.216
10820,1060.424,1790297841.549
10821,1060.488,1790297841.655
10822,1060.620,1790297842.006
10823,1060.752,1790297842.245
10824,1060.820,1790297842.424
10825,1060.952,1790297842.661
10826,1061.016,1790297842.836
10827,1061.084,1790297842.945
10828,1061.148,1790297843.070
10829,1061.280,1790297843.342
10830,1061.348,1790297843.466
10831,1061.412,1790297843.667
10832,1061.480,1790297843.777
10833,1061.544,1790297843.906
10834,1061.676,1790297844.208
10835,1061.744,1790297844.330
10836,1061.808,1790297844.519
10837,1061.876,1790297844.637
10838,1061.940,1790297844.766
10839,1062.008,1790297844.960
10840,1062.072,1790297845.074
10841,1062.140,1790297845.197
10842,1062.204,1790297845.394
10843,1062.336,1790297845.644
10844,1062.600,1790297846.169
10845,1062.668,1790297846.350
10846,1062.732,1790297846.478
10847,1062.800,1790297846.580
10848,1062.932,1790297846.907
10849,1062.996,1790297847.007
10850,1063.064,1790297847.197
10851,1063.196,1790297847.396
10852,1063.260,1790297847.561
10853,1063.328,1790297847.676
10854,1063.524,1790297848.055
10855,1063.592,1790297848.145
10856,1063.656,1790297848.316
10857,1063.724,1790297848.441
10858,1063.788,1790297848.535
10859,1064.052,1790297849.048
10860,1064.184,1790297849.308
10861,1064.384,1790297849.726
10862,1064.448,1790297849.857
10863,1064.580,1790297850.154
10864,1064.648,1790297850.295
10865,1064.712,1790297850.490
10866,1064.844,1790297850.736
10867,1064.912,1790297850.934
10868,1064.976,1790297851.052
10869,1065.044,1790297851.189
10870,1065.108,1790297851.392
10871,1065.176,1790297851.503
10872,1065.240,1790297851.625
10873,1065.308,1790297851.821
10874,1065.440,1790297852.050
10875,1065.504,1790297852.239
10876,1065.704,1790297852.659
10877,1065.768,1790297852.771
10878,1065.836,1790297852.894
10879,1065.968,1790297853.179
10880,1066.032,1790297853.304
10881,1066.100,1790297853.408
10882,1066.164,1790297853.583
10883,1066.232,1790297853.710
10884,1066.428,1790297854.121
10885,1066.628,1790297854.557
10886,1066.824,1790297854.987
10887,1066.892,1790297855.091
10888,1066.956,1790297855.280
10889,1067.024,1790297855.416
10890,1067.220,1790297855.829
10891,1067.288,1790297855.934
10892,1067.552,1790297856.462
10893,1067.684,1790297856.714
10894,1067.748,1790297856.836
10895,1067.816,1790297857.007
10896,1067.880,1790297857.106
10897,1068.080,1790297857.487
10898,1068.144,1790297857.611
10899,1068.276,1790297857.897
10900,1068.344,1790297858.018
10901,1068.408,1790297858.201
10902,1068.672,1790297858.677
10903,1068.740,1790297858.791
10904,1068.804,1790297858.958
10905,1068.872,1790297859.071
10906,1068.936,1790297859.199
10907,1069.004,1790297859.376
10908,1069.136,1790297859.595
10909,1069.200,1790297859.695
10910,1069.268,1790297859.855
10911,1069.332,1790297859.970
10912,1069.400,1790297860.061
10913,1069.464,1790297860.217
10914,1069.532,1790297860.338
10915,1069.596,1790297860.435
10916,1069.664,1790297860.606
10917,1069.728,1790297860.724
10918,1069.796,1790297860.820
10919,1069.928,1790297861.120
10920,1069.992,1790297861.215
10921,1070.192,1790297861.599
10922,1070.256,1790297861.772
10923,1070.324,1790297861.893
10924,1070.388,1790297861.988
10925,1070.456,1790297862.161
10926,1070.520,1790297862.295
10927,1070.652,1790297862.498
10928,1070.720,1790297862.653
10929,1070.784,1790297862.748
10930,1070.916,1790297863.040
10931,1070.984,1790297863.136
10932,1071.048,1790297863.260
10933,1071.116,1790297863.448
10934,1071.180,1790297863.539
10935,1071.312,1790297863.836
10936,1071.380,1790297863.937
10937,1071.512,1790297864.233
10938,1071.576,1790297864.331
10939,1071.644,1790297864.449
10940,1071.708,1790297864.607
10941,1071.776,1790297864.708
10942,1071.972,1790297865.080
10943,1072.172,1790297865.472
10944,1072.236,1790297865.590
10945,1072.304,1790297865.773
10946,1072.368,1790297865.877
10947,1072.500,1790297866.094
10948,1072.568,1790297866.282
10949,1072.632,1790297866.410
10950,1072.700,1790297866.503
10951,1072.896,1790297866.870
10952,1072.964,1790297867.036
10953,1073.028,1790297867.153
10954,1073.096,1790297867.247
10955,1073.228,1790297867.536
10956,1073.360,1790297867.815
10957,1073.424,1790297867.939
10958,1073.492,1790297868.032
10959,1073.556,1790297868.199
10960,1073.624,1790297868.325
10961,1073.688,1790297868.416
10962,1073.756,1790297868.595
10963,1073.820,1790297868.737
10964,1074.084,1790297869.204
10965,1074.152,1790297869.345
10966,1074.216,1790297869.515
10967,1074.284,1790297869.604
10968,1074.348,1790297869.734
10969,1074.548,1790297870.116
10970,1074.612,1790297870.289
10971,1074.812,1790297870.672
10972,1074.944,1790297870.881
10973,1075.008,1790297871.055
10974,1075.076,1790297871.149
10975,1075.340,1790297871.666
10976,1075.536,1790297872.049
10977,1075.736,1790297872.429
10978,1075.800,1790297872.526
10979,1075.932,1790297872.795
10980,1076.000,1790297872.890
10981,1076.132,1790297873.171
10982,1076.196,1790297873.258
10983,1076.328,1790297873.537
10984,1076.396,1790297873.629
10985,1076.528,1790297873.910
10986,1076.592,1790297873.998
10987,1076.660,1790297874.173
10988,1077.056,1790297874.924
10989,1077.252,1790297875.256
10990,1077.384,1790297875.509
10991,1077.452,1790297875.631
10992,1077.584,1790297875.882
10993,1077.648,1790297876.004
10994,1077.780,1790297876.264
10995,1077.980,1790297876.637
10996,1078.044,1790297876.757
10997,1078.112,1790297876.930
10998,1078.244,1790297877.136
10999,1078.308,1790297877.315
11000,1078.440,1790297877.524
11001,1078.640,1790297877.909
11002,1078.704,1790297878.064
11003,1078.772,1790297878.162
11004,1078.836,1790297878.279
11005,1078.904,1790297878.449
11006,1078.968,1790297878.543
11007,1079.036,1790297878.649
11008,1079.100,1790297878.746
11009,1079.168,1790297878.895
11010,1079.232,1790297879.012
11011,1079.300,1790297879.103
11012,1079.432,1790297879.375
11013,1079.496,1790297879.459
11014,1079.564,1790297879.621
11015,1079.628,1790297879.734
11016,1079.696,1790297879.828
11017,1079.892,1790297880.205
11018,1080.092,1790297880.600
11019,1080.420,1790297881.274
11020,1080.488,1790297881.367
11021,1080.552,1790297881.486
11022,1080.816,1790297882.041
11023,1080.884,1790297882.134
11024,1081.080,1790297882.511
11025,1081.344,1790297883.000
11026,1081.476,1790297883.269
11027,1081.676,1790297883.664
11028,1082.072,1790297884.410
11029,1082.268,1790297884.810
11030,1082.400,1790297885.016
11031,1082.532,1790297885.301
11032,1082.600,1790297885.401
11033,1082.664,1790297885.557
11034,1082.732,1790297885.678
11035,1082.796,1790297885.768
11036,1082.996,1790297886.146
11037,1083.060,1790297886.324
11038,1083.128,1790297886.449
11039,1083.260,1790297886.710
11040,1083.324,1790297886.828
11041,1083.392,1790297886.922
11042,1083.524,1790297887.215
11043,1083.588,1790297887.304
11044,1083.720,1790297887.600
11045,1083.788,1790297887.699
11046,1083.852,1790297887.823
11047,1083.984,1790297888.078
11048,1084.052,1790297888.194
11049,1084.184,1790297888.448
11050,1084.316,1790297888.745
11051,1084.448,1790297888.962
11052,1084.512,1790297889.130
11053,1084.644,1790297889.342
11054,1084.712,1790297889.515
11055,1084.776,1790297889.613
11056,1084.844,1790297889.735
11057,1084.908,1790297889.897
11058,1084.976,1790297889.991
11059,1085.172,1790297890.354
11060,1085.240,1790297890.467
11061,1085.304,1790297890.646
11062,1085.372,1790297890.753
11063,1085.504,1790297891.028
11064,1085.568,1790297891.141
11065,1085.636,1790297891.266
11066,1085.700,1790297891.354
11067,1085.832,1790297891.637
11068,1085.900,1790297891.743
11069,1085.964,1790297891.906
11070,1086.096,1790297892.113
11071,1086.164,1790297892.290
11072,1086.296,1790297892.496
11073,1086.360,1790297892.656
11074,1086.428,1790297892.774
11075,1086.492,1790297892.863
11076,1086.692,1790297893.262
11077,1086.824,1790297893.565
11078,1086.888,1790297893.658
11079,1086.956,1790297893.830
11080,1087.088,1790297894.050
11081,1087.284,1790297894.416
11082,1087.352,1790297894.529
11083,1087.416,1790297894.683
11084,1087.484,1790297894.778
11085,1087.548,1790297894.900
11086,1087.616,1790297895.069
11087,1087.680,1790297895.155
11088,1087.748,1790297895.274
11089,1087.812,1790297895.443
11090,1087.880,1790297895.545
11091,1087.944,1790297895.656
11092,1088.012,1790297895.849
11093,1088.144,1790297896.068
11094,1088.208,1790297896.254
11095,1088.276,1790297896.359
11096,1088.340,1790297896.477
11097,1088.408,1790297896.662
11098,1088.472,1790297896.776
11099,1088.540,1790297896.912
11100,1088.604,1790297897.109
11101,1088.672,1790297897.214
11102,1088.868,1790297897.634
11103,1088.936,1790297897.763
11104,1089.000,1790297897.873
11105,1089.132,1790297898.176
11106,1089.200,1790297898.284
11107,1089.264,1790297898.460
11108,1089.332,1790297898.587
11109,1089.464,1790297898.885
11110,1089.528,1790297899.005
11111,1089.660,1790297899.290
11112,1089.728,1790297899.433
11113,1089.792,1790297899.543
11114,1089.924,1790297899.855
11115,1089.992,1790297899.945
11116,1090.124,1790297900.250
11117,1090.188,1790297900.339
11118,1090.452,1790297900.879
11119,1090.584,1790297901.164
11120,1090.652,1790297901.290
11121,1090.716,1790297901.480
11122,1090.784,1790297901.589
11123,1090.848,1790297901.714
11124,1090.916,1790297901.890
11125,1090.980,1790297901.983
11126,1091.048,1790297902.102
11127,1091.180,1790297902.368
11128,1091.312,1790297902.675
11129,1091.376,1790297902.783
11130,1091.444,1790297902.896
11131,1091.508,1790297903.076
11132,1091.640,1790297903.295
11133,1091.708,1790297903.467
11134,1091.772,1790297903.572
11135,1091.840,1790297903.701
11136,1092.036,1790297904.108
11137,1092.168,1790297904.392
11138,1092.564,1790297905.132
11139,1092.696,1790297905.345
11140,1092.896,1790297905.721
11141,1093.092,1790297906.110
11142,1093.224,1790297906.396
11143,1093.292,1790297906.495
11144,1093.356,1790297906.653
11145,1093.424,1790297906.780
11146,1093.556,1790297907.020
11147,1093.620,1790297907.148
11148,1093.752,1790297907.366
11149,1093.884,1790297907.635
11150,1094.016,1790297907.901
11151,1094.148,1790297908.105
11152,1094.216,1790297908.274
11153,1094.280,1790297908.364
11154,1094.348,1790297908.489
11155,1094.412,1790297908.653
11156,1094.480,1790297908.749
11157,1094.676,1790297909.141
11158,1094.744,1790297909.259
11159,1094.876,1790297909.526
11160,1094.940,1790297909.639
11161,1095.008,1790297909.809
11162,1095.140,1790297910.039
11163,1095.272,1790297910.312
11164,1095.336,1790297910.431
11165,1095.404,1790297910.599
11166,1095.600,1790297910.891
11167,1095.668,1790297911.065
11168,1095.800,1790297911.277
11169,1095.864,1790297911.436
11170,1095.932,1790297911.556
11171,1095.996,1790297911.644
11172,1096.064,1790297911.811
11173,1096.128,1790297911.932
11174,1096.196,1790297912.012
11175,1096.328,1790297912.298
11176,1096.392,1790297912.390
11177,1096.460,1790297912.551
11178,1096.524,1790297912.683
11179,1096.592,1790297912.776
11180,1096.656,1790297912.947
11181,1096.724,1790297913.073
11182,1096.788,1790297913.174
11183,1096.856,1790297913.350
11184,1096.920,1790297913.470
11185,1096.988,1790297913.563
11186,1097.184,1790297913.939
11187,1097.384,1790297914.307
11188,1097.448,1790297914.421
11189,1097.516,1790297914.586
11190,1097.580,1790297914.675
11191,1097.648,1790297914.789
11192,1097.712,1790297914.965
11193,1097.976,1790297915.435
11194,1098.044,1790297915.545
11195,1098.108,1790297915.704
11196,1098.176,1790297915.800
11197,1098.240,1790297915.914
11198,1098.372,1790297916.158
11199,1098.440,1790297916.272
11200,1098.504,1790297916.435
11201,1098.636,1790297916.647
11202,1098.704,1790297916.816
11203,1098.768,1790297916.924
11204,1098.836,1790297917.046
11205,1098.968,1790297917.312
11206,1099.100,1790297917.507
11207,1099.232,1790297917.766
11208,1099.364,1790297918.045
11209,1099.428,1790297918.163
11210,1099.496,1790297918.249
11211,1099.560,1790297918.408
11212,1099.628,1790297918.525
11213,1099.892,1790297919.015
11214,1099.956,1790297919.213
11215,1100.024,1790297919.340
11216,1100.088,1790297919.436
11217,1100.220,1790297919.763
11218,1100.288,1790297919.868
11219,1100.484,1790297920.259
11220,1100.616,1790297920.526
11221,1100.684,1790297920.621
11222,1100.748,1790297920.731
11223,1100.948,1790297921.116
11224,1101.144,1790297921.491
11225,1101.212,1790297921.672
11226,1101.608,1790297922.539
11227,1101.672,1790297922.664
11228,1101.740,1790297922.800
11229,1101.872,1790297923.075
11230,1102.004,1790297923.363
11231,1102.068,1790297923.460
11232,1102.136,1790297923.576
11233,1102.200,1790297923.680
11234,1102.268,1790297923.831
11235,1102.400,1790297924.036
11236,1102.464,1790297924.196
11237,1102.532,1790297924.312
11238,1102.596,1790297924.406
11239,1102.664,1790297924.580
11240,1102.728,1790297924.696
11241,1102.796,1790297924.789
11242,1102.860,1790297924.948
11243,1103.060,1790297925.318
11244,1103.124,1790297925.434
11245,1103.192,1790297925.528
11246,1103.324,1790297925.813
11247,1103.520,1790297926.175
11248,1103.588,1790297926.270
11249,1103.720,1790297926.548
11250,1103.784,1790297926.636
11251,1103.916,1790297926.900
11252,1103.984,1790297926.990
11253,1104.116,1790297927.292
11254,1104.180,1790297927.387
11255,1104.248,1790297927.504
11256,1104.312,1790297927.675
11257,1104.444,1790297927.886
11258,1104.576,1790297928.168
11259,1104.644,1790297928.281
11260,1104.840,1790297928.654
11261,1104.972,1790297928.912
11262,1105.040,1790297929.023
11263,1105.172,1790297929.289
11264,1105.236,1790297929.407
11265,1105.304,1790297929.578
11266,1105.436,1790297929.788
11267,1105.500,1790297929.881
11268,1105.568,1790297930.043
11269,1105.700,1790297930.243
11270,1105.832,1790297930.533
11271,1105.896,1790297930.639
11272,1105.964,1790297930.823
11273,1106.028,1790297930.938
11274,1106.160,1790297931.199
11275,1106.228,1790297931.319
11276,1106.292,1790297931.401
11277,1106.424,1790297931.683
11278,1106.492,1790297931.776
11279,1106.556,1790297931.950
11280,1106.624,1790297932.067
11281,1106.688,1790297932.164
11282,1106.756,1790297932.337
11283,1106.820,1790297932.454
11284,1106.888,1790297932.546
11285,1106.952,1790297932.655
11286,1107.020,1790297932.803
11287,1107.084,1790297932.889
11288,1107.152,1790297933.003
11289,1107.216,1790297933.177
11290,1107.284,1790297933.276
11291,1107.348,1790297933.395
11292,1107.416,1790297933.559
11293,1107.548,1790297933.779
11294,1107.612,1790297933.952
11295,1107.680,1790297934.049
11296,1107.744,1790297934.166
11297,1107.812,1790297934.349
11298,1107.876,1790297934.446
11299,1107.944,1790297934.560
11300,1108.008,1790297934.767
11301,1108.076,1790297934.882
11302,1108.140,1790297935.014
11303,1108.272,1790297935.322
11304,1108.472,1790297935.722
11305,1108.536,1790297935.841
11306,1108.604,1790297936.010
11307,1108.668,1790297936.119
11308,1108.800,1790297936.333
11309,1108.932,1790297936.591
11310,1109.000,1790297936.679
11311,1109.064,1790297936.843
11312,1109.196,1790297937.042
11313,1109.396,1790297937.413
11314,1109.592,1790297937.797
11315,1109.792,1790297938.189
11316,1109.856,1790297938.355
11317,1109.988,1790297938.562
11318,1110.056,1790297938.727
11319,1110.188,1790297938.937
11320,1110.252,1790297939.054
11321,1110.384,1790297939.300
11322,1110.452,1790297939.408
11323,1110.516,1790297939.567
11324,1110.584,1790297939.662
11325,1110.648,1790297939.778
11326,1110.716,1790297939.951
11327,1110.780,1790297940.044
11328,1110.980,1790297940.445
11329,1111.176,1790297940.809
11330,1111.308,1790297941.095
11331,1111.440,1790297941.311
11332,1111.572,1790297941.576
11333,1111.640,1790297941.683
11334,1111.904,1790297942.261
11335,1112.036,1790297942.474
11336,1112.100,1790297942.560
11337,1112.168,1790297942.725
11338,1112.432,1790297943.233
11339,1112.496,1790297943.323
11340,1112.564,1790297943.496
11341,1112.628,1790297943.618
11342,1112.696,1790297943.703
11343,1112.960,1790297944.211
11344,1113.024,1790297944.332
11345,1113.092,1790297944.427
11346,1113.156,1790297944.589
11347,1113.288,1790297944.800
11348,1113.356,1790297944.962
11349,1113.420,1790297945.087
11350,1113.488,1790297945.178
11351,1113.552,1790297945.295
11352,1113.620,1790297945.458
11353,1113.684,1790297945.543
11354,1113.752,1790297945.664
11355,1113.816,1790297945.816
11356,1113.884,1790297945.904
11357,1113.948,1790297946.028
11358,1114.016,1790297946.198
11359,1114.148,1790297946.410
11360,1114.412,1790297946.951
11361,1114.476,1790297947.055
11362,1114.544,1790297947.188
11363,1114.608,1790297947.355
11364,1114.676,1790297947.451
11365,1114.740,1790297947.568
11366,1114.872,1790297947.848
11367,1115.004,1790297948.124
11368,1115.072,1790297948.227
11369,1115.136,1790297948.348
11370,1115.268,1790297948.616
11371,1115.336,1790297948.733
11372,1115.532,1790297949.095
11373,1115.600,1790297949.189
11374,1115.664,1790297949.356
11375,1115.732,1790297949.490
11376,1115.864,1790297949.745
11377,1115.928,1790297949.873
11378,1115.996,1790297949.961
11379,1116.128,1790297950.256
11380,1116.192,1790297950.350
11381,1116.260,1790297950.523
11382,1116.324,1790297950.657
11383,1116.392,1790297950.750
11384,1116.524,1790297951.045
11385,1116.588,1790297951.129
11386,1116.656,1790297951.292
11387,1116.720,1790297951.417
11388,1116.788,1790297951.517
11389,1116.984,1790297951.893
11390,1117.184,1790297952.254
11391,1117.248,1790297952.373
11392,1117.316,1790297952.554
11393,1117.380,1790297952.643
11394,1117.448,1790297952.770
11395,1117.512,1790297952.939
11396,1117.644,1790297953.150
11397,1117.712,1790297953.309
11398,1117.776,1790297953.395
11399,1117.908,1790297953.682
11400,1117.976,1790297953.785
11401,1118.040,1790297953.908
11402,1118.108,1790297954.076
11403,1118.240,1790297954.294
11404,1118.372,1790297954.562
11405,1118.436,1790297954.679
11406,1118.504,1790297954.837
11407,1118.568,1790297954.947
11408,1118.636,1790297955.059
11409,1118.900,1790297955.524
11410,1118.964,1790297955.681
11411,1119.032,1790297955.794
11412,1119.096,1790297955.890
11413,1119.228,1790297956.178
11414,1119.428,1790297956.562
11415,1119.560,1790297956.844
11416,1119.624,1790297956.970
11417,1119.692,1790297957.056
11418,1119.756,1790297957.224
11419,1119.824,1790297957.361
11420,1119.888,1790297957.458
11421,1119.956,1790297957.666
11422,1120.020,1790297957.791
11423,1120.088,1790297957.881
11424,1120.152,1790297957.994
11425,1120.220,1790297958.167
11426,1120.352,1790297958.375
11427,1120.548,1790297958.750
11428,1120.748,1790297959.139
11429,1120.880,1790297959.412
11430,1120.944,1790297959.525
11431,1121.144,1790297959.909
11432,1121.340,1790297960.300
11433,1121.408,1790297960.480
11434,1121.736,1790297961.069
11435,1121.804,1790297961.237
11436,1122.000,1790297961.547
11437,1122.068,1790297961.706
11438,1122.132,1790297961.817
11439,1122.200,1790297961.916
11440,1122.264,1790297962.077
11441,1122.332,1790297962.198
11442,1122.396,1790297962.290
11443,1122.528,1790297962.577
11444,1122.596,1790297962.667
11445,1122.660,1790297962.839
11446,1122.728,1790297962.957
11447,1122.792,1790297963.051
11448,1122.860,1790297963.224
11449,1122.924,1790297963.336
11450,1123.056,1790297963.579
11451,1123.124,1790297963.696
11452,1123.452,1790297964.334
11453,1123.520,1790297964.495
11454,1123.652,1790297964.711
11455,1124.112,1790297965.644
11456,1124.180,1790297965.730
11457,1124.312,1790297966.009
11458,1124.376,1790297966.104
11459,1124.508,1790297966.385
11460,1124.708,1790297966.763
11461,1124.772,1790297966.862
11462,1124.840,1790297966.978
11463,1124.972,1790297967.248
11464,1125.036,1790297967.359
11465,1125.236,1790297967.743
11466,1125.432,1790297968.114
11467,1125.632,1790297968.480
11468,1125.828,1790297968.832
11469,1126.028,1790297969.205
11470,1126.092,1790297969.292
11471,1126.224,1790297969.580
11472,1126.356,1790297969.830
11473,1126.556,1790297970.199
11474,1126.620,1790297970.321
11475,1126.688,1790297970.412
11476,1126.752,1790297970.547
11477,1126.952,1790297970.915
11478,1127.016,1790297971.070
11479,1127.280,1790297971.534
11480,1127.412,1790297971.806
11481,1127.480,1790297971.901
11482,1127.744,1790297972.391
11483,1127.808,1790297972.552
11484,1127.876,1790297972.656
11485,1127.940,1790297972.771
11486,1128.072,1790297973.029
11487,1128.140,1790297973.141
11488,1128.204,1790297973.305
11489,1128.272,1790297973.398
11490,1128.336,1790297973.510
11491,1128.468,1790297973.779
11492,1128.536,1790297973.890
11493,1128.732,1790297974.258
11494,1128.864,1790297974.509
11495,1128.932,1790297974.625
11496,1128.996,1790297974.716
11497,1129.196,1790297975.087
11498,1129.328,1790297975.374
11499,1129.392,1790297975.460
11500,1129.592,1790297975.832
11501,1129.656,1790297975.986
11502,1129.724,1790297976.110
11503,1129.856,1790297976.362
11504,1129.920,1790297976.482
11505,1130.052,1790297976.683
11506,1130.184,1790297976.939
11507,1130.252,1790297977.061
11508,1130.316,1790297977.228
11509,1130.384,1790297977.324
11510,1130.448,1790297977.441
11511,1130.516,1790297977.610
11512,1130.580,1790297977.710
11513,1130.712,1790297978.002
11514,1130.780,1790297978.097
11515,1130.844,1790297978.208
11516,1131.044,1790297978.588
11517,1131.108,1790297978.749
11518,1131.176,1790297978.845
11519,1131.240,1790297978.959
11520,1131.308,1790297979.132
11521,1131.572,1790297979.614
11522,1131.704,1790297979.883
11523,1131.836,1790297980.115
11524,1131.968,1790297980.365
11525,1132.032,1790297980.479
11526,1132.100,1790297980.582
11527,1132.232,1790297980.868
11528,1132.296,1790297980.957
11529,1132.364,1790297981.125
11530,1132.428,1790297981.243
11531,1132.496,1790297981.332
11532,1132.560,1790297981.527
11533,1132.628,1790297981.646
11534,1132.692,1790297981.736
11535,1132.760,1790297981.914
11536,1132.892,1790297982.130
11537,1133.024,1790297982.424
11538,1133.088,1790297982.517
11539,1133.288,1790297982.885
11540,1133.352,1790297982.997
11541,1133.420,1790297983.161
11542,1133.484,1790297983.255
11543,1133.616,1790297983.528
11544,1133.684,1790297983.623
11545,1133.748,1790297983.733
11546,1133.816,1790297983.905
11547,1133.880,1790297984.005
11548,1134.012,1790297984.288
11549,1134.144,1790297984.491
11550,1134.212,1790297984.664
11551,1134.276,1790297984.770
11552,1134.344,1790297984.903
11553,1134.408,1790297985.074
11554,1134.540,1790297985.288
11555,1134.608,1790297985.458
11556,1134.672,1790297985.552
11557,1134.740,1790297985.669
11558,1134.872,1790297985.945
11559,1134.936,1790297986.063
11560,1135.136,1790297986.447
11561,1135.200,1790297986.544
11562,1135.268,1790297986.694
11563,1135.532,1790297987.188
11564,1135.596,1790297987.285
11565,1135.664,1790297987.445
11566,1135.728,1790297987.568
11567,1135.796,1790297987.665
11568,1135.860,1790297987.841
11569,1135.928,1790297987.965
11570,1135.992,1790297988.055
11571,1136.060,1790297988.231
11572,1136.192,1790297988.444
11573,1136.388,1790297988.817
11574,1136.456,1790297988.986
11575,1136.520,1790297989.113
11576,1136.588,1790297989.198
11577,1136.720,1790297989.478
11578,1136.784,1790297989.572
11579,1137.048,1790297990.067
11580,1137.116,1790297990.226
11581,1137.180,1790297990.327
11582,1137.248,1790297990.445
11583,1137.380,1790297990.706
11584,1137.444,1790297990.826
11585,1137.576,1790297991.105
11586,1137.644,1790297991.223
11587,1137.708,1790297991.400
11588,1137.972,1790297991.899
11589,1138.172,1790297992.275
11590,1138.436,1790297992.763
11591,1138.568,1790297993.011
11592,1138.632,1790297993.127
11593,1138.700,1790297993.232
11594,1138.764,1790297993.391
11595,1138.896,1790297993.606
11596,1138.964,1790297993.768
11597,1139.096,1790297993.974
11598,1139.160,1790297994.147
11599,1139.228,1790297994.280
11600,1139.292,1790297994.366
11601,1139.360,1790297994.533
11602,1139.424,1790297994.655
11603,1139.556,1790297994.921
11604,1139.624,1790297995.058
11605,1139.688,1790297995.154
11606,1139.820,1790297995.435
11607,1139.888,1790297995.526
11608,1140.020,1790297995.813
11609,1140.216,1790297996.208
11610,1140.284,1790297996.306
11611,1140.548,1790297996.811
11612,1140.612,1790297996.968
11613,1140.680,1790297997.070
11614,1140.812,1790297997.362
11615,1140.876,1790297997.451
11616,1140.944,1790297997.568
11617,1141.008,1790297997.728
11618,1141.076,1790297997.830
11619,1141.140,1790297997.936
11620,1141.208,1790297998.121
11621,1141.272,1790297998.232
11622,1141.404,1790297998.529
11623,1141.472,1790297998.638
11624,1141.536,1790297998.748
11625,1141.604,1790297998.930
11626,1141.668,1790297999.047
11627,1141.736,1790297999.163
11628,1141.800,1790297999.260
11629,1141.868,1790297999.420
11630,1141.932,1790297999.534
11631,1142.000,1790297999.632
11632,1142.064,1790297999.798
11633,1142.132,1790297999.914
11634,1142.196,1790298000.011
11635,1142.328,1790298000.298
11636,1142.396,1790298000.394
11637,1142.460,1790298000.570
11638,1142.528,1790298000.690
11639,1142.592,1790298000.778
11640,1142.724,1790298001.069
11641,1142.792,1790298001.164
11642,1142.856,1790298001.330
11643,1142.924,1790298001.459
11644,1142.988,1790298001.551
11645,1143.056,1790298001.712
11646,1143.188,1790298001.937
11647,1143.252,1790298002.069
11648,1143.320,1790298002.227
11649,1143.384,1790298002.316
11650,1143.452,1790298002.450
11651,1143.516,1790298002.628
11652,1143.584,1790298002.718
11653,1143.716,1790298003.039
11654,1143.780,1790298003.140
11655,1143.912,1790298003.434
11656,1144.044,1790298003.644
11657,1144.176,1790298003.921
11658,1144.244,1790298004.040
11659,1144.376,1790298004.324
11660,1144.508,1790298004.596
11661,1144.640,1790298004.808
11662,1144.704,1790298005.001
11663,1144.772,1790298005.101
11664,1144.836,1790298005.229
11665,1144.904,1790298005.412
11666,1144.968,1790298005.508
11667,1145.036,1790298005.628
11668,1145.168,1790298005.896
11669,1145.232,1790298006.012
11670,1145.300,1790298006.107
11671,1145.496,1790298006.459
11672,1145.564,1790298006.623
11673,1145.628,1790298006.749
11674,1145.696,1790298006.845
11675,1145.828,1790298007.143
11676,1145.892,1790298007.232
11677,1145.960,1790298007.396
11678,1146.024,1790298007.511
11679,1146.092,1790298007.599
11680,1146.156,1790298007.765
11681,1146.224,1790298007.903
11682,1146.356,1790298008.148
11683,1146.420,1790298008.287
11684,1146.488,1790298008.382
11685,1146.620,1790298008.670
11686,1146.752,1790298008.872
11687,1146.884,1790298009.123
11688,1146.948,1790298009.259
11689,1147.016,1790298009.448
11690,1147.080,1790298009.543
11691,1147.148,1790298009.659
11692,1147.212,1790298009.826
11693,1147.280,1790298009.932
11694,1147.344,1790298010.051
11695,1147.544,1790298010.455
11696,1147.608,1790298010.621
11697,1147.872,1790298011.095
11698,1147.940,1790298011.209
11699,1148.004,1790298011.382
11700,1148.072,1790298011.488
11701,1148.136,1790298011.607
11702,1148.268,1790298012.548
11703,1148.532,1790298013.026
11704,1148.600,1790298013.127
11705,1148.664,1790298013.287
11706,1148.732,1790298013.403
11707,1148.796,1790298013.498
11708,1148.864,1790298013.658
11709,1148.996,1790298013.864
11710,1149.128,1790298014.159
11711,1149.192,1790298014.261
11712,1149.324,1790298014.543
11713,1149.392,1790298014.636
11714,1149.456,1790298014.817
11715,1149.524,1790298014.941
11716,1149.588,1790298015.031
11717,1149.656,1790298015.206
11718,1149.788,1790298015.416
11719,1149.852,1790298015.538
11720,1149.920,1790298015.707
11721,1149.984,1790298015.795
11722,1150.052,1790298015.917
11723,1150.248,1790298016.269
11724,1150.448,1790298016.649
11725,1150.512,1790298016.822
11726,1150.580,1790298016.923
11727,1150.644,1790298017.042
11728,1150.712,1790298017.222
11729,1150.776,1790298017.329
11730,1150.976,1790298017.758
11731,1151.040,1790298017.887
11732,1151.108,1790298018.098
11733,1151.240,1790298018.327
11734,1151.304,1790298018.490
11735,1151.372,1790298018.598
11736,1151.436,1790298018.716
11737,1151.636,1790298019.091
11738,1151.768,1790298019.340
11739,1151.832,1790298019.455
11740,1151.964,1790298019.707
11741,1152.032,1790298019.833
11742,1152.096,1790298019.930
11743,1152.228,1790298020.258
11744,1152.296,1790298020.355
11745,1152.624,1790298021.082
11746,1152.756,1790298021.353
11747,1152.824,1790298021.480
11748,1153.088,1790298021.954
11749,1153.220,1790298022.217
11750,1153.284,1790298022.308
11751,1153.352,1790298022.420
11752,1153.416,1790298022.582
11753,1153.484,1790298022.675
11754,1153.548,1790298022.790
11755,1153.680,1790298023.052
11756,1153.880,1790298023.425
11757,1153.944,1790298023.546
11758,1154.012,1790298023.715
11759,1154.076,1790298023.812
11760,1154.144,1790298023.928
11761,1154.340,1790298024.339
11762,1154.408,1790298024.496
11763,1154.540,1790298024.710
11764,1154.604,1790298024.877
11765,1154.672,1790298024.972
11766,1154.736,1790298025.085
11767,1154.804,1790298025.257
11768,1154.868,1790298025.357
11769,1154.936,1790298025.479
11770,1155.000,1790298025.568
11771,1155.068,1790298025.722
11772,1155.132,1790298025.831
11773,1155.200,1790298025.920
11774,1155.332,1790298026.192
11775,1155.464,1790298026.451
11776,1155.528,1790298026.570
11777,1155.596,1790298026.656
11778,1155.660,1790298026.820
11779,1155.728,1790298026.943
11780,1155.792,1790298027.025
11781,1155.924,1790298027.320
11782,1155.992,1790298027.420
11783,1156.056,1790298027.574
11784,1156.124,1790298027.699
11785,1156.256,1790298027.968
11786,1156.320,1790298028.091
11787,1156.388,1790298028.182
11788,1156.584,1790298028.558
11789,1156.652,1790298028.693
11790,1156.848,1790298029.096
11791,1156.916,1790298029.265
11792,1156.980,1790298029.358
11793,1157.048,1790298029.473
11794,1157.112,1790298029.652
11795,1157.180,1790298029.763
11796,1157.244,1790298029.883
11797,1157.312,1790298030.054
11798,1157.376,1790298030.151
11799,1157.576,1790298030.564
11800,1157.708,1790298030.847
11801,1157.972,1790298031.319
11802,1158.104,1790298031.595
11803,1158.300,1790298031.892
11804,1158.368,1790298032.046
11805,1158.432,1790298032.160
11806,1158.500,1790298032.253
11807,1158.632,1790298032.527
11808,1158.696,1790298032.618
11809,1158.764,1790298032.794
11810,1158.828,1790298032.913
11811,1158.896,1790298033.000
11812,1158.960,1790298033.180
11813,1159.028,1790298033.300
11814,1159.092,1790298033.396
11815,1159.160,1790298033.561
11816,1159.224,1790298033.686
11817,1159.424,1790298034.066
11818,1159.488,1790298034.156
11819,1159.620,1790298034.441
11820,1159.688,1790298034.531
11821,1159.820,1790298034.803
11822,1160.016,1790298035.173
11823,1160.148,1790298035.390
11824,1160.280,1790298035.673
11825,1160.348,1790298035.784
11826,1160.412,1790298035.958
11827,1160.480,1790298036.054
11828,1160.544,1790298036.165
11829,1160.744,1790298036.550
11830,1160.808,1790298036.711
11831,1160.876,1790298036.814
11832,1160.940,1790298036.935
11833,1161.204,1790298037.482
11834,1161.272,1790298037.587
11835,1161.336,1790298037.703
11836,1161.404,1790298037.875
11837,1161.668,1790298038.366
11838,1161.800,1790298038.574
11839,1161.996,1790298038.942
11840,1162.064,1790298039.105
11841,1162.128,1790298039.230
11842,1162.196,1790298039.321
11843,1162.260,1790298039.499
11844,1162.328,1790298039.618
11845,1162.392,1790298039.721
11846,1162.460,1790298039.896
11847,1162.524,1790298040.037
11848,1162.656,1790298040.283
11849,1162.724,1790298040.415
11850,1162.788,1790298040.500
11851,1162.856,1790298040.667
11852,1162.920,1790298040.782
11853,1162.988,1790298040.870
11854,1163.052,1790298040.992
11855,1163.184,1790298041.232
11856,1163.384,1790298041.591
11857,1163.448,1790298041.714
11858,1163.580,1790298041.964
11859,1163.648,1790298042.077
11860,1163.780,1790298042.339
11861,1163.912,1790298042.611
11862,1163.976,1790298042.705
11863,1164.108,1790298042.987
11864,1164.176,1790298043.077
11865,1164.240,1790298043.195
11866,1164.372,1790298043.457
11867,1164.440,1790298043.566
11868,1164.636,1790298043.938
11869,1164.704,1790298044.102
11870,1164.768,1790298044.206
11871,1164.836,1790298044.330
11872,1164.900,1790298044.429
11873,1165.032,1790298044.690
11874,1165.100,1790298044.804
11875,1165.232,1790298045.087
11876,1165.296,1790298045.182
11877,1165.428,1790298045.479
11878,1165.496,1790298045.565
11879,1165.628,1790298045.862
11880,1165.692,1790298045.942
11881,1165.760,1790298046.126
11882,1166.024,1790298046.612
11883,1166.288,1790298047.074
11884,1166.352,1790298047.197
11885,1166.420,1790298047.365
11886,1166.484,1790298047.459
11887,1166.552,1790298047.566
11888,1166.616,1790298047.730
11889,1166.684,1790298047.819
11890,1166.748,1790298047.945
11891,1166.816,1790298048.129
11892,1166.880,1790298048.232
11893,1166.948,1790298048.357
11894,1167.012,1790298048.526
11895,1167.080,1790298048.619
11896,1167.144,1790298048.743
11897,1167.212,1790298048.935
11898,1167.276,1790298049.026
11899,1167.344,1790298049.129
11900,1167.408,1790298049.306
11901,1167.476,1790298049.403
11902,1167.608,1790298049.682
11903,1167.672,1790298049.779
11904,1167.740,1790298049.888
11905,1167.804,1790298050.083
11906,1167.872,1790298050.198
11907,1168.004,1790298050.506
11908,1168.068,1790298050.626
11909,1168.400,1790298051.276
11910,1168.464,1790298051.462
11911,1168.532,1790298051.593
11912,1168.664,1790298051.870
11913,1168.728,1790298051.988
11914,1168.796,1790298052.084
11915,1168.860,1790298052.249
11916,1169.060,1790298052.635
11917,1169.124,1790298052.758
11918,1169.192,1790298052.855
11919,1169.324,1790298053.152
11920,1169.388,1790298053.243
11921,1169.456,1790298053.421
11922,1169.588,1790298053.641
11923,1169.652,1790298053.762
11924,1169.720,1790298053.946
11925,1169.784,1790298054.039
11926,1169.916,1790298054.347
11927,1169.984,1790298054.450
11928,1170.048,1790298054.570
11929,1170.116,1790298054.752
11930,1170.248,1790298054.975
11931,1170.312,1790298055.157
11932,1170.380,1790298055.272
11933,1170.444,1790298055.402
11934,1170.512,1790298055.577
11935,1170.708,1790298055.967
11936,1170.776,1790298056.060
11937,1170.840,1790298056.185
11938,1170.908,1790298056.346
11939,1170.972,1790298056.435
11940,1171.040,1790298056.549
11941,1171.104,1790298056.733
11942,1171.172,1790298056.853
11943,1171.500,1790298057.513
11944,1171.632,1790298057.830
11945,1171.700,1790298057.942
11946,1171.764,1790298058.102
11947,1171.832,1790298058.222
11948,1171.896,1790298058.322
11949,1171.964,1790298058.492
11950,1172.028,1790298058.603
11951,1172.096,1790298058.689
11952,1172.160,1790298058.856
11953,1172.292,1790298059.058
11954,1172.360,1790298059.228
11955,1172.556,1790298059.608
11956,1172.624,1790298059.739
11957,1172.756,1790298059.996
11958,1172.888,1790298060.210
11959,1172.952,1790298060.330
11960,1173.152,1790298060.694
11961,1173.216,1790298060.868
11962,1173.284,1790298060.964
11963,1173.348,1790298061.084
11964,1173.416,1790298061.260
11965,1173.480,1790298061.361
11966,1173.744,1790298061.863
11967,1173.812,1790298062.035
11968,1173.876,1790298062.138
11969,1173.944,1790298062.266
11970,1174.008,1790298062.446
11971,1174.076,1790298062.558
11972,1174.140,1790298062.680
11973,1174.272,1790298062.979
11974,1174.340,1790298063.103
11975,1174.404,1790298063.284
11976,1174.472,1790298063.388
11977,1174.604,1790298063.688
11978,1174.668,1790298063.780
11979,1174.736,1790298063.897
11980,1174.800,1790298063.995
11981,1174.868,1790298064.155
11982,1174.932,1790298064.276
11983,1175.000,1790298064.383
11984,1175.460,1790298065.309
11985,1175.924,1790298066.212
11986,1175.988,1790298066.312
11987,1176.252,1790298066.827
11988,1176.320,1790298067.011
11989,1176.384,1790298067.116
11990,1176.452,1790298067.239
11991,1176.716,1790298067.800
11992,1176.780,1790298067.891
11993,1176.912,1790298068.173
11994,1176.980,1790298068.273
11995,1177.044,1790298068.400
11996,1177.176,1790298068.663
11997,1177.244,1790298068.779
11998,1177.376,1790298069.056
11999,1177.572,1790298069.456
12000,1177.640,1790298069.574
12001,1177.836,1790298069.942
12002,1177.904,1790298070.102
12003,1178.036,1790298070.314
12004,1178.232,1790298070.688
12005,1178.300,1790298070.775
12006,1178.496,1790298071.154
12007,1178.628,1790298071.438
12008,1178.760,1790298071.700
12009,1178.892,1790298071.927
12010,1179.024,1790298072.223
12011,1179.092,1790298072.324
12012,1179.156,1790298072.498
12013,1179.224,1790298072.641
12014,1179.288,1790298072.740
12015,1179.420,1790298073.055
12016,1179.488,1790298073.157
12017,1179.620,1790298073.440
12018,1179.684,1790298073.535
12019,1179.752,1790298073.658
12020,1179.884,1790298073.909
12021,1179.948,1790298074.019
12022,1180.016,1790298074.185
12023,1180.080,1790298074.283
12024,1180.148,1790298074.408
12025,1180.280,1790298074.692
12026,1180.344,1790298074.801
12027,1180.544,1790298075.178
12028,1180.676,1790298075.445
12029,1180.740,1790298075.568
12030,1180.872,1790298075.835
12031,1181.004,1790298076.136
12032,1181.072,1790298076.232
12033,1181.136,1790298076.344
12034,1181.268,1790298076.626
12035,1181.336,1790298076.752
12036,1181.400,1790298076.855
12037,1181.532,1790298077.169
12038,1181.732,1790298077.575
12039,1181.796,1790298077.667
12040,1181.864,1790298077.844
12041,1181.928,1790298077.960
12042,1182.060,1790298078.205
12043,1182.128,1790298078.329
12044,1182.192,1790298078.417
12045,1182.260,1790298078.590
12046,1182.324,1790298078.711
12047,1182.392,1790298078.797
12048,1182.524,1790298079.096
12049,1182.720,1790298079.484
12050,1182.788,1790298079.583
12051,1182.852,1790298079.711
12052,1182.984,1790298080.001
12053,1183.052,1790298080.130
12054,1183.116,1790298080.332
12055,1183.248,1790298080.569
12056,1183.316,1790298080.774
12057,1183.380,1790298080.888
12058,1183.448,1790298081.018
12059,1183.512,1790298081.207
12060,1183.580,1790298081.323
12061,1183.644,1790298081.457
12062,1183.712,1790298081.642
12063,1183.844,1790298081.869
12064,1183.976,1790298082.154
12065,1184.040,1790298082.268
12066,1184.172,1790298082.521
12067,1184.304,1790298082.787
12068,1184.372,1790298082.891
12069,1184.436,1790298083.003
12070,1184.504,1790298083.192
12071,1184.636,1790298083.441
12072,1184.700,1790298083.539
12073,1184.768,1790298083.730
12074,1184.832,1790298083.876
12075,1184.900,1790298083.984
12076,1185.032,1790298084.273
12077,1185.096,1790298084.362
12078,1185.228,1790298084.669
12079,1185.296,1790298084.766
12080,1185.428,1790298085.065
12081,1185.492,1790298085.160
12082,1185.560,1790298085.328
12083,1185.624,1790298085.448
12084,1185.692,1790298085.544
12085,1185.756,1790298085.712
12086,1185.824,1790298085.841
12087,1185.888,1790298085.939
12088,1186.020,1790298086.242
12089,1186.152,1790298086.471
12090,1186.220,1790298086.639
12091,1186.284,1790298086.745
12092,1186.352,1790298086.870
12093,1186.484,1790298087.137
12094,1186.548,1790298087.256
12095,1186.680,1790298087.522
12096,1186.748,1790298087.638
12097,1186.812,1790298087.813
12098,1187.012,1790298088.192
12099,1187.076,1790298088.296
12100,1187.144,1790298088.414
12101,1187.276,1790298088.692
12102,1187.472,1790298089.087
12103,1187.604,1790298089.379
12104,1187.672,1790298089.477
12105,1187.804,1790298089.756
12106,1187.868,1790298089.858
12107,1188.068,1790298090.220
12108,1188.132,1790298090.336
12109,1188.200,1790298090.422
12110,1188.264,1790298090.575
12111,1188.396,1790298090.800
12112,1188.528,1790298091.107
12113,1188.596,1790298091.195
12114,1188.728,1790298091.496
12115,1188.792,1790298091.587
12116,1188.860,1790298091.763
12117,1188.924,1790298091.884
12118,1188.992,1790298091.971
12119,1189.056,1790298092.138
12120,1189.124,1790298092.263
12121,1189.188,1790298092.355
12122,1189.388,1790298092.730
12123,1189.452,1790298092.849
12124,1189.652,1790298093.217
12125,1189.716,1790298093.374
12126,1189.916,1790298093.748
12127,1190.048,1790298093.964
12128,1190.180,1790298094.237
12129,1190.244,1790298094.354
12130,1190.312,1790298094.529
12131,1190.708,1790298095.286
12132,1190.772,1790298095.388
12133,1190.840,1790298095.503
12134,1190.904,1790298095.672
12135,1190.972,1790298095.779
12136,1191.236,1790298096.288
12137,1191.300,1790298096.394
12138,1191.368,1790298096.565
12139,1191.432,1790298096.704
12140,1191.500,1790298096.808
12141,1191.564,1790298096.977
12142,1191.632,1790298097.110
12143,1191.696,1790298097.201
12144,1191.764,1790298097.387
12145,1191.828,1790298097.513
12146,1191.960,1790298097.789
12147,1192.028,1790298097.912
12148,1192.092,1790298098.009
12149,1192.224,1790298098.306
12150,1192.424,1790298098.703
12151,1192.688,1790298099.173
12152,1192.752,1790298099.292
12153,1192.820,1790298099.466
12154,1192.884,1790298099.565
12155,1192.952,1790298099.676
12156,1193.084,1790298099.951
12157,1193.216,1790298100.233
12158,1193.280,1790298100.323
12159,1193.348,1790298100.441
12160,1193.412,1790298100.626
12161,1193.480,1790298100.722
12162,1193.544,1790298100.848
12163,1193.676,1790298101.110
12164,1193.744,1790298101.233
12165,1193.808,1790298101.398
12166,1193.940,1790298101.612
12167,1194.072,1790298101.890
12168,1194.140,1790298102.001
12169,1194.204,1790298102.172
12170,1194.272,1790298102.267
12171,1194.336,1790298102.372
12172,1194.404,1790298102.534
12173,1194.468,1790298102.638
12174,1194.536,1790298102.759
12175,1194.600,1790298102.858
12176,1194.668,1790298103.027
12177,1194.732,1790298103.146
12178,1194.800,1790298103.240
12179,1194.864,1790298103.431
12180,1194.932,1790298103.559
12181,1194.996,1790298103.659
12182,1195.064,1790298103.850
12183,1195.128,1790298103.969
12184,1195.196,1790298104.061
12185,1195.260,1790298104.233
12186,1195.328,1790298104.350
12187,1195.392,1790298104.449
12188,1195.524,1790298104.749
12189,1195.656,1790298105.025
12190,1195.788,1790298105.231
12191,1195.856,1790298105.410
12192,1195.920,1790298105.538
12193,1195.988,1790298105.637
12194,1196.052,1790298105.752
12195,1196.120,1790298105.929
12196,1196.184,1790298106.044
12197,1196.252,1790298106.182
12198,1196.316,1790298106.375
12199,1196.384,1790298106.497
12200,1196.516,1790298106.810
12201,1196.712,1790298107.254
12202,1196.780,1790298107.354
12203,1196.844,1790298107.474
12204,1196.976,1790298107.767
12205,1197.176,1790298108.165
12206,1197.308,1790298108.453
12207,1197.372,1790298108.554
12208,1197.440,1790298108.681
12209,1197.504,1790298108.853
12210,1197.636,1790298109.077
12211,1197.704,1790298109.272
12212,1197.768,1790298109.379
12213,1197.900,1790298109.614
12214,1197.968,1790298109.799
12215,1198.100,1790298110.021
12216,1198.164,1790298110.208
12217,1198.296,1790298110.438
12218,1198.364,1790298110.606
12219,1198.428,1790298110.728
12220,1198.496,1790298110.830
12221,1198.824,1790298111.504
12222,1199.024,1790298111.888
12223,1199.352,1790298112.483
12224,1199.420,1790298112.643
12225,1199.484,1790298112.730
12226,1199.552,1790298112.854
12227,1199.616,1790298113.014
12228,1199.684,1790298113.119
12229,1199.816,1790298113.432
12230,1199.880,1790298113.548
12231,1199.948,1790298113.680
12232,1200.276,1790298114.357
12233,1200.344,1790298114.481
12234,1200.408,1790298114.654
12235,1200.476,1790298114.748
12236,1200.540,1790298114.862
12237,1200.672,1790298115.137
12238,1200.804,1790298115.442
12239,1200.936,1790298115.667
12240,1201.004,1790298115.847
12241,1201.068,1790298115.953
12242,1201.136,1790298116.067
12243,1201.200,1790298116.165
12244,1201.268,1790298116.334
12245,1201.332,1790298116.463
12246,1201.464,1790298116.728
12247,1201.596,1790298116.940
12248,1201.664,1790298117.114
12249,1201.728,1790298117.253
12250,1201.796,1790298117.363
12251,1201.860,1790298117.526
12252,1201.928,1790298117.650
12253,1202.256,1790298118.301
12254,1202.388,1790298118.525
12255,1202.520,1790298118.843
12256,1202.588,1790298118.953
12257,1202.652,1790298119.070
12258,1202.784,1790298119.336
12259,1202.984,1790298119.712
12260,1203.048,1790298119.834
12261,1203.248,1790298120.191
12262,1203.444,1790298120.572
12263,1203.576,1790298120.836
12264,1203.644,1790298120.966
12265,1203.776,1790298121.247
12266,1203.840,1790298121.365
12267,1203.972,1790298121.639
12268,1204.040,1790298121.754
12269,1204.104,1790298121.915
12270,1204.172,1790298122.012
12271,1204.236,1790298122.126
12272,1204.368,1790298122.393
12273,1204.500,1790298122.596
12274,1204.700,1790298122.962
12275,1204.764,1790298123.125
12276,1204.896,1790298123.331
12277,1204.964,1790298123.501
12278,1205.028,1790298123.609
12279,1205.096,1790298123.696
12280,1205.228,1790298123.988
12281,1205.292,1790298124.078
12282,1205.424,1790298124.372
12283,1205.556,1790298124.652
12284,1205.624,1790298124.769
12285,1205.756,1790298125.034
12286,1205.888,1790298125.252
12287,1205.952,1790298125.383
12288,1206.152,1790298125.763
12289,1206.348,1790298126.133
12290,1206.416,1790298126.300
12291,1206.480,1790298126.389
12292,1206.612,1790298126.680
12293,1206.744,1790298126.884
12294,1206.812,1790298127.046
12295,1206.876,1790298127.153
12296,1206.944,1790298127.266
12297,1207.076,1790298127.531
12298,1207.140,1790298127.659
12299,1207.208,1790298127.838
12300,1207.272,1790298127.942
12301,1207.340,1790298128.077
12302,1207.404,1790298128.255
12303,1207.472,1790298128.355
12304,1207.536,1790298128.473
12305,1207.604,1790298128.634
12306,1207.668,1790298128.737
12307,1207.800,1790298128.950
12308,1207.868,1790298129.133
12309,1207.932,1790298129.267
12310,1208.000,1790298129.371
12311,1208.064,1790298129.548
12312,1208.196,1790298129.772
12313,1208.328,1790298130.084
12314,1208.528,1790298130.489
12315,1208.660,1790298130.741
12316,1208.724,1790298130.864
12317,1208.792,1790298130.956
12318,1208.856,1790298131.131
12319,1208.924,1790298131.254
12320,1208.988,1790298131.339
12321,1209.056,1790298131.507
12322,1209.120,1790298131.628
12323,1209.188,1790298131.718
12324,1209.384,1790298132.099
12325,1209.452,1790298132.233
12326,1209.648,1790298132.654
12327,1209.716,1790298132.848
12328,1209.780,1790298132.942
12329,1209.848,1790298133.055
12330,1209.912,1790298133.234
12331,1210.112,1790298133.627
12332,1210.376,1790298134.132
12333,1210.440,1790298134.251
12334,1210.508,1790298134.415
12335,1210.572,1790298134.504
12336,1210.704,1790298134.780
12337,1210.772,1790298134.882
12338,1210.836,1790298134.991
12339,1210.968,1790298135.254
12340,1211.036,1790298135.370
12341,1211.168,1790298135.646
12342,1211.232,1790298135.774
12343,1211.364,1790298136.057
12344,1211.432,1790298136.184
12345,1211.496,1790298136.285
12346,1211.564,1790298136.477
12347,1211.628,1790298136.603
12348,1211.696,1790298136.689
12349,1211.828,1790298136.990
12350,1211.892,1790298137.093
12351,1211.960,1790298137.267
12352,1212.024,1790298137.391
12353,1212.092,1790298137.480
12354,1212.156,1790298137.630
12355,1212.288,1790298137.843
12356,1212.420,1790298138.134
12357,1212.488,1790298138.223
12358,1212.620,1790298138.509
12359,1212.684,1790298138.603
12360,1212.752,1790298138.723
12361,1212.884,1790298138.987
12362,1212.948,1790298139.109
12363,1213.016,1790298139.280
12364,1213.148,1790298139.495
12365,1213.212,1790298139.666
12366,1213.280,1790298139.761
12367,1213.344,1790298139.896
12368,1213.476,1790298140.168
12369,1213.544,1790298140.286
12370,1213.608,1790298140.464
12371,1213.676,1790298140.573
12372,1213.740,1790298140.692
12373,1213.808,1790298140.865
12374,1213.940,1790298141.073
12375,1214.004,1790298141.251
12376,1214.136,1790298141.466
12377,1214.204,1790298141.647
12378,1214.268,1790298141.748
12379,1214.336,1790298141.865
12380,1214.400,1790298141.956
12381,1214.468,1790298142.132
12382,1214.600,1790298142.339
12383,1214.664,1790298142.504
12384,1214.732,1790298142.637
12385,1214.796,1790298142.728
12386,1214.864,1790298142.897
12387,1214.928,1790298143.020
12388,1214.996,1790298143.118
12389,1215.128,1790298143.400
12390,1215.324,1790298143.790
12391,1215.392,1790298143.889
12392,1215.456,1790298144.054
12393,1215.984,1790298145.025
12394,1216.052,1790298145.139
12395,1216.248,1790298145.501
12396,1216.316,1790298145.688
12397,1216.380,1790298145.790
12398,1216.448,1790298145.908
12399,1216.580,1790298146.173
12400,1216.644,1790298146.298
12401,1216.908,1790298146.855
12402,1216.976,1790298146.960
12403,1217.040,1790298147.076
12404,1217.172,1790298147.351
12405,1217.240,1790298147.473
12406,1217.372,1790298147.737
12407,1217.504,1790298148.010
12408,1217.636,1790298148.223
12409,1217.700,1790298148.313
12410,1217.768,1790298148.474
12411,1217.832,1790298148.608
12412,1217.900,1790298148.713
12413,1217.964,1790298148.894
12414,1218.032,1790298149.009
12415,1218.228,1790298149.409
12416,1218.296,1790298149.499
12417,1218.360,1790298149.661
12418,1218.428,1790298149.781
12419,1218.492,1790298149.872
12420,1218.560,1790298150.029
12421,1218.624,1790298150.154
12422,1218.692,1790298150.250
12423,1218.824,1790298150.560
12424,1219.088,1790298151.033
12425,1219.152,1790298151.160
12426,1219.220,1790298151.337
12427,1219.284,1790298151.428
12428,1219.352,1790298151.546
12429,1219.548,1790298151.912
12430,1219.616,1790298152.092
12431,1219.680,1790298152.186
12432,1219.944,1790298152.687
12433,1220.012,1790298152.854
12434,1220.076,1790298152.950
12435,1220.144,1790298153.065
12436,1220.208,1790298153.235
12437,1220.276,1790298153.322
12438,1220.340,1790298153.427
12439,1220.540,1790298153.797
12440,1220.804,1790298154.322
12441,1220.936,1790298154.542
12442,1221.000,1790298154.649
12443,1221.132,1790298154.946
12444,1221.332,1790298155.349
12445,1221.396,1790298155.458
12446,1221.464,1790298155.655
12447,1221.660,1790298156.064
12448,1221.860,1790298156.453
12449,1221.992,1790298156.670
12450,1222.056,1790298156.846
12451,1222.188,1790298157.061
12452,1222.320,1790298157.352
12453,1222.388,1790298157.440
12454,1222.452,1790298157.567
12455,1222.520,1790298157.718
12456,1222.584,1790298157.818
12457,1222.652,1790298157.955
12458,1222.716,1790298158.126
12459,1222.784,1790298158.225
12460,1222.848,1790298158.349
12461,1222.980,1790298158.641
12462,1223.048,1790298158.774
12463,1223.112,1790298158.953
12464,1223.180,1790298159.060
12465,1223.244,1790298159.174
12466,1223.312,1790298159.353
12467,1223.508,1790298159.764
12468,1223.576,1790298159.882
12469,1223.640,1790298160.000
12470,1223.772,1790298160.270
12471,1223.840,1790298160.398
12472,1224.036,1790298160.789
12473,1224.168,1790298161.054
12474,1224.236,1790298161.171
12475,1224.368,1790298161.455
12476,1224.500,1790298161.690
12477,1224.632,1790298162.011
12478,1224.696,1790298162.115
12479,1224.764,1790298162.307
12480,1224.896,1790298162.522
12481,1224.960,1790298162.693
12482,1225.028,1790298162.812
12483,1225.092,1790298162.913
12484,1225.292,1790298163.289
12485,1225.356,1790298163.450
12486,1225.424,1790298163.570
12487,1225.488,1790298163.662
12488,1225.620,1790298163.945
12489,1225.688,1790298164.034
12490,1225.752,1790298164.150
12491,1225.820,1790298164.303
12492,1225.884,1790298164.396
12493,1225.952,1790298164.516
12494,1226.016,1790298164.677
12495,1226.084,1790298164.770
12496,1226.148,1790298164.885
12497,1226.216,1790298165.050
12498,1226.280,1790298165.143
12499,1226.348,1790298165.252
12500,1226.544,1790298165.636
12501,1226.676,1790298165.896
12502,1226.744,1790298166.022
12503,1226.808,1790298166.197
12504,1226.876,1790298166.300
12505,1226.940,1790298166.421
12506,1227.072,1790298166.703
12507,1227.204,1790298166.996
12508,1227.272,1790298167.103
12509,1227.404,1790298167.382
12510,1227.468,1790298167.483
12511,1227.536,1790298167.604
12512,1227.600,1790298167.697
12513,1227.668,1790298167.864
12514,1227.864,1790298168.247
12515,1227.932,1790298168.373
12516,1227.996,1790298168.473
12517,1228.128,1790298168.760
12518,1228.260,1790298169.028
12519,1228.392,1790298169.245
12520,1228.656,1790298169.803
12521,1228.724,1790298169.939
12522,1228.856,1790298170.201
12523,1228.920,1790298170.328
12524,1228.988,1790298170.421
12525,1229.052,1790298170.540
12526,1229.184,1790298170.795
12527,1229.252,1790298170.920
12528,1229.384,1790298171.181
12529,1229.516,1790298171.473
12530,1229.580,1790298171.568
12531,1229.648,1790298171.697
12532,1229.712,1790298171.864
12533,1229.780,1790298171.963
12534,1229.912,1790298172.252
12535,1229.976,1790298172.358
12536,1230.108,1790298172.642
12537,1230.176,1790298172.741
12538,1230.240,1790298172.864
12539,1230.308,1790298173.027
12540,1230.372,1790298173.133
12541,1230.440,1790298173.251
12542,1230.504,1790298173.414
12543,1230.572,1790298173.516
12544,1230.636,1790298173.636
12545,1230.768,1790298173.909
12546,1230.900,1790298174.122
12547,1231.032,1790298174.403
12548,1231.164,1790298174.645
12549,1231.232,1790298174.760
12550,1231.296,1790298174.853
12551,1231.428,1790298175.130
12552,1231.496,1790298175.220
12553,1231.560,1790298175.395
12554,1231.628,1790298175.516
12555,1231.692,1790298175.608
12556,1231.824,1790298175.912
12557,1231.892,1790298175.998
12558,1231.956,1790298176.190
12559,1232.024,1790298176.315
12560,1232.088,1790298176.406
12561,1232.220,1790298176.696
12562,1232.288,1790298176.793
12563,1232.352,1790298176.908
12564,1232.420,1790298177.074
12565,1232.484,1790298177.163
12566,1232.616,1790298177.450
12567,1232.684,1790298177.544
12568,1232.880,1790298177.933
12569,1232.948,1790298178.034
12570,1233.080,1790298178.283
12571,1233.212,1790298178.554
12572,1233.276,1790298178.655
12573,1233.344,1790298178.777
12574,1233.476,1790298179.049
12575,1233.608,1790298179.310
12576,1233.872,1790298179.805
12577,1233.936,1790298179.924
12578,1234.004,1790298180.093
12579,1234.136,1790298180.322
12580,1234.200,1790298180.422
12581,1234.268,1790298180.601
12582,1234.332,1790298180.736
12583,1234.400,1790298180.849
12584,1234.728,1790298181.556
12585,1234.796,1790298181.666
12586,1234.992,1790298182.090
12587,1235.192,1790298182.458
12588,1235.256,1790298182.636
12589,1235.324,1790298182.772
12590,1235.388,1790298182.862
12591,1235.520,1790298183.170
12592,1235.652,1790298183.379
12593,1235.720,1790298183.556
12594,1235.852,1790298183.804
12595,1235.916,1790298183.991
12596,1236.048,1790298184.222
12597,1236.180,1790298184.530
12598,1236.248,1790298184.659
12599,1236.312,1790298184.858
12600,1236.380,1790298184.973
12601,1236.444,1790298185.101
12602,1236.512,1790298185.299
12603,1236.576,1790298185.414
12604,1236.644,1790298185.543
12605,1236.776,1790298185.839
12606,1236.840,1790298185.969
12607,1236.908,1790298186.148
12608,1236.972,1790298186.244
12609,1237.040,1790298186.361
12610,1237.104,1790298186.529
12611,1237.172,1790298186.631
12612,1237.236,1790298186.753
12613,1237.368,1790298187.043
12614,1237.436,1790298187.178
12615,1237.500,1790298187.278
12616,1237.568,1790298187.448
12617,1237.700,1790298187.671
12618,1237.764,1790298187.847
12619,1237.896,1790298188.080
12620,1238.028,1790298188.416
12621,1238.096,1790298188.514
12622,1238.292,1790298188.911
12623,1238.424,1790298189.201
12624,1238.492,1790298189.303
12625,1238.556,1790298189.480
12626,1238.624,1790298189.614
12627,1238.688,1790298189.708
12628,1238.756,1790298189.888
12629,1238.888,1790298190.101
12630,1238.952,1790298190.228
12631,1239.020,1790298190.401
12632,1239.152,1790298190.621
12633,1239.480,1790298191.289
12634,1239.548,1790298191.409
12635,1239.744,1790298191.816
12636,1239.812,1790298191.994
12637,1239.876,1790298192.089
12638,1239.944,1790298192.204
12639,1240.140,1790298192.602
12640,1240.208,1790298192.781
12641,1240.472,1790298193.257
12642,1240.536,1790298193.371
12643,1240.604,1790298193.553
12644,1240.668,1790298193.646
12645,1240.800,1790298193.870
12646,1240.868,1790298194.049
12647,1241.000,1790298194.273
12648,1241.064,1790298194.453
12649,1241.132,1790298194.596
12650,1241.264,1790298194.888
12651,1241.328,1790298195.007
12652,1241.396,1790298195.103
12653,1241.460,1790298195.270
12654,1241.528,1790298195.392
12655,1241.592,1790298195.488
12656,1241.724,1790298195.770
12657,1241.792,1790298195.863
12658,1241.856,1790298196.040
12659,1241.924,1790298196.160
12660,1241.988,1790298196.246
12661,1242.056,1790298196.423
12662,1242.120,1790298196.541
12663,1242.188,1790298196.632
12664,1242.252,1790298196.759
12665,1242.320,1790298196.915
12666,1242.384,1790298197.009
12667,1242.452,1790298197.129
12668,1242.648,1790298197.489
12669,1242.716,1790298197.661
12670,1242.780,1790298197.747
12671,1242.848,1790298197.869
12672,1242.912,1790298198.046
12673,1243.044,1790298198.266
12674,1243.112,1790298198.443
12675,1243.176,1790298198.539
12676,1243.244,1790298198.661
12677,1243.308,1790298198.833
12678,1243.440,1790298199.054
12679,1243.508,1790298199.228
12680,1243.572,1790298199.325
12681,1243.640,1790298199.443
12682,1243.772,1790298199.717
12683,1243.836,1790298199.836
12684,1243.904,1790298200.012
12685,1244.100,1790298200.331
12686,1244.168,1790298200.492
12687,1244.364,1790298200.862
12688,1244.432,1790298200.983
12689,1244.496,1790298201.084
12690,1244.696,1790298201.468
12691,1244.828,1790298201.774
12692,1244.960,1790298202.053
12693,1245.024,1790298202.168
12694,1245.156,1790298202.444
12695,1245.288,1790298202.657
12696,1245.420,1790298202.948
12697,1245.552,1790298203.166
12698,1245.620,1790298203.350
12699,1245.684,1790298203.441
12700,1245.752,1790298203.557
12701,1245.884,1790298203.811
12702,1245.948,1790298203.925
12703,1246.080,1790298204.183
12704,1246.148,1790298204.302
12705,1246.212,1790298204.471
12706,1246.344,1790298204.690
12707,1246.476,1790298204.978
12708,1246.544,1790298205.090
12709,1246.608,1790298205.259
12710,1246.872,1790298205.744
12711,1247.004,1790298206.027
12712,1247.136,1790298206.262
12713,1247.204,1790298206.443
12714,1247.268,1790298206.563
12715,1247.336,1790298206.706
12716,1247.400,1790298206.807
12717,1247.468,1790298206.981
12718,1247.532,1790298207.122
12719,1247.600,1790298207.231
12720,1247.664,1790298207.435
12721,1247.732,1790298207.574
12722,1247.796,1790298207.683
12723,1247.996,1790298208.145
12724,1248.060,1790298208.348
12725,1248.192,1790298208.578
12726,1248.324,1790298208.873
12727,1248.392,1790298208.981
12728,1248.524,1790298209.279
12729,1248.588,1790298209.379
12730,1248.656,1790298209.557
12731,1248.920,1790298210.075
12732,1249.052,1790298210.293
12733,1249.116,1790298210.477
12734,1249.184,1790298210.590
12735,1249.248,1790298210.736
12736,1249.316,1790298210.947
12737,1249.380,1790298211.052
12738,1249.448,1790298211.185
12739,1249.512,1790298211.393
12740,1249.580,1790298211.508
12741,1249.644,1790298211.641
12742,1249.844,1790298212.096
12743,1249.908,1790298212.278
12744,1249.976,1790298212.386
12745,1250.040,1790298212.516
12746,1250.108,1790298212.708
12747,1250.240,1790298212.944
12748,1250.436,1790298213.333
12749,1250.504,1790298213.499
12750,1250.636,1790298213.713
12751,1250.700,1790298213.815
12752,1250.768,1790298213.992
12753,1250.832,1790298214.124
12754,1250.900,1790298214.241
12755,1250.964,1790298214.442
12756,1251.032,1790298214.571
12757,1251.096,1790298214.687
12758,1251.164,1790298214.887
12759,1251.296,1790298215.138
12760,1251.360,1790298215.339
12761,1251.428,1790298215.456
12762,1251.492,1790298215.557
12763,1251.824,1790298216.246
12764,1252.020,1790298216.626
12765,1252.088,1790298216.722
12766,1252.152,1790298216.847
12767,1252.220,1790298217.015
12768,1252.284,1790298217.106
12769,1252.352,1790298217.229
12770,1252.484,1790298217.484
12771,1252.680,1790298217.860
12772,1252.748,1790298217.979
12773,1252.812,1790298218.147
12774,1253.012,1790298218.537
12775,1253.144,1790298218.738
12776,1253.208,1790298218.903
12777,1253.276,1790298219.002
12778,1253.340,1790298219.121
12779,1253.408,1790298219.284
12780,1253.472,1790298219.384
12781,1253.540,1790298219.503
12782,1253.604,1790298219.669
12783,1253.672,1790298219.776
12784,1253.804,1790298220.069
12785,1253.868,1790298220.169
12786,1253.936,1790298220.292
12787,1254.000,1790298220.390
12788,1254.132,1790298220.676
12789,1254.200,1790298220.765
12790,1254.264,1790298220.929
12791,1254.332,1790298221.043
12792,1254.396,1790298221.153
12793,1254.464,1790298221.326
12794,1254.528,1790298221.456
12795,1254.596,1790298221.560
12796,1254.660,1790298221.734
12797,1254.728,1790298221.850
12798,1254.792,1790298221.938
12799,1254.860,1790298222.101
12800,1254.924,1790298222.219
12801,1255.056,1790298222.487
12802,1255.188,1790298222.695
12803,1255.256,1790298222.853
12804,1255.320,1790298222.970
12805,1255.452,1790298223.177
12806,1255.520,1790298223.341
12807,1255.584,1790298223.445
12808,1255.652,1790298223.577
12809,1255.784,1790298223.848
12810,1255.848,1790298223.965
12811,1255.916,1790298224.131
12812,1255.980,1790298224.222
12813,1256.048,1790298224.330
12814,1256.112,1790298224.505
12815,1256.180,1790298224.605
12816,1256.244,1790298224.735
12817,1256.312,1790298224.906
12818,1256.376,1790298225.000
12819,1256.508,1790298225.303
12820,1256.640,1790298225.520
12821,1256.772,1790298225.795
12822,1256.904,1790298226.103
12823,1257.036,1790298226.327
12824,1257.104,1790298226.503
12825,1257.168,1790298226.598
12826,1257.300,1790298226.807
12827,1257.368,1790298226.962
12828,1257.432,1790298227.079
12829,1257.500,1790298227.180
12830,1257.564,1790298227.347
12831,1257.632,1790298227.468
12832,1257.828,1790298227.856
12833,1257.896,1790298227.951
12834,1258.092,1790298228.339
12835,1258.160,1790298228.513
12836,1258.224,1790298228.633
12837,1258.356,1790298228.898
12838,1258.424,1790298229.018
12839,1258.488,1790298229.117
12840,1258.752,1790298229.660
12841,1258.820,1790298229.841
12842,1258.952,1790298230.053
12843,1259.016,1790298230.217
12844,1259.148,1790298230.437
12845,1259.216,1790298230.598
12846,1259.280,1790298230.692
12847,1259.348,1790298230.807
12848,1259.480,1790298231.076
12849,1259.544,1790298231.191
12850,1259.676,1790298231.456
12851,1259.744,1790298231.576
12852,1259.876,1790298231.854
12853,1259.940,1790298231.983
12854,1260.072,1790298232.240
12855,1260.140,1790298232.348
12856,1260.204,1790298232.517
12857,1260.272,1790298232.617
12858,1260.468,1790298233.007
12859,1260.536,1790298233.142
12860,1260.600,1790298233.245
12861,1260.668,1790298233.412
12862,1260.732,1790298233.536
12863,1260.800,1790298233.628
12864,1260.996,1790298234.003
12865,1261.064,1790298234.180
12866,1261.128,1790298234.306
12867,1261.196,1790298234.399
12868,1261.260,1790298234.566
12869,1261.392,1790298234.767
12870,1261.460,1790298234.950
12871,1261.592,1790298235.151
12872,1261.724,1790298235.449
12873,1261.788,1790298235.540
12874,1261.856,1790298235.716
12875,1261.920,1790298235.834
12876,1261.988,1790298235.924
12877,1262.052,1790298236.039
12878,1262.120,1790298236.195
12879,1262.184,1790298236.283
12880,1262.252,1790298236.400
12881,1262.384,1790298236.665
12882,1262.448,1790298236.798
12883,1262.516,1790298236.977
12884,1262.580,1790298237.077
12885,1262.648,1790298237.200
12886,1262.780,1790298237.489
12887,1262.912,1790298237.819
12888,1263.044,1790298238.034
12889,1263.108,1790298238.212
12890,1263.176,1790298238.305
12891,1263.240,1790298238.420
12892,1263.308,1790298238.583
12893,1263.372,1790298238.680
12894,1263.440,1790298238.793
12895,1263.504,1790298238.961
12896,1263.572,1790298239.061
12897,1263.704,1790298239.331
12898,1264.100,1790298239.991
12899,1264.164,1790298240.150
12900,1264.232,1790298240.267
12901,1264.296,1790298240.358
12902,1264.364,1790298240.524
12903,1264.428,1790298240.639
12904,1264.560,1790298240.905
12905,1264.628,1790298241.031
12906,1264.760,1790298241.309
12907,1264.824,1790298241.440
12908,1264.892,1790298241.542
12909,1264.956,1790298241.722
12910,1265.024,1790298241.851
12911,1265.088,1790298241.947
12912,1265.156,1790298242.127
12913,1265.220,1790298242.259
12914,1265.288,1790298242.361
12915,1265.484,1790298242.716
12916,1265.616,1790298242.996
12917,1265.748,1790298243.184
12918,1265.816,1790298243.345
12919,1265.880,1790298243.430
12920,1265.948,1790298243.549
12921,1266.012,1790298243.717
12922,1266.080,1790298243.822
12923,1266.144,1790298243.934
12924,1266.212,1790298244.111
12925,1266.276,1790298244.212
12926,1266.344,1790298244.342
12927,1266.408,1790298244.525
12928,1266.476,1790298244.633
12929,1266.608,1790298244.926
12930,1266.672,1790298245.022
12931,1266.740,1790298245.138
12932,1266.872,1790298245.407
12933,1266.936,1790298245.516
12934,1267.004,1790298245.681
12935,1267.068,1790298245.775
12936,1267.200,1790298245.982
12937,1267.268,1790298246.135
12938,1267.332,1790298246.251
12939,1267.400,1790298246.349
12940,1267.464,1790298246.536
12941,1267.532,1790298246.671
12942,1267.596,1790298246.772
12943,1267.664,1790298246.972
12944,1267.728,1790298247.112
12945,1267.796,1790298247.210
12946,1267.928,1790298247.567
12947,1267.992,1790298247.669
12948,1268.060,1790298247.860
12949,1268.124,1790298247.985
12950,1268.324,1790298248.367
12951,1268.588,1790298248.848
12952,1268.784,1790298249.210
12953,1268.852,1790298249.335
12954,1268.916,1790298249.496
12955,1268.984,1790298249.591
12956,1269.116,1790298249.895
12957,1269.180,1790298249.993
12958,1269.248,1790298250.109
12959,1269.380,1790298250.400
12960,1269.444,1790298250.519
12961,1269.512,1790298250.704
12962,1269.576,1790298250.804
12963,1269.776,1790298251.191
12964,1269.908,1790298251.467
12965,1270.040,1790298251.671
12966,1270.104,1790298251.839
12967,1270.172,1790298251.943
12968,1270.236,1790298252.060
12969,1270.304,1790298252.235
12970,1270.500,1790298252.576
12971,1270.568,1790298252.750
12972,1270.896,1790298253.373
12973,1271.028,1790298253.691
12974,1271.096,1790298253.787
12975,1271.160,1790298253.982
12976,1271.228,1790298254.124
12977,1271.292,1790298254.234
12978,1271.360,1790298254.429
12979,1271.424,1790298254.561
12980,1271.556,1790298254.837
12981,1271.688,1790298255.081
12982,1271.756,1790298255.284
12983,1271.888,1790298255.512
12984,1272.020,1790298255.824
12985,1272.084,1790298255.925
12986,1272.152,1790298256.065
12987,1272.216,1790298256.260
12988,1272.284,1790298256.372
12989,1272.348,1790298256.502
12990,1272.416,1790298256.701
12991,1272.480,1790298256.800
12992,1272.548,1790298256.919
12993,1272.680,1790298257.209
12994,1272.876,1790298257.635
12995,1272.944,1790298257.753
12996,1273.008,1790298257.933
12997,1273.076,1790298258.050
12998,1273.208,1790298258.343
12999,1273.272,1790298258.445
13000,1273.404,1790298258.759
13001,1273.472,1790298258.875
13002,1273.668,1790298259.287
13003,1273.868,1790298259.669
13004,1274.000,1790298259.891
13005,1274.064,1790298260.083
13006,1274.132,1790298260.215
13007,1274.328,1790298260.615
13008,1274.396,1790298260.714
13009,1274.460,1790298260.893
13010,1274.528,1790298261.020
13011,1274.592,1790298261.114
13012,1274.724,1790298261.455
13013,1274.792,1790298261.553
13014,1274.856,1790298261.739
13015,1274.924,1790298261.869
13016,1275.056,1790298262.147
13017,1275.252,1790298262.520
13018,1275.320,1790298262.697
13019,1275.384,1790298262.799
13020,1275.452,1790298262.929
13021,1275.516,1790298263.108
13022,1275.584,1790298263.214
13023,1275.716,1790298263.540
13024,1275.780,1790298263.655
13025,1275.980,1790298264.089
13026,1276.044,1790298264.225
13027,1276.112,1790298264.419
13028,1276.176,1790298264.527
13029,1276.308,1790298264.832
13030,1276.376,1790298264.941
13031,1276.508,1790298265.249
13032,1276.572,1790298265.369
13033,1276.640,1790298265.487
13034,1276.704,1790298265.666
13035,1276.836,1790298265.903
13036,1276.904,1790298266.097
13037,1277.100,1790298266.425
13038,1277.168,1790298266.595
13039,1277.232,1790298266.717
13040,1277.300,1790298266.818
13041,1277.364,1790298266.986
13042,1277.432,1790298267.116
13043,1277.496,1790298267.217
13044,1277.564,1790298267.431
13045,1277.696,1790298267.658
13046,1277.760,1790298267.844
13047,1277.828,1790298267.984
13048,1277.892,1790298268.080
13049,1277.960,1790298268.272
13050,1278.420,1790298269.271
13051,1278.488,1790298269.373
13052,1278.552,1790298269.494
13053,1278.620,1790298269.687
13054,1278.684,1790298269.786
13055,1278.752,1790298269.915
13056,1278.816,1790298270.093
13057,1279.016,1790298270.517
13058,1279.080,1790298270.616
13059,1279.148,1790298270.729
13060,1279.212,1790298270.917
13061,1279.280,1790298271.014
13062,1279.344,1790298271.131
13063,1279.412,1790298271.321
13064,1279.676,1790298271.837
13065,1279.808,1790298272.138
13066,1279.872,1790298272.245
13067,1280.004,1790298272.538
13068,1280.072,1790298272.664
13069,1280.136,1790298272.795
13070,1280.268,1790298273.096
13071,1280.336,1790298273.218
13072,1280.468,1790298273.510
13073,1280.532,1790298273.634
13074,1280.600,1790298273.728
13075,1280.664,1790298273.905
13076,1280.864,1790298274.302
13077,1280.928,1790298274.433
13078,1280.996,1790298274.534
13079,1281.060,1790298274.715
13080,1281.128,1790298274.853
13081,1281.192,1790298274.964
13082,1281.324,1790298275.307
13083,1281.392,1790298275.409
13084,1281.524,1790298275.731
13085,1281.588,1790298275.827
13086,1281.656,1790298276.018
13087,1281.788,1790298276.249
13088,1281.852,1790298276.364
13089,1282.248,1790298277.152
13090,1282.316,1790298277.348
13091,1282.380,1790298277.447
13092,1282.448,1790298277.564
13093,1282.580,1790298277.845
13094,1282.712,1790298278.163
13095,1282.844,1790298278.393
13096,1282.976,1790298278.697
13097,1283.240,1790298279.231
13098,1283.436,1790298279.651
13099,1283.504,1790298279.842
13100,1283.768,1790298280.359
13101,1283.832,1790298280.486
13102,1283.900,1790298280.581
13103,1283.964,1790298280.758
13104,1284.096,1790298280.998
13105,1284.228,1790298281.325
13106,1284.296,1790298281.422
13107,1284.428,1790298281.755
13108,1284.492,1790298281.857
13109,1284.560,1790298282.043
13110,1284.624,1790298282.178
13111,1284.756,1790298282.477
13112,1284.824,1790298282.622
13113,1285.020,1790298283.035
13114,1285.220,1790298283.460
13115,1285.284,1790298283.558
13116,1285.484,1790298283.960
13117,1285.548,1790298284.093
13118,1285.616,1790298284.274
13119,1285.680,1790298284.373
13120,1285.880,1790298284.780
13121,1285.944,1790298284.898
13122,1286.076,1790298285.202
13123,1286.144,1790298285.332
13124,1286.208,1790298285.509
13125,1286.276,1790298285.616
13126,1286.340,1790298285.741
13127,1286.540,1790298286.153
13128,1286.604,1790298286.342
13129,1286.804,1790298286.759
13130,1286.868,1790298286.868
13131,1286.936,1790298286.993
13132,1287.132,1790298287.385
13133,1287.264,1790298287.655
13134,1287.332,1790298287.783
13135,1287.528,1790298288.191
13136,1287.596,1790298288.291
13137,1287.728,1790298288.596
13138,1287.792,1790298288.706
13139,1287.860,1790298288.894
13140,1287.924,1790298289.024
13141,1287.992,1790298289.128
13142,1288.056,1790298289.308
13143,1288.320,1790298289.849
13144,1288.388,1790298289.947
13145,1288.452,1790298290.068
13146,1288.520,1790298290.244
13147,1288.584,1790298290.351
13148,1288.784,1790298290.738
13149,1288.848,1790298290.875
13150,1288.980,1790298291.161
13151,1289.048,1790298291.285
13152,1289.112,1790298291.459
13153,1289.180,1790298291.559
13154,1289.244,1790298291.671
13155,1289.376,1790298291.971
13156,1289.444,1790298292.094
13157,1289.508,1790298292.284
13158,1289.576,1790298292.402
13159,1289.640,1790298292.519
13160,1289.708,1790298292.712
13161,1289.772,1790298292.816
13162,1289.840,1790298292.933
13163,1289.904,1790298293.120
13164,1289.972,1790298293.232
13165,1290.368,1790298294.047
13166,1290.500,1790298294.267
13167,1290.564,1790298294.439
13168,1290.896,1790298295.068
13169,1290.960,1790298295.259
13170,1291.092,1790298295.496
13171,1291.160,1790298295.684
13172,1291.224,1790298295.809
13173,1291.292,1790298295.904
13174,1291.356,1790298296.089
13175,1291.424,1790298296.222
13176,1291.488,1790298296.318
13177,1291.752,1790298296.854
13178,1291.820,1790298297.023
13179,1291.884,1790298297.122
13180,1291.952,1790298297.234
13181,1292.016,1790298297.402
13182,1292.084,1790298297.499
13183,1292.148,1790298297.618
13184,1292.348,1790298298.006
13185,1292.412,1790298298.188
13186,1292.544,1790298298.417
13187,1292.676,1790298298.710
13188,1292.744,1790298298.825
13189,1292.808,1790298299.021
13190,1292.876,1790298299.140
13191,1292.940,1790298299.254
13192,1293.072,1790298299.548
13193,1293.140,1790298299.665
13194,1293.204,1790298299.858
13195,1293.272,1790298299.976
13196,1293.404,1790298300.278
13197,1293.468,1790298300.385
13198,1293.600,1790298300.610
13199,1293.668,1790298300.793
13200,1293.732,1790298300.926
13201,1293.800,1790298301.027
13202,1293.932,1790298301.338
13203,1293.996,1790298301.435
13204,1294.128,1790298301.756
13205,1294.196,1790298301.850
13206,1294.328,1790298302.180
13207,1294.392,1790298302.279
13208,1294.460,1790298302.464
13209,1294.524,1790298302.590
13210,1294.592,1790298302.686
13211,1294.724,1790298302.992
13212,1294.788,1790298303.083
13213,1294.856,1790298303.269
13214,1294.920,1790298303.398
13215,1295.252,1790298304.015
13216,1295.384,1790298304.292
13217,1295.580,1790298304.740
13218,1295.648,1790298304.881
13219,1295.712,1790298305.078
13220,1295.780,1790298305.186
13221,1295.912,1790298305.487
13222,1295.976,1790298305.606
13223,1296.044,1790298305.727
13224,1296.176,1790298306.012
13225,1296.240,1790298306.144
13226,1296.308,1790298306.342
13227,1296.372,1790298306.443
13228,1296.440,1790298306.575
13229,1296.504,1790298306.762
13230,1296.572,1790298306.879
13231,1296.636,1790298307.021
13232,1296.704,1790298307.219
13233,1296.836,1790298307.457
13234,1296.900,1790298307.558
13235,1297.100,1790298307.974
13236,1297.232,1790298308.284
13237,1297.296,1790298308.387
13238,1297.428,1790298308.709
13239,1297.496,1790298308.807
13240,1297.692,1790298309.239
13241,1297.824,1790298309.537
13242,1297.892,1790298309.627
13243,1297.956,1790298309.810
13244,1298.024,1790298309.936
13245,1298.088,1790298310.040
13246,1298.220,1790298310.339
13247,1298.352,1790298310.556
13248,1298.420,1790298310.744
13249,1298.484,1790298310.841
13250,1298.552,1790298310.970
13251,1298.616,1790298311.143
13252,1298.684,1790298311.256
13253,1298.748,1790298311.374
13254,1298.816,1790298311.543
13255,1298.880,1790298311.644
13256,1298.948,1790298311.763
13257,1299.144,1790298312.170
13258,1299.212,1790298312.367
13259,1299.408,1790298312.749
13260,1299.476,1790298312.844
13261,1299.540,1790298312.970
13262,1299.672,1790298313.246
13263,1299.740,1790298313.380
13264,1299.804,1790298313.568
13265,1299.936,1790298313.771
13266,1300.004,1790298313.938
13267,1300.136,1790298314.170
13268,1300.200,1790298314.267
13269,1300.268,1790298314.424
13270,1300.332,1790298314.543
13271,1300.400,1790298314.635
13272,1300.532,1790298314.930
13273,1300.596,1790298315.018
13274,1300.796,1790298315.387
13275,1300.860,1790298315.567
13276,1300.928,1790298315.701
13277,1300.992,1790298315.799
13278,1301.060,1790298315.990
13279,1301.124,1790298316.117
13280,1301.256,1790298316.395
13281,1301.388,1790298316.628
13282,1301.520,1790298316.945
13283,1301.588,1790298317.037
13284,1301.852,1790298317.540
13285,1301.916,1790298317.711
13286,1301.984,1790298317.818
13287,1302.116,1790298318.102
13288,1302.180,1790298318.204
13289,1302.312,1790298318.503
13290,1302.380,1790298318.604
13291,1302.444,1790298318.720
13292,1302.512,1790298318.905
13293,1302.576,1790298319.011
13294,1302.776,1790298319.429
13295,1302.840,1790298319.553
13296,1302.908,1790298319.732
13297,1302.972,1790298319.840
13298,1303.040,1790298319.967
13299,1303.104,1790298320.163
13300,1303.236,1790298320.399
13301,1303.500,1790298320.909
13302,1303.700,1790298321.316
13303,1303.764,1790298321.497
13304,1303.832,1790298321.612
13305,1303.964,1790298321.912
13306,1304.160,1790298322.296
13307,1304.228,1790298322.411
13308,1304.292,1790298322.501
13309,1304.360,1790298322.681
13310,1304.424,1790298322.794
13311,1304.556,1790298323.079
13312,1304.624,1790298323.218
13313,1304.688,1790298323.316
13314,1305.084,1790298324.155
13315,1305.152,1790298324.277
13316,1305.216,1790298324.442
13317,1305.348,1790298324.673
13318,1305.416,1790298324.852
13319,1305.480,1790298324.942
13320,1305.680,1790298325.316
13321,1305.744,1790298325.442
13322,1305.812,1790298325.614
13323,1305.876,1790298325.708
13324,1306.008,1790298325.991
13325,1306.140,1790298326.189
13326,1306.208,1790298326.346
13327,1306.340,1790298326.570
13328,1306.472,1790298326.836
13329,1306.536,1790298326.962
13330,1306.604,1790298327.163
13331,1306.668,1790298327.260
13332,1306.800,1790298327.484
13333,1306.932,1790298327.780
13334,1307.000,1790298327.880
13335,1307.064,1790298328.072
13336,1307.132,1790298328.189
13337,1307.196,1790298328.274
13338,1307.328,1790298328.557
13339,1307.396,1790298328.662
13340,1307.460,1790298328.836
13341,1307.660,1790298329.262
13342,1307.724,1790298329.396
13343,1307.792,1790298329.504
13344,1308.188,1790298330.290
13345,1308.252,1790298330.426
13346,1308.384,1790298330.711
13347,1308.452,1790298330.845
13348,1308.516,1790298331.036
13349,1308.584,1790298331.126
13350,1308.648,1790298331.252
13351,1308.716,1790298331.423
13352,1308.780,1790298331.517
13353,1308.848,1790298331.627
13354,1308.912,1790298331.821
13355,1308.980,1790298331.908
13356,1309.044,1790298332.018
13357,1309.176,1790298332.284
13358,1309.244,1790298332.405
13359,1309.376,1790298332.691
13360,1309.440,1790298332.827
13361,1309.572,1790298333.106
13362,1309.640,1790298333.225
13363,1309.772,1790298333.490
13364,1309.836,1790298333.608
13365,1309.904,1790298333.794
13366,1309.968,1790298333.918
13367,1310.036,1790298334.060
13368,1310.100,1790298334.169
13369,1310.168,1790298334.340
13370,1310.300,1790298334.553
13371,1310.364,1790298334.710
13372,1310.432,1790298334.827
13373,1310.496,1790298334.936
13374,1310.564,1790298335.131
13375,1310.628,1790298335.275
13376,1310.696,1790298335.373
13377,1310.760,1790298335.548
13378,1310.828,1790298335.678
13379,1310.892,1790298335.779
13380,1310.960,1790298335.957
13381,1311.024,1790298336.082
13382,1311.092,1790298336.178
13383,1311.156,1790298336.369
13384,1311.224,1790298336.520
13385,1311.288,1790298336.613
13386,1311.356,1790298336.788
13387,1311.420,1790298336.942
13388,1311.488,1790298337.048
13389,1311.552,1790298337.178
13390,1311.620,1790298337.363
13391,1311.684,1790298337.452
13392,1311.816,1790298337.746
13393,1311.884,1790298337.843
13394,1311.948,1790298337.981
13395,1312.016,1790298338.179
13396,1312.080,1790298338.279
13397,1312.212,1790298338.566
13398,1312.280,1790298338.669
13399,1312.344,1790298338.809
13400,1312.412,1790298338.997
13401,1312.544,1790298339.210
13402,1312.676,1790298339.512
13403,1312.740,1790298339.656
13404,1312.808,1790298339.885
13405,1312.872,1790298340.010
13406,1313.004,1790298340.324
13407,1313.072,1790298340.441
13408,1313.136,1790298340.580
13409,1313.204,1790298340.786
13410,1313.268,1790298340.890
13411,1313.336,1790298341.004
13412,1313.400,1790298341.097
13413,1313.600,1790298341.484
13414,1313.664,1790298341.658
13415,1313.732,1790298341.797
13416,1313.796,1790298341.897
13417,1313.864,1790298342.092
13418,1313.928,1790298342.212
13419,1313.996,1790298342.313
13420,1314.128,1790298342.640
13421,1314.192,1790298342.762
13422,1314.324,1790298343.081
13423,1314.392,1790298343.196
13424,1314.456,1790298343.409
13425,1314.524,1790298343.546
13426,1314.588,1790298343.639
13427,1314.720,1790298343.972
13428,1314.788,1790298344.078
13429,1314.852,1790298344.211
13430,1314.920,1790298344.404
13431,1314.984,1790298344.505
13432,1315.052,1790298344.643
13433,1315.116,1790298344.804
13434,1315.184,1790298344.908
13435,1315.248,1790298345.034
13436,1315.316,1790298345.227
13437,1315.380,1790298345.317
13438,1315.448,1790298345.441
13439,1315.512,1790298345.632
13440,1315.580,1790298345.735
13441,1315.644,1790298345.853
13442,1315.776,1790298346.119
13443,1315.844,1790298346.248
13444,1315.908,1790298346.441
13445,1315.976,1790298346.542
13446,1316.040,1790298346.673
13447,1316.172,1790298346.974
13448,1316.240,1790298347.097
13449,1316.372,1790298347.371
13450,1316.436,1790298347.490
13451,1316.504,1790298347.648
13452,1316.568,1790298347.743
13453,1316.636,1790298347.863
13454,1316.900,1790298348.306
13455,1317.096,1790298348.663
13456,1317.164,1790298348.848
13457,1317.296,1790298349.055
13458,1317.360,1790298349.253
13459,1317.560,1790298349.626
13460,1317.624,1790298349.763
13461,1317.692,1790298349.865
13462,1317.824,1790298350.162
13463,1317.888,1790298350.259
13464,1317.956,1790298350.433
13465,1318.020,1790298350.562
13466,1318.088,1790298350.660
13467,1318.152,1790298350.772
13468,1318.284,1790298351.043
13469,1318.352,1790298351.167
13470,1318.484,1790298351.423
13471,1318.548,1790298351.538
13472,1318.616,1790298351.738
13473,1318.680,1790298351.846
13474,1318.748,1790298351.977
13475,1318.944,1790298352.378
13476,1319.076,1790298352.631
13477,1319.144,1790298352.745
13478,1319.276,1790298353.034
13479,1319.340,1790298353.168
13480,1319.472,1790298353.477
13481,1319.540,1790298353.586
13482,1319.604,1790298353.758
13483,1319.936,1790298354.359
13484,1320.000,1790298354.441
13485,1320.132,1790298354.729
13486,1320.200,1790298354.829
13487,1320.264,1790298354.989
13488,1320.396,1790298355.202
13489,1320.464,1790298355.384
13490,1320.528,1790298355.502
13491,1320.596,1790298355.587
13492,1320.660,1790298355.764
13493,1320.728,1790298355.903
13494,1320.792,1790298355.989
13495,1320.860,1790298356.161
13496,1320.924,1790298356.278
13497,1320.992,1790298356.360
13498,1321.056,1790298356.527
13499,1321.124,1790298356.666
13500,1321.188,1790298356.770
13501,1321.256,1790298356.945
13502,1321.320,1790298357.080
13503,1321.388,1790298357.182
13504,1321.452,1790298357.310
13505,1321.520,1790298357.466
13506,1321.584,1790298357.568
13507,1321.652,1790298357.702
13508,1321.716,1790298357.882
13509,1321.784,1790298357.979
13510,1321.848,1790298358.100
13511,1321.916,1790298358.288
13512,1321.980,1790298358.394
13513,1322.048,1790298358.526
13514,1322.112,1790298358.698
13515,1322.244,1790298358.902
13516,1322.312,1790298359.062
13517,1322.376,1790298359.165
13518,1322.444,1790298359.296
13519,1322.508,1790298359.458
13520,1322.708,1790298359.847
13521,1322.772,1790298359.949
13522,1322.840,1790298360.077
13523,1322.904,1790298360.241
13524,1322.972,1790298360.341
13525,1323.236,1790298360.860
13526,1323.300,1790298360.960
13527,1323.432,1790298361.272
13528,1323.500,1790298361.367
13529,1323.564,1790298361.541
13530,1323.696,1790298361.756
13531,1323.764,1790298361.960
13532,1323.828,1790298362.096
13533,1323.896,1790298362.197
13534,1323.960,1790298362.366
13535,1324.028,1790298362.496
13536,1324.092,1790298362.581
13537,1324.160,1790298362.790
13538,1324.224,1790298362.912
13539,1324.292,1790298362.999
13540,1324.356,1790298363.168
13541,1324.424,1790298363.295
13542,1324.556,1790298363.571
13543,1324.688,1790298363.815
13544,1324.752,1790298363.939
13545,1324.820,1790298364.122
13546,1324.884,1790298364.216
13547,1324.952,1790298364.331
13548,1325.016,1790298364.506
13549,1325.084,1790298364.598
13550,1325.148,1790298364.734
13551,1325.216,1790298364.923
13552,1325.348,1790298365.128
13553,1325.412,1790298365.315
13554,1325.480,1790298365.425
13555,1325.544,1790298365.547
13556,1325.676,1790298365.808
13557,1325.876,1790298366.225
13558,1325.940,1790298366.349
13559,1326.072,1790298366.622
13560,1326.140,1790298366.751
13561,1326.272,1790298367.025
13562,1326.336,1790298367.158
13563,1326.404,1790298367.352
13564,1326.468,1790298367.461
13565,1326.600,1790298367.677
13566,1326.668,1790298367.859
13567,1326.800,1790298368.119
13568,1326.864,1790298368.326
13569,1326.932,1790298368.466
13570,1326.996,1790298368.578
13571,1327.064,1790298368.795
13572,1327.128,1790298368.931
13573,1327.196,1790298369.044
13574,1327.260,1790298369.240
13575,1327.328,1790298369.377
13576,1327.392,1790298369.478
13577,1327.524,1790298369.811
13578,1327.592,1790298369.911
13579,1327.788,1790298370.347
13580,1327.856,1790298370.538
13581,1327.920,1790298370.672
13582,1327.988,1790298370.775
13583,1328.052,1790298370.899
13584,1328.120,1790298371.084
13585,1328.252,1790298371.306
13586,1328.384,1790298371.593
13587,1328.516,1790298371.942
13588,1328.580,1790298372.049
13589,1328.648,1790298372.167
13590,1328.712,1790298372.387
13591,1328.780,1790298372.516
13592,1328.844,1790298372.655
13593,1328.976,1790298372.949
13594,1329.108,1790298373.295
13595,1329.176,1790298373.422
13596,1329.240,1790298373.573
13597,1329.308,1790298373.801
13598,1329.440,1790298374.059
13599,1329.504,1790298374.290
13600,1329.572,1790298374.420
13601,1329.636,1790298374.555
13602,1329.704,1790298374.764
13603,1329.768,1790298374.875
13604,1329.900,1790298375.093
13605,1329.968,1790298375.277
13606,1330.032,1790298375.428
13607,1330.100,1790298375.538
13608,1330.296,1790298375.949
13609,1330.364,1790298376.161
13610,1330.428,1790298376.296
13611,1330.496,1790298376.394
13612,1330.628,1790298376.731
13613,1330.824,1790298377.171
13614,1330.892,1790298377.272
13615,1331.024,1790298377.607
13616,1331.088,1790298377.717
13617,1331.220,1790298378.032
13618,1331.352,1790298378.254
13619,1331.420,1790298378.430
13620,1331.484,1790298378.533
13621,1331.552,1790298378.659
13622,1331.616,1790298378.833
13623,1331.684,1790298378.947
13624,1331.748,1790298379.097
13625,1331.816,1790298379.313
13626,1331.880,1790298379.414
13627,1332.080,1790298379.845
13628,1332.144,1790298379.984
13629,1332.212,1790298380.200
13630,1332.276,1790298380.321
13631,1332.344,1790298380.455
13632,1332.476,1790298380.758
13633,1332.540,1790298380.883
13634,1332.804,1790298381.483
13635,1332.872,1790298381.595
13636,1333.068,1790298381.994
13637,1333.136,1790298382.111
13638,1333.200,1790298382.219
13639,1333.268,1790298382.411
13640,1333.400,1790298382.640
13641,1333.464,1790298382.840
13642,1333.596,1790298383.103
13643,1333.728,1790298383.459
13644,1333.860,1790298383.742
13645,1333.928,1790298383.891
13646,1333.992,1790298383.992
13647,1334.060,1790298384.210
13648,1334.124,1790298384.363
13649,1334.192,1790298384.478
13650,1334.256,1790298384.670
13651,1334.324,1790298384.826
13652,1334.388,1790298384.939
13653,1334.456,1790298385.163
13654,1334.520,1790298385.318
13655,1334.588,1790298385.418
13656,1334.652,1790298385.540
13657,1334.720,1790298385.754
13658,1334.852,1790298385.988
13659,1334.916,1790298386.173
13660,1334.984,1790298386.291
13661,1335.048,1790298386.415
13662,1335.116,1790298386.646
13663,1335.180,1790298386.769
13664,1335.248,1790298386.910
13665,1335.380,1790298387.193
13666,1335.444,1790298387.322
13667,1335.512,1790298387.541
13668,1335.576,1790298387.662
13669,1335.776,1790298388.114
13670,1335.840,1790298388.232
13671,1335.908,1790298388.449
13672,1336.040,1790298388.700
13673,1336.104,1790298388.879
13674,1336.172,1790298388.989
13675,1336.236,1790298389.116
13676,1336.304,1790298389.320
13677,1336.368,1790298389.434
13678,1336.436,1790298389.561
13679,1336.500,1790298389.663
13680,1336.632,1790298390.012
13681,1336.700,1790298390.120
13682,1336.764,1790298390.305
13683,1336.832,1790298390.440
13684,1336.896,1790298390.533
13685,1336.964,1790298390.720
13686,1337.028,1790298390.869
13687,1337.096,1790298390.983
13688,1337.424,1790298391.708
13689,1337.556,1790298392.013
13690,1337.624,1790298392.150
13691,1337.688,1790298392.241
13692,1337.756,1790298392.440
13693,1337.820,1790298392.599
13694,1337.888,1790298392.710
13695,1337.952,1790298392.837
13696,1338.020,1790298393.052
13697,1338.152,1790298393.275
13698,1338.284,1790298393.562
13699,1338.348,1790298393.707
13700,1338.416,1790298393.917
13701,1338.480,1790298394.032
13702,1338.680,1790298394.438
13703,1338.812,1790298394.745
13704,1338.876,1790298394.851
13705,1338.944,1790298394.979
13706,1339.076,1790298395.279
13707,1339.140,1790298395.398
13708,1339.208,1790298395.581
13709,1339.272,1790298395.693
13710,1339.340,1790298395.819
13711,1339.404,1790298396.057
13712,1339.472,1790298396.184
13713,1339.604,1790298396.515
13714,1339.668,1790298396.637
13715,1339.868,1790298397.056
13716,1339.932,1790298397.196
13717,1340.000,1790298397.320
13718,1340.064,1790298397.534
13719,1340.132,1790298397.687
13720,1340.196,1790298397.805
13721,1340.328,1790298398.123
13722,1340.396,1790298398.222
13723,1340.528,1790298398.573
13724,1340.660,1790298398.870
13725,1340.792,1790298399.113
13726,1340.856,1790298399.327
13727,1340.924,1790298399.461
13728,1341.188,1790298399.990
13729,1341.320,1790298400.311
13730,1341.584,1790298400.817
13731,1341.648,1790298400.935
13732,1341.780,1790298401.253
13733,1341.848,1790298401.405
13734,1341.980,1790298401.740
13735,1342.044,1790298401.879
13736,1342.112,1790298402.064
13737,1342.176,1790298402.180
13738,1342.244,1790298402.326
13739,1342.308,1790298402.516
13740,1342.376,1790298402.636
13741,1342.572,1790298403.089
13742,1342.836,1790298403.662
13743,1342.968,1790298403.965
13744,1343.100,1790298404.180
13745,1343.232,1790298404.472
13746,1343.300,1790298404.576
13747,1343.364,1790298404.756
13748,1343.496,1790298404.975
13749,1343.564,1790298405.163
13750,1343.628,1790298405.291
13751,1343.696,1790298405.395
13752,1343.760,1790298405.584
13753,1343.828,1790298405.733
13754,1343.892,1790298405.828
13755,1344.092,1790298406.259
13756,1344.156,1790298406.459
13757,1344.288,1790298406.686
13758,1344.420,1790298407.010
13759,1344.488,1790298407.110
13760,1344.552,1790298407.238
13761,1344.620,1790298407.448
13762,1344.684,1790298407.562
13763,1344.752,1790298407.711
13764,1344.816,1790298407.916
13765,1344.884,1790298408.038
13766,1344.948,1790298408.177
13767,1345.016,1790298408.394
13768,1345.080,1790298408.510
13769,1345.148,1790298408.648
13770,1345.212,1790298408.850
13771,1345.280,1790298408.947
13772,1345.344,1790298409.064
13773,1345.412,1790298409.250
13774,1345.544,1790298409.484
13775,1345.608,1790298409.643
13776,1345.676,1790298409.746
13777,1345.740,1790298409.857
13778,1345.808,1790298410.033
13779,1345.940,1790298410.253
13780,1346.004,1790298410.458
13781,1346.136,1790298410.701
13782,1346.336,1790298411.192
13783,1346.400,1790298411.325
13784,1346.468,1790298411.539
13785,1346.532,1790298411.670
13786,1346.600,1790298411.781
13787,1346.732,1790298412.089
13788,1346.796,1790298412.184
13789,1346.864,1790298412.380
13790,1346.928,1790298412.513
13791,1346.996,1790298412.599
13792,1347.060,1790298412.784
13793,1347.128,1790298412.898
13794,1347.192,1790298412.994
13795,1347.260,1790298413.186
13796,1347.324,1790298413.316
13797,1347.392,1790298413.414
13798,1347.456,1790298413.610
13799,1347.524,1790298413.735
13800,1347.588,1790298413.827
13801,1347.656,1790298414.002
13802,1347.720,1790298414.126
13803,1347.788,1790298414.243
13804,1347.852,1790298414.379
13805,1347.920,1790298414.538
13806,1347.984,1790298414.632
13807,1348.116,1790298414.926
13808,1348.184,1790298415.025
13809,1348.248,1790298415.145
13810,1348.380,1790298415.437
13811,1348.644,1790298415.994
13812,1348.776,1790298416.256
13813,1348.844,1790298416.377
13814,1348.908,1790298416.550
13815,1348.976,1790298416.652
13816,1349.040,1790298416.767
13817,1349.108,1790298416.943
13818,1349.172,1790298417.042
13819,1349.240,1790298417.160
13820,1349.304,1790298417.335
13821,1349.504,1790298417.747
13822,1349.568,1790298417.849
13823,1349.636,1790298417.968
13824,1349.700,1790298418.069
13825,1349.768,1790298418.233
13826,1349.832,1790298418.367
13827,1349.900,1790298418.475
13828,1349.964,1790298418.641
13829,1350.032,1790298418.779
13830,1350.096,1790298418.882
13831,1350.228,1790298419.211
13832,1350.296,1790298419.303
13833,1350.360,1790298419.471
13834,1350.428,1790298419.596
13835,1350.492,1790298419.689
13836,1350.560,1790298419.878
13837,1350.624,1790298420.009
13838,1350.692,1790298420.101
13839,1350.756,1790298420.274
13840,1350.824,1790298420.428
13841,1350.888,1790298420.521
13842,1350.956,1790298420.707
13843,1351.020,1790298420.843
13844,1351.088,1790298420.944
13845,1351.220,1790298421.256
13846,1351.352,1790298421.508
13847,1351.416,1790298421.698
13848,1351.616,1790298422.139
13849,1351.680,1790298422.244
13850,1351.812,1790298422.546
13851,1351.880,1790298422.654
13852,1351.944,1790298422.770
13853,1352.012,1790298422.929
13854,1352.076,1790298423.019
13855,1352.144,1790298423.140
13856,1352.208,1790298423.311
13857,1352.276,1790298423.421
13858,1352.340,1790298423.553
13859,1352.408,1790298423.741
13860,1352.472,1790298423.852
13861,1352.540,1790298423.979
13862,1352.604,1790298424.193
13863,1352.672,1790298424.320
13864,1353.000,1790298425.003
13865,1353.132,1790298425.309
13866,1353.200,1790298425.408
13867,1353.264,1790298425.595
13868,1353.332,1790298425.721
13869,1353.396,1790298425.823
13870,1353.528,1790298426.126
13871,1353.596,1790298426.232
13872,1353.660,1790298426.429
13873,1353.792,1790298426.661
13874,1353.860,1790298426.841
13875,1353.992,1790298427.077
13876,1354.056,1790298427.241
13877,1354.124,1790298427.369
13878,1354.256,1790298427.616
13879,1354.320,1790298427.740
13880,1354.388,1790298427.829
13881,1354.452,1790298427.945
13882,1354.520,1790298428.139
13883,1354.584,1790298428.246
13884,1354.716,1790298428.551
13885,1354.784,1790298428.656
13886,1354.916,1790298428.965
13887,1355.048,1790298429.204
13888,1355.112,1790298429.420
13889,1355.180,1790298429.543
13890,1355.444,1790298430.123
13891,1355.508,1790298430.331
13892,1355.576,1790298430.447
13893,1355.640,1790298430.577
13894,1355.772,1790298430.864
13895,1355.840,1790298430.997
13896,1355.904,1790298431.196
13897,1355.972,1790298431.300
13898,1356.036,1790298431.441
13899,1356.168,1790298431.745
13900,1356.368,1790298432.136
13901,1356.432,1790298432.252
13902,1356.564,1790298432.499
13903,1356.632,1790298432.653
13904,1356.696,1790298432.758
13905,1356.764,1790298432.958
13906,1356.828,1790298433.095
13907,1356.896,1790298433.209
13908,1356.960,1790298433.406
13909,1357.028,1790298433.550
13910,1357.092,1790298433.637
13911,1357.356,1790298434.201
13912,1357.424,1790298434.341
13913,1357.488,1790298434.438
13914,1357.620,1790298434.730
13915,1357.688,1790298434.821
13916,1357.884,1790298435.216
13917,1357.952,1790298435.340
13918,1358.084,1790298435.599
13919,1358.148,1790298435.743
13920,1358.216,1790298435.936
13921,1358.280,1790298436.049
13922,1358.348,1790298436.179
13923,1358.412,1790298436.357
13924,1358.480,1790298436.464
13925,1358.544,1790298436.608
13926,1358.612,1790298436.820
13927,1358.676,1790298436.913
13928,1358.744,1790298437.045
13929,1358.876,1790298437.315
13930,1358.940,1790298437.441
13931,1359.072,1790298437.714
13932,1359.140,1790298437.836
13933,1359.336,1790298438.232
13934,1359.404,1790298438.403
13935,1359.468,1790298438.503
13936,1359.536,1790298438.623
13937,1359.600,1790298438.723
13938,1359.668,1790298438.901
13939,1359.732,1790298439.042
13940,1359.800,1790298439.151
13941,1359.864,1790298439.339
13942,1359.932,1790298439.487
13943,1359.996,1790298439.598
13944,1360.196,1790298440.004
13945,1360.260,1790298440.205
13946,1360.328,1790298440.323
13947,1360.392,1790298440.435
13948,1360.460,1790298440.642
13949,1360.592,1790298440.819
13950,1360.788,1790298441.184
13951,1360.920,1790298441.473
13952,1361.120,1790298441.880
13953,1361.252,1790298442.130
13954,1361.384,1790298442.412
13955,1361.448,1790298442.531
13956,1361.516,1790298442.722
13957,1361.580,1790298442.831
13958,1361.648,1790298442.951
13959,1361.712,1790298443.137
13960,1361.780,1790298443.249
13961,1361.976,1790298443.648
13962,1362.108,1790298443.957
13963,1362.176,1790298444.071
13964,1362.240,1790298444.208
13965,1362.308,1790298444.383
13966,1362.372,1790298444.506
13967,1362.440,1790298444.628
13968,1362.572,1790298444.928
13969,1362.636,1790298445.073
13970,1362.704,1790298445.283
13971,1362.768,1790298445.384
13972,1362.836,1790298445.509
13973,1363.032,1790298445.921
13974,1363.100,1790298446.026
13975,1363.164,1790298446.224
13976,1363.232,1790298446.328
13977,1363.296,1790298446.415
13978,1363.364,1790298446.572
13979,1363.428,1790298446.705
13980,1363.496,1790298446.803
13981,1363.560,1790301023.618
13982,1363.628,1790301023.773
13983,1363.692,1790301023.901
13984,1363.760,1790301024.095
13985,1363.892,1790301024.329
13986,1363.956,1790301024.539
13987,1364.024,1790301024.668
13988,1364.088,1790301024.768
13989,1364.156,1790301024.959
13990,1364.220,1790301025.094
13991,1364.288,1790301025.196
13992,1364.352,1790301025.348
13993,1364.420,1790301025.570
13994,1364.484,1790301025.672
13995,1364.684,1790301026.066
13996,1364.748,1790301026.215
13997,1364.816,1790301026.406
13998,1364.880,1790301026.503
13999,1364.948,1790301026.655
14000,1365.012,1790301026.848
14001,1365.144,1790301027.059
14002,1365.212,1790301027.238
14003,1365.344,1790301027.509
14004,1365.408,1790301027.733
14005,1365.476,1790301027.838
14006,1365.540,1790301027.964
14007,1365.608,1790301028.191
14008,1365.740,1790301028.418
14009,1365.804,1790301028.627
14010,1365.872,1790301028.755
14011,1365.936,1790301028.889
14012,1366.004,1790301029.092
14013,1366.136,1790301029.375
14014,1366.200,1790301029.486
14015,1366.268,1790301029.654
14016,1366.332,1790301029.790
14017,1366.400,1790301029.891
14018,1366.464,1790301030.080
14019,1366.532,1790301030.234
14020,1366.596,1790301030.340
14021,1366.664,1790301030.539
14022,1366.796,1790301030.778
14023,1366.860,1790301031.010
14024,1366.928,1790301031.179
14025,1366.992,1790301031.310
14026,1367.060,1790301031.542
14027,1367.192,1790301031.772
14028,1367.256,1790301031.960
14029,1367.324,1790301032.118
14030,1367.388,1790301032.233
14031,1367.456,1790301032.444
14032,1367.588,1790301032.677
14033,1367.720,1790301032.994
14034,1367.784,1790301033.101
14035,1367.852,1790301033.243
14036,1367.916,1790301033.428
14037,1367.984,1790301033.577
14038,1368.048,1790301033.743
14039,1368.116,1790301033.959
14040,1368.180,1790301034.074
14041,1368.444,1790301034.681
14042,1368.576,1790301034.990
14043,1368.644,1790301035.137
14044,1368.708,1790301035.353
14045,1368.840,1790301035.572
14046,1368.972,1790301035.847
14047,1369.040,1790301035.973
14048,1369.172,1790301036.254
14049,1369.236,1790301036.359
14050,1369.304,1790301036.543
14051,1369.436,1790301036.775
14052,1369.500,1790301036.884
14053,1369.700,1790301037.260
14054,1369.764,1790301037.460
14055,1369.832,1790301037.649
14056,1370.028,1790301038.045
14057,1370.096,1790301038.142
14058,1370.160,1790301038.324
14059,1370.228,1790301038.503
14060,1370.292,1790301038.636
14061,1370.360,1790301038.875
14062,1370.424,1790301039.015
14063,1370.492,1790301039.126
14064,1370.624,1790301039.412
14065,1370.688,1790301039.501
14066,1370.756,1790301039.696
14067,1370.820,1790301039.829
14068,1370.888,1790301039.942
14069,1370.952,1790301040.094
14070,1371.020,1790301040.310
14071,1371.084,1790301040.415
14072,1371.152,1790301040.542
14073,1371.216,1790301040.707
14074,1371.284,1790301040.806
14075,1371.416,1790301041.090
14076,1371.548,1790301041.323
14077,1371.612,1790301041.520
14078,1371.680,1790301041.616
14079,1371.812,1790301041.881
14080,1371.876,1790301041.977
14081,1371.944,1790301042.102
14082,1372.008,1790301042.303
14083,1372.076,1790301042.410
14084,1372.140,1790301042.539
14085,1372.208,1790301042.723
14086,1372.404,1790301043.100
14087,1372.536,1790301043.314
14088,1372.604,1790301043.478
14089,1372.800,1790301043.793
14090,1372.868,1790301043.974
14091,1372.932,1790301044.109
14092,1373.000,1790301044.231
14093,1373.064,1790301044.394
14094,1373.132,1790301044.549
14095,1373.196,1790301044.669
14096,1373.460,1790301045.311
14097,1373.528,1790301045.496
14098,1373.592,1790301045.607
14099,1373.724,1790301045.940
14100,1373.792,1790301046.042
14101,1373.856,1790301046.211
14102,1373.924,1790301046.354
14103,1373.988,1790301046.448
14104,1374.120,1790301046.769
14105,1374.188,1790301046.861
14106,1374.252,1790301046.976
14107,1374.320,1790301047.137
14108,1374.452,1790301047.363
14109,1374.516,1790301047.539
14110,1374.584,1790301047.649
14111,1374.648,1790301047.768
14112,1374.848,1790301048.163
14113,1374.980,1790301048.454
14114,1375.044,1790301048.571
14115,1375.176,1790301048.850
14116,1375.308,1790301049.127
14117,1375.376,1790301049.218
14118,1375.440,1790301049.323
14119,1375.508,1790301049.508
14120,1375.572,1790301049.618
14121,1375.640,1790301049.742
14122,1375.704,1790301049.943
14123,1375.772,1790301050.049
14124,1375.968,1790301050.420
14125,1376.036,1790301050.550
14126,1376.100,1790301050.652
14127,1376.300,1790301051.028
14128,1376.364,1790301051.190
14129,1376.432,1790301051.316
14130,1376.496,1790301051.413
14131,1376.564,1790301051.601
14132,1376.628,1790301051.715
14133,1376.696,1790301051.804
14134,1376.760,1790301052.002
14135,1376.828,1790301052.144
14136,1376.892,1790301052.239
14137,1376.960,1790301052.437
14138,1377.024,1790301052.572
14139,1377.092,1790301052.678
14140,1377.156,1790301052.875
14141,1377.224,1790301053.014
14142,1377.288,1790301053.105
14143,1377.356,1790301053.301
14144,1377.420,1790301053.427
14145,1377.488,1790301053.521
14146,1377.552,1790301053.670
14147,1377.684,1790301053.919
14148,1377.752,1790301054.036
14149,1377.884,1790301054.310
14150,1377.948,1790301054.443
14151,1378.016,1790301054.652
14152,1378.080,1790301054.759
14153,1378.148,1790301054.883
14154,1378.212,1790301055.053
14155,1378.280,1790301055.166
14156,1378.344,1790301055.290
14157,1378.412,1790301055.489
14158,1378.476,1790301055.594
14159,1378.544,1790301055.715
14160,1378.608,1790301055.888
14161,1378.676,1790301055.999
14162,1378.740,1790301056.150
14163,1378.808,1790301056.344
14164,1378.872,1790301056.442
14165,1378.940,1790301056.556
14166,1379.004,1790301056.713
14167,1379.072,1790301056.889
14168,1379.136,1790301056.997
14169,1379.204,1790301057.139
14170,1379.268,1790301057.245
14171,1379.336,1790301057.361
14172,1379.400,1790301057.444
14173,1379.532,1790301057.656
14174,1379.600,1790301057.718
14175,1379.664,1790301057.821
14176,1379.732,1790301057.907
14177,1379.796,1790301057.970
14178,1379.864,1790301058.085
14179,1379.928,1790301058.183
14180,1380.128,1790301058.450
14181,1380.192,1790301058.510
14182,1380.260,1790301058.636
14183,1380.324,1790301058.734
14184,1380.392,1790301058.803
14185,1380.524,1790301059.030
14186,1380.588,1790301059.098
14187,1380.656,1790301059.220
14188,1380.788,1790301059.386
14189,1380.852,1790301059.482
14190,1380.920,1790301059.591
14191,1380.984,1790301059.670
14192,1381.052,1790301059.749
14193,1381.116,1790301059.854
14194,1381.184,1790301059.929
14195,1381.248,1790301060.014
14196,1381.316,1790301060.147
14197,1381.380,1790301060.235
14198,1381.448,1790301060.329
14199,1381.512,1790301060.459
14200,1381.712,1790301060.798
14201,1381.776,1790301060.887
14202,1381.844,1790301060.982
14203,1381.908,1790301061.131
14204,1381.976,1790301061.224
14205,1382.040,1790301061.324
14206,1382.108,1790301061.474
14207,1382.172,1790301061.560
14208,1382.372,1790301061.867
14209,1382.436,1790301061.958
14210,1382.504,1790301062.094
14211,1382.568,1790301062.177
14212,1382.700,1790301062.334
14213,1382.768,1790301062.454
14214,1382.832,1790301062.542
14215,1382.900,1790301062.609
14216,1382.964,1790301062.734
14217,1383.032,1790301062.819
14218,1383.096,1790301062.881
14219,1383.164,1790301063.000
14220,1383.228,1790301063.114
14221,1383.360,1790301063.309
14222,1383.428,1790301063.413
14223,1383.492,1790301063.490
14224,1383.560,1790301063.622
14225,1383.624,1790301063.716
14226,1383.692,1790301063.788
14227,1383.756,1790301063.910
14228,1383.824,1790301064.006
14229,1383.888,1790301064.075
14230,1383.956,1790301064.206
14231,1384.020,1790301064.301
14232,1384.088,1790301064.387
14233,1384.152,1790301064.480
14234,1384.220,1790301064.621
14235,1384.284,1790301064.689
14236,1384.352,1790301064.781
14237,1384.416,1790301064.915
14238,1384.484,1790301064.995
14239,1384.548,1790301065.076
14240,1384.616,1790301065.195
14241,1384.680,1790301065.265
14242,1384.748,1790301065.342
14243,1384.812,1790301065.460
14244,1384.880,1790301065.539
14245,1385.012,1790301065.745
14246,1385.076,1790301065.817
14247,1385.144,1790301065.906
14248,1385.208,1790301066.032
14249,1385.276,1790301066.113
14250,1385.408,1790301066.321
14251,1385.540,1790301066.488
14252,1385.604,1790301066.608
14253,1385.672,1790301066.695
14254,1385.804,1790301066.910
14255,1385.868,1790301066.989
14256,1386.068,1790301067.276
14257,1386.132,1790301067.363
14258,1386.200,1790301067.428
14259,1386.264,1790301067.553
14260,1386.332,1790301067.647
14261,1386.396,1790301067.709
14262,1386.464,1790301067.854
14263,1386.596,1790301068.026
14264,1386.660,1790301068.176
14265,1386.728,1790301068.278
14266,1386.792,1790301068.361
14267,1386.860,1790301068.507
14268,1386.924,1790301068.630
14269,1386.992,1790301068.703
14270,1387.056,1790301068.829
14271,1387.188,1790301069.003
14272,1387.256,1790301069.134
14273,1387.452,1790301069.396
14274,1387.520,1790301069.532
14275,1387.584,1790301069.616
14276,1387.652,1790301069.714
14277,1387.716,1790301069.825
14278,1387.784,1790301069.902
14279,1387.848,1790301069.974
14280,1387.980,1790301070.171
14281,1388.112,1790301070.380
14282,1388.180,1790301070.462
14283,1388.244,1790301070.552
14284,1388.312,1790301070.689
14285,1388.376,1790301070.771
14286,1388.508,1790301070.990
14287,1388.576,1790301071.075
14288,1388.640,1790301071.151
14289,1388.772,1790301071.341
14290,1388.840,1790301071.429
14291,1388.904,1790301071.544
14292,1388.972,1790301071.626
14293,1389.036,1790301071.720
14294,1389.104,1790301071.835
14295,1389.168,1790301071.927
14296,1389.236,1790301072.029
14297,1389.300,1790301072.090
14298,1389.368,1790301072.209
14299,1389.432,1790301072.298
14300,1389.500,1790301072.365
14301,1389.564,1790301072.493
14302,1389.632,1790301072.587
14303,1389.696,1790301072.646
14304,1389.764,1790301072.776
14305,1389.896,1790301072.951
14306,1389.960,1790301073.089
14307,1390.028,1790301073.186
14308,1390.160,1790301073.384
14309,1390.224,1790301073.487
14310,1390.356,1790301073.685
14311,1390.424,1790301073.783
14312,1390.488,1790301073.848
14313,1390.556,1790301073.967
14314,1390.688,1790301074.147
14315,1390.752,1790301074.236
14316,1390.820,1790301074.353
14317,1390.884,1790301074.421
14318,1390.952,1790301074.504
14319,1391.016,1790301074.624
14320,1391.084,1790301074.708
14321,1391.148,1790301074.798
14322,1391.280,1790301075.008
14323,1391.348,1790301075.110
14324,1391.412,1790301075.232
14325,1391.480,1790301075.302
14326,1391.544,1790301075.372
14327,1391.612,1790301075.483
14328,1391.676,1790301075.550
14329,1391.744,1790301075.624
14330,1391.808,1790301075.734
14331,1391.876,1790301075.811
14332,1391.940,1790301075.890
14333,1392.008,1790301076.001
14334,1392.072,1790301076.082
14335,1392.140,1790301076.162
14336,1392.204,1790301076.268
14337,1392.272,1790301076.349
14338,1392.336,1790301076.437
14339,1392.404,1790301076.547
14340,1392.536,1790301076.747
14341,1392.600,1790301076.810
14342,1392.668,1790301076.910
14343,1392.732,1790301077.009
14344,1392.800,1790301077.074
14345,1392.864,1790301077.197
14346,1392.932,1790301077.289
14347,1392.996,1790301077.351
14348,1393.064,1790301077.491
14349,1393.128,1790301077.592
14350,1393.196,1790301077.660
14351,1393.392,1790301077.947
14352,1393.460,1790301078.073
14353,1393.524,1790301078.174
14354,1393.592,1790301078.239
14355,1393.656,1790301078.357
14356,1393.724,1790301078.458
14357,1393.788,1790301078.520
14358,1393.856,1790301078.619
14359,1393.920,1790301078.715
14360,1393.988,1790301078.779
14361,1394.052,1790301078.847
14362,1394.184,1790301079.009
14363,1394.316,1790301079.190
14364,1394.384,1790301079.267
14365,1394.448,1790301079.336
14366,1394.516,1790301079.454
14367,1394.580,1790301079.521
14368,1394.648,1790301079.603
14369,1394.712,1790301079.713
14370,1394.780,1790301079.797
14371,1394.844,1790301079.883
14372,1394.912,1790301080.022
14373,1394.976,1790301080.111
14374,1395.044,1790301080.213
14375,1395.108,1790301080.343
14376,1395.176,1790301080.436
14377,1395.240,1790301080.514
14378,1395.308,1790301080.635
14379,1395.372,1790301080.714
14380,1395.440,1790301080.803
14381,1395.572,1790301081.009
14382,1395.636,1790301081.103
14383,1395.704,1790301081.230
14384,1395.768,1790301081.308
14385,1395.900,1790301081.457
14386,1395.968,1790301081.576
14387,1396.032,1790301081.668
14388,1396.100,1790301081.733
14389,1396.164,1790301081.870
14390,1396.232,1790301081.972
14391,1396.296,1790301082.045
14392,1396.364,1790301082.195
14393,1396.560,1790301082.528
14394,1396.628,1790301082.635
14395,1396.692,1790301082.702
14396,1396.760,1790301082.828
14397,1396.824,1790301082.920
14398,1396.892,1790301082.990
14399,1397.024,1790301083.211
14400,1397.088,1790301083.289
14401,1397.156,1790301083.413
14402,1397.220,1790301083.506
14403,1397.288,1790301083.573
14404,1397.352,1790301083.664
14405,1397.420,1790301083.780
14406,1397.484,1790301083.845
14407,1397.552,1790301083.934
14408,1397.616,1790301084.048
14409,1397.684,1790301084.126
14410,1397.748,1790301084.216
14411,1397.816,1790301084.349
14412,1397.880,1790301084.424
14413,1397.948,1790301084.515
14414,1398.012,1790301084.642
14415,1398.276,1790301084.997
14416,1398.408,1790301085.207
14417,1398.476,1790301085.301
14418,1398.540,1790301085.390
14419,1398.608,1790301085.512
14420,1398.672,1790301085.588
14421,1398.740,1790301085.680
14422,1398.804,1790301085.814
14423,1398.872,1790301085.903
14424,1399.004,1790301086.113
14425,1399.068,1790301086.207
14426,1399.136,1790301086.306
14427,1399.200,1790301086.384
14428,1399.332,1790301086.616
14429,1399.400,1790301086.678
14430,1399.464,1790301086.797
14431,1399.532,1790301086.890
14432,1399.596,1790301086.967
14433,1399.664,1790301087.105
14434,1399.728,1790301087.204
14435,1399.796,1790301087.274
14436,1399.860,1790301087.401
14437,1399.992,1790301087.556
14438,1400.060,1790301087.680
14439,1400.124,1790301087.777
14440,1400.192,1790301087.842
14441,1400.256,1790301087.960
14442,1400.324,1790301088.058
14443,1400.388,1790301088.138
14444,1400.456,1790301088.268
14445,1400.520,1790301088.374
14446,1400.588,1790301088.456
14447,1400.652,1790301088.552
14448,1400.720,1790301088.676
14449,1400.784,1790301088.751
14450,1400.852,1790301088.833
14451,1401.116,1790301089.245
14452,1401.180,1790301089.320
14453,1401.248,1790301089.407
14454,1401.380,1790301089.623
14455,1401.444,1790301089.719
14456,1401.512,1790301089.842
14457,1401.708,1790301090.148
14458,1401.776,1790301090.235
14459,1401.908,1790301090.492
14460,1401.972,1790301090.574
14461,1402.040,1790301090.671
14462,1402.104,1790301090.803
14463,1402.172,1790301090.886
14464,1402.236,1790301090.982
14465,1402.304,1790301091.108
14466,1402.368,1790301091.191
14467,1402.436,1790301091.268
14468,1402.500,1790301091.334
14469,1402.632,1790301091.520
14470,1402.700,1790301091.587
14471,1402.764,1790301091.700
14472,1402.832,1790301091.782
14473,1402.896,1790301091.848
14474,1402.964,1790301091.948
14475,1403.028,1790301092.028
14476,1403.096,1790301092.094
14477,1403.160,1790301092.189
14478,1403.228,1790301092.278
14479,1403.292,1790301092.342
14480,1403.360,1790301092.451
14481,1403.424,1790301092.561
14482,1403.492,1790301092.635
14483,1403.624,1790301092.843
14484,1403.688,1790301092.905
14485,1403.756,1790301093.018
14486,1403.820,1790301093.114
14487,1403.888,1790301093.182
14488,1403.952,1790301093.264
14489,1404.084,1790301093.446
14490,1404.216,1790301093.651
14491,1404.284,1790301093.727
14492,1404.348,1790301093.809
14493,1404.416,1790301093.929
14494,1404.480,1790301094.022
14495,1404.548,1790301094.107
14496,1404.612,1790301094.241
14497,1404.680,1790301094.312
14498,1404.744,1790301094.387
14499,1404.812,1790301094.496
14500,1404.876,1790301094.572
14501,1404.944,1790301094.651
14502,1405.076,1790301094.852
14503,1405.140,1790301094.926
14504,1405.340,1790301095.196
14505,1405.404,1790301095.315
14506,1405.472,1790301095.402
14507,1405.604,1790301095.605
14508,1405.668,1790301095.693
14509,1405.736,1790301095.775
14510,1405.800,1790301095.835
14511,1405.868,1790301095.948
14512,1406.000,1790301096.099
14513,1406.064,1790301096.206
14514,1406.132,1790301096.294
14515,1406.196,1790301096.355
14516,1406.264,1790301096.473
14517,1406.328,1790301096.559
14518,1406.396,1790301096.627
14519,1406.460,1790301096.731
14520,1406.528,1790301096.821
14521,1406.592,1790301096.880
14522,1406.660,1790301096.998
14523,1406.724,1790301097.085
14524,1406.988,1790301097.418
14525,1407.056,1790301097.538
14526,1407.120,1790301097.641
14527,1407.188,1790301097.704
14528,1407.252,1790301097.788
14529,1407.320,1790301097.896
14530,1407.384,1790301097.964
14531,1407.452,1790301098.041
14532,1407.584,1790301098.215
14533,1407.648,1790301098.287
14534,1407.716,1790301098.402
14535,1407.780,1790301098.472
14536,1407.848,1790301098.551
14537,1407.912,1790301098.669
14538,1407.980,1790301098.744
14539,1408.044,1790301098.825
14540,1408.176,1790301099.008
14541,1408.308,1790301099.217
14542,1408.376,1790301099.294
14543,1408.440,1790301099.367
14544,1408.508,1790301099.482
14545,1408.572,1790301099.562
14546,1408.704,1790301099.763
14547,1408.772,1790301099.846
14548,1408.836,1790301099.925
14549,1408.904,1790301100.030
14550,1409.036,1790301100.196
14551,1409.100,1790301100.258
14552,1409.168,1790301100.364
14553,1409.300,1790301100.506
14554,1409.364,1790301100.619
14555,1409.432,1790301100.706
14556,1409.496,1790301100.763
14557,1409.564,1790301100.872
14558,1409.628,1790301100.953
14559,1409.696,1790301101.016
14560,1409.760,1790301101.122
14561,1409.828,1790301101.209
14562,1409.892,1790301101.270
14563,1409.960,1790301101.393
14564,1410.024,1790301101.484
14565,1410.092,1790301101.556
14566,1410.156,1790301101.681
14567,1410.288,1790301101.850
14568,1410.356,1790301101.981
14569,1410.488,1790301102.158
14570,1410.552,1790301102.246
14571,1410.620,1790301102.350
14572,1410.684,1790301102.415
14573,1410.816,1790301102.587
14574,1410.884,1790301102.655
14575,1410.948,1790301102.741
14576,1411.080,1790301102.941
14577,1411.148,1790301103.025
14578,1411.212,1790301103.143
14579,1411.280,1790301103.228
14580,1411.344,1790301103.312
14581,1411.412,1790301103.434
14582,1411.476,1790301103.514
14583,1411.544,1790301103.601
14584,1411.676,1790301103.804
14585,1411.740,1790301103.875
14586,1411.808,1790301103.987
14587,1411.872,1790301104.059
14588,1411.940,1790301104.133
14589,1412.004,1790301104.244
14590,1412.072,1790301104.321
14591,1412.136,1790301104.404
14592,1412.204,1790301104.509
14593,1412.336,1790301104.669
14594,1412.400,1790301104.728
14595,1412.532,1790301104.918
14596,1412.600,1790301104.984
14597,1412.664,1790301105.088
14598,1412.732,1790301105.173
14599,1412.796,1790301105.234
14600,1412.928,1790301105.428
14601,1413.060,1790301105.596
14602,1413.128,1790301105.684
14603,1413.192,1790301105.743
14604,1413.324,1790301105.960
14605,1413.392,1790301106.030
14606,1413.456,1790301106.139
14607,1413.588,1790301106.291
14608,1413.656,1790301106.409
14609,1413.720,1790301106.501
14610,1413.788,1790301106.566
14611,1413.852,1790301106.639
14612,1413.920,1790301106.751
14613,1413.984,1790301106.813
14614,1414.052,1790301106.898
14615,1414.116,1790301107.004
14616,1414.184,1790301107.073
14617,1414.248,1790301107.155
14618,1414.316,1790301107.271
14619,1414.448,1790301107.411
14620,1414.512,1790301107.521
14621,1414.580,1790301107.592
14622,1414.644,1790301107.669
14623,1414.712,1790301107.781
14624,1414.776,1790301107.859
14625,1414.844,1790301107.941
14626,1414.908,1790301108.053
14627,1414.976,1790301108.125
14628,1415.040,1790301108.208
14629,1415.108,1790301108.321
14630,1415.172,1790301108.390
14631,1415.240,1790301108.466
14632,1415.372,1790301108.655
14633,1415.436,1790301108.737
14634,1415.504,1790301108.847
14635,1415.568,1790301108.934
14636,1415.636,1790301109.019
14637,1415.700,1790301109.080
14638,1415.768,1790301109.178
14639,1415.832,1790301109.264
14640,1415.900,1790301109.330
14641,1415.964,1790301109.435
14642,1416.032,1790301109.528
14643,1416.096,1790301109.589
14644,1416.228,1790301109.775
14645,1416.428,1790301110.052
14646,1416.492,1790301110.114
14647,1416.560,1790301110.224
14648,1416.624,1790301110.307
14649,1416.692,1790301110.373
14650,1416.756,1790301110.512
14651,1416.824,1790301110.617
14652,1416.888,1790301110.679
14653,1417.020,1790301110.892
14654,1417.088,1790301110.970
14655,1417.152,1790301111.072
14656,1417.220,1790301111.179
14657,1417.284,1790301111.254
14658,1417.352,1790301111.338
14659,1417.416,1790301111.442
14660,1417.484,1790301111.518
14661,1417.548,1790301111.593
14662,1417.616,1790301111.707
14663,1417.680,1790301111.776
14664,1417.748,1790301111.856
14665,1417.812,1790301111.970
14666,1417.944,1790302224.565
14667,1418.012,1790302224.695
14668,1418.076,1790302224.778
14669,1418.144,1790302224.869
14670,1418.208,1790302224.988
14671,1418.276,1790302225.065
14672,1418.340,1790302225.137
14673,1418.408,1790302225.252
14674,1418.472,1790302225.334
14675,1418.540,1790302225.414
14676,1418.604,1790302225.526
14677,1418.672,1790302225.611
14678,1418.736,1790302225.691
14679,1418.804,1790302225.802
14680,1418.868,1790302225.886
14681,1418.936,1790302225.975
14682,1419.068,1790302226.144
14683,1419.264,1790302226.391
14684,1419.332,1790302226.474
14685,1419.396,1790302226.535
14686,1419.464,1790302226.640
14687,1419.528,1790302226.720
14688,1419.596,1790302226.785
14689,1419.728,1790302226.992
14690,1419.792,1790302227.053
14691,1419.860,1790302227.188
14692,1419.924,1790302227.279
14693,1419.992,1790302227.344
14694,1420.056,1790302227.462
14695,1420.188,1790302227.621
14696,1420.256,1790302227.743
14697,1420.320,1790302227.839
14698,1420.388,1790302227.905
14699,1420.452,1790302228.003
14700,1420.584,1790302228.186
14701,1420.652,1790302228.279
14702,1420.716,1790302228.415
14703,1420.784,1790302228.486
14704,1420.848,1790302228.573
14705,1420.916,1790302228.700
14706,1420.980,1790302228.783
14707,1421.112,1790302229.016
14708,1421.244,1790302229.168
14709,1421.312,1790302229.298
14710,1421.376,1790302229.376
14711,1421.444,1790302229.470
14712,1421.508,1790302229.608
14713,1421.576,1790302229.709
14714,1421.640,1790302229.787
14715,1421.708,1790302229.916
14716,1421.772,1790302230.003
14717,1421.840,1790302230.103
14718,1421.972,1790302230.316
14719,1422.036,1790302230.407
14720,1422.104,1790302230.521
14721,1422.168,1790302230.601
14722,1422.236,1790302230.698
14723,1422.300,1790302230.763
14724,1422.432,1790302230.977
14725,1422.500,1790302231.055
14726,1422.696,1790302231.344
14727,1422.828,1790302231.555
14728,1422.896,1790302231.621
14729,1423.028,1790302231.850
14730,1423.160,1790302232.030
14731,1423.224,1790302232.135
14732,1423.292,1790302232.200
14733,1423.356,1790302232.316
14734,1423.424,1790302232.420
14735,1423.488,1790302232.485
14736,1423.556,1790302232.606
14737,1423.620,1790302232.709
14738,1423.688,1790302232.776
14739,1423.752,1790302232.861
14740,1423.820,1790302232.983
14741,1423.884,1790302233.049
14742,1423.952,1790302233.140
14743,1424.016,1790302233.263
14744,1424.084,1790302233.337
14745,1424.148,1790302233.417
14746,1424.280,1790302233.620
14747,1424.348,1790302233.704
14748,1424.412,1790302233.829
14749,1424.480,1790302233.902
14750,1424.544,1790302233.992
14751,1424.744,1790302234.283
14752,1424.808,1790302234.412
14753,1425.008,1790302234.702
14754,1425.140,1790302234.893
14755,1425.204,1790302235.066
14756,1425.272,1790302235.150
14757,1425.336,1790302235.255
14758,1425.404,1790302235.415
14759,1425.468,1790302235.491
14760,1425.536,1790302235.571
14761,1425.600,1790302235.635
14762,1425.668,1790302235.733
14763,1425.732,1790302235.822
14764,1425.800,1790302235.885
14765,1425.864,1790302235.988
14766,1426.064,1790302236.243
14767,1426.196,1790302236.388
14768,1426.260,1790302236.497
14769,1426.328,1790302236.582
14770,1426.392,1790302236.644
14771,1426.460,1790302236.745
14772,1426.524,1790302236.828
14773,1426.592,1790302236.895
14774,1426.656,1790302236.999
14775,1426.724,1790302237.093
14776,1426.856,1790302237.280
14777,1426.920,1790302237.367
14778,1426.988,1790302237.439
14779,1427.120,1790302237.631
14780,1427.184,1790302237.702
14781,1427.316,1790302237.890
14782,1427.384,1790302237.961
14783,1427.516,1790302238.171
14784,1427.648,1790302238.327
14785,1427.712,1790302238.447
14786,1427.780,1790302238.520
14787,1427.844,1790302238.603
14788,1427.912,1790302238.722
14789,1427.976,1790302238.797
14790,1428.044,1790302238.888
14791,1428.176,1790302239.106
14792,1428.308,1790302239.359
14793,1428.372,1790302239.464
14794,1428.440,1790302239.566
14795,1428.504,1790302239.676
14796,1428.636,1790302239.838
14797,1428.704,1790302239.946
14798,1428.768,1790302240.025
14799,1428.836,1790302240.108
14800,1428.900,1790302240.173
14801,1428.968,1790302240.286
14802,1429.032,1790302240.379
14803,1429.100,1790302240.443
14804,1429.164,1790302240.549
14805,1429.232,1790302240.630
14806,1429.296,1790302240.690
14807,1429.364,1790302240.796
14808,1429.496,1790302240.944
14809,1429.560,1790302241.060
14810,1429.692,1790302241.206
14811,1429.760,1790302241.305
14812,1429.824,1790302241.408
14813,1429.892,1790302241.471
14814,1430.024,1790302241.664
14815,1430.088,1790302241.733
14816,1430.156,1790302241.842
14817,1430.220,1790302241.935
14818,1430.288,1790302242.002
14819,1430.352,1790302242.084
14820,1430.420,1790302242.204
14821,1430.484,1790302242.266
14822,1430.552,1790302242.340
14823,1430.616,1790302242.462
14824,1430.684,1790302242.530
14825,1430.816,1790302242.738
14826,1430.948,1790302242.890
14827,1431.012,1790302243.023
14828,1431.080,1790302243.098
14829,1431.212,1790302243.322
14830,1431.276,1790302243.395
14831,1431.344,1790302243.483
14832,1431.408,1790302243.613
14833,1431.476,1790302243.699
14834,1431.608,1790302243.908
14835,1431.672,1790302243.990
14836,1431.804,1790302244.210
14837,1431.872,1790302244.300
14838,1431.936,1790302244.388
14839,1432.200,1790302244.751
14840,1432.332,1790302244.979
14841,1432.400,1790302245.064
14842,1432.596,1790302245.358
14843,1432.664,1790302245.512
14844,1432.728,1790302245.615
14845,1432.796,1790302245.688
14846,1432.860,1790302245.811
14847,1432.928,1790302245.907
14848,1432.992,1790302245.985
14849,1433.060,1790302246.113
14850,1433.192,1790302246.280
14851,1433.256,1790302246.406
14852,1433.324,1790302246.516
14853,1433.388,1790302246.583
14854,1433.456,1790302246.693
14855,1433.520,1790302246.787
14856,1433.588,1790302246.854
14857,1433.652,1790302246.930
14858,1433.720,1790302247.040
14859,1433.784,1790302247.124
14860,1433.852,1790302247.211
14861,1433.916,1790302247.315
14862,1433.984,1790302247.388
14863,1434.048,1790302247.464
14864,1434.116,1790302247.588
14865,1434.248,1790302247.737
14866,1434.312,1790302247.853
14867,1434.380,1790302247.933
14868,1434.444,1790302248.019
14869,1434.512,1790302248.147
14870,1434.576,1790302248.227
14871,1434.644,1790302248.328
14872,1434.776,1790302248.567
14873,1434.840,1790302248.666
14874,1434.908,1790302248.804
14875,1434.972,1790302248.907
14876,1435.040,1790302249.012
14877,1435.104,1790302249.160
14878,1435.172,1790302249.249
14879,1435.236,1790302249.350
14880,1435.304,1790302249.502
14881,1435.368,1790302249.593
14882,1435.436,1790302249.684
14883,1435.500,1790302249.753
14884,1435.568,1790302249.885
14885,1435.632,1790302249.983
14886,1435.700,1790302250.051
14887,1435.764,1790302250.182
14888,1435.832,1790302250.281
14889,1435.896,1790302250.348
14890,1436.096,1790302250.655
14891,1436.160,1790302250.787
14892,1436.228,1790302250.888
14893,1436.292,1790302250.971
14894,1436.360,1790302251.124
14895,1436.424,1790302251.229
14896,1436.556,1790302251.452
14897,1436.688,1790302251.647
14898,1436.756,1790302251.786
14899,1436.820,1790302251.896
14900,1436.888,1790302251.975
14901,1436.952,1790302252.065
14902,1437.152,1790302252.381
14903,1437.216,1790302252.526
14904,1437.348,1790302252.702
14905,1437.416,1790302252.848
14906,1437.480,1790302252.932
14907,1437.548,1790302253.028
14908,1437.612,1790302253.182
14909,1437.680,1790302253.275
14910,1437.744,1790302253.379
14911,1437.812,1790302253.534
14912,1437.876,1790302253.627
14913,1437.944,1790302253.721
14914,1438.008,1790302253.853
14915,1438.140,1790302254.040
14916,1438.208,1790302254.169
14917,1438.272,1790302254.248
14918,1438.340,1790302254.336
14919,1438.404,1790302254.470
14920,1438.472,1790302254.561
14921,1438.536,1790302254.653
14922,1438.604,1790302254.787
14923,1438.736,1790302254.964
14924,1438.800,1790302255.031
14925,1438.868,1790302255.155
14926,1438.932,1790302255.244
14927,1439.000,1790302255.311
14928,1439.064,1790302255.422
14929,1439.132,1790302255.514
14930,1439.196,1790302255.577
14931,1439.396,1790302255.882
14932,1439.460,1790302255.995
14933,1439.528,1790302256.078
14934,1439.592,1790302256.139
14935,1439.660,1790302256.243
14936,1439.724,1790302256.345
14937,1439.792,1790302256.412
14938,1439.856,1790302256.515
14939,1439.924,1790302256.607
14940,1439.988,1790302256.673
14941,1440.120,1790302256.877
14942,1440.252,1790302257.011
14943,1440.320,1790302257.115
14944,1440.384,1790302257.186
14945,1440.452,1790302257.257
14946,1440.516,1790302257.361
14947,1440.584,1790302257.427
14948,1440.648,1790302257.511
14949,1440.716,1790302257.638
14950,1440.780,1790302257.708
14951,1440.848,1790302257.793
14952,1440.912,1790302257.933
14953,1440.980,1790302258.021
14954,1441.044,1790302258.102
14955,1441.112,1790302258.226
14956,1441.176,1790302258.303
14957,1441.244,1790302258.381
14958,1441.308,1790302258.510
14959,1441.440,1790302258.665
14960,1441.508,1790302258.788
14961,1441.572,1790302258.877
14962,1441.640,1790302258.972
14963,1441.836,1790302259.284
14964,1441.904,1790302259.411
14965,1441.968,1790302259.494
14966,1442.036,1790302259.586
14967,1442.100,1790302259.652
14968,1442.168,1790302259.762
14969,1442.232,1790302259.847
14970,1442.300,1790302259.912
14971,1442.364,1790302260.030
14972,1442.432,1790302260.118
14973,1442.496,1790302260.179
14974,1442.564,1790302260.296
14975,1442.628,1790302260.383
14976,1442.696,1790302260.449
14977,1442.760,1790302260.563
14978,1442.828,1790302260.656
14979,1442.960,1790302260.826
14980,1443.024,1790302260.926
14981,1443.092,1790302260.986
14982,1443.156,1790302261.108
14983,1443.224,1790302261.210
14984,1443.288,1790302261.273
14985,1443.356,1790302261.394
14986,1443.488,1790302261.555
14987,1443.552,1790302261.637
14988,1443.620,1790302261.750
14989,1443.684,1790302261.814
14990,1443.752,1790302261.901
14991,1443.884,1790302262.090
14992,1444.016,1790302262.298
14993,1444.080,1790302262.377
14994,1444.344,1790302262.748
14995,1444.412,1790302262.875
14996,1444.476,1790302262.955
14997,1444.608,1790302263.163
14998,1444.676,1790302263.239
14999,1444.808,1790302263.434
15000,1444.872,1790302263.507
15001,1445.004,1790302263.733
15002,1445.072,1790302263.819
15003,1445.136,1790302263.905
15004,1445.204,1790302264.030
15005,1445.268,1790302264.109
15006,1445.336,1790302264.199
15007,1445.468,1790302264.377
15008,1445.532,1790302264.474
15009,1445.600,1790302264.537
15010,1445.664,1790302264.651
15011,1445.732,1790302264.754
15012,1445.796,1790302264.828
15013,1445.928,1790302265.050
15014,1445.996,1790302265.112
15015,1446.060,1790302265.243
15016,1446.128,1790302265.344
15017,1446.192,1790302265.423
15018,1446.260,1790302265.562
15019,1446.324,1790302265.662
15020,1446.392,1790302265.736
15021,1446.456,1790302265.876
15022,1446.524,1790302265.984
15023,1446.656,1790302266.182
15024,1446.720,1790302266.276
15025,1446.788,1790302266.347
15026,1446.852,1790302266.424
15027,1446.984,1790302266.644
15028,1447.052,1790302266.763
15029,1447.184,1790302266.986
15030,1447.248,1790302267.073
15031,1447.316,1790302267.195
15032,1447.380,1790302267.267
15033,1447.448,1790302267.344
15034,1447.512,1790302267.459
15035,1447.776,1790302267.780
15036,1447.844,1790302267.850
15037,1447.908,1790302267.956
15038,1447.976,1790302268.024
15039,1448.040,1790302268.107
15040,1448.172,1790302268.283
15041,1448.240,1790302268.364
15042,1448.372,1790302268.557
15043,1448.504,1790302268.747
15044,1448.568,1790302268.826
15045,1448.636,1790302268.908
15046,1448.700,1790302268.973
15047,1448.832,1790302269.196
15048,1448.900,1790302269.265
15049,1448.964,1790302269.394
15050,1449.032,1790302269.499
15051,1449.096,1790302269.573
15052,1449.164,1790302269.716
15053,1449.228,1790302269.805
15054,1449.296,1790302269.870
15055,1449.428,1790302270.081
15056,1449.560,1790302270.261
15057,1449.624,1790302270.354
15058,1449.692,1790302270.420
15059,1449.756,1790302270.532
15060,1449.824,1790302270.629
15061,1449.888,1790302270.690
15062,1449.956,1790302270.797
15063,1450.020,1790302270.891
15064,1450.088,1790302270.968
15065,1450.152,1790302271.062
15066,1450.220,1790302271.176
15067,1450.352,1790302271.321
15068,1450.416,1790302271.430
15069,1450.484,1790302271.498
15070,1450.548,1790302271.573
15071,1450.680,1790302271.752
15072,1450.748,1790302271.835
15073,1450.812,1790302271.959
15074,1450.880,1790302272.033
15075,1450.944,1790302272.113
15076,1451.076,1790302272.308
15077,1451.144,1790302272.391
15078,1451.208,1790302272.515
15079,1451.276,1790302272.595
15080,1451.340,1790302272.672
15081,1451.408,1790302272.789
15082,1451.472,1790302272.869
15083,1451.540,1790302272.948
15084,1451.604,1790302273.057
15085,1451.672,1790302273.136
15086,1451.736,1790302273.214
15087,1451.804,1790302273.335
15088,1451.868,1790302273.412
15089,1451.936,1790302273.495
15090,1452.000,1790302273.556
15091,1452.068,1790302273.662
15092,1452.132,1790302273.738
15093,1452.200,1790302273.802
15094,1452.332,1790302274.012
15095,1452.396,1790302274.073
15096,1452.464,1790302274.177
15097,1452.596,1790302274.332
15098,1452.728,1790302274.547
15099,1452.792,1790302274.608
15100,1452.860,1790302274.722
15101,1452.992,1790302274.877
15102,1453.056,1790302274.980
15103,1453.124,1790302275.078
15104,1453.188,1790302275.142
15105,1453.256,1790302275.247
15106,1453.320,1790302275.348
15107,1453.388,1790302275.420
15108,1453.452,1790302275.505
15109,1453.520,1790302275.624
15110,1453.584,1790302275.696
15111,1453.652,1790302275.791
15112,1453.716,1790302275.930
15113,1453.784,1790302276.016
15114,1453.848,1790302276.106
15115,1453.980,1790302276.321
15116,1454.048,1790302276.399
15117,1454.112,1790302276.526
15118,1454.180,1790302276.609
15119,1454.312,1790302276.842
15120,1454.376,1790302276.952
15121,1454.508,1790302277.183
15122,1454.576,1790302277.275
15123,1454.640,1790302277.361
15124,1454.708,1790302277.487
15125,1454.840,1790302277.645
15126,1454.904,1790302277.761
15127,1455.036,1790302277.937
15128,1455.104,1790302278.058
15129,1455.168,1790302278.147
15130,1455.300,1790302278.303
15131,1455.368,1790302278.419
15132,1455.432,1790302278.506
15133,1455.564,1790302278.704
15134,1455.632,1790302278.787
15135,1455.696,1790302278.850
15136,1455.764,1790302278.974
15137,1455.828,1790302279.068
15138,1455.896,1790302279.134
15139,1455.960,1790302279.258
15140,1456.028,1790302279.357
15141,1456.092,1790302279.434
15142,1456.160,1790302279.546
15143,1456.224,1790302279.640
15144,1456.356,1790302279.815
15145,1456.424,1790302279.906
15146,1456.488,1790302279.967
15147,1456.556,1790302280.083
15148,1456.620,1790302280.181
15149,1456.688,1790302280.256
15150,1456.752,1790302280.331
15151,1456.820,1790302280.447
15152,1456.884,1790302280.516
15153,1457.016,1790302280.704
15154,1457.148,1790302280.871
15155,1457.216,1790302280.996
15156,1457.280,1790302281.070
15157,1457.348,1790302281.154
15158,1457.412,1790302281.278
15159,1457.480,1790302281.359
15160,1457.544,1790302281.447
15161,1457.676,1790302281.645
15162,1457.744,1790302281.725
15163,1457.808,1790302281.849
15164,1457.876,1790302281.929
15165,1457.940,1790302282.016
15166,1458.008,1790302282.143
15167,1458.072,1790302282.219
15168,1458.140,1790302282.312
15169,1458.204,1790302282.438
15170,1458.272,1790302282.524
15171,1458.336,1790302282.606
15172,1458.404,1790302282.728
15173,1458.468,1790302282.812
15174,1458.536,1790302282.899
15175,1458.668,1790302283.084
15176,1458.732,1790302283.176
15177,1458.800,1790302283.244
15178,1458.864,1790302283.358
15179,1458.932,1790302283.450
15180,1458.996,1790302283.513
15181,1459.064,1790302283.634
15182,1459.196,1790302283.789
15183,1459.260,1790302283.903
15184,1459.328,1790302284.003
15185,1459.392,1790302284.067
15186,1459.460,1790302284.180
15187,1459.524,1790302284.274
15188,1459.592,1790302284.340
15189,1459.856,1790302284.756
15190,1459.920,1790302284.853
15191,1459.988,1790302284.921
15192,1460.052,1790302285.007
15193,1460.120,1790302285.122
15194,1460.184,1790302285.189
15195,1460.252,1790302285.271
15196,1460.316,1790302285.393
15197,1460.384,1790302285.463
15198,1460.448,1790302285.550
15199,1460.516,1790302285.673
15200,1460.580,1790302285.746
15201,1460.648,1790302285.837
15202,1460.712,1790302285.963
15203,1460.780,1790302286.044
15204,1460.844,1790302286.127
15205,1460.912,1790302286.250
15206,1460.976,1790302286.326
15207,1461.044,1790302286.406
15208,1461.108,1790302286.531
15209,1461.176,1790302286.619
15210,1461.240,1790302286.701
15211,1461.308,1790302286.824
15212,1461.372,1790302286.936
15213,1461.440,1790302287.030
15214,1461.504,1790302287.160
15215,1461.572,1790302287.254
15216,1461.636,1790302287.348
15217,1461.704,1790302287.501
15218,1461.768,1790302287.595
15219,1461.836,1790302287.699
15220,1461.900,1790302287.772
15221,1461.968,1790302287.904
15222,1462.032,1790302288.006
15223,1462.100,1790302288.087
15224,1462.164,1790302288.241
15225,1462.232,1790302288.339
15226,1462.296,1790302288.416
15227,1462.364,1790302288.558
15228,1462.428,1790302288.672
15229,1462.496,1790302288.751
15230,1462.628,1790302289.009
15231,1462.692,1790302289.092
15232,1462.760,1790302289.236
15233,1462.892,1790302289.416
15234,1462.956,1790302289.571
15235,1463.024,1790302289.720
15236,1463.088,1790302289.819
15237,1463.156,1790302289.981
15238,1463.220,1790302290.088
15239,1463.288,1790302290.157
15240,1463.352,1790302290.242
15241,1463.420,1790302290.383
15242,1463.484,1790302290.466
15243,1463.552,1790302290.554
15244,1463.684,1790302290.779
15245,1463.748,1790302290.859
15246,1463.816,1790302290.993
15247,1463.880,1790302291.082
15248,1464.012,1790302291.307
15249,1464.080,1790302291.395
15250,1464.144,1790302291.492
15251,1464.212,1790302291.638
15252,1464.276,1790302291.731
15253,1464.408,1790302291.978
15254,1464.476,1790302292.056
15255,1464.540,1790302292.141
15256,1464.608,1790302292.277
15257,1464.672,1790302292.356
15258,1464.740,1790302292.474
15259,1464.804,1790302292.626
15260,1464.872,1790302292.715
15261,1464.936,1790302292.837
15262,1465.004,1790302292.991
15263,1465.068,1790302293.072
15264,1465.136,1790302293.157
15265,1465.200,1790302293.225
15266,1465.268,1790302293.355
15267,1465.332,1790302293.443
15268,1465.400,1790302293.522
15269,1465.464,1790302293.656
15270,1465.532,1790302293.803
15271,1465.596,1790302293.888
15272,1465.664,1790302294.007
15273,1465.728,1790302294.101
15274,1465.796,1790302294.173
15275,1465.928,1790302294.382
15276,1465.992,1790302294.445
15277,1466.060,1790302294.563
15278,1466.124,1790302294.667
15279,1466.192,1790302294.731
15280,1466.388,1790302295.023
15281,1466.456,1790302295.141
15282,1466.520,1790302295.228
15283,1466.588,1790302295.299
15284,1466.652,1790302295.374
15285,1466.784,1790302295.549
15286,1466.852,1790302295.629
15287,1466.916,1790302295.727
15288,1467.048,1790302295.871
15289,1467.116,1790302295.988
15290,1467.180,1790302296.059
15291,1467.248,1790302296.137
15292,1467.312,1790302296.259
15293,1467.380,1790302296.335
15294,1467.444,1790302296.416
15295,1467.576,1790302296.615
15296,1467.644,1790302296.696
15297,1467.708,1790302296.818
15298,1467.776,1790302296.900
15299,1467.840,1790302296.988
15300,1467.908,1790302297.104
15301,1467.972,1790302297.184
15302,1468.040,1790302297.267
15303,1468.172,1790302297.466
15304,1468.304,1790302297.683
15305,1468.368,1790302297.773
15306,1468.436,1790302297.869
15307,1468.500,1790302297.941
15308,1468.568,1790302298.059
15309,1468.632,1790302298.158
15310,1468.700,1790302298.228
15311,1468.764,1790302298.352
15312,1468.896,1790302298.516
15313,1468.964,1790302298.641
15314,1469.028,1790302298.733
15315,1469.096,1790302298.799
15316,1469.160,1790302298.921
15317,1469.228,1790302299.015
15318,1469.292,1790302299.085
15319,1469.360,1790302299.207
15320,1469.424,1790302299.299
15321,1469.492,1790302299.365
15322,1469.556,1790302299.483
15323,1469.624,1790302299.583
15324,1469.688,1790302299.649
15325,1469.756,1790302299.774
15326,1469.820,1790302299.878
15327,1469.888,1790302299.957
15328,1469.952,1790302300.045
15329,1470.020,1790302300.176
15330,1470.084,1790302300.244
15331,1470.152,1790302300.345
15332,1470.284,1790302300.525
15333,1470.348,1790302300.613
15334,1470.416,1790302300.737
15335,1470.480,1790302300.811
15336,1470.548,1790302300.897
15337,1470.680,1790302301.102
15338,1470.744,1790302301.186
15339,1470.812,1790302301.320
15340,1470.944,1790302301.480
15341,1471.076,1790302301.682
15342,1471.140,1790302301.767
15343,1471.208,1790302301.904
15344,1471.272,1790302301.979
15345,1471.340,1790302302.066
15346,1471.404,1790302302.190
15347,1471.472,1790302302.272
15348,1471.536,1790302302.356
15349,1471.604,1790302302.484
15350,1471.668,1790302302.563
15351,1471.736,1790302302.649
15352,1471.800,1790302302.712
15353,1471.868,1790302302.830
15354,1471.932,1790302302.916
15355,1472.000,1790302302.983
15356,1472.064,1790302303.121
15357,1472.132,1790302303.230
15358,1472.196,1790302303.295
15359,1472.264,1790302303.414
15360,1472.328,1790302303.510
15361,1472.396,1790302303.576
15362,1472.460,1790302303.697
15363,1472.528,1790302303.789
15364,1472.592,1790302303.873
15365,1472.660,1790302303.999
15366,1472.724,1790302304.100
15367,1472.792,1790302304.166
15368,1472.856,1790302304.280
15369,1472.924,1790302304.378
15370,1472.988,1790302304.442
15371,1473.056,1790302304.560
15372,1473.120,1790302304.655
15373,1473.188,1790302304.727
15374,1473.252,1790302304.811
15375,1473.320,1790302304.920
15376,1473.384,1790302304.993
15377,1473.452,1790302305.080
15378,1473.516,1790302305.203
15379,1473.584,1790302305.289
15380,1473.648,1790302305.385
15381,1473.716,1790302305.513
15382,1473.780,1790302305.586
15383,1473.848,1790302305.664
15384,1473.912,1790302305.788
15385,1474.044,1790302305.968
15386,1474.112,1790302306.096
15387,1474.244,1790302306.263
15388,1474.308,1790302306.380
15389,1474.376,1790302306.467
15390,1474.440,1790302306.551
15391,1474.508,1790302306.675
15392,1474.572,1790302306.761
15393,1474.640,1790302306.850
15394,1474.704,1790302306.968
15395,1474.772,1790302307.050
15396,1474.836,1790302307.142
15397,1474.968,1790302307.344
15398,1475.036,1790302307.428
15399,1475.100,1790302307.492
15400,1475.168,1790302307.599
15401,1475.300,1790302307.747
15402,1475.364,1790302307.864
15403,1475.564,1790302308.235
15404,1475.628,1790302308.336
15405,1475.696,1790302308.414
15406,1475.760,1790302308.556
15407,1475.828,1790302308.665
15408,1475.960,1790302308.870
15409,1476.024,1790302308.983
15410,1476.156,1790302309.181
15411,1476.224,1790302309.272
15412,1476.288,1790302309.344
15413,1476.356,1790302309.472
15414,1476.420,1790302309.575
15415,1476.552,1790302309.765
15416,1476.620,1790302309.904
15417,1476.684,1790302309.977
15418,1477.016,1790302310.489
15419,1477.080,1790302310.572
15420,1477.148,1790302310.657
15421,1477.212,1790302310.790
15422,1477.344,1790302310.955
15423,1477.412,1790302311.075
15424,1477.476,1790302311.156
15425,1477.544,1790302311.241
15426,1477.676,1790302311.445
15427,1477.740,1790302311.539
15428,1477.808,1790302311.670
15429,1477.872,1790302311.756
15430,1477.940,1790302311.846
15431,1478.004,1790302311.957
15432,1478.072,1790302312.048
15433,1478.136,1790302312.125
15434,1478.204,1790302312.239
15435,1478.268,1790302312.323
15436,1478.336,1790302312.425
15437,1478.400,1790302312.501
15438,1478.468,1790302312.618
15439,1478.532,1790302312.701
15440,1478.600,1790302312.762
15441,1478.664,1790302312.863
15442,1478.732,1790302312.953
15443,1478.796,1790302313.012
15444,1478.928,1790302313.213
15445,1478.996,1790302313.282
15446,1479.060,1790302313.404
15447,1479.128,1790302313.498
15448,1479.192,1790302313.565
15449,1479.260,1790302313.677
15450,1479.324,1790302313.780
15451,1479.392,1790302313.852
15452,1479.456,1790302313.971
15453,1479.524,1790302314.072
15454,1479.588,1790302314.138
15455,1479.656,1790302314.268
15456,1479.720,1790302314.378
15457,1479.788,1790302314.453
15458,1479.852,1790302314.536
15459,1479.984,1790302314.707
15460,1480.052,1790302314.785
15461,1480.184,1790302314.966
15462,1480.248,1790302315.048
15463,1480.316,1790302315.179
15464,1480.380,1790302315.251
15465,1480.448,1790302315.344
15466,1480.512,1790302315.473
15467,1480.580,1790302315.551
15468,1480.712,1790302315.763
15469,1480.776,1790302315.845
15470,1480.908,1790302316.046
15471,1481.040,1790302316.219
15472,1481.108,1790302316.337
15473,1481.172,1790302316.420
15474,1481.240,1790302316.508
15475,1481.304,1790302316.627
15476,1481.372,1790302316.741
15477,1481.436,1790302316.831
15478,1481.568,1790302317.045
15479,1481.636,1790302317.143
15480,1481.700,1790302317.211
15481,1481.832,1790302317.425
15482,1481.964,1790302317.597
15483,1482.032,1790302317.693
15484,1482.096,1790302317.762
15485,1482.164,1790302317.893
15486,1482.228,1790302317.989
15487,1482.360,1790302318.191
15488,1482.428,1790302318.285
15489,1482.492,1790302318.360
15490,1482.560,1790302318.496
15491,1482.624,1790302318.592
15492,1482.692,1790302318.660
15493,1482.756,1790302318.789
15494,1482.824,1790302318.892
15495,1482.888,1790302318.966
15496,1482.956,1790302319.099
15497,1483.020,1790302319.211
15498,1483.088,1790302319.292
15499,1483.152,1790302319.395
15500,1483.220,1790302319.537
15501,1483.284,1790302319.615
15502,1483.352,1790302319.696
15503,1483.484,1790302319.906
15504,1483.680,1790302320.210
15505,1483.748,1790302320.299
15506,1483.812,1790302320.444
15507,1483.880,1790302320.540
15508,1483.944,1790302320.638
15509,1484.012,1790302320.777
15510,1484.076,1790302320.859
15511,1484.144,1790302320.949
15512,1484.208,1790302321.085
15513,1484.276,1790302321.169
15514,1484.340,1790302321.257
15515,1484.408,1790302321.390
15516,1484.472,1790302321.482
15517,1484.540,1790302321.619
15518,1484.604,1790302321.762
15519,1484.672,1790302321.855
15520,1484.736,1790302321.955
15521,1484.868,1790302322.196
15522,1484.936,1790302322.297
15523,1485.000,1790302322.371
15524,1485.132,1790302322.600
15525,1485.200,1790302322.681
15526,1485.264,1790302322.822
15527,1485.332,1790302322.930
15528,1485.464,1790302323.159
15529,1485.528,1790302323.263
15530,1485.596,1790302323.333
15531,1485.660,1790302323.477
15532,1485.728,1790302323.605
15533,1485.860,1790302323.812
15534,1485.924,1790302323.922
15535,1485.992,1790302324.002
15536,1486.056,1790302324.136
15537,1486.256,1790302324.478
15538,1486.320,1790302324.584
15539,1486.388,1790302324.674
15540,1486.452,1790302324.768
15541,1486.520,1790302324.901
15542,1486.584,1790302324.974
15543,1486.652,1790302325.070
15544,1486.716,1790302325.212
15545,1486.784,1790302325.296
15546,1486.848,1790302325.400
15547,1486.916,1790302325.549
15548,1486.980,1790302325.644
15549,1487.048,1790302325.741
15550,1487.112,1790302325.895
15551,1487.180,1790302325.978
15552,1487.244,1790302326.060
15553,1487.312,1790302326.192
15554,1487.376,1790302326.275
15555,1487.444,1790302326.363
15556,1487.508,1790302326.496
15557,1487.576,1790302326.586
15558,1487.640,1790302326.674
15559,1487.708,1790302326.809
15560,1487.772,1790302326.896
15561,1487.840,1790302326.995
15562,1487.904,1790302327.133
15563,1487.972,1790302327.227
15564,1488.036,1790302327.324
15565,1488.236,1790302327.661
15566,1488.300,1790302327.732
15567,1488.368,1790302327.853
15568,1488.432,1790302327.958
15569,1488.500,1790302328.029
15570,1488.564,1790302328.157
15571,1488.632,1790302328.264
15572,1488.696,1790302328.338
15573,1488.764,1790302328.477
15574,1488.828,1790302328.581
15575,1488.896,1790302328.648
15576,1488.960,1790302328.798
15577,1489.028,1790302328.910
15578,1489.160,1790302329.134
15579,1489.224,1790302329.236
15580,1489.292,1790302329.315
15581,1489.356,1790302329.445
15582,1489.424,1790302329.545
15583,1489.556,1790302329.757
15584,1489.688,1790302329.942
15585,1489.752,1790302330.034
15586,1489.820,1790302330.171
15587,1489.884,1790302330.259
15588,1489.952,1790302330.362
15589,1490.016,1790302330.499
15590,1490.084,1790302330.585
15591,1490.148,1790302330.691
15592,1490.216,1790302330.872
15593,1490.280,1790302330.954
15594,1490.348,1790302331.046
15595,1490.412,1790302331.223
15596,1490.480,1790302331.314
15597,1490.544,1790302331.420
15598,1490.612,1790302331.554
15599,1490.676,1790302331.642
15600,1490.808,1790302331.873
15601,1490.876,1790302331.965
15602,1491.008,1790302332.207
15603,1491.072,1790302332.314
15604,1491.204,1790302332.547
15605,1491.272,1790302332.637
15606,1491.336,1790302332.726
15607,1491.404,1790302332.880
15608,1491.468,1790302332.968
15609,1491.536,1790302333.062
15610,1491.600,1790302333.128
15611,1491.668,1790302333.257
15612,1491.800,1790302333.429
15613,1491.864,1790302333.565
15614,1491.932,1790302333.671
15615,1491.996,1790302333.738
15616,1492.064,1790302333.871
15617,1492.128,1790302333.967
15618,1492.260,1790302334.179
15619,1492.328,1790302334.290
15620,1492.392,1790302334.368
15621,1492.460,1790302334.500
15622,1492.524,1790302334.603
15623,1492.724,1790302334.917
15624,1492.788,1790302334.993
15625,1492.856,1790302335.142
15626,1492.988,1790302335.338
15627,1493.052,1790302335.428
15628,1493.184,1790302335.636
15629,1493.252,1790302335.718
15630,1493.316,1790302335.842
15631,1493.384,1790302335.936
15632,1493.448,1790302336.036
15633,1493.516,1790302336.184
15634,1493.580,1790302336.272
15635,1493.648,1790302336.372
15636,1493.712,1790302336.496
15637,1493.780,1790302336.587
15638,1493.844,1790302336.668
15639,1493.912,1790302336.804
15640,1493.976,1790302336.902
15641,1494.044,1790302336.997
15642,1494.108,1790302337.127
15643,1494.176,1790302337.212
15644,1494.240,1790302337.296
15645,1494.308,1790302337.425
15646,1494.372,1790302337.521
15647,1494.440,1790302337.613
15648,1494.504,1790302337.753
15649,1494.572,1790302337.844
15650,1494.636,1790302337.929
15651,1494.704,1790302338.077
15652,1494.768,1790302338.175
15653,1494.900,1790302338.346
15654,1494.968,1790302338.493
15655,1495.032,1790302338.598
15656,1495.100,1790302338.670
15657,1495.164,1790302338.796
15658,1495.232,1790302338.897
15659,1495.296,1790302338.964
15660,1495.364,1790302339.108
15661,1495.428,1790302339.210
15662,1495.496,1790302339.276
15663,1495.560,1790302339.409
15664,1495.628,1790302339.525
15665,1495.692,1790302339.600
15666,1495.760,1790302339.728
15667,1495.892,1790302339.907
15668,1495.956,1790302340.036
15669,1496.024,1790302340.140
15670,1496.088,1790302340.213
15671,1496.156,1790302340.342
15672,1496.220,1790302340.447
15673,1496.288,1790302340.530
15674,1496.352,1790302340.621
15675,1496.420,1790302340.756
15676,1496.484,1790302340.836
15677,1496.552,1790302340.931
15678,1496.748,1790302341.290
15679,1496.816,1790302341.431
15680,1496.880,1790302341.509
15681,1496.948,1790302341.596
15682,1497.012,1790302341.731
15683,1497.080,1790302341.857
15684,1497.144,1790302341.970
15685,1497.212,1790302342.128
15686,1497.276,1790302342.211
15687,1497.344,1790302342.339
15688,1497.408,1790302342.499
15689,1497.540,1790302342.705
15690,1497.608,1790302342.839
15691,1497.672,1790302342.935
15692,1497.740,1790302343.034
15693,1497.804,1790302343.162
15694,1497.872,1790302343.249
15695,1497.936,1790302343.345
15696,1498.068,1790302343.582
15697,1498.136,1790302343.680
15698,1498.200,1790302343.744
15699,1498.268,1790302343.873
15700,1498.332,1790302343.988
15701,1498.400,1790302344.055
15702,1498.464,1790302344.209
15703,1498.532,1790302344.311
15704,1498.596,1790302344.392
15705,1498.728,1790302344.660
15706,1498.796,1790302344.730
15707,1498.860,1790302344.873
15708,1498.928,1790302344.979
15709,1498.992,1790302345.053
15710,1499.060,1790302345.190
15711,1499.124,1790302345.294
15712,1499.192,1790302345.378
15713,1499.256,1790302345.521
15714,1499.324,1790302345.634
15715,1499.456,1790302345.821
15716,1499.520,1790302345.934
15717,1499.588,1790302346.000
15718,1499.720,1790302346.177
15719,1499.852,1790302346.347
15720,1499.916,1790302346.450
15721,1499.984,1790302346.526
15722,1500.048,1790302346.599
15723,1500.180,1790302346.796
15724,1500.248,1790302346.878
15725,1500.312,1790302347.005
15726,1500.380,1790302347.082
15727,1500.444,1790302347.166
15728,1500.512,1790302347.295
15729,1500.576,1790302347.371
15730,1500.644,1790302347.454
15731,1500.708,1790302347.596
15732,1500.776,1790302347.689
15733,1500.840,1790302347.786
15734,1500.908,1790302347.906
15735,1500.972,1790302347.993
15736,1501.040,1790302348.084
15737,1501.104,1790302348.210
15738,1501.236,1790302348.407
15739,1501.304,1790302348.529
15740,1501.368,1790302348.607
15741,1501.436,1790302348.691
15742,1501.500,1790302348.759
15743,1501.568,1790302348.867
15744,1501.632,1790302348.966
15745,1501.700,1790302349.029
15746,1501.764,1790302349.135
15747,1501.832,1790302349.229
15748,1501.896,1790302349.296
15749,1501.964,1790302349.410
15750,1502.028,1790302349.498
15751,1502.096,1790302349.566
15752,1502.160,1790302349.685
15753,1502.292,1790302349.840
15754,1502.360,1790302349.948
15755,1502.492,1790302350.106
15756,1502.556,1790302350.213
15757,1502.624,1790302350.316
15758,1502.688,1790302350.379
15759,1502.820,1790302350.580
15760,1502.888,1790302350.650
15761,1502.952,1790302350.724
15762,1503.020,1790302350.828
15763,1503.084,1790302350.896
15764,1503.152,1790302350.973
15765,1503.216,1790302351.088
15766,1503.284,1790302351.157
15767,1503.348,1790302351.235
15768,1503.416,1790302351.366
15769,1503.480,1790302351.445
15770,1503.548,1790302351.530
15771,1503.680,1790302351.740
15772,1503.744,1790302351.813
15773,1503.812,1790302351.947
15774,1503.876,1790302352.034
15775,1504.008,1790302352.237
15776,1504.076,1790302352.306
15777,1504.140,1790302352.384
15778,1504.208,1790302352.492
15779,1504.272,1790302352.567
15780,1504.340,1790302352.649
15781,1504.404,1790302352.768
15782,1504.472,1790302352.851
15783,1504.536,1790302352.927
15784,1504.604,1790302353.040
15785,1504.668,1790302353.118
15786,1504.736,1790302353.197
15787,1504.868,1790302353.384
15788,1504.932,1790302353.470
15789,1505.000,1790302353.537
15790,1505.064,1790302353.636
15791,1505.132,1790302353.718
15792,1505.196,1790302353.781
15793,1505.264,1790302353.885
15794,1505.328,1790302353.970
15795,1505.396,1790302354.035
15796,1505.460,1790302354.158
15797,1505.528,1790302354.248
15798,1505.592,1790302354.315
15799,1505.660,1790302354.428
15800,1505.724,1790302354.520
15801,1505.792,1790302354.586
15802,1505.856,1790302354.706
15803,1505.924,1790302354.817
15804,1505.988,1790302354.881
15805,1506.188,1790302355.163
15806,1506.252,1790302355.244
15807,1506.320,1790302355.363
15808,1506.384,1790302355.433
15809,1506.516,1790302355.625
15810,1506.584,1790302355.696
15811,1506.648,1790302355.778
15812,1506.716,1790302355.900
15813,1506.780,1790302355.972
15814,1506.848,1790302356.055
15815,1506.912,1790302356.173
15816,1506.980,1790302356.250
15817,1507.044,1790302356.325
15818,1507.176,1790302356.518
15819,1507.244,1790302356.595
15820,1507.308,1790302356.711
15821,1507.376,1790302356.788
15822,1507.508,1790302357.001
15823,1507.572,1790302357.085
15824,1507.640,1790302357.171
15825,1507.704,1790302357.287
15826,1507.772,1790302357.370
15827,1507.904,1790302357.576
15828,1507.968,1790302357.657
15829,1508.036,1790302357.752
15830,1508.168,1790302357.926
15831,1508.232,1790302358.026
15832,1508.300,1790302358.098
15833,1508.364,1790302358.220
15834,1508.432,1790302358.309
15835,1508.496,1790302358.373
15836,1508.564,1790302358.505
15837,1508.628,1790302358.596
15838,1508.696,1790302358.664
15839,1508.760,1790302358.785
15840,1508.828,1790302358.892
15841,1508.892,1790302358.965
15842,1508.960,1790302359.078
15843,1509.024,1790302359.171
15844,1509.092,1790302359.237
15845,1509.156,1790302359.356
15846,1509.224,1790302359.453
15847,1509.288,1790302359.527
15848,1509.356,1790302359.651
15849,1509.420,1790302359.753
15850,1509.488,1790302359.818
15851,1509.552,1790302359.896
15852,1509.620,1790302360.016
15853,1509.684,1790302360.090
15854,1509.752,1790302360.174
15855,1509.884,1790302360.357
15856,1509.948,1790302360.446
15857,1510.016,1790302360.577
15858,1510.080,1790302360.650
15859,1510.148,1790302360.740
15860,1510.212,1790302360.865
15861,1510.280,1790302360.941
15862,1510.344,1790302361.027
15863,1510.412,1790302361.145
15864,1510.476,1790302361.222
15865,1510.544,1790302361.308
15866,1510.608,1790302361.425
15867,1510.676,1790302361.511
15868,1510.740,1790302361.605
15869,1510.808,1790302361.738
15870,1510.872,1790302361.826
15871,1511.004,1790302362.069
15872,1511.072,1790302362.155
15873,1511.136,1790302362.253
15874,1511.204,1790302362.384
15875,1511.268,1790302362.472
15876,1511.336,1790302362.566
15877,1511.400,1790302362.641
15878,1511.468,1790302362.762
15879,1511.532,1790302362.862
15880,1511.600,1790302362.933
15881,1511.664,1790302363.060
15882,1511.732,1790302363.156
15883,1511.796,1790302363.222
15884,1511.864,1790302363.357
15885,1511.928,1790302363.459
15886,1511.996,1790302363.528
15887,1512.060,1790302363.666
15888,1512.192,1790302363.845
15889,1512.324,1790302364.093
15890,1512.392,1790302364.176
15891,1512.456,1790302364.304
15892,1512.524,1790302364.413
15893,1512.588,1790302364.485
15894,1512.656,1790302364.617
15895,1512.720,1790302364.723
15896,1512.788,1790302364.798
15897,1512.920,1790302365.018
15898,1512.984,1790302365.098
15899,1513.052,1790302365.182
15900,1513.116,1790302365.305
15901,1513.184,1790302365.389
15902,1513.316,1790302365.595
15903,1513.380,1790302365.686
15904,1513.448,1790302365.771
15905,1513.512,1790302365.902
15906,1513.580,1790302365.983
15907,1513.644,1790302366.070
15908,1513.712,1790302366.205
15909,1513.776,1790302366.295
15910,1513.844,1790302366.385
15911,1513.908,1790302366.519
15912,1513.976,1790302366.604
15913,1514.108,1790302366.856
15914,1514.172,1790302366.940
15915,1514.304,1790302367.170
15916,1514.372,1790302367.266
15917,1514.436,1790302367.355
15918,1514.504,1790302367.490
15919,1514.568,1790302367.578
15920,1514.636,1790302367.670
15921,1514.700,1790302367.745
15922,1514.832,1790302367.952
15923,1514.900,1790302368.015
15924,1514.964,1790302368.123
15925,1515.032,1790302368.211
15926,1515.096,1790302368.272
15927,1515.164,1790302368.384
15928,1515.228,1790302368.477
15929,1515.296,1790302368.542
15930,1515.360,1790302368.661
15931,1515.492,1790302368.820
15932,1515.560,1790302368.938
15933,1515.624,1790302369.027
15934,1515.692,1790302369.097
15935,1515.824,1790302369.308
15936,1515.888,1790302369.378
15937,1515.956,1790302369.499
15938,1516.020,1790302369.593
15939,1516.088,1790302369.667
15940,1516.152,1790302369.745
15941,1516.220,1790302369.866
15942,1516.284,1790302369.943
15943,1516.352,1790302370.030
15944,1516.416,1790302370.144
15945,1516.484,1790302370.216
15946,1516.548,1790302370.296
15947,1516.616,1790302370.415
15948,1516.680,1790302370.489
15949,1516.748,1790302370.569
15950,1516.812,1790302370.701
15951,1516.944,1790302370.868
15952,1517.076,1790302371.071
15953,1517.144,1790302371.149
15954,1517.208,1790302371.273
15955,1517.276,1790302371.354
15956,1517.340,1790302371.434
15957,1517.408,1790302371.562
15958,1517.472,1790302371.642
15959,1517.540,1790302371.725
15960,1517.604,1790302371.842
15961,1517.672,1790302371.926
15962,1517.736,1790302372.016
15963,1517.804,1790302372.138
15964,1517.868,1790302372.219
15965,1517.936,1790302372.301
15966,1518.000,1790302372.366
15967,1518.068,1790302372.488
15968,1518.132,1790302372.571
15969,1518.200,1790302372.635
15970,1518.264,1790302372.745
15971,1518.332,1790302372.839
15972,1518.464,1790302373.024
15973,1518.528,1790302373.120
15974,1518.596,1790302373.183
15975,1518.660,1790302373.299
15976,1518.728,1790302373.388
15977,1518.792,1790302373.449
15978,1518.860,1790302373.560
15979,1518.924,1790302373.655
15980,1518.992,1790302373.720
15981,1519.056,1790302373.835
15982,1519.124,1790302373.930
15983,1519.188,1790302373.994
15984,1519.256,1790302374.117
15985,1519.320,1790302374.223
15986,1519.388,1790302374.287
15987,1519.452,1790302374.366
15988,1519.520,1790302374.490
15989,1519.584,1790302374.555
15990,1519.652,1790302374.632
15991,1519.716,1790302374.752
15992,1519.784,1790302374.823
15993,1519.848,1790302374.902
15994,1519.916,1790302375.037
15995,1519.980,1790302375.112
15996,1520.048,1790302375.195
15997,1520.112,1790302375.313
15998,1520.180,1790302375.388
15999,1520.244,1790302375.467
16000,1520.312,1790302375.589
16001,1520.376,1790302375.667
16002,1520.444,1790302375.745
16003,1520.508,1790302375.888
16004,1520.576,1790302375.980
16005,1520.640,1790302376.066
16006,1520.708,1790302376.190
16007,1520.772,1790302376.268
16008,1520.840,1790302376.362
16009,1520.904,1790302376.481
16010,1520.972,1790302376.561
16011,1521.036,1790302376.643
16012,1521.104,1790302376.774
16013,1521.168,1790302376.858
16014,1521.236,1790302376.944
16015,1521.300,1790302377.012
16016,1521.368,1790302377.126
16017,1521.432,1790302377.215
16018,1521.500,1790302377.279
16019,1521.564,1790302377.394
16020,1521.632,1790302377.489
16021,1521.696,1790302377.551
16022,1521.764,1790302377.669
16023,1521.896,1790302377.834
16024,1521.960,1790302377.963
16025,1522.028,1790302378.066
16026,1522.092,1790302378.125
16027,1522.160,1790302378.246
16028,1522.224,1790302378.340
16029,1522.292,1790302378.411
16030,1522.356,1790302378.527
16031,1522.424,1790302378.632
16032,1522.488,1790302378.695
16033,1522.556,1790302378.829
16034,1522.620,1790302378.931
16035,1522.688,1790302378.998
16036,1522.752,1790302379.091
16037,1522.820,1790302379.213
16038,1522.884,1790302379.284
16039,1522.952,1790302379.376
16040,1523.016,1790302379.493
16041,1523.084,1790302379.574
16042,1523.148,1790302379.672
16043,1523.216,1790302379.810
16044,1523.280,1790302379.889
16045,1523.348,1790302379.980
16046,1523.412,1790302380.126
16047,1523.480,1790302380.198
16048,1523.544,1790302380.291
16049,1523.612,1790302380.424
16050,1523.676,1790302380.496
16051,1523.744,1790302380.580
16052,1523.808,1790302380.692
16053,1523.876,1790302380.773
16054,1523.940,1790302380.857
16055,1524.008,1790302380.971
16056,1524.140,1790302381.129
16057,1524.204,1790302381.245
16058,1524.272,1790302381.333
16059,1524.336,1790302381.408
16060,1524.468,1790302381.607
16061,1524.536,1790302381.694
16062,1524.600,1790302381.760
16063,1524.668,1790302381.872
16064,1524.800,1790302382.023
16065,1524.864,1790302382.139
16066,1524.932,1790302382.241
16067,1524.996,1790302382.301
16068,1525.064,1790302382.412
16069,1525.128,1790302382.502
16070,1525.196,1790302382.567
16071,1525.260,1790302382.686
16072,1525.328,1790302382.788
16073,1525.392,1790302382.857
16074,1525.460,1790302382.975
16075,1525.524,1790302383.073
16076,1525.592,1790302383.138
16077,1525.656,1790302383.262
16078,1525.920,1790302383.654
16079,1525.988,1790302383.720
16080,1526.052,1790302383.812
16081,1526.120,1790302383.933
16082,1526.184,1790302384.014
16083,1526.252,1790302384.095
16084,1526.316,1790302384.218
16085,1526.384,1790302384.298
16086,1526.448,1790302384.377
16087,1526.516,1790302384.503
16088,1526.580,1790302384.571
16089,1526.712,1790302384.777
16090,1526.780,1790302384.854
16091,1526.844,1790302384.940
16092,1526.912,1790302385.060
16093,1526.976,1790302385.139
16094,1527.044,1790302385.217
16095,1527.108,1790302385.343
16096,1527.176,1790302385.423
16097,1527.240,1790302385.510
16098,1527.308,1790302385.629
16099,1527.372,1790302385.716
16100,1527.440,1790302385.798
16101,1527.504,1790302385.914
16102,1527.572,1790302385.999
16103,1527.636,1790302386.080
16104,1527.704,1790302386.199
16105,1527.768,1790302386.288
16106,1527.900,1790302386.436
16107,1527.968,1790302386.560
16108,1528.032,1790302386.645
16109,1528.100,1790302386.711
16110,1528.164,1790302386.827
16111,1528.232,1790302386.929
16112,1528.296,1790302386.992
16113,1528.364,1790302387.120
16114,1528.428,1790302387.212
16115,1528.496,1790302387.277
16116,1528.560,1790302387.390
16117,1528.628,1790302387.484
16118,1528.692,1790302387.542
16119,1528.760,1790302387.654
16120,1528.892,1790302387.811
16121,1528.956,1790302387.926
16122,1529.024,1790302388.031
16123,1529.088,1790302388.093
16124,1529.156,1790302388.219
16125,1529.420,1790302388.591
16126,1529.484,1790302388.661
16127,1529.552,1790302388.741
16128,1529.616,1790302388.852
16129,1529.684,1790302388.927
16130,1529.816,1790302389.132
16131,1529.880,1790302389.201
16132,1529.948,1790302389.283
16133,1530.012,1790302389.411
16134,1530.080,1790302389.489
16135,1530.144,1790302389.573
16136,1530.212,1790302389.691
16137,1530.276,1790302389.762
16138,1530.408,1790302389.978
16139,1530.476,1790302390.058
16140,1530.540,1790302390.143
16141,1530.608,1790302390.266
16142,1530.672,1790302390.353
16143,1530.740,1790302390.442
16144,1530.872,1790302390.647
16145,1530.936,1790302390.728
16146,1531.004,1790302390.842
16147,1531.068,1790302390.924
16148,1531.136,1790302391.012
16149,1531.200,1790302391.078
16150,1531.268,1790302391.193
16151,1531.332,1790302391.279
16152,1531.464,1790302391.450
16153,1531.532,1790302391.543
16154,1531.596,1790302391.609
16155,1531.664,1790302391.728
16156,1531.728,1790302391.825
16157,1531.796,1790302391.891
16158,1531.860,1790302392.018
16159,1531.928,1790302392.113
16160,1531.992,1790302392.174
16161,1532.060,1790302392.304
16162,1532.124,1790302392.406
16163,1532.192,1790302392.475
16164,1532.256,1790302392.590
16165,1532.324,1790302392.697
16166,1532.388,1790302392.761
16167,1532.456,1790302392.874
16168,1532.520,1790302392.977
16169,1532.588,1790302393.054
16170,1532.652,1790302393.131
16171,1532.720,1790302393.252
16172,1532.784,1790302393.316
16173,1532.852,1790302393.406
16174,1532.916,1790302393.526
16175,1532.984,1790302393.594
16176,1533.048,1790302393.675
16177,1533.116,1790302393.796
16178,1533.180,1790302393.868
16179,1533.248,1790302393.959
16180,1533.312,1790302394.081
16181,1533.380,1790302394.152
16182,1533.444,1790302394.228
16183,1533.512,1790302394.350
16184,1533.576,1790302394.425
16185,1533.644,1790302394.507
16186,1533.708,1790302394.631
16187,1533.776,1790302394.715
16188,1533.840,1790302394.813
16189,1533.908,1790302394.945
16190,1533.972,1790302395.026
16191,1534.040,1790302395.110
16192,1534.104,1790302395.238
16193,1534.172,1790302395.326
16194,1534.236,1790302395.421
16195,1534.368,1790302395.625
16196,1534.500,1790302395.777
16197,1534.568,1790302395.894
16198,1534.632,1790302395.981
16199,1534.700,1790302396.043
16200,1534.764,1790302396.157
16201,1534.832,1790302396.245
16202,1534.896,1790302396.308
16203,1534.964,1790302396.431
16204,1535.028,1790302396.525
16205,1535.096,1790302396.605
16206,1535.160,1790302396.728
16207,1535.228,1790302396.837
16208,1535.292,1790302396.906
16209,1535.360,1790302397.029
16210,1535.424,1790302397.129
16211,1535.492,1790302397.193
16212,1535.556,1790302397.310
16213,1535.624,1790302397.407
16214,1535.688,1790302397.476
16215,1535.756,1790302397.598
16216,1535.820,1790302397.693
16217,1535.888,1790302397.765
16218,1535.952,1790302397.848
16219,1536.020,1790302397.969
16220,1536.084,1790302398.045
16221,1536.152,1790302398.128
16222,1536.216,1790302398.237
16223,1536.284,1790302398.306
16224,1536.348,1790302398.394
16225,1536.416,1790302398.526
16226,1536.480,1790302398.597
16227,1536.548,1790302398.689
16228,1536.612,1790302398.811
16229,1536.680,1790302398.884
16230,1536.812,1790302399.083
16231,1536.876,1790302399.159
16232,1536.944,1790302399.238
16233,1537.008,1790302399.372
16234,1537.076,1790302399.454
16235,1537.140,1790302399.530
16236,1537.208,1790302399.659
16237,1537.272,1790302399.733
16238,1537.340,1790302399.817
16239,1537.404,1790302399.936
16240,1537.472,1790302400.026
16241,1537.536,1790302400.113
16242,1537.604,1790302400.230
16243,1537.668,1790302400.319
16244,1537.736,1790302400.405
16245,1537.800,1790302400.473
16246,1537.868,1790302400.601
16247,1537.932,1790302400.685
16248,1538.000,1790302400.753
16249,1538.064,1790302400.862
16250,1538.196,1790302401.025
16251,1538.264,1790302401.156
16252,1538.328,1790302401.256
16253,1538.396,1790302401.324
16254,1538.528,1790302401.542
16255,1538.592,1790302401.604
16256,1538.660,1790302401.729
16257,1538.724,1790302401.828
16258,1538.792,1790302401.896
16259,1538.856,1790302402.015
16260,1538.924,1790302402.116
16261,1538.988,1790302402.177
16262,1539.056,1790302402.299
16263,1539.120,1790302402.398
16264,1539.188,1790302402.471
16265,1539.252,1790302402.558
16266,1539.320,1790302402.684
16267,1539.384,1790302402.763
16268,1539.452,1790302402.844
16269,1539.516,1790302402.963
16270,1539.584,1790302403.042
16271,1539.648,1790302403.126
16272,1539.716,1790302403.242
16273,1539.780,1790302403.311
16274,1539.848,1790302403.396
16275,1539.912,1790302403.523
16276,1539.980,1790302403.608
16277,1540.112,1790302403.826
16278,1540.308,1790302404.106
16279,1540.376,1790302404.185
16280,1540.440,1790302404.278
16281,1540.508,1790302404.395
16282,1540.572,1790302404.483
16283,1540.640,1790302404.564
16284,1540.704,1790302404.685
16285,1540.772,1790302404.772
16286,1540.836,1790302404.859
16287,1540.904,1790302404.990
16288,1540.968,1790302405.071
16289,1541.036,1790302405.157
16290,1541.100,1790302405.223
16291,1541.168,1790302405.343
16292,1541.232,1790302405.437
16293,1541.364,1790302405.623
16294,1541.432,1790302405.717
16295,1541.564,1790302405.898
16296,1541.628,1790302405.998
16297,1541.696,1790302406.062
16298,1541.760,1790302406.176
16299,1541.892,1790302406.344
16300,1541.960,1790302406.459
16301,1542.024,1790302406.559
16302,1542.092,1790302406.628
16303,1542.156,1790302406.754
16304,1542.224,1790302406.858
16305,1542.288,1790302406.925
16306,1542.356,1790302407.047
16307,1542.420,1790302407.143
16308,1542.488,1790302407.214
16309,1542.552,1790302407.303
16310,1542.620,1790302407.420
16311,1542.752,1790302407.574
16312,1542.816,1790302407.691
16313,1542.884,1790302407.759
16314,1542.948,1790302407.843
16315,1543.016,1790302407.982
16316,1543.080,1790302408.049
16317,1543.148,1790302408.136
16318,1543.212,1790302408.263
16319,1543.280,1790302408.336
16320,1543.344,1790302408.420
16321,1543.412,1790302408.549
16322,1543.476,1790302408.627
16323,1543.544,1790302408.715
16324,1543.608,1790302408.843
16325,1543.676,1790302408.933
16326,1543.740,1790302409.013
16327,1543.940,1790302409.308
16328,1544.004,1790302409.427
16329,1544.072,1790302409.511
16330,1544.136,1790302409.592
16331,1544.204,1790302409.714
16332,1544.268,1790302409.793
16333,1544.336,1790302409.886
16334,1544.400,1790302409.957
16335,1544.532,1790302410.170
16336,1544.600,1790302410.241
16337,1544.664,1790302410.370
16338,1544.732,1790302410.476
16339,1544.796,1790302410.558
16340,1544.864,1790302410.707
16341,1544.928,1790302410.802
16342,1545.060,1790302411.032
16343,1545.128,1790302411.140
16344,1545.192,1790302411.220
16345,1545.324,1790302411.469
16346,1545.392,1790302411.537
16347,1545.456,1790302411.672
16348,1545.524,1790302411.773
16349,1545.588,1790302411.834
16350,1545.656,1790302411.955
16351,1545.720,1790302412.062
16352,1545.788,1790302412.136
16353,1545.852,1790302412.207
16354,1545.920,1790302412.322
16355,1545.984,1790302412.389
16356,1546.052,1790302412.467
16357,1546.116,1790302412.572
16358,1546.184,1790302412.655
16359,1546.248,1790302412.737
16360,1546.316,1790302412.871
16361,1546.512,1790302413.190
16362,1546.580,1790302413.274
16363,1546.644,1790302413.368
16364,1546.712,1790302413.502
16365,1546.776,1790302413.589
16366,1546.908,1790302413.816
16367,1546.976,1790302413.901
16368,1547.040,1790302414.004
16369,1547.108,1790302414.138
16370,1547.240,1790302414.310
16371,1547.304,1790302414.438
16372,1547.372,1790302414.525
16373,1547.436,1790302414.615
16374,1547.504,1790302414.748
16375,1547.568,1790302414.843
16376,1547.636,1790302414.949
16377,1547.700,1790302415.023
16378,1547.768,1790302415.160
16379,1547.832,1790302415.254
16380,1547.900,1790302415.330
16381,1548.032,1790302415.590
16382,1548.096,1790302415.665
16383,1548.164,1790302415.812
16384,1548.228,1790302415.912
16385,1548.296,1790302415.990
16386,1548.360,1790302416.136
16387,1548.428,1790302416.233
16388,1548.492,1790302416.305
16389,1548.560,1790302416.442
16390,1548.624,1790302416.543
16391,1548.692,1790302416.619
16392,1548.888,1790302416.944
16393,1548.956,1790302417.088
16394,1549.020,1790302417.203
16395,1549.088,1790302417.277
16396,1549.152,1790302417.372
16397,1549.220,1790302417.506
16398,1549.284,1790302417.584
16399,1549.352,1790302417.676
16400,1549.416,1790302417.809
16401,1549.484,1790302417.892
16402,1549.548,1790302417.978
16403,1549.680,1790302418.199
16404,1549.748,1790302418.290
16405,1549.812,1790302418.425
16406,1549.880,1790302418.507
16407,1549.944,1790302418.596
16408,1550.012,1790302418.725
16409,1550.076,1790302418.813
16410,1550.144,1790302418.902
16411,1550.208,1790302419.039
16412,1550.276,1790302419.128
16413,1550.340,1790302419.224
16414,1550.408,1790302419.361
16415,1550.472,1790302419.452
16416,1550.540,1790302419.551
16417,1550.604,1790302419.687
16418,1550.672,1790302419.774
16419,1550.736,1790302419.867
16420,1550.804,1790302420.018
16421,1550.868,1790302420.111
16422,1550.936,1790302420.210
16423,1551.000,1790302420.290
16424,1551.068,1790302420.422
16425,1551.132,1790302420.516
16426,1551.200,1790302420.589
16427,1551.264,1790302420.705
16428,1551.332,1790302420.798
16429,1551.396,1790302420.861
16430,1551.464,1790302420.985
16431,1551.528,1790302421.069
16432,1551.596,1790302421.135
16433,1551.660,1790302421.256
16434,1551.728,1790302421.354
16435,1551.792,1790302421.420
16436,1551.860,1790302421.538
16437,1551.992,1790302421.707
16438,1552.056,1790302421.845
16439,1552.124,1790302421.949
16440,1552.188,1790302422.009
16441,1552.256,1790302422.121
16442,1552.320,1790302422.219
16443,1552.388,1790302422.287
16444,1552.520,1790302422.499
16445,1552.584,1790302422.568
16446,1552.652,1790302422.650
16447,1552.716,1790302422.774
16448,1552.784,1790302422.851
16449,1552.848,1790302422.933
16450,1552.916,1790302423.059
16451,1552.980,1790302423.135
16452,1553.048,1790302423.225
16453,1553.112,1790302423.345
16454,1553.180,1790302423.416
16455,1553.244,1790302423.493
16456,1553.312,1790302423.604
16457,1553.376,1790302423.681
16458,1553.508,1790302423.868
16459,1553.640,1790302424.038
16460,1553.708,1790302424.156
16461,1553.772,1790302424.238
16462,1553.840,1790302424.323
16463,1553.904,1790302424.453
16464,1554.036,1790302424.624
16465,1554.104,1790302424.743
16466,1554.168,1790302424.824
16467,1554.236,1790302424.915
16468,1554.300,1790302424.984
16469,1554.368,1790302425.091
16470,1554.432,1790302425.185
16471,1554.500,1790302425.252
16472,1554.564,1790302425.375
16473,1554.632,1790302425.472
16474,1554.696,1790302425.542
16475,1554.764,1790302425.672
16476,1554.828,1790302425.765
16477,1554.896,1790302425.831
16478,1554.960,1790302425.956
16479,1555.028,1790302426.055
16480,1555.092,1790302426.124
16481,1555.160,1790302426.256
16482,1555.292,1790302426.432
16483,1555.356,1790302426.565
16484,1555.424,1790302426.671
16485,1555.488,1790302426.755
16486,1555.620,1790302426.999
16487,1555.688,1790302427.063
16488,1555.752,1790302427.154
16489,1555.820,1790302427.284
16490,1555.884,1790302427.356
16491,1556.016,1790302427.558
16492,1556.084,1790302427.638
16493,1556.148,1790302427.723
16494,1556.216,1790302427.849
16495,1556.280,1790302427.926
16496,1556.348,1790302428.015
16497,1556.412,1790302428.138
16498,1556.480,1790302428.212
16499,1556.544,1790302428.296
16500,1556.676,1790302428.497
16501,1556.744,1790302428.584
16502,1556.808,1790302428.703
16503,1556.940,1790302428.868
16504,1557.008,1790302428.993
16505,1557.072,1790302429.073
16506,1557.140,1790302429.155
16507,1557.204,1790302429.282
16508,1557.272,1790302429.369
16509,1557.336,1790302429.452
16510,1557.404,1790302429.577
16511,1557.468,1790302429.663
16512,1557.536,1790302429.755
16513,1557.600,1790302429.822
16514,1557.668,1790302429.934
16515,1557.732,1790302430.034
16516,1557.800,1790302430.100
16517,1557.864,1790302430.223
16518,1557.932,1790302430.330
16519,1557.996,1790302430.399
16520,1558.064,1790302430.523
16521,1558.128,1790302430.614
16522,1558.196,1790302430.681
16523,1558.260,1790302430.813
16524,1558.328,1790302430.919
16525,1558.392,1790302431.005
16526,1558.460,1790302431.159
16527,1558.524,1790302431.269
16528,1558.592,1790302431.346
16529,1558.656,1790302431.480
16530,1558.788,1790302431.657
16531,1558.856,1790302431.774
16532,1558.920,1790302431.872
16533,1558.988,1790302431.951
16534,1559.052,1790302432.040
16535,1559.120,1790302432.160
16536,1559.184,1790302432.235
16537,1559.252,1790302432.322
16538,1559.316,1790302432.435
16539,1559.384,1790302432.515
16540,1559.448,1790302432.605
16541,1559.516,1790302432.722
16542,1559.580,1790302432.802
16543,1559.712,1790302433.021
16544,1559.780,1790302433.107
16545,1559.844,1790302433.201
16546,1559.912,1790302433.343
16547,1559.976,1790302433.426
16548,1560.044,1790302433.524
16549,1560.176,1790302433.751
16550,1560.240,1790302433.849
16551,1560.308,1790302433.994
16552,1560.440,1790302434.182
16553,1560.504,1790302434.302
16554,1560.572,1790302434.401
16555,1560.636,1790302434.503
16556,1560.768,1790302434.740
16557,1560.900,1790302434.908
16558,1560.968,1790302435.047
16559,1561.032,1790302435.143
16560,1561.100,1790302435.212
16561,1561.164,1790302435.354
16562,1561.232,1790302435.452
16563,1561.296,1790302435.520
16564,1561.428,1790302435.758
16565,1561.496,1790302435.828
16566,1561.560,1790302435.964
16567,1561.628,1790302436.071
16568,1561.692,1790302436.143
16569,1561.760,1790302436.274
16570,1561.824,1790302436.381
16571,1561.892,1790302436.454
16572,1561.956,1790302436.590
16573,1562.024,1790302436.709
16574,1562.088,1790302436.784
16575,1562.156,1790302436.925
16576,1562.288,1790302437.113
16577,1562.352,1790302437.209
16578,1562.420,1790302437.340
16579,1562.484,1790302437.423
16580,1562.552,1790302437.525
16581,1562.616,1790302437.654
16582,1562.684,1790302437.740
16583,1562.748,1790302437.827
16584,1562.816,1790302437.957
16585,1562.880,1790302438.045
16586,1562.948,1790302438.135
16587,1563.012,1790302438.267
16588,1563.080,1790302438.358
16589,1563.144,1790302438.441
16590,1563.212,1790302438.575
16591,1563.276,1790302438.663
16592,1563.344,1790302438.753
16593,1563.408,1790302438.891
16594,1563.476,1790302438.980
16595,1563.540,1790302439.071
16596,1563.608,1790302439.204
16597,1563.672,1790302439.296
16598,1563.740,1790302439.389
16599,1563.804,1790302439.525
16600,1563.872,1790302439.617
16601,1563.936,1790302439.708
16602,1564.004,1790302439.859
16603,1564.068,1790302439.955
16604,1564.136,1790302440.049
16605,1564.200,1790302440.130
16606,1564.268,1790302440.258
16607,1564.332,1790302440.345
16608,1564.400,1790302440.410
16609,1564.464,1790302440.531
16610,1564.532,1790302440.624
16611,1564.596,1790302440.685
16612,1564.664,1790302440.799
16613,1564.728,1790302440.897
16614,1564.796,1790302440.963
16615,1564.860,1790302441.082
16616,1564.992,1790302441.251
16617,1565.060,1790302441.367
16618,1565.124,1790302441.458
16619,1565.192,1790302441.523
16620,1565.324,1790302441.742
16621,1565.388,1790302441.807
16622,1565.456,1790302441.926
16623,1565.520,1790302442.025
16624,1565.588,1790302442.091
16625,1565.652,1790302442.169
16626,1565.720,1790302442.284
16627,1565.784,1790302442.354
16628,1565.852,1790302442.430
16629,1565.916,1790302442.558
16630,1565.984,1790302442.638
16631,1566.048,1790302442.718
16632,1566.116,1790302442.856
16633,1566.180,1790302442.940
16634,1566.248,1790302443.019
16635,1566.312,1790302443.137
16636,1566.380,1790302443.219
16637,1566.444,1790302443.298
16638,1566.512,1790302443.420
16639,1566.576,1790302443.493
16640,1566.644,1790302443.582
16641,1566.708,1790302443.703
16642,1566.840,1790302443.891
16643,1566.908,1790302444.023
16644,1566.972,1790302444.108
16645,1567.040,1790302444.202
16646,1567.104,1790302444.330
16647,1567.172,1790302444.416
16648,1567.236,1790302444.502
16649,1567.304,1790302444.617
16650,1567.368,1790302444.701
16651,1567.500,1790302444.859
16652,1567.632,1790302445.078
16653,1567.700,1790302445.146
16654,1567.832,1790302445.354
16655,1567.964,1790302445.526
16656,1568.096,1790302445.685
16657,1568.160,1790302445.821
16658,1568.228,1790302445.933
16659,1568.292,1790302446.011
16660,1568.424,1790302446.256
16661,1568.556,1790302446.473
16662,1568.688,1790302446.664
16663,1568.756,1790302446.794
16664,1568.820,1790302446.896
16665,1568.888,1790302446.958
16666,1568.952,1790302447.043
16667,1569.020,1790302447.166
16668,1569.084,1790302447.253
16669,1569.152,1790302447.347
16670,1569.216,1790302447.470
16671,1569.284,1790302447.537
16672,1569.480,1790302447.822
16673,1569.548,1790302447.912
16674,1569.680,1790302448.135
16675,1569.744,1790302448.226
16676,1569.812,1790302448.347
16677,1569.876,1790302448.432
16678,1569.944,1790302448.522
16679,1570.008,1790302448.645
16680,1570.076,1790302448.722
16681,1570.140,1790302448.806
16682,1570.208,1790302448.928
16683,1570.272,1790302449.009
16684,1570.340,1790302449.096
16685,1570.404,1790302449.214
16686,1570.536,1790302449.386
16687,1570.604,1790302449.513
16688,1570.736,1790302449.686
16689,1570.800,1790302449.752
16690,1570.868,1790302449.872
16691,1570.932,1790302449.956
16692,1571.000,1790302450.021
16693,1571.064,1790302450.144
16694,1571.132,1790302450.240
16695,1571.196,1790302450.302
16696,1571.264,1790302450.424
16697,1571.328,1790302450.519
16698,1571.396,1790302450.587
16699,1571.460,1790302450.720
16700,1571.528,1790302450.826
16701,1571.592,1790302450.905
16702,1571.660,1790302451.063
16703,1571.724,1790302451.167
16704,1571.856,1790302451.371
16705,1571.924,1790302451.480
16706,1571.988,1790302451.541
16707,1572.056,1790302451.670
16708,1572.120,1790302451.770
16709,1572.188,1790302451.834
16710,1572.252,1790302451.911
16711,1572.320,1790302452.028
16712,1572.384,1790302452.099
16713,1572.452,1790302452.190
16714,1572.516,1790302452.309
16715,1572.648,1790302452.458
16716,1572.716,1790302452.574
16717,1572.780,1790302452.652
16718,1572.848,1790302452.731
16719,1572.912,1790302452.864
16720,1572.980,1790302452.953
16721,1573.044,1790302453.042
16722,1573.112,1790302453.195
16723,1573.176,1790302453.279
16724,1573.244,1790302453.373
16725,1573.308,1790302453.506
16726,1573.440,1790302453.704
16727,1573.508,1790302453.853
16728,1573.572,1790302453.941
16729,1573.640,1790302454.037
16730,1573.772,1790302454.267
16731,1573.836,1790302454.360
16732,1573.904,1790302454.490
16733,1573.968,1790302454.587
16734,1574.036,1790302454.682
16735,1574.100,1790302454.753
16736,1574.168,1790302454.891
16737,1574.232,1790302454.993
16738,1574.300,1790302455.071
16739,1574.364,1790302455.200
16740,1574.432,1790302455.304
16741,1574.496,1790302455.384
16742,1574.628,1790302455.641
16743,1574.760,1790302455.859
16744,1574.828,1790302455.966
16745,1574.892,1790302456.049
16746,1574.960,1790302456.187
16747,1575.024,1790302456.296
16748,1575.092,1790302456.372
16749,1575.156,1790302456.521
16750,1575.224,1790302456.626
16751,1575.288,1790302456.708
16752,1575.420,1790302456.958
16753,1575.488,1790302457.042
16754,1575.620,1790302457.271
16755,1575.684,1790302457.352
16756,1575.752,1790302457.454
16757,1575.816,1790302457.586
16758,1575.884,1790302457.668
16759,1575.948,1790302457.770
16760,1576.016,1790302457.913
16761,1576.080,1790302457.992
16762,1576.148,1790302458.088
16763,1576.212,1790302458.224
16764,1576.280,1790302458.318
16765,1576.476,1790302458.657
16766,1576.608,1790302458.905
16767,1576.676,1790302459.000
16768,1576.740,1790302459.107
16769,1576.808,1790302459.241
16770,1576.872,1790302459.342
16771,1576.940,1790302459.449
16772,1577.004,1790302459.584
16773,1577.204,1790302459.923
16774,1577.268,1790302460.015
16775,1577.336,1790302460.116
16776,1577.400,1790302460.180
16777,1577.532,1790302460.381
16778,1577.600,1790302460.447
16779,1577.664,1790302460.561
16780,1577.732,1790302460.653
16781,1577.796,1790302460.713
16782,1577.864,1790302460.830
16783,1577.928,1790302460.932
16784,1577.996,1790302461.005
16785,1578.060,1790302461.123
16786,1578.128,1790302461.225
16787,1578.192,1790302461.296
16788,1578.260,1790302461.422
16789,1578.324,1790302461.522
16790,1578.392,1790302461.596
16791,1578.456,1790302461.720
16792,1578.524,1790302461.819
16793,1578.588,1790302461.889
16794,1578.656,1790302462.023
16795,1578.788,1790302462.192
16796,1578.852,1790302462.272
16797,1578.920,1790302462.384
16798,1578.984,1790302462.462
16799,1579.052,1790302462.541
16800,1579.116,1790302462.660
16801,1579.184,1790302462.732
16802,1579.248,1790302462.811
16803,1579.316,1790302462.930
16804,1579.380,1790302463.007
16805,1579.448,1790302463.086
16806,1579.512,1790302463.205
16807,1579.644,1790302463.366
16808,1579.712,1790302463.487
16809,1579.776,1790302463.569
16810,1579.844,1790302463.656
16811,1579.976,1790302463.868
16812,1580.108,1790302464.066
16813,1580.172,1790302464.151
16814,1580.240,1790302464.235
16815,1580.436,1790302464.523
16816,1580.504,1790302464.642
16817,1580.568,1790302464.724
16818,1580.636,1790302464.815
16819,1580.700,1790302464.889
16820,1580.768,1790302465.004
16821,1580.832,1790302465.096
16822,1580.900,1790302465.163
16823,1580.964,1790302465.276
16824,1581.032,1790302465.376
16825,1581.096,1790302465.439
16826,1581.164,1790302465.568
16827,1581.228,1790302465.665
16828,1581.296,1790302465.737
16829,1581.360,1790302465.871
16830,1581.428,1790302465.983
16831,1581.492,1790302466.050
16832,1581.560,1790302466.203
16833,1581.624,1790302466.313
16834,1581.756,1790302466.531
16835,1581.824,1790302466.648
16836,1581.888,1790302466.720
16837,1581.956,1790302466.843
16838,1582.020,1790302466.944
16839,1582.088,1790302467.009
16840,1582.220,1790302467.208
16841,1582.284,1790302467.284
16842,1582.352,1790302467.370
16843,1582.416,1790302467.490
16844,1582.484,1790302467.562
16845,1582.548,1790302467.650
16846,1582.616,1790302467.774
16847,1582.680,1790302467.845
16848,1582.812,1790302468.047
16849,1582.880,1790302468.124
16850,1582.944,1790302468.205
16851,1583.012,1790302468.338
16852,1583.076,1790302468.415
16853,1583.144,1790302468.502
16854,1583.208,1790302468.628
16855,1583.276,1790302468.709
16856,1583.340,1790302468.790
16857,1583.408,1790302468.910
16858,1583.540,1790302469.075
16859,1583.604,1790302469.193
16860,1583.672,1790302469.275
16861,1583.736,1790302469.370
16862,1583.804,1790302469.487
16863,1583.868,1790302469.571
16864,1583.936,1790302469.670
16865,1584.000,1790302469.732
16866,1584.068,1790302469.841
16867,1584.132,1790302469.939
16868,1584.264,1790302470.114
16869,1584.332,1790302470.204
16870,1584.396,1790302470.269
16871,1584.464,1790302470.399
16872,1584.528,1790302470.503
16873,1584.596,1790302470.574
16874,1584.660,1790302470.720
16875,1584.728,1790302470.819
16876,1584.792,1790302470.900
16877,1584.860,1790302471.035
16878,1584.924,1790302471.134
16879,1584.992,1790302471.204
16880,1585.056,1790302471.320
16881,1585.124,1790302471.417
16882,1585.188,1790302471.485
16883,1585.256,1790302471.597
16884,1585.320,1790302471.698
16885,1585.388,1790302471.782
16886,1585.452,1790302471.862
16887,1585.520,1790302471.984
16888,1585.584,1790302472.052
16889,1585.652,1790302472.137
16890,1585.784,1790302472.325
16891,1585.848,1790302472.405
16892,1585.916,1790302472.540
16893,1585.980,1790302472.620
16894,1586.048,1790302472.709
16895,1586.112,1790302472.848
16896,1586.180,1790302472.935
16897,1586.244,1790302473.032
16898,1586.312,1790302473.164
16899,1586.376,1790302473.244
16900,1586.444,1790302473.339
16901,1586.508,1790302473.471
16902,1586.576,1790302473.560
16903,1586.640,1790302473.651
16904,1586.708,1790302473.797
16905,1586.772,1790302473.860
16906,1586.840,1790302473.954
16907,1586.904,1790302474.088
16908,1586.972,1790302474.188
16909,1587.036,1790302474.288
16910,1587.104,1790302474.426
16911,1587.168,1790302474.519
16912,1587.236,1790302474.613
16913,1587.300,1790302474.682
16914,1587.368,1790302474.817
16915,1587.432,1790302474.910
16916,1587.500,1790302474.980
16917,1587.564,1790302475.112
16918,1587.632,1790302475.219
16919,1587.696,1790302475.291
16920,1587.764,1790302475.436
16921,1587.828,1790302475.542
16922,1587.896,1790302475.613
16923,1587.960,1790302475.742
16924,1588.028,1790302475.859
16925,1588.092,1790302475.928
16926,1588.224,1790302476.173
16927,1588.292,1790302476.251
16928,1588.356,1790302476.386
16929,1588.424,1790302476.489
16930,1588.556,1790302476.699
16931,1588.620,1790302476.810
16932,1588.688,1790302476.891
16933,1588.752,1790302476.988
16934,1588.820,1790302477.113
16935,1588.884,1790302477.197
16936,1588.952,1790302477.292
16937,1589.016,1790302477.420
16938,1589.084,1790302477.497
16939,1589.148,1790302477.587
16940,1589.216,1790302477.723
16941,1589.280,1790302477.799
16942,1589.348,1790302477.886
16943,1589.412,1790302478.022
16944,1589.480,1790302478.109
16945,1589.544,1790302478.203
16946,1589.612,1790302478.340
16947,1589.676,1790302478.424
16948,1589.744,1790302478.522
16949,1589.808,1790302478.657
16950,1589.876,1790302478.745
16951,1589.940,1790302478.840
16952,1590.072,1790302479.078
16953,1590.140,1790302479.175
16954,1590.204,1790302479.318
16955,1590.272,1790302479.407
16956,1590.336,1790302479.506
16957,1590.404,1790302479.644
16958,1590.468,1790302479.728
16959,1590.536,1790302479.817
16960,1590.600,1790302479.881
16961,1590.668,1790302479.992
16962,1590.732,1790302480.080
16963,1590.800,1790302480.148
16964,1590.864,1790302480.266
16965,1590.932,1790302480.368
16966,1591.064,1790302480.550
16967,1591.128,1790302480.641
16968,1591.196,1790302480.706
16969,1591.260,1790302480.833
16970,1591.328,1790302480.921
16971,1591.392,1790302480.993
16972,1591.524,1790302481.208
16973,1591.592,1790302481.273
16974,1591.656,1790302481.384
16975,1591.724,1790302481.481
16976,1591.788,1790302481.548
16977,1591.856,1790302481.660
16978,1591.920,1790302481.761
16979,1591.988,1790302481.832
16980,1592.052,1790302481.919
16981,1592.120,1790302482.036
16982,1592.184,1790302482.098
16983,1592.384,1790302482.366
16984,1592.448,1790302482.453
16985,1592.516,1790302482.573
16986,1592.580,1790302482.649
16987,1592.648,1790302482.734
16988,1592.712,1790302482.856
16989,1592.780,1790302482.929
16990,1592.844,1790302483.016
16991,1592.976,1790302483.217
16992,1593.044,1790302483.301
16993,1593.108,1790302483.420
16994,1593.176,1790302483.502
16995,1593.240,1790302483.582
16996,1593.308,1790302483.705
16997,1593.372,1790302483.786
16998,1593.572,1790302484.093
16999,1593.636,1790302484.174
17000,1593.704,1790302484.322
17001,1593.768,1790302484.405
17002,1593.836,1790302484.492
17003,1593.900,1790302484.555
17004,1593.968,1790302484.665
17005,1594.032,1790302484.755
17006,1594.100,1790302484.817
17007,1594.164,1790302484.933
17008,1594.232,1790302485.028
17009,1594.296,1790302485.085
17010,1594.364,1790302485.216
17011,1594.428,1790302485.321
17012,1594.496,1790302485.388
17013,1594.560,1790302485.523
17014,1594.628,1790302485.631
17015,1594.692,1790302485.701
17016,1594.824,1790302485.941
17017,1594.892,1790302486.020
17018,1594.956,1790302486.156
17019,1595.024,1790302486.252
17020,1595.088,1790302486.317
17021,1595.156,1790302486.434
17022,1595.220,1790302486.537
17023,1595.352,1790302486.682
17024,1595.420,1790302486.800
17025,1595.484,1790302486.870
17026,1595.552,1790302486.957
17027,1595.616,1790302487.077
17028,1595.684,1790302487.155
17029,1595.748,1790302487.242
17030,1595.816,1790302487.369
17031,1595.880,1790302487.443
17032,1595.948,1790302487.527
17033,1596.012,1790302487.648
17034,1596.080,1790302487.735
17035,1596.144,1790302487.823
17036,1596.212,1790302487.946
17037,1596.276,1790302488.022
17038,1596.344,1790302488.112
17039,1596.408,1790302488.234
17040,1596.476,1790302488.316
17041,1596.540,1790302488.406
17042,1596.608,1790302488.527
17043,1596.672,1790302488.604
17044,1596.740,1790302488.698
17045,1596.804,1790302488.822
17046,1596.936,1790302489.007
17047,1597.004,1790302489.129
17048,1597.068,1790302489.207
17049,1597.136,1790302489.303
17050,1597.200,1790302489.374
17051,1597.268,1790302489.492
17052,1597.400,1790302489.649
17053,1597.464,1790302489.769
17054,1597.532,1790302489.866
17055,1597.596,1790302489.932
17056,1597.664,1790302490.076
17057,1597.728,1790302490.179
17058,1597.796,1790302490.256
17059,1597.860,1790302490.392
17060,1597.928,1790302490.505
17061,1597.992,1790302490.586
17062,1598.060,1790302490.737
17063,1598.124,1790302490.835
17064,1598.192,1790302490.905
17065,1598.256,1790302491.038
17066,1598.388,1790302491.220
17067,1598.588,1790302491.535
17068,1598.652,1790302491.630
17069,1598.720,1790302491.756
17070,1598.784,1790302491.838
17071,1598.852,1790302491.922
17072,1598.916,1790302492.037
17073,1598.984,1790302492.125
17074,1599.116,1790302492.371
17075,1599.248,1790302492.545
17076,1599.312,1790302492.680
17077,1599.380,1790302492.770
17078,1599.444,1790302492.871
17079,1599.512,1790302493.010
17080,1599.576,1790302493.099
17081,1599.644,1790302493.200
17082,1599.840,1790302493.572
17083,1599.908,1790302493.702
17084,1600.040,1790302493.886
17085,1600.104,1790302494.025
17086,1600.172,1790302494.128
17087,1600.304,1790302494.335
17088,1600.436,1790302494.502
17089,1600.500,1790302494.566
17090,1600.568,1790302494.689
17091,1600.632,1790302494.790
17092,1600.700,1790302494.863
17093,1600.764,1790302494.992
17094,1600.832,1790302495.081
17095,1600.896,1790302495.145
17096,1600.964,1790302495.273
17097,1601.028,1790302495.367
17098,1601.096,1790302495.443
17099,1601.228,1790302495.682
17100,1601.292,1790302495.758
17101,1601.360,1790302495.894
17102,1601.492,1790302496.059
17103,1601.556,1790302496.182
17104,1601.624,1790302496.280
17105,1601.688,1790302496.362
17106,1601.756,1790302496.512
17107,1601.820,1790302496.630
17108,1601.888,1790302496.706
17109,1602.020,1790302496.939
17110,1602.084,1790302497.014
17111,1602.216,1790302497.249
17112,1602.284,1790302497.335
17113,1602.348,1790302497.425
17114,1602.416,1790302497.579
17115,1602.548,1790302497.778
17116,1602.612,1790302497.922
17117,1602.744,1790302498.108
17118,1602.812,1790302498.248
17119,1602.876,1790302498.344
17120,1602.944,1790302498.443
17121,1603.008,1790302498.594
17122,1603.076,1790302498.695
17123,1603.140,1790302498.797
17124,1603.208,1790302498.942
17125,1603.272,1790302499.040
17126,1603.404,1790302499.259
17127,1603.472,1790302499.345
17128,1603.536,1790302499.440
17129,1603.604,1790302499.564
17130,1603.668,1790302499.643
17131,1603.932,1790302499.985
17132,1604.000,1790302500.048
17133,1604.132,1790302500.231
17134,1604.196,1790302500.298
17135,1604.264,1790302500.462
17136,1604.328,1790302500.556
17137,1604.396,1790302500.624
17138,1604.460,1790302500.735
17139,1604.528,1790302500.828
17140,1604.592,1790302500.895
17141,1604.660,1790302501.016
17142,1604.724,1790302501.119
17143,1604.792,1790302501.187
17144,1604.856,1790302501.298
17145,1604.924,1790302501.410
17146,1604.988,1790302501.473
17147,1605.056,1790302501.611
17148,1605.120,1790302501.711
17149,1605.252,1790302501.867
17150,1605.320,1790302501.994
17151,1605.384,1790302502.063
17152,1605.452,1790302502.152
17153,1605.516,1790302502.265
17154,1605.584,1790302502.356
17155,1605.648,1790302502.444
17156,1605.716,1790302502.567
17157,1605.780,1790302502.642
17158,1605.848,1790302502.723
17159,1605.912,1790302502.845
17160,1605.980,1790302502.921
17161,1606.044,1790302503.001
17162,1606.112,1790302503.122
17163,1606.176,1790302503.198
17164,1606.244,1790302503.283
17165,1606.308,1790302503.400
17166,1606.376,1790302503.476
17167,1606.440,1790302503.560
17168,1606.508,1790302503.684
17169,1606.572,1790302503.762
17170,1606.704,1790302503.960
17171,1606.772,1790302504.041
17172,1606.836,1790302504.125
17173,1606.904,1790302504.243
17174,1606.968,1790302504.333
17175,1607.036,1790302504.434
17176,1607.100,1790302504.504
17177,1607.168,1790302504.635
17178,1607.232,1790302504.720
17179,1607.364,1790302504.903
17180,1607.432,1790302505.003
17181,1607.496,1790302505.069
17182,1607.564,1790302505.195
17183,1607.628,1790302505.297
17184,1607.760,1790302505.519
17185,1607.828,1790302505.629
17186,1607.892,1790302505.702
17187,1607.960,1790302505.842
17188,1608.024,1790302505.950
17189,1608.092,1790302506.020
17190,1608.156,1790302506.140
17191,1608.224,1790302506.242
17192,1608.288,1790302506.311
17193,1608.356,1790302506.433
17194,1608.420,1790302506.538
17195,1608.552,1790302506.694
17196,1608.620,1790302506.811
17197,1608.684,1790302506.891
17198,1608.752,1790302506.984
17199,1608.816,1790302507.110
17200,1608.884,1790302507.187
17201,1608.948,1790302507.270
17202,1609.016,1790302507.396
17203,1609.080,1790302507.477
17204,1609.148,1790302507.565
17205,1609.212,1790302507.700
17206,1609.412,1790302507.977
17207,1609.476,1790302508.051
17208,1609.608,1790302508.272
17209,1609.740,1790302508.434
17210,1609.808,1790302508.577
17211,1609.872,1790302508.666
17212,1609.940,1790302508.762
17213,1610.004,1790302508.888
17214,1610.072,1790302508.976
17215,1610.136,1790302509.054
17216,1610.204,1790302509.173
17217,1610.268,1790302509.281
17218,1610.336,1790302509.383
17219,1610.400,1790302509.443
17220,1610.468,1790302509.560
17221,1610.532,1790302509.653
17222,1610.600,1790302509.717
17223,1610.664,1790302509.828
17224,1610.732,1790302509.931
17225,1610.796,1790302510.001
17226,1610.864,1790302510.138
17227,1610.928,1790302510.241
17228,1610.996,1790302510.316
17229,1611.060,1790302510.460
17230,1611.128,1790302510.570
17231,1611.192,1790302510.639
17232,1611.260,1790302510.758
17233,1611.324,1790302510.855
17234,1611.392,1790302510.920
17235,1611.456,1790302511.038
17236,1611.524,1790302511.145
17237,1611.588,1790302511.214
17238,1611.656,1790302511.340
17239,1611.720,1790302511.441
17240,1611.788,1790302511.504
17241,1611.920,1790302511.718
17242,1611.984,1790302511.790
17243,1612.052,1790302511.874
17244,1612.116,1790302512.014
17245,1612.184,1790302512.105
17246,1612.248,1790302512.204
17247,1612.316,1790302512.358
17248,1612.380,1790302512.444
17249,1612.448,1790302512.544
17250,1612.580,1790302512.756
17251,1612.644,1790302512.851
17252,1612.712,1790302513.003
17253,1612.776,1790302513.086
17254,1612.908,1790302513.324
17255,1612.976,1790302513.410
17256,1613.040,1790302513.499
17257,1613.108,1790302513.643
17258,1613.172,1790302513.734
17259,1613.240,1790302513.843
17260,1613.304,1790302514.032
17261,1613.372,1790302514.133
17262,1613.436,1790302514.235
17263,1613.504,1790302514.379
17264,1613.568,1790302514.480
17265,1613.636,1790302514.579
17266,1613.700,1790302514.653
17267,1613.768,1790302514.778
17268,1613.832,1790302514.878
17269,1613.900,1790302514.957
17270,1613.964,1790302515.083
17271,1614.032,1790302515.200
17272,1614.096,1790302515.281
17273,1614.164,1790302515.443
17274,1614.296,1790302515.608
17275,1614.360,1790302515.734
17276,1614.428,1790302515.849
17277,1614.492,1790302515.925
17278,1614.560,1790302516.078
17279,1614.624,1790302516.186
17280,1614.692,1790302516.272
17281,1614.756,1790302516.415
17282,1614.824,1790302516.525
17283,1614.888,1790302516.601
17284,1614.956,1790302516.735
17285,1615.020,1790302516.843
17286,1615.088,1790302516.920
17287,1615.152,1790302517.012
17288,1615.220,1790302517.148
17289,1615.284,1790302517.228
17290,1615.352,1790302517.319
17291,1615.416,1790302517.453
17292,1615.484,1790302517.534
17293,1615.548,1790302517.632
17294,1615.616,1790302517.768
17295,1615.680,1790302517.853
17296,1615.748,1790302517.953
17297,1615.812,1790302518.098
17298,1615.880,1790302518.179
17299,1616.012,1790302518.417
17300,1616.076,1790302518.507
17301,1616.144,1790302518.599
17302,1616.208,1790302518.748
17303,1616.276,1790302518.834
17304,1616.408,1790302519.102
17305,1616.604,1790302519.424
17306,1616.672,1790302519.514
17307,1616.736,1790302519.606
17308,1616.804,1790302519.731
17309,1616.936,1790302519.904
17310,1617.000,1790302519.966
17311,1617.068,1790302520.087
17312,1617.132,1790302520.168
17313,1617.200,1790302520.236
17314,1617.264,1790302520.372
17315,1617.332,1790302520.475
17316,1617.396,1790302520.543
17317,1617.464,1790302520.676
17318,1617.528,1790302520.768
17319,1617.596,1790302520.835
17320,1617.660,1790302520.953
17321,1617.728,1790302521.049
17322,1617.792,1790302521.122
17323,1617.860,1790302521.235
17324,1617.924,1790302521.328
17325,1618.056,1790302521.503
17326,1618.124,1790302521.597
17327,1618.188,1790302521.659
17328,1618.320,1790302521.862
17329,1618.388,1790302521.928
17330,1618.452,1790302521.999
17331,1618.520,1790302522.113
17332,1618.584,1790302522.185
17333,1618.652,1790302522.259
17334,1618.716,1790302522.361
17335,1618.784,1790302522.440
17336,1618.848,1790302522.519
17337,1618.916,1790302522.645
17338,1619.048,1790302522.801
17339,1619.112,1790302522.922
17340,1619.180,1790302522.994
17341,1619.244,1790302523.078
17342,1619.312,1790302523.204
17343,1619.376,1790302523.281
17344,1619.444,1790302523.365
17345,1619.508,1790302523.487
17346,1619.576,1790302523.564
17347,1619.640,1790302523.650
17348,1619.708,1790302523.782
17349,1619.772,1790302523.870
17350,1619.904,1790302524.084
17351,1619.972,1790302524.164
17352,1620.036,1790302524.244
17353,1620.104,1790302524.357
17354,1620.168,1790302524.440
17355,1620.236,1790302524.530
17356,1620.300,1790302524.593
17357,1620.432,1790302524.778
17358,1620.500,1790302524.842
17359,1620.564,1790302524.962
17360,1620.632,1790302525.063
17361,1620.696,1790302525.127
17362,1620.764,1790302525.263
17363,1620.828,1790302525.369
17364,1620.896,1790302525.456
17365,1620.960,1790302525.595
17366,1621.028,1790302525.698
17367,1621.092,1790302525.772
17368,1621.160,1790302525.905
17369,1621.292,1790302526.073
17370,1621.356,1790302526.190
17371,1621.424,1790302526.297
17372,1621.488,1790302526.358
17373,1621.556,1790302526.480
17374,1621.620,1790302526.616
17375,1621.688,1790302526.686
17376,1621.752,1790302526.780
17377,1621.820,1790302526.906
17378,1621.884,1790302526.976
17379,1621.952,1790302527.055
17380,1622.016,1790302527.170
17381,1622.084,1790302527.236
17382,1622.148,1790302527.324
17383,1622.216,1790302527.446
17384,1622.280,1790302527.520
17385,1622.348,1790302527.597
17386,1622.412,1790302527.722
17387,1622.480,1790302527.799
17388,1622.544,1790302527.880
17389,1622.612,1790302528.003
17390,1622.676,1790302528.078
17391,1622.744,1790302528.156
17392,1622.808,1790302528.277
17393,1622.876,1790302528.358
17394,1622.940,1790302528.443
17395,1623.008,1790302528.563
17396,1623.072,1790302528.639
17397,1623.140,1790302528.720
17398,1623.204,1790302528.844
17399,1623.272,1790302528.931
17400,1623.336,1790302529.025
17401,1623.404,1790302529.150
17402,1623.468,1790302529.230
17403,1623.536,1790302529.318
17404,1623.600,1790302529.386
17405,1623.668,1790302529.518
17406,1623.732,1790302529.610
17407,1623.800,1790302529.677
17408,1623.864,1790302529.808
17409,1623.932,1790302529.907
17410,1623.996,1790302529.984
17411,1624.064,1790302530.116
17412,1624.128,1790302530.215
17413,1624.260,1790302530.427
17414,1624.328,1790302530.516
17415,1624.392,1790302530.578
17416,1624.460,1790302530.684
17417,1624.524,1790302530.779
17418,1624.592,1790302530.845
17419,1624.656,1790302530.963
17420,1624.724,1790302531.057
17421,1624.788,1790302531.122
17422,1624.856,1790302531.232
17423,1624.920,1790302531.325
17424,1624.988,1790302531.399
17425,1625.052,1790302531.481
17426,1625.120,1790302531.585
17427,1625.184,1790302531.651
17428,1625.252,1790302531.736
17429,1625.384,1790302531.952
17430,1625.580,1790302532.248
17431,1625.648,1790302532.331
17432,1625.780,1790302532.544
17433,1625.844,1790302532.632
17434,1625.912,1790302532.767
17435,1625.976,1790302532.841
17436,1626.044,1790302532.925
17437,1626.176,1790302533.139
17438,1626.240,1790302533.222
17439,1626.308,1790302533.351
17440,1626.372,1790302533.437
17441,1626.440,1790302533.527
17442,1626.504,1790302533.667
17443,1626.572,1790302533.762
17444,1626.636,1790302533.855
17445,1626.704,1790302533.989
17446,1626.768,1790302534.077
17447,1626.836,1790302534.175
17448,1626.900,1790302534.252
17449,1626.968,1790302534.382
17450,1627.032,1790302534.483
17451,1627.164,1790302534.690
17452,1627.232,1790302534.785
17453,1627.296,1790302534.862
17454,1627.364,1790302534.996
17455,1627.428,1790302535.091
17456,1627.496,1790302535.163
17457,1627.628,1790302535.400
17458,1627.692,1790302535.471
17459,1627.760,1790302535.608
17460,1627.824,1790302535.709
17461,1627.956,1790302535.912
17462,1628.024,1790302536.029
17463,1628.088,1790302536.102
17464,1628.156,1790302536.235
17465,1628.220,1790302536.344
17466,1628.288,1790302536.415
17467,1628.352,1790302536.499
17468,1628.420,1790302536.637
17469,1628.484,1790302536.714
17470,1628.552,1790302536.806
17471,1628.616,1790302536.929
17472,1628.684,1790302537.004
17473,1628.748,1790302537.089
17474,1628.816,1790302537.226
17475,1628.880,1790302537.318
17476,1628.948,1790302537.404
17477,1629.012,1790302537.550
17478,1629.080,1790302537.647
17479,1629.144,1790302537.732
17480,1629.212,1790302537.866
17481,1629.276,1790302537.954
17482,1629.408,1790302538.186
17483,1629.476,1790302538.276
17484,1629.608,1790302538.499
17485,1629.672,1790302538.584
17486,1629.740,1790302538.679
17487,1629.804,1790302538.807
17488,1629.872,1790302538.892
17489,1629.936,1790302538.967
17490,1630.004,1790302539.084
17491,1630.068,1790302539.165
17492,1630.136,1790302539.247
17493,1630.200,1790302539.309
17494,1630.268,1790302539.424
17495,1630.332,1790302539.511
17496,1630.400,1790302539.577
17497,1630.464,1790302539.698
17498,1630.532,1790302539.789
17499,1630.664,1790302539.961
17500,1630.728,1790302540.058
17501,1630.796,1790302540.123
17502,1630.860,1790302540.236
17503,1630.928,1790302540.346
17504,1630.992,1790302540.409
17505,1631.060,1790302540.521
17506,1631.124,1790302540.614
17507,1631.192,1790302540.680
17508,1631.256,1790302540.801
17509,1631.324,1790302540.892
17510,1631.388,1790302540.952
17511,1631.520,1790302541.172
17512,1631.588,1790302541.237
17513,1631.720,1790302541.422
17514,1631.784,1790302541.491
17515,1631.852,1790302541.576
17516,1631.916,1790302541.684
17517,1631.984,1790302541.756
17518,1632.048,1790302541.838
17519,1632.116,1790302541.949
17520,1632.180,1790302542.030
17521,1632.248,1790302542.109
17522,1632.312,1790302542.219
17523,1632.380,1790302542.294
17524,1632.444,1790302542.374
17525,1632.512,1790302542.493
17526,1632.576,1790302542.571
17527,1632.644,1790302542.653
17528,1632.708,1790302542.776
17529,1632.776,1790302542.855
17530,1632.840,1790302542.940
17531,1632.908,1790302543.052
17532,1633.040,1790302543.224
17533,1633.104,1790302543.346
17534,1633.172,1790302543.433
17535,1633.236,1790302543.518
17536,1633.304,1790302543.647
17537,1633.368,1790302543.730
17538,1633.436,1790302543.823
17539,1633.500,1790302543.884
17540,1633.632,1790302544.090
17541,1633.700,1790302544.153
17542,1633.764,1790302544.271
17543,1633.832,1790302544.376
17544,1633.896,1790302544.442
17545,1633.964,1790302544.577
17546,1634.028,1790302544.666
17547,1634.096,1790302544.736
17548,1634.160,1790302544.875
17549,1634.228,1790302544.985
17550,1634.292,1790302545.049
17551,1634.424,1790302545.270
17552,1634.492,1790302545.334
17553,1634.556,1790302545.447
17554,1634.624,1790302545.546
17555,1634.688,1790302545.610
17556,1634.820,1790302545.837
17557,1634.888,1790302545.903
17558,1634.952,1790302545.990
17559,1635.020,1790302546.102
17560,1635.084,1790302546.173
17561,1635.152,1790302546.253
17562,1635.216,1790302546.392
17563,1635.284,1790302546.475
17564,1635.348,1790302546.564
17565,1635.416,1790302546.698
17566,1635.480,1790302546.779
17567,1635.548,1790302546.877
17568,1635.612,1790302547.017
17569,1635.680,1790302547.102
17570,1635.744,1790302547.197
17571,1635.812,1790302547.326
17572,1635.876,1790302547.411
17573,1636.008,1790302547.631
17574,1636.076,1790302547.718
17575,1636.208,1790302547.949
17576,1636.272,1790302548.031
17577,1636.340,1790302548.117
17578,1636.404,1790302548.256
17579,1636.472,1790302548.349
17580,1636.536,1790302548.448
17581,1636.604,1790302548.586
17582,1636.668,1790302548.672
17583,1636.736,1790302548.759
17584,1636.800,1790302548.828
17585,1636.868,1790302548.965
17586,1636.932,1790302549.052
17587,1637.000,1790302549.118
17588,1637.064,1790302549.244
17589,1637.132,1790302549.346
17590,1637.196,1790302549.410
17591,1637.264,1790302549.536
17592,1637.328,1790302549.636
17593,1637.396,1790302549.703
17594,1637.460,1790302549.831
17595,1637.528,1790302549.932
17596,1637.592,1790302550.004
17597,1637.660,1790302550.135
17598,1637.724,1790302550.265
17599,1637.792,1790302550.352
17600,1637.856,1790302550.492
17601,1637.924,1790302550.593
17602,1637.988,1790302550.672
17603,1638.056,1790302550.811
17604,1638.120,1790302550.913
17605,1638.188,1790302551.015
17606,1638.252,1790302551.112
17607,1638.320,1790302551.270
17608,1638.384,1790302551.386
17609,1638.452,1790302551.494
17610,1638.516,1790302551.637
17611,1638.584,1790302551.727
17612,1638.648,1790302551.817
17613,1638.716,1790302551.961
17614,1638.780,1790302552.046
17615,1638.848,1790302552.132
17616,1638.912,1790302552.268
17617,1638.980,1790302552.359
17618,1639.044,1790302552.463
17619,1639.112,1790302552.614
17620,1639.176,1790302552.698
17621,1639.244,1790302552.790
17622,1639.308,1790302552.919
17623,1639.376,1790302553.010
17624,1639.440,1790302553.124
17625,1639.508,1790302553.257
17626,1639.572,1790302553.345
17627,1639.640,1790302553.441
17628,1639.704,1790302553.579
17629,1639.772,1790302553.677
17630,1639.836,1790302553.770
17631,1639.904,1790302553.907
17632,1639.968,1790302554.006
17633,1640.100,1790302554.177
17634,1640.168,1790302554.307
17635,1640.232,1790302554.403
17636,1640.300,1790302554.471
17637,1640.432,1790302554.698
17638,1640.496,1790302554.770
17639,1640.564,1790302554.908
17640,1640.628,1790302555.001
17641,1640.760,1790302555.215
17642,1640.892,1790302555.395
17643,1640.960,1790302555.536
17644,1641.024,1790302555.643
17645,1641.092,1790302555.724
17646,1641.156,1790302555.860
17647,1641.224,1790302555.972
17648,1641.288,1790302556.049
17649,1641.356,1790302556.192
17650,1641.420,1790302556.303
17651,1641.552,1790302556.480
17652,1641.620,1790302556.629
17653,1641.684,1790302556.714
17654,1641.752,1790302556.802
17655,1641.816,1790302556.920
17656,1641.884,1790302557.000
17657,1641.948,1790302557.090
17658,1642.016,1790302557.231
17659,1642.080,1790302557.311
17660,1642.148,1790302557.407
17661,1642.212,1790302557.539
17662,1642.280,1790302557.626
17663,1642.412,1790302557.837
17664,1642.476,1790302557.920
17665,1642.544,1790302558.016
17666,1642.608,1790302558.153
17667,1642.676,1790302558.246
17668,1642.740,1790302558.348
17669,1642.808,1790302558.490
17670,1642.872,1790302558.586
17671,1642.940,1790302558.685
17672,1643.004,1790302558.845
17673,1643.072,1790302558.935
17674,1643.204,1790302559.178
17675,1643.268,1790302559.270
17676,1643.336,1790302559.364
17677,1643.400,1790302559.426
17678,1643.468,1790302559.541
17679,1643.532,1790302559.634
17680,1643.600,1790302559.698
17681,1643.664,1790302559.818
17682,1643.732,1790302559.914
17683,1643.796,1790302559.978
17684,1643.864,1790302560.104
17685,1643.928,1790302560.206
17686,1643.996,1790302560.276
17687,1644.060,1790302560.401
17688,1644.192,1790302560.575
17689,1644.260,1790302560.743
17690,1644.324,1790302560.853
17691,1644.392,1790302560.932
17692,1644.456,1790302561.081
17693,1644.524,1790302561.195
17694,1644.588,1790302561.278
17695,1644.656,1790302561.419
17696,1644.788,1790302561.610
17697,1644.920,1790302561.876
17698,1644.984,1790302561.956
17699,1645.116,1790302562.214
17700,1645.184,1790302562.302
17701,1645.248,1790302562.397
17702,1645.380,1790302562.613
17703,1645.448,1790302562.694
17704,1645.512,1790302562.830
17705,1645.644,1790302562.998
17706,1645.712,1790302563.130
17707,1645.776,1790302563.215
17708,1645.844,1790302563.298
17709,1645.908,1790302563.439
17710,1646.040,1790302563.614
17711,1646.108,1790302563.753
17712,1646.172,1790302563.842
17713,1646.240,1790302563.951
17714,1646.304,1790302564.101
17715,1646.372,1790302564.203
17716,1646.436,1790302564.304
17717,1646.504,1790302564.450
17718,1646.568,1790302564.548
17719,1646.636,1790302564.663
17720,1646.700,1790302564.747
17721,1646.832,1790302564.999
17722,1646.900,1790302565.076
17723,1647.032,1790302565.325
17724,1647.096,1790302565.404
17725,1647.164,1790302565.551
17726,1647.228,1790302565.659
17727,1647.296,1790302565.735
17728,1647.360,1790302565.859
17729,1647.428,1790302565.961
17730,1647.492,1790302566.038
17731,1647.624,1790302566.275
17732,1647.692,1790302566.345
17733,1647.756,1790302566.474
17734,1647.824,1790302566.579
17735,1647.888,1790302566.659
17736,1647.956,1790302566.799
17737,1648.020,1790302566.926
17738,1648.088,1790302567.010
17739,1648.152,1790302567.101
17740,1648.284,1790302567.315
17741,1648.352,1790302567.406
17742,1648.416,1790302567.539
17743,1648.484,1790302567.622
17744,1648.548,1790302567.718
17745,1648.616,1790302567.860
17746,1648.680,1790302567.939
17747,1648.748,1790302568.024
17748,1648.812,1790302568.184
17749,1648.880,1790302568.286
17750,1648.944,1790302568.368
17751,1649.012,1790302568.497
17752,1649.076,1790302568.575
17753,1649.144,1790302568.651
17754,1649.208,1790302568.776
17755,1649.276,1790302568.850
17756,1649.340,1790302568.933
17757,1649.408,1790302569.045
17758,1649.472,1790302569.129
17759,1649.540,1790302569.212
17760,1649.604,1790302569.329
17761,1649.672,1790302569.412
17762,1649.736,1790302569.496
17763,1649.804,1790302569.614
17764,1649.868,1790302569.704
17765,1649.936,1790302569.798
17766,1650.068,1790302569.991
17767,1650.132,1790302570.089
17768,1650.200,1790302570.153
17769,1650.264,1790302570.285
17770,1650.332,1790302570.388
17771,1650.396,1790302570.453
17772,1650.464,1790302570.602
17773,1650.528,1790302570.707
17774,1650.596,1790302570.781
17775,1650.660,1790302570.912
17776,1650.728,1790302571.014
17777,1650.792,1790302571.078
17778,1650.860,1790302571.202
17779,1650.924,1790302571.302
17780,1650.992,1790302571.376
17781,1651.056,1790302571.502
17782,1651.188,1790302571.679
17783,1651.256,1790302571.795
17784,1651.320,1790302571.884
17785,1651.388,1790302571.952
17786,1651.452,1790302572.022
17787,1651.520,1790302572.127
17788,1651.584,1790302572.197
17789,1651.652,1790302572.275
17790,1651.716,1790302572.388
17791,1651.848,1790302572.543
17792,1651.916,1790302572.677
17793,1651.980,1790302572.758
17794,1652.048,1790302572.850
17795,1652.112,1790302572.977
17796,1652.180,1790302573.062
17797,1652.244,1790302573.145
17798,1652.312,1790302573.279
17799,1652.376,1790302573.361
17800,1652.444,1790302573.439
17801,1652.508,1790302573.555
17802,1652.576,1790302573.641
17803,1652.640,1790302573.717
17804,1652.708,1790302573.829
17805,1652.772,1790302573.906
17806,1652.840,1790302573.986
17807,1652.904,1790302574.100
17808,1652.972,1790302574.181
17809,1653.036,1790302574.267
17810,1653.104,1790302574.382
17811,1653.168,1790302574.464
17812,1653.236,1790302574.554
17813,1653.300,1790302574.618
17814,1653.368,1790302574.741
17815,1653.432,1790302574.829
17816,1653.500,1790302574.892
17817,1653.564,1790302575.023
17818,1653.632,1790302575.124
17819,1653.696,1790302575.188
17820,1653.764,1790302575.332
17821,1653.896,1790302575.510
17822,1653.960,1790302575.647
17823,1654.028,1790302575.751
17824,1654.092,1790302575.815
17825,1654.160,1790302575.938
17826,1654.224,1790302576.037
17827,1654.356,1790302576.211
17828,1654.424,1790302576.311
17829,1654.488,1790302576.377
17830,1654.556,1790302576.494
17831,1654.620,1790302576.592
17832,1654.688,1790302576.657
17833,1654.752,1790302576.750
17834,1654.884,1790302576.951
17835,1654.952,1790302577.039
17836,1655.016,1790302577.156
17837,1655.084,1790302577.229
17838,1655.148,1790302577.319
17839,1655.216,1790302577.450
17840,1655.280,1790302577.528
17841,1655.348,1790302577.607
17842,1655.412,1790302577.739
17843,1655.480,1790302577.816
17844,1655.544,1790302577.899
17845,1655.612,1790302578.017
17846,1655.676,1790302578.089
17847,1655.744,1790302578.177
17848,1655.808,1790302578.302
17849,1655.876,1790302578.379
17850,1655.940,1790302578.455
17851,1656.008,1790302578.572
17852,1656.140,1790302578.731
17853,1656.204,1790302578.851
17854,1656.272,1790302578.934
17855,1656.336,1790302579.014
17856,1656.404,1790302579.135
17857,1656.468,1790302579.222
17858,1656.536,1790302579.304
17859,1656.600,1790302579.377
17860,1656.668,1790302579.497
17861,1656.732,1790302579.584
17862,1656.800,1790302579.648
17863,1656.932,1790302579.858
17864,1656.996,1790302579.919
17865,1657.064,1790302580.030
17866,1657.196,1790302580.187
17867,1657.260,1790302580.299
17868,1657.328,1790302580.397
17869,1657.392,1790302580.459
17870,1657.460,1790302580.574
17871,1657.524,1790302580.667
17872,1657.592,1790302580.733
17873,1657.656,1790302580.854
17874,1657.724,1790302580.947
17875,1657.788,1790302581.011
17876,1657.856,1790302581.122
17877,1657.920,1790302581.219
17878,1657.988,1790302581.285
17879,1658.052,1790302581.369
17880,1658.184,1790302581.552
17881,1658.252,1790302581.638
17882,1658.316,1790302581.756
17883,1658.384,1790302581.825
17884,1658.580,1790302582.094
17885,1658.648,1790302582.182
17886,1658.712,1790302582.301
17887,1658.780,1790302582.370
17888,1658.844,1790302582.449
17889,1658.912,1790302582.573
17890,1658.976,1790302582.649
17891,1659.044,1790302582.728
17892,1659.108,1790302582.844
17893,1659.176,1790302582.927
17894,1659.240,1790302583.005
17895,1659.372,1790302583.216
17896,1659.440,1790302583.304
17897,1659.504,1790302583.423
17898,1659.704,1790302583.693
17899,1659.768,1790302583.776
17900,1659.836,1790302583.867
17901,1659.968,1790302584.042
17902,1660.032,1790302584.135
17903,1660.100,1790302584.199
17904,1660.164,1790302584.315
17905,1660.232,1790302584.413
17906,1660.296,1790302584.474
17907,1660.364,1790302584.587
17908,1660.428,1790302584.677
17909,1660.496,1790302584.741
17910,1660.560,1790302584.862
17911,1660.628,1790302584.963
17912,1660.692,1790302585.028
17913,1660.760,1790302585.135
17914,1660.824,1790302585.234
17915,1660.892,1790302585.302
17916,1660.956,1790302585.425
17917,1661.024,1790302585.521
17918,1661.088,1790302585.585
17919,1661.156,1790302585.696
17920,1661.220,1790302585.793
17921,1661.288,1790302585.862
17922,1661.352,1790302585.943
17923,1661.420,1790302586.060
17924,1661.484,1790302586.127
17925,1661.552,1790302586.202
17926,1661.616,1790302586.313
17927,1661.684,1790302586.381
17928,1661.816,1790302586.580
17929,1661.880,1790302586.651
17930,1662.012,1790302586.842
17931,1662.080,1790302586.911
17932,1662.144,1790302586.997
17933,1662.212,1790302587.113
17934,1662.276,1790302587.190
17935,1662.408,1790302587.387
17936,1662.540,1790302587.544
17937,1662.608,1790302587.660
17938,1662.740,1790302587.833
17939,1662.804,1790302587.964
17940,1662.872,1790302588.047
17941,1662.936,1790302588.133
17942,1663.004,1790302588.256
17943,1663.068,1790302588.339
17944,1663.136,1790302588.425
17945,1663.200,1790302588.485
17946,1663.268,1790302588.606
17947,1663.332,1790302588.696
17948,1663.400,1790302588.760
17949,1663.464,1790302588.861
17950,1663.532,1790302588.948
17951,1663.596,1790302589.008
17952,1663.664,1790302589.136
17953,1663.728,1790302589.229
17954,1663.860,1790302589.424
17955,1663.928,1790302589.516
17956,1664.060,1790302589.704
17957,1664.124,1790302589.788
17958,1664.192,1790302589.852
17959,1664.256,1790302589.971
17960,1664.324,1790302590.065
17961,1664.388,1790302590.140
17962,1664.456,1790302590.263
17963,1664.520,1790302590.366
17964,1664.588,1790302590.433
17965,1664.652,1790302590.511
17966,1664.784,1790302590.680
17967,1664.852,1790302590.762
17968,1664.916,1790302590.869
17969,1665.048,1790302591.024
17970,1665.180,1790302591.221
17971,1665.248,1790302591.300
17972,1665.380,1790302591.487
17973,1665.444,1790302591.573
17974,1665.512,1790302591.695
17975,1665.576,1790302591.769
17976,1665.644,1790302591.857
17977,1665.708,1790302591.974
17978,1665.776,1790302592.050
17979,1665.840,1790302592.124
17980,1665.908,1790302592.248
17981,1665.972,1790302592.319
17982,1666.040,1790302592.398
17983,1666.104,1790302592.512
17984,1666.172,1790302592.588
17985,1666.236,1790302592.679
17986,1666.304,1790302592.797
17987,1666.368,1790302592.879
17988,1666.436,1790302592.970
17989,1666.500,1790302593.037
17990,1666.568,1790302593.146
17991,1666.632,1790302593.238
17992,1666.764,1790302593.416
17993,1666.832,1790302593.502
17994,1666.896,1790302593.566
17995,1666.964,1790302593.683
17996,1667.028,1790302593.772
17997,1667.096,1790302593.837
17998,1667.160,1790302593.948
17999,1667.228,1790302594.047
18000,1667.292,1790302594.115
18001,1667.360,1790302594.231
18002,1667.424,1790302594.330
18003,1667.492,1790302594.395
18004,1667.556,1790302594.514
18005,1667.624,1790302594.610
18006,1667.688,1790302594.672
18007,1667.756,1790302594.787
18008,1667.820,1790302594.887
18009,1667.888,1790302594.960
18010,1667.952,1790302595.040
18011,1668.020,1790302595.150
18012,1668.084,1790302595.220
18013,1668.152,1790302595.309
18014,1668.216,1790302595.415
18015,1668.284,1790302595.484
18016,1668.348,1790302595.573
18017,1668.416,1790302595.693
18018,1668.480,1790302595.763
18019,1668.548,1790302595.846
18020,1668.680,1790302596.037
18021,1668.744,1790302596.112
18022,1668.876,1790302596.310
18023,1668.944,1790302596.401
18024,1669.076,1790302596.602
18025,1669.140,1790302596.685
18026,1669.208,1790302596.799
18027,1669.340,1790302596.963
18028,1669.404,1790302597.082
18029,1669.472,1790302597.161
18030,1669.536,1790302597.240
18031,1669.604,1790302597.354
18032,1669.668,1790302597.435
18033,1669.736,1790302597.519
18034,1669.800,1790302597.581
18035,1669.868,1790302597.691
18036,1669.932,1790302597.782
18037,1670.000,1790302597.853
18038,1670.064,1790302597.957
18039,1670.132,1790302598.048
18040,1670.264,1790302598.227
18041,1670.328,1790302598.316
18042,1670.396,1790302598.383
18043,1670.460,1790302598.488
18044,1670.528,1790302598.578
18045,1670.592,1790302598.640
18046,1670.660,1790302598.759
18047,1670.856,1790302599.035
18048,1670.924,1790302599.136
18049,1670.988,1790302599.201
18050,1671.056,1790302599.330
18051,1671.188,1790302599.497
18052,1671.252,1790302599.576
18053,1671.320,1790302599.694
18054,1671.384,1790302599.760
18055,1671.452,1790302599.842
18056,1671.516,1790302599.946
18057,1671.584,1790302600.017
18058,1671.648,1790302600.096
18059,1671.716,1790302600.213
18060,1671.780,1790302600.279
18061,1671.848,1790302600.360
18062,1671.912,1790302600.480
18063,1671.980,1790302600.561
18064,1672.044,1790302600.642
18065,1672.112,1790302600.757
18066,1672.176,1790302600.837
18067,1672.244,1790302600.917
18068,1672.308,1790302601.033
18069,1672.376,1790302601.109
18070,1672.440,1790302601.191
18071,1672.508,1790302601.309
18072,1672.572,1790302601.390
18073,1672.704,1790302601.609
18074,1672.772,1790302601.692
18075,1672.836,1790302601.770
18076,1672.904,1790302601.912
18077,1673.036,1790302602.121
18078,1673.168,1790302602.321
18079,1673.300,1790302602.507
18080,1673.364,1790302602.616
18081,1673.432,1790302602.704
18082,1673.496,1790302602.769
18083,1673.564,1790302602.883
18084,1673.628,1790302602.975
18085,1673.696,1790302603.052
18086,1673.760,1790302603.167
18087,1673.828,1790302603.266
18088,1673.892,1790302603.329
18089,1673.960,1790302603.440
18090,1674.024,1790302603.543
18091,1674.092,1790302603.610
18092,1674.156,1790302603.726
18093,1674.224,1790302603.832
18094,1674.356,1790302604.024
18095,1674.488,1790302604.184
18096,1674.552,1790302604.273
18097,1674.620,1790302604.391
18098,1674.684,1790302604.464
18099,1674.752,1790302604.554
18100,1674.816,1790302604.672
18101,1674.884,1790302604.744
18102,1674.948,1790302604.823
18103,1675.016,1790302604.945
18104,1675.080,1790302605.016
18105,1675.148,1790302605.096
18106,1675.212,1790302605.217
18107,1675.280,1790302605.292
18108,1675.344,1790302605.382
18109,1675.412,1790302605.507
18110,1675.476,1790302605.589
18111,1675.544,1790302605.679
18112,1675.608,1790302605.798
18113,1675.676,1790302605.875
18114,1675.740,1790302605.963
18115,1675.808,1790302606.088
18116,1675.872,1790302606.162
18117,1675.940,1790302606.249
18118,1676.004,1790302606.379
18119,1676.072,1790302606.461
18120,1676.136,1790302606.549
18121,1676.204,1790302606.685
18122,1676.268,1790302606.767
18123,1676.336,1790302606.857
18124,1676.400,1790302606.925
18125,1676.532,1790302607.137
18126,1676.600,1790302607.204
18127,1676.664,1790302607.323
18128,1676.732,1790302607.407
18129,1676.796,1790302607.470
18130,1676.864,1790302607.609
18131,1676.928,1790302607.711
18132,1676.996,1790302607.794
18133,1677.060,1790302607.920
18134,1677.128,1790302608.015
18135,1677.192,1790302608.080
18136,1677.260,1790302608.204
18137,1677.324,1790302608.298
18138,1677.392,1790302608.368
18139,1677.456,1790302608.496
18140,1677.524,1790302608.595
18141,1677.656,1790302608.798
18142,1677.720,1790302608.901
18143,1677.788,1790302608.975
18144,1677.852,1790302609.057
18145,1677.920,1790302609.186
18146,1677.984,1790302609.254
18147,1678.052,1790302609.338
18148,1678.116,1790302609.465
18149,1678.184,1790302609.545
18150,1678.248,1790302609.633
18151,1678.316,1790302609.764
18152,1678.380,1790302609.836
18153,1678.448,1790302609.921
18154,1678.512,1790302610.050
18155,1678.580,1790302610.132
18156,1678.644,1790302610.219
18157,1678.712,1790302610.342
18158,1678.776,1790302610.421
18159,1678.844,1790302610.506
18160,1678.908,1790302610.629
18161,1678.976,1790302610.708
18162,1679.040,1790302610.808
18163,1679.108,1790302610.935
18164,1679.172,1790302611.015
18165,1679.240,1790302611.103
18166,1679.372,1790302611.319
18167,1679.436,1790302611.408
18168,1679.504,1790302611.542
18169,1679.568,1790302611.650
18170,1679.636,1790302611.747
18171,1679.700,1790302611.812
18172,1679.768,1790302611.941
18173,1679.832,1790302612.035
18174,1679.900,1790302612.108
18175,1679.964,1790302612.227
18176,1680.032,1790302612.311
18177,1680.096,1790302612.374
18178,1680.164,1790302612.495
18179,1680.228,1790302612.584
18180,1680.296,1790302612.646
18181,1680.360,1790302612.771
18182,1680.428,1790302612.877
18183,1680.492,1790302612.948
18184,1680.560,1790302613.076
18185,1680.624,1790302613.173
18186,1680.692,1790302613.239
18187,1680.756,1790302613.358
18188,1680.824,1790302613.459
18189,1680.888,1790302613.525
18190,1680.956,1790302613.645
18191,1681.020,1790302613.744
18192,1681.088,1790302613.812
18193,1681.152,1790302613.906
18194,1681.220,1790302614.025
18195,1681.284,1790302614.095
18196,1681.352,1790302614.174
18197,1681.416,1790302614.284
18198,1681.484,1790302614.365
18199,1681.548,1790302614.447
18200,1681.616,1790302614.577
18201,1681.680,1790302614.648
18202,1681.748,1790302614.729
18203,1681.812,1790302614.879
18204,1681.880,1790302614.949
18205,1681.944,1790302615.047
18206,1682.012,1790302615.168
18207,1682.076,1790302615.251
18208,1682.144,1790302615.342
18209,1682.208,1790302615.464
18210,1682.276,1790302615.543
18211,1682.408,1790302615.761
18212,1682.472,1790302615.845
18213,1682.540,1790302615.944
18214,1682.604,1790302616.065
18215,1682.672,1790302616.150
18216,1682.736,1790302616.230
18217,1682.804,1790302616.353
18218,1682.868,1790302616.432
18219,1682.936,1790302616.515
18220,1683.000,1790302616.581
18221,1683.132,1790302616.785
18222,1683.200,1790302616.851
18223,1683.264,1790302616.986
18224,1683.332,1790302617.082
18225,1683.396,1790302617.154
18226,1683.464,1790302617.302
18227,1683.528,1790302617.409
18228,1683.596,1790302617.494
18229,1683.660,1790302617.650
18230,1683.728,1790302617.752
18231,1683.792,1790302617.830
18232,1683.860,1790302617.985
18233,1683.924,1790302618.091
18234,1683.992,1790302618.162
18235,1684.056,1790302618.313
18236,1684.124,1790302618.423
18237,1684.188,1790302618.501
18238,1684.256,1790302618.651
18239,1684.320,1790302618.755
18240,1684.388,1790302618.832
18241,1684.452,1790302618.920
18242,1684.520,1790302619.050
18243,1684.652,1790302619.224
18244,1684.716,1790302619.370
18245,1684.784,1790302619.461
18246,1684.848,1790302619.563
18247,1684.916,1790302619.704
18248,1685.048,1790302619.911
18249,1685.112,1790302620.058
18250,1685.180,1790302620.150
18251,1685.244,1790302620.247
18252,1685.312,1790302620.389
18253,1685.376,1790302620.483
18254,1685.444,1790302620.580
18255,1685.508,1790302620.721
18256,1685.576,1790302620.814
18257,1685.708,1790302621.046
18258,1685.772,1790302621.133
18259,1685.840,1790302621.237
18260,1685.972,1790302621.460
18261,1686.036,1790302621.562
18262,1686.104,1790302621.699
18263,1686.168,1790302621.793
18264,1686.236,1790302621.896
18265,1686.300,1790302621.974
18266,1686.368,1790302622.123
18267,1686.432,1790302622.217
18268,1686.500,1790302622.292
18269,1686.632,1790302622.532
18270,1686.696,1790302622.606
18271,1686.764,1790302622.759
18272,1686.828,1790302622.857
18273,1686.896,1790302622.939
18274,1686.960,1790302623.093
18275,1687.028,1790302623.211
18276,1687.092,1790302623.297
18277,1687.160,1790302623.482
18278,1687.224,1790302623.594
18279,1687.292,1790302623.666
18280,1687.356,1790302623.808
18281,1687.424,1790302623.914
18282,1687.488,1790302623.990
18283,1687.556,1790302624.122
18284,1687.620,1790302624.244
18285,1687.688,1790302624.317
18286,1687.752,1790302624.407
18287,1687.820,1790302624.541
18288,1687.884,1790302624.623
18289,1687.952,1790302624.723
18290,1688.016,1790302624.841
18291,1688.084,1790302624.922
18292,1688.148,1790302625.013
18293,1688.280,1790302625.228
18294,1688.348,1790302625.321
18295,1688.412,1790302625.460
18296,1688.480,1790302625.539
18297,1688.544,1790302625.624
18298,1688.676,1790302625.832
18299,1688.744,1790302625.914
18300,1688.808,1790302626.039
18301,1688.876,1790302626.129
18302,1688.940,1790302626.231
18303,1689.008,1790302626.370
18304,1689.072,1790302626.464
18305,1689.140,1790302626.558
18306,1689.204,1790302626.683
18307,1689.272,1790302626.774
18308,1689.336,1790302626.864
18309,1689.404,1790302627.000
18310,1689.468,1790302627.094
18311,1689.536,1790302627.190
18312,1689.600,1790302627.260
18313,1689.668,1790302627.387
18314,1689.732,1790302627.480
18315,1689.800,1790302627.551
18316,1689.864,1790302627.673
18317,1689.932,1790302627.778
18318,1689.996,1790302627.844
18319,1690.064,1790302627.986
18320,1690.128,1790302628.079
18321,1690.196,1790302628.147
18322,1690.260,1790302628.283
18323,1690.328,1790302628.377
18324,1690.392,1790302628.445
18325,1690.460,1790302628.572
18326,1690.524,1790302628.670
18327,1690.656,1790302628.868
18328,1690.724,1790302628.972
18329,1690.788,1790302629.042
18330,1690.856,1790302629.174
18331,1690.920,1790302629.284
18332,1690.988,1790302629.366
18333,1691.052,1790302629.452
18334,1691.120,1790302629.570
18335,1691.184,1790302629.656
18336,1691.252,1790302629.751
18337,1691.316,1790302629.878
18338,1691.384,1790302629.960
18339,1691.448,1790302630.038
18340,1691.516,1790302630.160
18341,1691.648,1790302630.329
18342,1691.712,1790302630.455
18343,1691.780,1790302630.537
18344,1691.844,1790302630.623
18345,1691.912,1790302630.751
18346,1691.976,1790302630.845
18347,1692.044,1790302630.933
18348,1692.108,1790302631.058
18349,1692.176,1790302631.150
18350,1692.240,1790302631.233
18351,1692.372,1790302631.447
18352,1692.440,1790302631.572
18353,1692.504,1790302631.693
18354,1692.572,1790302631.786
18355,1692.636,1790302631.881
18356,1692.704,1790302632.010
18357,1692.768,1790302632.102
18358,1692.836,1790302632.196
18359,1692.900,1790302632.258
18360,1692.968,1790302632.394
18361,1693.032,1790302632.481
18362,1693.100,1790302632.546
18363,1693.164,1790302632.665
18364,1693.232,1790302632.759
18365,1693.296,1790302632.833
18366,1693.496,1790302633.134
18367,1693.560,1790302633.269
18368,1693.628,1790302633.367
18369,1693.692,1790302633.449
18370,1693.760,1790302633.572
18371,1693.824,1790302633.665
18372,1693.956,1790302633.857
18373,1694.024,1790302633.958
18374,1694.088,1790302634.029
18375,1694.156,1790302634.157
18376,1694.288,1790302634.341
18377,1694.352,1790302634.427
18378,1694.420,1790302634.551
18379,1694.484,1790302634.630
18380,1694.552,1790302634.714
18381,1694.684,1790302634.908
18382,1694.748,1790302634.989
18383,1694.816,1790302635.122
18384,1694.948,1790302635.279
18385,1695.012,1790302635.410
18386,1695.080,1790302635.500
18387,1695.144,1790302635.580
18388,1695.212,1790302635.715
18389,1695.276,1790302635.796
18390,1695.344,1790302635.888
18391,1695.408,1790302636.021
18392,1695.476,1790302636.109
18393,1695.540,1790302636.205
18394,1695.608,1790302636.354
18395,1695.672,1790302636.433
18396,1695.740,1790302636.537
18397,1695.872,1790302636.754
18398,1695.936,1790302636.850
18399,1696.004,1790302636.973
18400,1696.068,1790302637.070
18401,1696.136,1790302637.164
18402,1696.268,1790302637.363
18403,1696.332,1790302637.453
18404,1696.400,1790302637.516
18405,1696.464,1790302637.638
18406,1696.532,1790302637.731
18407,1696.596,1790302637.793
18408,1696.664,1790302637.912
18409,1696.728,1790302638.019
18410,1696.796,1790302638.083
18411,1696.860,1790302638.200
18412,1696.928,1790302638.305
18413,1697.060,1790302638.517
18414,1697.124,1790302638.637
18415,1697.192,1790302638.708
18416,1697.256,1790302638.832
18417,1697.324,1790302638.936
18418,1697.388,1790302639.005
18419,1697.456,1790302639.135
18420,1697.520,1790302639.248
18421,1697.588,1790302639.321
18422,1697.652,1790302639.405
18423,1697.720,1790302639.531
18424,1697.784,1790302639.620
18425,1697.852,1790302639.704
18426,1697.916,1790302639.828
18427,1697.984,1790302639.907
18428,1698.048,1790302639.990
18429,1698.116,1790302640.110
18430,1698.180,1790302640.187
18431,1698.312,1790302640.417
18432,1698.380,1790302640.491
18433,1698.444,1790302640.572
18434,1698.512,1790302640.708
18435,1698.576,1790302640.790
18436,1698.708,1790302640.996
18437,1698.776,1790302641.075
18438,1698.840,1790302641.153
18439,1698.972,1790302641.352
18440,1699.040,1790302641.444
18441,1699.104,1790302641.566
18442,1699.236,1790302641.768
18443,1699.304,1790302641.908
18444,1699.368,1790302642.006
18445,1699.436,1790302642.105
18446,1699.500,1790302642.179
18447,1699.568,1790302642.317
18448,1699.632,1790302642.408
18449,1699.700,1790302642.478
18450,1699.764,1790302642.613
18451,1699.896,1790302642.793
18452,1699.964,1790302642.922
18453,1700.028,1790302643.046
18454,1700.160,1790302643.243
18455,1700.228,1790302643.352
18456,1700.292,1790302643.426
18457,1700.360,1790302643.555
18458,1700.424,1790302643.656
18459,1700.492,1790302643.725
18460,1700.556,1790302643.861
18461,1700.624,1790302643.958
18462,1700.756,1790302644.167
18463,1700.820,1790302644.278
18464,1700.888,1790302644.356
18465,1700.952,1790302644.444
18466,1701.020,1790302644.570
18467,1701.152,1790302644.733
18468,1701.216,1790302644.856
18469,1701.284,1790302644.935
18470,1701.416,1790302645.144
18471,1701.480,1790302645.225
18472,1701.548,1790302645.311
18473,1701.612,1790302645.449
18474,1701.680,1790302645.532
18475,1701.744,1790302645.627
18476,1701.812,1790302645.768
18477,1701.876,1790302645.857
18478,1701.944,1790302645.950
18479,1702.140,1790302646.267
18480,1702.208,1790302646.398
18481,1702.272,1790302646.487
18482,1702.340,1790302646.581
18483,1702.404,1790302646.715
18484,1702.472,1790302646.807
18485,1702.536,1790302646.906
18486,1702.604,1790302647.033
18487,1702.736,1790302647.215
18488,1702.800,1790302647.284
18489,1702.868,1790302647.416
18490,1703.064,1790302647.716
18491,1703.132,1790302647.813
18492,1703.196,1790302647.887
18493,1703.264,1790302648.036
18494,1703.328,1790302648.138
18495,1703.396,1790302648.207
18496,1703.460,1790302648.341
18497,1703.528,1790302648.440
18498,1703.592,1790302648.514
18499,1703.660,1790302648.650
18500,1703.724,1790302648.752
18501,1703.792,1790302648.832
18502,1703.856,1790302648.966
18503,1703.924,1790302649.064
18504,1703.988,1790302649.138
18505,1704.056,1790302649.263
18506,1704.120,1790302649.365
18507,1704.188,1790302649.443
18508,1704.252,1790302649.542
18509,1704.320,1790302649.661
18510,1704.384,1790302649.735
18511,1704.516,1790302649.960
18512,1704.584,1790302650.041
18513,1704.648,1790302650.128
18514,1704.716,1790302650.264
18515,1704.780,1790302650.351
18516,1704.848,1790302650.439
18517,1704.912,1790302650.596
18518,1704.980,1790302650.683
18519,1705.044,1790302650.776
18520,1705.112,1790302650.911
18521,1705.176,1790302650.995
18522,1705.244,1790302651.088
18523,1705.308,1790302651.238
18524,1705.376,1790302651.325
18525,1705.440,1790302651.415
18526,1705.508,1790302651.544
18527,1705.572,1790302651.628
18528,1705.640,1790302651.718
18529,1705.704,1790302651.864
18530,1705.772,1790302651.939
18531,1705.836,1790302652.025
18532,1705.904,1790302652.143
18533,1705.968,1790302652.226
18534,1706.036,1790302652.308
18535,1706.100,1790302652.370
18536,1706.168,1790302652.485
18537,1706.232,1790302652.568
18538,1706.300,1790302652.634
18539,1706.364,1790302652.758
18540,1706.432,1790302652.849
18541,1706.496,1790302652.911
18542,1706.628,1790302653.112
18543,1706.696,1790302653.176
18544,1706.760,1790302653.283
18545,1706.892,1790302653.455
18546,1706.960,1790302653.577
18547,1707.024,1790302653.681
18548,1707.092,1790302653.747
18549,1707.156,1790302653.855
18550,1707.224,1790302653.951
18551,1707.288,1790302654.018
18552,1707.356,1790302654.146
18553,1707.420,1790302654.256
18554,1707.488,1790302654.326
18555,1707.552,1790302654.418
18556,1707.620,1790302654.545
18557,1707.752,1790302654.696
18558,1707.884,1790302654.870
18559,1708.080,1790302655.139
18560,1708.212,1790302655.342
18561,1708.280,1790302655.412
18562,1708.344,1790302655.492
18563,1708.412,1790302655.609
18564,1708.476,1790302655.681
18565,1708.740,1790302656.028
18566,1708.872,1790302656.216
18567,1709.004,1790302656.421
18568,1709.136,1790302656.596
18569,1709.204,1790302656.716
18570,1709.336,1790302656.886
18571,1709.400,1790302656.947
18572,1709.532,1790302657.147
18573,1709.600,1790302657.213
18574,1709.664,1790302657.339
18575,1709.732,1790302657.419
18576,1709.796,1790302657.480
18577,1709.864,1790302657.597
18578,1709.928,1790302657.689
18579,1709.996,1790302657.757
18580,1710.060,1790302657.867
18581,1710.128,1790302657.975
18582,1710.192,1790302658.040
18583,1710.260,1790302658.153
18584,1710.324,1790302658.240
18585,1710.392,1790302658.306
18586,1710.456,1790302658.424
18587,1710.524,1790302658.518
18588,1710.588,1790302658.582
18589,1710.720,1790302658.790
18590,1710.788,1790302658.854
18591,1710.852,1790302658.936
18592,1710.920,1790302659.053
18593,1710.984,1790302659.122
18594,1711.052,1790302659.203
18595,1711.116,1790302659.311
18596,1711.184,1790302659.379
18597,1711.248,1790302659.464
18598,1711.316,1790302659.581
18599,1711.380,1790302659.649
18600,1711.448,1790302659.726
18601,1711.512,1790302659.840
18602,1711.580,1790302659.917
18603,1711.644,1790302659.994
18604,1711.776,1790302660.178
18605,1711.844,1790302660.262
18606,1711.908,1790302660.377
18607,1711.976,1790302660.458
18608,1712.040,1790302660.541
18609,1712.172,1790302660.728
18610,1712.240,1790302660.819
18611,1712.372,1790302661.027
18612,1712.436,1790302661.127
18613,1712.504,1790302661.242
18614,1712.568,1790302661.315
18615,1712.636,1790302661.412
18616,1712.700,1790302661.473
18617,1712.768,1790302661.581
18618,1712.832,1790302661.668
18619,1712.900,1790302661.733
18620,1712.964,1790302661.840
18621,1713.032,1790302661.929
18622,1713.096,1790302661.991
18623,1713.164,1790302662.100
18624,1713.228,1790302662.186
18625,1713.296,1790302662.256
18626,1713.360,1790302662.367
18627,1713.428,1790302662.461
18628,1713.492,1790302662.522
18629,1713.560,1790302662.638
18630,1713.624,1790302662.732
18631,1713.692,1790302662.801
18632,1713.756,1790302662.928
18633,1713.824,1790302663.029
18634,1713.888,1790302663.106
18635,1713.956,1790302663.230
18636,1714.020,1790302663.337
18637,1714.088,1790302663.419
18638,1714.152,1790302663.512
18639,1714.220,1790302663.643
18640,1714.284,1790302663.725
18641,1714.352,1790302663.806
18642,1714.416,1790302663.928
18643,1714.484,1790302664.001
18644,1714.548,1790302664.090
18645,1714.680,1790302664.279
18646,1714.748,1790302664.373
18647,1714.812,1790302664.490
18648,1714.944,1790302664.650
18649,1715.076,1790302664.846
18650,1715.144,1790302664.929
18651,1715.208,1790302665.043
18652,1715.276,1790302665.125
18653,1715.340,1790302665.209
18654,1715.408,1790302665.352
18655,1715.472,1790302665.462
18656,1715.540,1790302665.566
18657,1715.604,1790302665.696
18658,1715.672,1790302665.791
18659,1715.736,1790302665.887
18660,1715.868,1790302666.114
18661,1715.936,1790302666.213
18662,1716.000,1790302666.276
18663,1716.068,1790302666.377
18664,1716.132,1790302666.477
18665,1716.200,1790302666.540
18666,1716.264,1790302666.652
18667,1716.332,1790302666.744
18668,1716.396,1790302666.804
18669,1716.464,1790302666.923
18670,1716.528,1790302667.025
18671,1716.596,1790302667.090
18672,1716.660,1790302667.211
18673,1716.728,1790302667.300
18674,1716.792,1790302667.361
18675,1716.860,1790302667.486
18676,1716.924,1790302667.574
18677,1716.992,1790302667.638
18678,1717.056,1790302667.755
18679,1717.124,1790302667.852
18680,1717.188,1790302667.916
18681,1717.256,1790302668.033
18682,1717.320,1790302668.132
18683,1717.388,1790302668.198
18684,1717.452,1790302668.278
18685,1717.520,1790302668.390
18686,1717.584,1790302668.466
18687,1717.652,1790302668.560
18688,1717.716,1790302668.674
18689,1717.784,1790302668.742
18690,1717.848,1790302668.819
18691,1717.916,1790302668.937
18692,1717.980,1790302669.002
18693,1718.048,1790302669.081
18694,1718.112,1790302669.198
18695,1718.180,1790302669.270
18696,1718.244,1790302669.348
18697,1718.376,1790302669.542
18698,1718.444,1790302669.613
18699,1718.508,1790302669.735
18700,1718.576,1790302669.815
18701,1718.640,1790302669.898
18702,1718.708,1790302670.019
18703,1718.772,1790302670.097
18704,1718.840,1790302670.184
18705,1718.904,1790302670.299
18706,1718.972,1790302670.379
18707,1719.036,1790302670.460
18708,1719.104,1790302670.577
18709,1719.236,1790302670.745
18710,1719.300,1790302670.804
18711,1719.368,1790302670.918
18712,1719.432,1790302671.005
18713,1719.500,1790302671.071
18714,1719.564,1790302671.180
18715,1719.632,1790302671.268
18716,1719.696,1790302671.332
18717,1719.764,1790302671.462
18718,1719.828,1790302671.551
18719,1719.896,1790302671.624
18720,1719.960,1790302671.742
18721,1720.028,1790302671.844
18722,1720.092,1790302671.911
18723,1720.160,1790302672.037
18724,1720.224,1790302672.133
18725,1720.292,1790302672.203
18726,1720.356,1790302672.318
18727,1720.424,1790302672.422
18728,1720.488,1790302672.484
18729,1720.556,1790302672.589
18730,1720.688,1790302672.767
18731,1720.752,1790302672.836
18732,1720.884,1790302673.023
18733,1720.952,1790302673.104
18734,1721.084,1790302673.283
18735,1721.148,1790302673.363
18736,1721.280,1790302673.548
18737,1721.348,1790302673.628
18738,1721.412,1790302673.751
18739,1721.480,1790302673.824
18740,1721.544,1790302673.910
18741,1721.612,1790302674.027
18742,1721.676,1790302674.105
18743,1721.744,1790302674.183
18744,1721.808,1790302674.303
18745,1721.876,1790302674.387
18746,1721.940,1790302674.471
18747,1722.072,1790302674.668
18748,1722.140,1790302674.746
18749,1722.204,1790302674.859
18750,1722.272,1790302674.938
18751,1722.336,1790302675.020
18752,1722.404,1790302675.132
18753,1722.468,1790302675.214
18754,1722.536,1790302675.296
18755,1722.600,1790302675.360
18756,1722.732,1790302675.555
18757,1722.800,1790302675.620
18758,1722.864,1790302675.736
18759,1722.932,1790302675.837
18760,1722.996,1790302675.902
18761,1723.064,1790302676.011
18762,1723.128,1790302676.101
18763,1723.196,1790302676.169
18764,1723.328,1790302676.373
18765,1723.392,1790302676.434
18766,1723.460,1790302676.565
18767,1723.656,1790302676.845
18768,1723.724,1790302676.945
18769,1723.788,1790302677.012
18770,1723.856,1790302677.120
18771,1723.920,1790302677.219
18772,1723.988,1790302677.282
18773,1724.052,1790302677.363
18774,1724.120,1790302677.471
18775,1724.184,1790302677.531
18776,1724.252,1790302677.601
18777,1724.384,1790302677.786
18778,1724.516,1790302677.993
18779,1724.580,1790302678.068
18780,1724.648,1790302678.142
18781,1724.712,1790302678.262
18782,1724.780,1790302678.332
18783,1724.844,1790302678.407
18784,1724.912,1790302678.523
18785,1724.976,1790302678.592
18786,1725.044,1790302678.669
18787,1725.176,1790302678.868
18788,1725.240,1790302678.944
18789,1725.308,1790302679.062
18790,1725.372,1790302679.143
18791,1725.440,1790302679.224
18792,1725.504,1790302679.338
18793,1725.572,1790302679.425
18794,1725.636,1790302679.509
18795,1725.704,1790302679.624
18796,1725.768,1790302679.707
18797,1725.836,1790302679.793
18798,1725.900,1790302679.860
18799,1725.968,1790302679.980
18800,1726.100,1790302680.140
18801,1726.232,1790302680.357
18802,1726.296,1790302680.427
18803,1726.364,1790302680.554
18804,1726.428,1790302680.650
18805,1726.496,1790302680.719
18806,1726.560,1790302680.841
18807,1726.628,1790302680.948
18808,1726.692,1790302681.013
18809,1726.760,1790302681.152
18810,1726.824,1790302681.263
18811,1726.892,1790302681.332
18812,1726.956,1790302681.457
18813,1727.088,1790302681.624
18814,1727.156,1790302681.743
18815,1727.220,1790302681.842
18816,1727.288,1790302681.904
18817,1727.352,1790302681.996
18818,1727.484,1790302682.176
18819,1727.552,1790302682.259
18820,1727.616,1790302682.370
18821,1727.684,1790302682.434
18822,1727.816,1790302682.625
18823,1727.880,1790302682.709
18824,1727.948,1790302682.852
18825,1728.012,1790302682.995
18826,1728.080,1790302683.083
18827,1728.144,1790302683.170
18828,1728.212,1790302683.306
18829,1728.276,1790302683.391
18830,1728.344,1790302683.484
18831,1728.408,1790302683.618
18832,1728.476,1790302683.694
18833,1728.540,1790302683.783
18834,1728.672,1790302683.981
18835,1728.740,1790302684.066
18836,1728.804,1790302684.186
18837,1728.936,1790302684.344
18838,1729.004,1790302684.465
18839,1729.068,1790302684.546
18840,1729.136,1790302684.627
18841,1729.200,1790302684.701
18842,1729.268,1790302684.808
18843,1729.332,1790302684.895
18844,1729.400,1790302684.961
18845,1729.464,1790302685.082
18846,1729.532,1790302685.176
18847,1729.596,1790302685.243
18848,1729.664,1790302685.368
18849,1729.728,1790302685.456
18850,1729.796,1790302685.523
18851,1729.860,1790302685.640
18852,1729.928,1790302685.728
18853,1729.992,1790302685.793
18854,1730.060,1790302685.909
18855,1730.192,1790302686.070
18856,1730.256,1790302686.187
18857,1730.324,1790302686.281
18858,1730.388,1790302686.349
18859,1730.456,1790302686.468
18860,1730.520,1790302686.561
18861,1730.588,1790302686.632
18862,1730.652,1790302686.712
18863,1730.720,1790302686.817
18864,1730.784,1790302686.889
18865,1730.916,1790302687.086
18866,1730.984,1790302687.151
18867,1731.048,1790302687.226
18868,1731.180,1790302687.408
18869,1731.248,1790302687.489
18870,1731.312,1790302687.608
18871,1731.380,1790302687.686
18872,1731.444,1790302687.761
18873,1731.512,1790302687.873
18874,1731.576,1790302687.950
18875,1731.644,1790302688.028
18876,1731.708,1790302688.154
18877,1731.776,1790302688.227
18878,1731.840,1790302688.302
18879,1731.908,1790302688.416
18880,1731.972,1790302688.492
18881,1732.040,1790302688.570
18882,1732.104,1790302688.695
18883,1732.172,1790302688.778
18884,1732.236,1790302688.862
18885,1732.368,1790302689.061
18886,1732.436,1790302689.154
18887,1732.500,1790302689.219
18888,1732.568,1790302689.324
18889,1732.700,1790302689.476
18890,1732.764,1790302689.584
18891,1732.832,1790302689.668
18892,1732.896,1790302689.731
18893,1732.964,1790302689.851
18894,1733.028,1790302689.945
18895,1733.096,1790302690.019
18896,1733.160,1790302690.151
18897,1733.292,1790302690.329
18898,1733.360,1790302690.467
18899,1733.492,1790302690.641
18900,1733.624,1790302690.870
18901,1733.688,1790302690.940
18902,1733.820,1790302691.154
18903,1733.888,1790302691.227
18904,1733.952,1790302691.312
18905,1734.020,1790302691.419
18906,1734.084,1790302691.484
18907,1734.152,1790302691.560
18908,1734.216,1790302691.673
18909,1734.284,1790302691.746
18910,1734.348,1790302691.824
18911,1734.416,1790302691.954
18912,1734.480,1790302692.019
18913,1734.548,1790302692.093
18914,1734.612,1790302692.216
18915,1734.680,1790302692.305
18916,1734.744,1790302692.397
18917,1734.812,1790302692.530
18918,1734.876,1790302692.611
18919,1734.944,1790302692.700
18920,1735.008,1790302692.826
18921,1735.076,1790302692.907
18922,1735.140,1790302692.999
18923,1735.208,1790302693.124
18924,1735.272,1790302693.201
18925,1735.340,1790302693.296
18926,1735.404,1790302693.419
18927,1735.472,1790302693.511
18928,1735.536,1790302693.590
18929,1735.604,1790302693.705
18930,1735.668,1790302693.785
18931,1735.736,1790302693.871
18932,1735.800,1790302693.936
18933,1735.868,1790302694.045
18934,1735.932,1790302694.131
18935,1736.000,1790302694.196
18936,1736.064,1790302694.314
18937,1736.132,1790302694.408
18938,1736.264,1790302694.586
18939,1736.328,1790302694.684
18940,1736.460,1790302694.949
18941,1736.528,1790302695.042
18942,1736.660,1790302695.225
18943,1736.724,1790302695.326
18944,1736.856,1790302695.512
18945,1736.924,1790302695.613
18946,1736.988,1790302695.684
18947,1737.120,1790302695.894
18948,1737.188,1790302695.963
18949,1737.320,1790302696.161
18950,1737.384,1790302696.234
18951,1737.452,1790302696.316
18952,1737.516,1790302696.433
18953,1737.584,1790302696.501
18954,1737.648,1790302696.572
18955,1737.780,1790302696.773
18956,1737.912,1790302696.966
18957,1737.980,1790302697.039
18958,1738.112,1790302697.246
18959,1738.176,1790302697.322
18960,1738.244,1790302697.408
18961,1738.308,1790302697.531
18962,1738.376,1790302697.608
18963,1738.440,1790302697.685
18964,1738.508,1790302697.803
18965,1738.572,1790302697.886
18966,1738.640,1790302697.968
18967,1738.704,1790302698.086
18968,1738.772,1790302698.165
18969,1738.836,1790302698.272
18970,1738.904,1790302698.389
18971,1738.968,1790302698.476
18972,1739.036,1790302698.559
18973,1739.100,1790302698.621
18974,1739.168,1790302698.726
18975,1739.232,1790302698.816
18976,1739.300,1790302698.883
18977,1739.364,1790302698.990
18978,1739.432,1790302699.078
18979,1739.496,1790302699.142
18980,1739.628,1790302699.339
18981,1739.696,1790302699.403
18982,1739.760,1790302699.529
18983,1739.828,1790302699.625
18984,1739.892,1790302699.694
18985,1739.960,1790302699.810
18986,1740.092,1790302699.981
18987,1740.156,1790302700.093
18988,1740.224,1790302700.186
18989,1740.288,1790302700.248
18990,1740.356,1790302700.365
18991,1740.420,1790302700.461
18992,1740.488,1790302700.528
18993,1740.552,1790302700.611
18994,1740.684,1790302700.793
18995,1740.752,1790302700.865
18996,1740.816,1790302700.981
18997,1740.884,1790302701.051
18998,1741.016,1790302701.251
18999,1741.080,1790302701.318
19000,1741.148,1790302701.396
19001,1741.212,1790302701.511
19002,1741.280,1790302701.594
19003,1741.344,1790302701.678
19004,1741.476,1790302701.871
19005,1741.544,1790302701.958
19006,1741.608,1790302702.081
19007,1741.676,1790302702.158
19008,1741.740,1790302702.234
19009,1741.808,1790302702.348
19010,1741.872,1790302702.422
19011,1741.940,1790302702.510
19012,1742.004,1790302702.637
19013,1742.072,1790302702.718
19014,1742.136,1790302702.804
19015,1742.204,1790302702.925
19016,1742.268,1790302703.006
19017,1742.336,1790302703.092
19018,1742.400,1790302703.154
19019,1742.468,1790302703.263
19020,1742.532,1790302703.360
19021,1742.600,1790302703.424
19022,1742.664,1790302703.567
19023,1742.796,1790302703.745
19024,1742.864,1790302703.875
19025,1742.928,1790302703.974
19026,1743.060,1790302704.176
19027,1743.128,1790302704.275
19028,1743.192,1790302704.337
19029,1743.260,1790302704.467
19030,1743.324,1790302704.566
19031,1743.392,1790302704.638
19032,1743.456,1790302704.769
19033,1743.524,1790302704.887
19034,1743.656,1790302705.075
19035,1743.720,1790302705.178
19036,1743.788,1790302705.252
19037,1743.852,1790302705.333
19038,1743.984,1790302705.551
19039,1744.052,1790302705.644
19040,1744.116,1790302705.765
19041,1744.184,1790302705.845
19042,1744.248,1790302705.930
19043,1744.316,1790302706.057
19044,1744.380,1790302706.137
19045,1744.448,1790302706.218
19046,1744.512,1790302706.345
19047,1744.580,1790302706.427
19048,1744.644,1790302706.523
19049,1744.712,1790302706.653
19050,1744.776,1790302706.740
19051,1744.844,1790302706.835
19052,1744.908,1790302706.953
19053,1744.976,1790302707.034
19054,1745.040,1790302707.118
19055,1745.108,1790302707.234
19056,1745.172,1790302707.318
19057,1745.240,1790302707.403
19058,1745.304,1790302707.526
19059,1745.504,1790302707.836
19060,1745.568,1790302707.923
19061,1745.636,1790302708.010
19062,1745.700,1790302708.079
19063,1745.768,1790302708.199
19064,1745.832,1790302708.288
19065,1745.900,1790302708.350
19066,1745.964,1790302708.478
19067,1746.032,1790302708.577
19068,1746.096,1790302708.644
19069,1746.164,1790302708.777
19070,1746.228,1790302708.866
19071,1746.360,1790302709.052
19072,1746.492,1790302709.215
19073,1746.560,1790302709.339
19074,1746.624,1790302709.434
19075,1746.692,1790302709.500
19076,1746.756,1790302709.629
19077,1746.824,1790302709.728
19078,1746.888,1790302709.799
19079,1746.956,1790302709.914
19080,1747.020,1790302710.014
19081,1747.088,1790302710.085
19082,1747.152,1790302710.169
19083,1747.220,1790302710.287
19084,1747.284,1790302710.365
19085,1747.352,1790302710.446
19086,1747.416,1790302710.565
19087,1747.484,1790302710.644
19088,1747.548,1790302710.732
19089,1747.616,1790302710.861
19090,1747.680,1790302710.932
19091,1747.748,1790302711.017
19092,1747.812,1790302711.144
19093,1747.880,1790302711.229
19094,1747.944,1790302711.313
19095,1748.012,1790302711.440
19096,1748.076,1790302711.535
19097,1748.144,1790302711.627
19098,1748.208,1790302711.752
19099,1748.276,1790302711.836
19100,1748.340,1790302711.928
19101,1748.408,1790302712.049
19102,1748.472,1790302712.130
19103,1748.540,1790302712.218
19104,1748.604,1790302712.349
19105,1748.672,1790302712.439
19106,1748.736,1790302712.531
19107,1748.804,1790302712.652
19108,1748.868,1790302712.735
19109,1748.936,1790302712.824
19110,1749.000,1790302712.887
19111,1749.068,1790302713.005
19112,1749.132,1790302713.092
19113,1749.200,1790302713.155
19114,1749.264,1790302713.284
19115,1749.332,1790302713.385
19116,1749.396,1790302713.446
19117,1749.464,1790302713.573
19118,1749.528,1790302713.672
19119,1749.596,1790302713.735
19120,1749.660,1790302713.853
19121,1749.728,1790302713.958
19122,1749.792,1790302714.021
19123,1749.860,1790302714.141
19124,1749.924,1790302714.238
19125,1749.992,1790302714.314
19126,1750.056,1790302714.450
19127,1750.124,1790302714.546
19128,1750.188,1790302714.618
19129,1750.256,1790302714.736
19130,1750.320,1790302714.836
19131,1750.452,1790302715.000
19132,1750.520,1790302715.120
19133,1750.584,1790302715.195
19134,1750.652,1790302715.286
19135,1750.716,1790302715.413
19136,1750.784,1790302715.489
19137,1750.848,1790302715.575
19138,1750.916,1790302715.696
19139,1750.980,1790302715.772
19140,1751.048,1790302715.848
19141,1751.112,1790302715.973
19142,1751.244,1790302716.127
19143,1751.312,1790302716.265
19144,1751.444,1790302716.455
19145,1751.508,1790302716.583
19146,1751.576,1790302716.665
19147,1751.708,1790302716.871
19148,1751.772,1790302716.951
19149,1751.840,1790302717.059
19150,1751.904,1790302717.180
19151,1751.972,1790302717.266
19152,1752.036,1790302717.364
19153,1752.104,1790302717.492
19154,1752.168,1790302717.577
19155,1752.236,1790302717.672
19156,1752.300,1790302717.742
19157,1752.368,1790302717.858
19158,1752.432,1790302717.949
19159,1752.500,1790302718.031
19160,1752.564,1790302718.143
19161,1752.632,1790302718.229
19162,1752.696,1790302718.299
19163,1752.764,1790302718.427
19164,1752.828,1790302718.531
19165,1752.896,1790302718.603
19166,1752.960,1790302718.729
19167,1753.028,1790302718.820
19168,1753.092,1790302718.889
19169,1753.160,1790302719.008
19170,1753.224,1790302719.118
19171,1753.292,1790302719.194
19172,1753.356,1790302719.321
19173,1753.424,1790302719.424
19174,1753.488,1790302719.503
19175,1753.556,1790302719.625
19176,1753.620,1790302719.725
19177,1753.752,1790302719.884
19178,1753.820,1790302720.008
19179,1753.884,1790302720.085
19180,1753.952,1790302720.184
19181,1754.016,1790302720.307
19182,1754.216,1790302720.610
19183,1754.280,1790302720.688
19184,1754.412,1790302720.894
19185,1754.480,1790302720.977
19186,1754.544,1790302721.067
19187,1754.676,1790302721.278
19188,1754.744,1790302721.373
19189,1754.808,1790302721.497
19190,1754.876,1790302721.580
19191,1755.008,1790302721.793
19192,1755.072,1790302721.881
19193,1755.204,1790302722.084
19194,1755.336,1790302722.263
19195,1755.404,1790302722.393
19196,1755.468,1790302722.484
19197,1755.600,1790302722.637
19198,1755.732,1790302722.856
19199,1755.800,1790302722.919
19200,1755.864,1790302723.033
19201,1755.932,1790302723.130
19202,1755.996,1790302723.192
19203,1756.064,1790302723.309
19204,1756.128,1790302723.405
19205,1756.196,1790302723.479
19206,1756.328,1790302723.714
19207,1756.460,1790302723.897
19208,1756.524,1790302723.997
19209,1756.656,1790302724.207
19210,1756.724,1790302724.322
19211,1756.788,1790302724.393
19212,1756.856,1790302724.531
19213,1756.920,1790302724.634
19214,1756.988,1790302724.698
19215,1757.052,1790302724.793
19216,1757.120,1790302724.910
19217,1757.184,1790302724.975
19218,1757.252,1790302725.054
19219,1757.316,1790302725.180
19220,1757.384,1790302725.251
19221,1757.448,1790302725.347
19222,1757.516,1790302725.478
19223,1757.580,1790302725.558
19224,1757.648,1790302725.644
19225,1757.712,1790302725.772
19226,1757.780,1790302725.845
19227,1757.844,1790302725.925
19228,1757.912,1790302726.052
19229,1757.976,1790302726.141
19230,1758.044,1790302726.231
19231,1758.108,1790302726.364
19232,1758.176,1790302726.453
19233,1758.240,1790302726.556
19234,1758.308,1790302726.683
19235,1758.372,1790302726.763
19236,1758.440,1790302726.852
19237,1758.504,1790302726.982
19238,1758.572,1790302727.066
19239,1758.636,1790302727.157
19240,1758.704,1790302727.277
19241,1758.836,1790302727.472
19242,1758.900,1790302727.544
19243,1758.968,1790302727.676
19244,1759.032,1790302727.762
19245,1759.100,1790302727.823
19246,1759.164,1790302727.949
19247,1759.296,1790302728.113
19248,1759.364,1790302728.232
19249,1759.428,1790302728.340
19250,1759.496,1790302728.405
19251,1759.560,1790302728.552
19252,1759.628,1790302728.656
19253,1759.692,1790302728.718
19254,1759.760,1790302728.845
19255,1759.892,1790302729.010
19256,1759.956,1790302729.136
19257,1760.088,1790302729.303
19258,1760.156,1790302729.427
19259,1760.220,1790302729.530
19260,1760.288,1790302729.602
19261,1760.352,1790302729.693
19262,1760.420,1790302729.824
19263,1760.484,1790302729.893
19264,1760.552,1790302729.976
19265,1760.616,1790302730.102
19266,1760.684,1790302730.173
19267,1760.748,1790302730.262
19268,1760.880,1790302730.500
19269,1760.948,1790302730.588
19270,1761.012,1790302730.719
19271,1761.080,1790302730.800
19272,1761.144,1790302730.884
19273,1761.276,1790302731.084
19274,1761.344,1790302731.173
19275,1761.408,1790302731.305
19276,1761.476,1790302731.392
19277,1761.608,1790302731.609
19278,1761.672,1790302731.698
19279,1761.740,1790302731.787
19280,1761.872,1790302731.988
19281,1761.936,1790302732.078
19282,1762.004,1790302732.207
19283,1762.068,1790302732.291
19284,1762.136,1790302732.392
19285,1762.200,1790302732.475
19286,1762.268,1790302732.599
19287,1762.332,1790302732.698
19288,1762.400,1790302732.766
19289,1762.464,1790302732.885
19290,1762.532,1790302732.992
19291,1762.596,1790302733.062
19292,1762.664,1790302733.192
19293,1762.728,1790302733.284
19294,1762.860,1790302733.511
19295,1762.928,1790302733.605
19296,1762.992,1790302733.669
19297,1763.060,1790302733.800
19298,1763.124,1790302733.893
19299,1763.192,1790302733.971
19300,1763.256,1790302734.086
19301,1763.388,1790302734.261
19302,1763.456,1790302734.401
19303,1763.520,1790302734.520
19304,1763.588,1790302734.596
19305,1763.652,1790302734.672
19306,1763.720,1790302734.790
19307,1763.784,1790302734.870
19308,1763.852,1790302734.952
19309,1763.916,1790302735.072
19310,1763.984,1790302735.144
19311,1764.048,1790302735.234
19312,1764.116,1790302735.379
19313,1764.180,1790302735.449
19314,1764.248,1790302735.543
19315,1764.312,1790302735.676
19316,1764.380,1790302735.751
19317,1764.444,1790302735.841
19318,1764.576,1790302736.036
19319,1764.644,1790302736.118
19320,1764.708,1790302736.241
19321,1764.776,1790302736.316
19322,1764.840,1790302736.394
19323,1764.908,1790302736.513
19324,1764.972,1790302736.592
19325,1765.040,1790302737.182
19326,1765.104,1790302737.302
19327,1765.172,1790302737.387
19328,1765.236,1790302737.467
19329,1765.304,1790302737.584
19330,1765.368,1790302737.675
19331,1765.632,1790302738.013
19332,1765.700,1790302738.082
19333,1765.764,1790302738.203
19334,1765.832,1790302738.296
19335,1765.896,1790302738.359
19336,1765.964,1790302738.477
19337,1766.028,1790302738.563
19338,1766.096,1790302738.628
19339,1766.160,1790302738.747
19340,1766.228,1790302738.837
19341,1766.292,1790302738.898
19342,1766.360,1790302739.008
19343,1766.424,1790302739.117
19344,1766.492,1790302739.185
19345,1766.556,1790302739.302
19346,1766.688,1790302739.459
19347,1766.756,1790302739.579
19348,1766.820,1790302739.682
19349,1766.888,1790302739.747
19350,1766.952,1790302739.827
19351,1767.084,1790302740.016
19352,1767.152,1790302740.091
19353,1767.216,1790302740.202
19354,1767.284,1790302740.270
19355,1767.348,1790302740.349
19356,1767.416,1790302740.462
19357,1767.480,1790302740.533
19358,1767.548,1790302740.611
19359,1767.612,1790302740.734
19360,1767.680,1790302740.813
19361,1767.812,1790302741.010
19362,1767.876,1790302741.090
19363,1767.944,1790302741.189
19364,1768.008,1790302741.309
19365,1768.076,1790302741.387
19366,1768.140,1790302741.470
19367,1768.208,1790302741.594
19368,1768.272,1790302741.675
19369,1768.340,1790302741.766
19370,1768.404,1790302741.879
19371,1768.472,1790302741.958
19372,1768.536,1790302742.043
19373,1768.604,1790302742.163
19374,1768.668,1790302742.242
19375,1768.736,1790302742.325
19376,1768.800,1790302742.387
19377,1768.868,1790302742.492
19378,1768.932,1790302742.577
19379,1769.000,1790302742.641
19380,1769.132,1790302742.843
19381,1769.196,1790302742.909
19382,1769.264,1790302743.028
19383,1769.328,1790302743.125
19384,1769.396,1790302743.192
19385,1769.460,1790302743.329
19386,1769.528,1790302743.424
19387,1769.592,1790302743.501
19388,1769.724,1790302743.734
19389,1769.792,1790302743.798
19390,1769.856,1790302743.923
19391,1769.924,1790302744.023
19392,1769.988,1790302744.087
19393,1770.056,1790302744.202
19394,1770.120,1790302744.298
19395,1770.188,1790302744.364
19396,1770.252,1790302744.447
19397,1770.384,1790302744.627
19398,1770.516,1790302744.822
19399,1770.584,1790302744.891
19400,1770.648,1790302744.968
19401,1770.716,1790302745.095
19402,1770.780,1790302745.167
19403,1770.848,1790302745.244
19404,1770.912,1790302745.365
19405,1770.980,1790302745.440
19406,1771.044,1790302745.524
19407,1771.244,1790302745.800
19408,1771.440,1790302746.104
19409,1771.508,1790302746.220
19410,1771.572,1790302746.307
19411,1771.640,1790302746.389
19412,1771.704,1790302746.504
19413,1771.772,1790302746.591
19414,1771.836,1790302746.672
19415,1771.904,1790302746.791
19416,1771.968,1790302746.875
19417,1772.036,1790302746.956
19418,1772.100,1790302747.021
19419,1772.168,1790302747.128
19420,1772.232,1790302747.213
19421,1772.300,1790302747.278
19422,1772.364,1790302747.391
19423,1772.432,1790302747.487
19424,1772.496,1790302747.547
19425,1772.564,1790302747.669
19426,1772.628,1790302747.761
19427,1772.696,1790302747.824
19428,1772.760,1790302747.937
19429,1772.892,1790302748.095
19430,1772.960,1790302748.217
19431,1773.024,1790302748.312
19432,1773.092,1790302748.377
19433,1773.156,1790302748.496
19434,1773.288,1790302748.669
19435,1773.356,1790302748.779
19436,1773.420,1790302748.878
19437,1773.488,1790302748.944
19438,1773.552,1790302749.024
19439,1773.620,1790302749.132
19440,1773.684,1790302749.205
19441,1773.752,1790302749.287
19442,1773.816,1790302749.406
19443,1773.884,1790302749.487
19444,1773.948,1790302749.562
19445,1774.016,1790302749.675
19446,1774.080,1790302749.745
19447,1774.148,1790302749.826
19448,1774.212,1790302749.939
19449,1774.280,1790302750.016
19450,1774.344,1790302750.099
19451,1774.412,1790302750.215
19452,1774.476,1790302750.286
19453,1774.544,1790302750.369
19454,1774.608,1790302750.485
19455,1774.740,1790302750.643
19456,1774.808,1790302750.759
19457,1774.872,1790302750.844
19458,1774.940,1790302750.921
19459,1775.004,1790302751.042
19460,1775.072,1790302751.130
19461,1775.136,1790302751.217
19462,1775.204,1790302751.349
19463,1775.268,1790302751.431
19464,1775.336,1790302751.520
19465,1775.400,1790302751.586
19466,1775.468,1790302751.692
19467,1775.532,1790302751.784
19468,1775.664,1790302751.947
19469,1775.732,1790302752.046
19470,1775.864,1790302752.230
19471,1775.996,1790302752.385
19472,1776.060,1790302752.502
19473,1776.128,1790302752.596
19474,1776.192,1790302752.658
19475,1776.260,1790302752.770
19476,1776.324,1790302752.865
19477,1776.392,1790302752.939
19478,1776.456,1790302753.053
19479,1776.524,1790302753.149
19480,1776.656,1790302753.330
19481,1776.720,1790302753.429
19482,1776.788,1790302753.495
19483,1776.852,1790302753.571
19484,1776.920,1790302753.684
19485,1776.984,1790302753.754
19486,1777.052,1790302753.836
19487,1777.184,1790302754.007
19488,1777.248,1790302754.084
19489,1777.316,1790302754.203
19490,1777.380,1790302754.276
19491,1777.512,1790302754.464
19492,1777.644,1790302754.623
19493,1777.712,1790302754.741
19494,1777.776,1790302754.817
19495,1777.844,1790302754.899
19496,1777.908,1790302755.029
19497,1777.976,1790302755.102
19498,1778.040,1790302755.182
19499,1778.108,1790302755.303
19500,1778.172,1790302755.388
19501,1778.240,1790302755.471
19502,1778.304,1790302755.588
19503,1778.372,1790302755.680
19504,1778.436,1790302755.756
19505,1778.504,1790302755.872
19506,1778.568,1790302755.959
19507,1778.832,1790302756.319
19508,1778.900,1790302756.385
19509,1778.964,1790302756.521
19510,1779.032,1790302756.614
19511,1779.096,1790302756.678
19512,1779.164,1790302756.809
19513,1779.360,1790302757.094
19514,1779.428,1790302757.189
19515,1779.492,1790302757.255
19516,1779.560,1790302757.366
19517,1779.624,1790302757.463
19518,1779.692,1790302757.529
19519,1779.756,1790302757.660
19520,1779.888,1790302757.831
19521,1779.956,1790302757.949
19522,1780.020,1790302758.047
19523,1780.088,1790302758.117
19524,1780.152,1790302758.207
19525,1780.220,1790302758.321
19526,1780.352,1790302758.493
19527,1780.484,1790302758.702
19528,1780.548,1790302758.808
19529,1780.680,1790302759.035
19530,1780.748,1790302759.135
19531,1780.880,1790302759.377
19532,1781.012,1790302759.596
19533,1781.076,1790302759.683
19534,1781.208,1790302759.901
19535,1781.276,1790302759.984
19536,1781.340,1790302760.062
19537,1781.408,1790302760.198
19538,1781.472,1790302760.272
19539,1781.540,1790302760.374
19540,1781.604,1790302760.500
19541,1781.672,1790302760.591
19542,1781.736,1790302760.687
19543,1781.804,1790302760.823
19544,1781.868,1790302760.912
19545,1781.936,1790302761.016
19546,1782.000,1790302761.100
19547,1782.068,1790302761.247
19548,1782.132,1790302761.351
19549,1782.200,1790302761.423
19550,1782.264,1790302761.551
19551,1782.332,1790302761.648
19552,1782.464,1790302761.838
19553,1782.528,1790302761.930
19554,1782.596,1790302762.000
19555,1782.660,1790302762.137
19556,1782.728,1790302762.244
19557,1782.792,1790302762.310
19558,1782.860,1790302762.443
19559,1782.924,1790302762.548
19560,1782.992,1790302762.620
19561,1783.056,1790302762.732
19562,1783.188,1790302762.918
19563,1783.256,1790302763.048
19564,1783.320,1790302763.153
19565,1783.388,1790302763.231
19566,1783.452,1790302763.335
19567,1783.520,1790302763.478
19568,1783.584,1790302763.547
19569,1783.652,1790302763.628
19570,1783.716,1790302763.753
19571,1783.784,1790302763.824
19572,1783.848,1790302763.924
19573,1784.112,1790302764.409
19574,1784.180,1790302764.490
19575,1784.244,1790302764.567
19576,1784.312,1790302764.701
19577,1784.376,1790302764.788
19578,1784.444,1790302764.873
19579,1784.576,1790302765.095
19580,1784.640,1790302765.186
19581,1784.708,1790302765.307
19582,1784.772,1790302765.395
19583,1784.840,1790302765.483
19584,1784.904,1790302765.619
19585,1784.972,1790302765.710
19586,1785.036,1790302765.803
19587,1785.104,1790302765.928
19588,1785.168,1790302766.016
19589,1785.236,1790302766.099
19590,1785.300,1790302766.179
19591,1785.368,1790302766.311
19592,1785.500,1790302766.472
19593,1785.564,1790302766.595
19594,1785.632,1790302766.696
19595,1785.696,1790302766.757
19596,1785.764,1790302766.889
19597,1785.828,1790302766.983
19598,1785.896,1790302767.052
19599,1785.960,1790302767.181
19600,1786.028,1790302767.281
19601,1786.092,1790302767.347
19602,1786.160,1790302767.465
19603,1786.224,1790302767.564
19604,1786.292,1790302767.638
19605,1786.356,1790302767.775
19606,1786.424,1790302767.883
19607,1786.488,1790302767.959
19608,1786.556,1790302768.090
19609,1786.620,1790302768.200
19610,1786.688,1790302768.274
19611,1786.752,1790302768.368
19612,1786.820,1790302768.500
19613,1786.884,1790302768.576
19614,1786.952,1790302768.657
19615,1787.016,1790302768.785
19616,1787.084,1790302768.866
19617,1787.148,1790302768.958
19618,1787.216,1790302769.108
19619,1787.280,1790302769.192
19620,1787.348,1790302769.285
19621,1787.412,1790302769.420
19622,1787.480,1790302769.505
19623,1787.544,1790302769.600
19624,1787.612,1790302769.726
19625,1787.676,1790302769.805
19626,1787.744,1790302769.888
19627,1787.808,1790302770.020
19628,1787.876,1790302770.113
19629,1788.008,1790302770.335
19630,1788.072,1790302770.422
19631,1788.140,1790302770.517
19632,1788.204,1790302770.655
19633,1788.272,1790302770.752
19634,1788.336,1790302770.839
19635,1788.536,1790302771.155
19636,1788.600,1790302771.223
19637,1788.668,1790302771.349
19638,1788.732,1790302771.454
19639,1788.800,1790302771.520
19640,1788.864,1790302771.639
19641,1788.932,1790302771.732
19642,1788.996,1790302771.800
19643,1789.128,1790302772.030
19644,1789.196,1790302772.103
19645,1789.260,1790302772.227
19646,1789.328,1790302772.326
19647,1789.392,1790302772.400
19648,1789.460,1790302772.540
19649,1789.524,1790302772.637
19650,1789.592,1790302772.707
19651,1789.724,1790302772.951
19652,1789.788,1790302773.028
19653,1789.856,1790302773.161
19654,1789.920,1790302773.272
19655,1789.988,1790302773.350
19656,1790.052,1790302773.443
19657,1790.120,1790302773.573
19658,1790.184,1790302773.643
19659,1790.252,1790302773.729
19660,1790.316,1790302773.856
19661,1790.384,1790302773.934
19662,1790.448,1790302774.024
19663,1790.516,1790302774.161
19664,1790.580,1790302774.243
19665,1790.648,1790302774.326
19666,1790.712,1790302774.463
19667,1790.780,1790302774.544
19668,1790.844,1790302774.636
19669,1790.912,1790302774.760
19670,1790.976,1790302774.839
19671,1791.044,1790302774.922
19672,1791.108,1790302775.050
19673,1791.176,1790302775.132
19674,1791.240,1790302775.211
19675,1791.308,1790302775.350
19676,1791.372,1790302775.436
19677,1791.440,1790302775.531
19678,1791.504,1790302775.661
19679,1791.572,1790302775.747
19680,1791.636,1790302775.833
19681,1791.704,1790302775.961
19682,1791.768,1790302776.042
19683,1791.836,1790302776.135
19684,1791.900,1790302776.205
19685,1791.968,1790302776.330
19686,1792.032,1790302776.414
19687,1792.100,1790302776.484
19688,1792.164,1790302776.603
19689,1792.232,1790302776.710
19690,1792.296,1790302776.779
19691,1792.364,1790302776.914
19692,1792.428,1790302777.010
19693,1792.496,1790302777.089
19694,1792.628,1790302777.322
19695,1792.692,1790302777.385
19696,1792.760,1790302777.508
19697,1792.824,1790302777.611
19698,1793.024,1790302777.904
19699,1793.088,1790302777.966
19700,1793.156,1790302778.106
19701,1793.220,1790302778.201
19702,1793.288,1790302778.278
19703,1793.352,1790302778.374
19704,1793.420,1790302778.501
19705,1793.484,1790302778.576
19706,1793.552,1790302778.664
19707,1793.616,1790302778.794
19708,1793.684,1790302778.864
19709,1793.748,1790302778.943
19710,1793.816,1790302779.077
19711,1793.880,1790302779.155
19712,1793.948,1790302779.235
19713,1794.012,1790302779.385
19714,1794.080,1790302779.468
19715,1794.144,1790302779.548
19716,1794.212,1790302779.671
19717,1794.276,1790302779.751
19718,1794.408,1790302779.946
19719,1794.476,1790302780.035
19720,1794.540,1790302780.136
19721,1794.672,1790302780.340
19722,1794.740,1790302780.427
19723,1794.872,1790302780.638
19724,1794.936,1790302780.723
19725,1795.004,1790302780.841
19726,1795.068,1790302780.929
19727,1795.136,1790302781.023
19728,1795.200,1790302781.084
19729,1795.268,1790302781.206
19730,1795.332,1790302781.304
19731,1795.400,1790302781.369
19732,1795.532,1790302781.587
19733,1795.664,1790302781.780
19734,1795.728,1790302781.866
19735,1795.796,1790302781.937
19736,1795.860,1790302782.073
19737,1795.928,1790302782.162
19738,1795.992,1790302782.228
19739,1796.060,1790302782.352
19740,1796.124,1790302782.450
19741,1796.192,1790302782.524
19742,1796.256,1790302782.655
19743,1796.388,1790302782.834
19744,1796.520,1790302783.071
19745,1796.588,1790302783.139
19746,1796.652,1790302783.225
19747,1796.720,1790302783.350
19748,1796.784,1790302783.432
19749,1796.852,1790302783.524
19750,1796.916,1790302783.657
19751,1796.984,1790302783.729
19752,1797.048,1790302783.813
19753,1797.116,1790302783.929
19754,1797.180,1790302784.007
19755,1797.248,1790302784.092
19756,1797.312,1790302784.221
19757,1797.380,1790302784.303
19758,1797.444,1790302784.389
19759,1797.512,1790302784.513
19760,1797.576,1790302784.590
19761,1797.644,1790302784.678
19762,1797.708,1790302784.798
19763,1797.776,1790302784.885
19764,1797.840,1790302784.965
19765,1797.908,1790302785.093
19766,1797.972,1790302785.169
19767,1798.040,1790302785.256
19768,1798.104,1790302785.394
19769,1798.172,1790302785.472
19770,1798.236,1790302785.570
19771,1798.304,1790302785.694
19772,1798.368,1790302785.785
19773,1798.436,1790302785.872
19774,1798.500,1790302785.933
19775,1798.568,1790302786.057
19776,1798.632,1790302786.158
19777,1798.700,1790302786.226
19778,1798.764,1790302786.349
19779,1798.832,1790302786.452
19780,1798.896,1790302786.529
19781,1798.964,1790302786.664
19782,1799.028,1790302786.761
19783,1799.096,1790302786.826
19784,1799.160,1790302786.954
19785,1799.228,1790302787.056
19786,1799.292,1790302787.138
19787,1799.360,1790302787.264
19788,1799.424,1790302787.374
19789,1799.492,1790302787.445
19790,1799.556,1790302787.593
19791,1799.624,1790302787.696
19792,1799.688,1790302787.764
19793,1799.756,1790302787.889
19794,1799.820,1790302787.986
19795,1799.888,1790302788.067
19796,1799.952,1790302788.150
19797,1800.020,1790302788.272
19798,1800.152,1790302788.448
19799,1800.216,1790302788.584
19800,1800.284,1790302788.668
19801,1800.348,1790302788.760
19802,1800.416,1790302788.894
19803,1800.480,1790302788.973
19804,1800.548,1790302789.053
19805,1800.680,1790302789.243
19806,1800.812,1790302789.446
19807,1800.876,1790302789.520
19808,1800.944,1790302789.614
19809,1801.008,1790302789.732
19810,1801.076,1790302789.813
19811,1801.140,1790302789.894
19812,1801.208,1790302790.015
19813,1801.272,1790302790.095
19814,1801.340,1790302790.176
19815,1801.404,1790302790.288
19816,1801.472,1790302790.375
19817,1801.536,1790302790.457
19818,1801.604,1790302790.572
19819,1801.668,1790302790.659
19820,1801.736,1790302790.746
19821,1801.800,1790302790.806
19822,1801.868,1790302790.915
19823,1802.000,1790302791.063
19824,1802.064,1790302791.178
19825,1802.132,1790302791.269
19826,1802.196,1790302791.333
19827,1802.328,1790302791.548
19828,1802.396,1790302791.614
19829,1802.528,1790302791.818
19830,1802.592,1790302791.879
19831,1802.660,1790302791.988
19832,1802.792,1790302792.153
19833,1802.856,1790302792.260
19834,1802.924,1790302792.362
19835,1802.988,1790302792.421
19836,1803.056,1790302792.529
19837,1803.120,1790302792.625
19838,1803.188,1790302792.691
19839,1803.252,1790302792.766
19840,1803.320,1790302792.873
19841,1803.384,1790302792.941
19842,1803.452,1790302793.020
19843,1803.516,1790302793.137
19844,1803.584,1790302793.209
19845,1803.648,1790302793.287
19846,1803.716,1790302793.405
19847,1803.780,1790302793.482
19848,1803.980,1790302793.750
19849,1804.044,1790302793.834
19850,1804.112,1790302793.953
19851,1804.176,1790302794.025
19852,1804.244,1790302794.107
19853,1804.308,1790302794.225
19854,1804.376,1790302794.303
19855,1804.440,1790302794.383
19856,1804.508,1790302794.504
19857,1804.572,1790302794.586
19858,1804.640,1790302794.669
19859,1804.704,1790302794.784
19860,1804.772,1790302794.868
19861,1804.836,1790302794.948
19862,1804.904,1790302795.061
19863,1804.968,1790302795.148
19864,1805.036,1790302795.228
19865,1805.100,1790302795.287
19866,1805.168,1790302795.408
19867,1805.232,1790302795.496
19868,1805.300,1790302795.560
19869,1805.364,1790302795.671
19870,1805.432,1790302795.755
19871,1805.496,1790302795.820
19872,1805.564,1790302795.939
19873,1805.628,1790302796.034
19874,1805.696,1790302796.098
19875,1805.760,1790302796.218
19876,1805.892,1790302796.387
19877,1805.960,1790302796.516
19878,1806.024,1790302796.615
19879,1806.092,1790302796.683
19880,1806.156,1790302796.791
19881,1806.224,1790302796.893
19882,1806.288,1790302796.963
19883,1806.356,1790302797.084
19884,1806.420,1790302797.175
19885,1806.488,1790302797.248
19886,1806.552,1790302797.329
19887,1806.620,1790302797.448
19888,1806.684,1790302797.530
19889,1806.752,1790302797.616
19890,1806.816,1790302797.739
19891,1806.884,1790302797.810
19892,1807.016,1790302798.009
19893,1807.080,1790302798.087
19894,1807.148,1790302798.171
19895,1807.212,1790302798.286
19896,1807.280,1790302798.366
19897,1807.344,1790302798.445
19898,1807.412,1790302798.569
19899,1807.476,1790302798.644
19900,1807.544,1790302798.724
19901,1807.608,1790302798.838
19902,1807.676,1790302798.917
19903,1807.740,1790302799.004
19904,1807.808,1790302799.125
19905,1807.872,1790302799.205
19906,1807.940,1790302799.292
19907,1808.004,1790302799.404
19908,1808.072,1790302799.492
19909,1808.136,1790302799.577
19910,1808.204,1790302799.688
19911,1808.268,1790302799.772
19912,1808.336,1790302799.863
19913,1808.400,1790302799.924
19914,1808.468,1790302800.042
19915,1808.532,1790302800.143
19916,1808.600,1790302800.205
19917,1808.664,1790302800.312
19918,1808.732,1790302800.405
19919,1808.796,1790302800.461
19920,1808.928,1790302800.669
19921,1808.996,1790302800.737
19922,1809.060,1790302800.840
19923,1809.192,1790302801.005
19924,1809.260,1790302801.124
19925,1809.324,1790302801.215
19926,1809.392,1790302801.282
19927,1809.456,1790302801.388
19928,1809.524,1790302801.487
19929,1809.588,1790302801.550
19930,1809.656,1790302801.666
19931,1809.788,1790302801.842
19932,1809.852,1790302801.937
19933,1809.920,1790302802.073
19934,1809.984,1790302802.146
19935,1810.052,1790302802.242
19936,1810.116,1790302802.381
19937,1810.184,1790302802.463
19938,1810.248,1790302802.545
19939,1810.316,1790302802.672
19940,1810.448,1790302802.840
19941,1810.580,1790302803.062
19942,1810.712,1790302803.281
19943,1810.908,1790302803.601
19944,1810.976,1790302803.693
19945,1811.040,1790302803.788
19946,1811.108,1790302803.920
19947,1811.172,1790302804.007
19948,1811.240,1790302804.103
19949,1811.304,1790302804.228
19950,1811.372,1790302804.328
19951,1811.436,1790302804.422
19952,1811.504,1790302804.541
19953,1811.568,1790302804.626
19954,1811.636,1790302804.715
19955,1811.700,1790302804.782
19956,1811.768,1790302804.904
19957,1811.832,1790302804.998
19958,1811.900,1790302805.064
19959,1811.964,1790302805.190
19960,1812.032,1790302805.294
19961,1812.096,1790302805.371
19962,1812.164,1790302805.499
19963,1812.228,1790302805.593
19964,1812.296,1790302805.663
19965,1812.360,1790302805.787
19966,1812.428,1790302805.892
19967,1812.492,1790302805.966
19968,1812.560,1790302806.108
19969,1812.624,1790302806.223
19970,1812.692,1790302806.286
19971,1812.756,1790302806.414
19972,1812.824,1790302806.513
19973,1812.888,1790302806.584
19974,1812.956,1790302806.707
19975,1813.020,1790302806.812
19976,1813.088,1790302806.888
19977,1813.152,1790302806.974
19978,1813.220,1790302807.102
19979,1813.284,1790302807.177
19980,1813.352,1790302807.263
19981,1813.416,1790302807.390
19982,1813.484,1790302807.461
19983,1813.548,1790302807.544
19984,1813.616,1790302807.676
19985,1813.680,1790302807.747
19986,1813.812,1790302807.956
19987,1813.880,1790302808.039
19988,1814.012,1790302808.259
19989,1814.144,1790302808.432
19990,1814.208,1790302808.564
19991,1814.276,1790302808.644
19992,1814.340,1790302808.725
19993,1814.472,1790302808.932
19994,1814.540,1790302809.020
19995,1814.604,1790302809.157
19996,1814.672,1790302809.249
19997,1814.736,1790302809.330
19998,1814.804,1790302809.455
19999,1814.868,1790302809.544
20000,1814.936,1790302809.634
20001,1815.000,1790302809.700
20002,1815.068,1790302809.830
20003,1815.132,1790302809.919
20004,1815.200,1790302809.988
20005,1815.264,1790302810.130
20006,1815.332,1790302810.232
20007,1815.396,1790302810.320
20008,1815.464,1790302810.451
20009,1815.528,1790302810.545
20010,1815.596,1790302810.612
20011,1815.660,1790302810.739
20012,1815.728,1790302810.837
20013,1815.860,1790302811.028
20014,1815.992,1790302811.195
20015,1816.056,1790302811.328
20016,1816.124,1790302811.437
20017,1816.188,1790302811.508
20018,1816.256,1790302811.624
20019,1816.320,1790302811.723
20020,1816.388,1790302811.803
20021,1816.520,1790302812.006
20022,1816.652,1790302812.165
20023,1816.716,1790302812.287
20024,1816.784,1790302812.369
20025,1816.848,1790302812.452
20026,1816.916,1790302812.576
20027,1816.980,1790302812.652
20028,1817.048,1790302812.743
20029,1817.112,1790302812.869
20030,1817.180,1790302812.953
20031,1817.244,1790302813.036
20032,1817.444,1790302813.327
20033,1817.508,1790302813.457
20034,1817.576,1790302813.546
20035,1817.708,1790302813.754
20036,1817.772,1790302813.844
20037,1817.840,1790302813.943
20038,1817.904,1790302814.079
20039,1817.972,1790302814.166
20040,1818.036,1790302814.256
20041,1818.104,1790302814.380
20042,1818.168,1790302814.470
20043,1818.236,1790302814.563
20044,1818.300,1790302814.627
20045,1818.368,1790302814.748
20046,1818.500,1790302814.903
20047,1818.564,1790302815.028
20048,1818.632,1790302815.123
20049,1818.696,1790302815.189
20050,1818.764,1790302815.313
20051,1818.828,1790302815.407
20052,1818.896,1790302815.475
20053,1818.960,1790302815.605
20054,1819.028,1790302815.705
20055,1819.224,1790302816.005
20056,1819.292,1790302816.080
20057,1819.356,1790302816.215
20058,1819.424,1790302816.320
20059,1819.488,1790302816.398
20060,1819.556,1790302816.550
20061,1819.620,1790302816.654
20062,1819.688,1790302816.730
20063,1819.820,1790302816.940
20064,1819.884,1790302817.025
20065,1819.952,1790302817.114
20066,1820.016,1790302817.237
20067,1820.084,1790302817.320
20068,1820.148,1790302817.403
20069,1820.216,1790302817.537
20070,1820.348,1790302817.693
20071,1820.412,1790302817.822
20072,1820.480,1790302817.899
20073,1820.544,1790302817.987
20074,1820.612,1790302818.119
20075,1820.676,1790302818.195
20076,1820.876,1790302818.485
20077,1820.940,1790302818.578
20078,1821.072,1790302818.779
20079,1821.140,1790302818.863
20080,1821.204,1790302818.983
20081,1821.336,1790302819.158
20082,1821.404,1790302819.282
20083,1821.468,1790302819.372
20084,1821.536,1790302819.473
20085,1821.600,1790302819.537
20086,1821.668,1790302819.670
20087,1821.732,1790302819.761
20088,1821.800,1790302819.837
20089,1821.932,1790302820.062
20090,1822.064,1790302820.262
20091,1822.196,1790302820.433
20092,1822.260,1790302820.558
20093,1822.328,1790302820.667
20094,1822.392,1790302820.733
20095,1822.460,1790302820.870
20096,1822.524,1790302820.966
20097,1822.592,1790302821.038
20098,1822.656,1790302821.165
20099,1822.724,1790302821.272
20100,1822.788,1790302821.351
20101,1822.856,1790302821.474
20102,1822.920,1790302821.576
20103,1822.988,1790302821.653
20104,1823.052,1790302821.746
20105,1823.120,1790302821.876
20106,1823.184,1790302821.959
20107,1823.316,1790302822.175
20108,1823.384,1790302822.250
20109,1823.448,1790302822.331
20110,1823.516,1790302822.476
20111,1823.580,1790302822.547
20112,1823.648,1790302822.636
20113,1823.712,1790302822.785
20114,1823.780,1790302822.871
20115,1823.844,1790302822.961
20116,1823.912,1790302823.105
20117,1823.976,1790302823.191
20118,1824.044,1790302823.280
20119,1824.108,1790302823.413
20120,1824.176,1790302823.505
20121,1824.308,1790302823.725
20122,1824.372,1790302823.817
20123,1824.440,1790302823.903
20124,1824.504,1790302824.049
20125,1824.572,1790302824.138
20126,1824.636,1790302824.230
20127,1824.704,1790302824.371
20128,1824.768,1790302824.465
20129,1824.900,1790302824.626
20130,1824.968,1790302824.765
20131,1825.032,1790302824.866
20132,1825.100,1790302824.928
20133,1825.164,1790302825.059
20134,1825.232,1790302825.165
20135,1825.296,1790302825.234
20136,1825.364,1790302825.380
20137,1825.428,1790302825.481
20138,1825.560,1790302825.685
20139,1825.628,1790302825.794
20140,1825.760,1790302825.995
20141,1826.024,1790302826.409
20142,1826.088,1790302826.484
20143,1826.156,1790302826.611
20144,1826.220,1790302826.724
20145,1826.288,1790302826.801
20146,1826.352,1790302826.898
20147,1826.420,1790302827.016
20148,1826.484,1790302827.094
20149,1826.552,1790302827.183
20150,1826.616,1790302827.306
20151,1826.684,1790302827.388
20152,1826.816,1790302827.604
20153,1826.880,1790302827.685
20154,1826.948,1790302827.773
20155,1827.012,1790302827.921
20156,1827.080,1790302828.003
20157,1827.144,1790302828.094
20158,1827.212,1790302828.217
20159,1827.276,1790302828.296
20160,1827.344,1790302828.377
20161,1827.408,1790302828.499
20162,1827.540,1790302828.666
20163,1827.608,1790302828.797
20164,1827.672,1790302828.886
20165,1827.740,1790302828.980
20166,1827.804,1790302829.113
20167,1827.936,1790302829.303
20168,1828.004,1790302829.427
20169,1828.068,1790302829.515
20170,1828.136,1790302829.601
20171,1828.200,1790302829.663
20172,1828.332,1790302829.882
20173,1828.464,1790302830.124
20174,1828.532,1790302830.221
20175,1828.596,1790302830.326
20176,1828.664,1790302830.407
20177,1828.728,1790302830.498
20178,1828.796,1790302830.565
20179,1828.860,1790302830.694
20180,1828.928,1790302830.790
20181,1828.992,1790302830.855
20182,1829.060,1790302831.008
20183,1829.124,1790302831.116
20184,1829.192,1790302831.185
20185,1829.256,1790302831.312
20186,1829.324,1790302831.410
20187,1829.388,1790302831.480
20188,1829.456,1790302831.609
20189,1829.588,1790302831.794
20190,1829.720,1790302832.010
20191,1829.784,1790302832.097
20192,1829.852,1790302832.182
20193,1829.916,1790302832.307
20194,1829.984,1790302832.393
20195,1830.048,1790302832.481
20196,1830.116,1790302832.612
20197,1830.248,1790302832.782
20198,1830.312,1790302832.912
20199,1830.380,1790302832.998
20200,1830.444,1790302833.090
20201,1830.512,1790302833.224
20202,1830.576,1790302833.305
20203,1830.644,1790302833.393
20204,1830.708,1790302833.523
20205,1830.776,1790302833.610
20206,1830.972,1790302833.914
20207,1831.040,1790302834.003
20208,1831.104,1790302834.138
20209,1831.172,1790302834.231
20210,1831.236,1790302834.324
20211,1831.304,1790302834.458
20212,1831.368,1790302834.544
20213,1831.500,1790302834.717
20214,1831.568,1790302834.850
20215,1831.632,1790302834.949
20216,1831.764,1790302835.171
20217,1831.832,1790302835.288
20218,1831.896,1790302835.370
20219,1832.028,1790302835.606
20220,1832.096,1790302835.674
20221,1832.160,1790302835.809
20222,1832.228,1790302835.913
20223,1832.292,1790302835.987
20224,1832.360,1790302836.132
20225,1832.624,1790302836.546
20226,1832.756,1790302836.757
20227,1832.820,1790302836.863
20228,1832.888,1790302836.947
20229,1832.952,1790302837.040
20230,1833.020,1790302837.194
20231,1833.084,1790302837.268
20232,1833.152,1790302837.357
20233,1833.216,1790302837.496
20234,1833.284,1790302837.575
20235,1833.348,1790302837.665
20236,1833.416,1790302837.799
20237,1833.480,1790302837.876
20238,1833.548,1790302837.961
20239,1833.812,1790302838.415
20240,1833.876,1790302838.498
20241,1833.944,1790302838.589
20242,1834.008,1790302838.727
20243,1834.076,1790302838.814
20244,1834.140,1790302838.904
20245,1834.208,1790302839.052
20246,1834.272,1790302839.134
20247,1834.404,1790302839.380
20248,1834.536,1790302839.565
20249,1834.668,1790302839.775
20250,1834.736,1790302839.872
20251,1834.800,1790302839.941
20252,1834.868,1790302840.086
20253,1835.000,1790302840.251
20254,1835.064,1790302840.385
20255,1835.132,1790302840.484
20256,1835.264,1790302840.690
20257,1835.328,1790302840.783
20258,1835.396,1790302840.853
20259,1835.460,1790302840.979
20260,1835.528,1790302841.082
20261,1835.592,1790302841.144
20262,1835.660,1790302841.284
20263,1835.724,1790302841.388
20264,1835.792,1790302841.466
20265,1835.856,1790302841.595
20266,1835.924,1790302841.698
20267,1835.988,1790302841.770
20268,1836.120,1790302842.001
20269,1836.252,1790302842.166
20270,1836.320,1790302842.306
20271,1836.384,1790302842.376
20272,1836.516,1790302842.601
20273,1836.584,1790302842.683
20274,1836.648,1790302842.775
20275,1836.716,1790302842.927
20276,1836.780,1790302843.007
20277,1836.848,1790302843.095
20278,1836.912,1790302843.217
20279,1836.980,1790302843.302
20280,1837.044,1790302843.389
20281,1837.112,1790302843.513
20282,1837.176,1790302843.591
20283,1837.244,1790302843.681
20284,1837.308,1790302843.811
20285,1837.376,1790302843.895
20286,1837.440,1790302843.979
20287,1837.508,1790302844.110
20288,1837.572,1790302844.192
20289,1837.640,1790302844.277
20290,1837.704,1790302844.415
20291,1837.772,1790302844.496
20292,1837.836,1790302844.595
20293,1837.904,1790302844.723
20294,1837.968,1790302844.810
20295,1838.036,1790302844.909
20296,1838.100,1790302844.976
20297,1838.168,1790302845.096
20298,1838.232,1790302845.187
20299,1838.300,1790302845.253
20300,1838.364,1790302845.378
20301,1838.496,1790302845.557
20302,1838.564,1790302845.683
20303,1838.696,1790302845.864
20304,1838.760,1790302845.991
20305,1838.828,1790302846.097
20306,1838.892,1790302846.167
20307,1838.960,1790302846.301
20308,1839.024,1790302846.404
20309,1839.092,1790302846.486
20310,1839.156,1790302846.613
20311,1839.288,1790302846.798
20312,1839.420,1790302847.030
20313,1839.488,1790302847.113
20314,1839.552,1790302847.201
20315,1839.684,1790302847.404
20316,1839.752,1790302847.492
20317,1839.816,1790302847.617
20318,1839.884,1790302847.696
20319,1840.016,1790302847.898
20320,1840.080,1790302847.978
20321,1840.148,1790302848.067
20322,1840.212,1790302848.200
20323,1840.280,1790302848.286
20324,1840.412,1790302848.505
20325,1840.476,1790302848.592
20326,1840.544,1790302848.675
20327,1840.676,1790302848.871
20328,1840.740,1790302848.955
20329,1840.808,1790302849.078
20330,1840.940,1790302849.252
20331,1841.072,1790302849.472
20332,1841.136,1790302849.572
20333,1841.204,1790302849.693
20334,1841.268,1790302849.782
20335,1841.336,1790302849.880
20336,1841.400,1790302849.940
20337,1841.468,1790302850.056
20338,1841.532,1790302850.149
20339,1841.600,1790302850.213
20340,1841.664,1790302850.359
20341,1841.732,1790302850.462
20342,1841.796,1790302850.526
20343,1841.864,1790302850.652
20344,1841.928,1790302850.750
20345,1841.996,1790302850.818
20346,1842.060,1790302850.948
20347,1842.128,1790302851.047
20348,1842.192,1790302851.116
20349,1842.260,1790302851.266
20350,1842.324,1790302851.377
20351,1842.456,1790302851.567
20352,1842.524,1790302851.680
20353,1842.656,1790302851.868
20354,1842.720,1790302851.964
20355,1842.788,1790302852.041
20356,1842.852,1790302852.128
20357,1842.920,1790302852.247
20358,1842.984,1790302852.314
20359,1843.052,1790302852.398
20360,1843.116,1790302852.519
20361,1843.184,1790302852.596
20362,1843.248,1790302852.677
20363,1843.316,1790302852.807
20364,1843.380,1790302852.889
20365,1843.448,1790302853.002
20366,1843.512,1790302853.141
20367,1843.580,1790302853.226
20368,1843.644,1790302853.329
20369,1843.712,1790302853.462
20370,1843.776,1790302853.553
20371,1843.844,1790302853.648
20372,1843.908,1790302853.795
20373,1843.976,1790302853.887
20374,1844.040,1790302853.976
20375,1844.172,1790302854.208
20376,1844.240,1790302854.304
20377,1844.304,1790302854.441
20378,1844.372,1790302854.530
20379,1844.436,1790302854.623
20380,1844.568,1790302854.878
20381,1844.636,1790302854.984
20382,1844.700,1790302855.055
20383,1844.768,1790302855.198
20384,1844.832,1790302855.304
20385,1844.900,1790302855.388
20386,1844.964,1790302855.528
20387,1845.032,1790302855.625
20388,1845.096,1790302855.691
20389,1845.164,1790302855.835
20390,1845.296,1790302856.017
20391,1845.360,1790302856.165
20392,1845.428,1790302856.273
20393,1845.492,1790302856.347
20394,1845.560,1790302856.477
20395,1845.624,1790302856.576
20396,1845.692,1790302856.646
20397,1845.756,1790302856.793
20398,1845.824,1790302856.887
20399,1845.888,1790302856.963
20400,1845.956,1790302857.104
20401,1846.020,1790302857.211
20402,1846.088,1790302857.294
20403,1846.152,1790302857.384
20404,1846.220,1790302857.515
20405,1846.284,1790302857.602
20406,1846.352,1790302857.699
20407,1846.416,1790302857.838
20408,1846.484,1790302857.927
20409,1846.548,1790302858.011
20410,1846.616,1790302858.155
20411,1846.680,1790302858.233
20412,1846.748,1790302858.329
20413,1846.812,1790302858.489
20414,1846.880,1790302858.575
20415,1846.944,1790302858.670
20416,1847.012,1790302858.804
20417,1847.076,1790302858.896
20418,1847.144,1790302858.992
20419,1847.208,1790302859.132
20420,1847.276,1790302859.217
20421,1847.340,1790302859.320
20422,1847.408,1790302859.473
20423,1847.472,1790302859.560
20424,1847.540,1790302859.662
20425,1847.672,1790302859.914
20426,1847.736,1790302860.012
20427,1847.804,1790302860.152
20428,1847.868,1790302860.246
20429,1847.936,1790302860.344
20430,1848.000,1790302860.418
20431,1848.068,1790302860.555
20432,1848.132,1790302860.658
20433,1848.200,1790302860.727
20434,1848.264,1790302860.864
20435,1848.332,1790302860.964
20436,1848.396,1790302861.034
20437,1848.464,1790302861.172
20438,1848.528,1790302861.270
20439,1848.596,1790302861.340
20440,1848.660,1790302861.479
20441,1848.728,1790302861.581
20442,1848.792,1790302861.660
20443,1848.860,1790302861.802
20444,1848.924,1790302861.907
20445,1848.992,1790302861.990
20446,1849.056,1790302862.129
20447,1849.124,1790302862.232
20448,1849.188,1790302862.315
20449,1849.320,1790302862.566
20450,1849.388,1790302862.646
20451,1849.452,1790302862.733
20452,1849.520,1790302862.859
20453,1849.584,1790302862.936
20454,1849.652,1790302863.028
20455,1849.716,1790302863.161
20456,1849.784,1790302863.241
20457,1849.848,1790302863.358
20458,1849.916,1790302863.492
20459,1849.980,1790302863.584
20460,1850.048,1790302863.676
20461,1850.112,1790302863.802
20462,1850.180,1790302863.880
20463,1850.244,1790302863.967
20464,1850.312,1790302864.096
20465,1850.444,1790302864.250
20466,1850.508,1790302864.384
20467,1850.576,1790302864.465
20468,1850.640,1790302864.547
20469,1850.708,1790302864.664
20470,1850.772,1790302864.745
20471,1850.840,1790302864.830
20472,1850.904,1790302864.946
20473,1851.104,1790302865.253
20474,1851.168,1790302865.346
20475,1851.236,1790302865.437
20476,1851.300,1790302865.506
20477,1851.368,1790302865.628
20478,1851.432,1790302865.728
20479,1851.500,1790302865.793
20480,1851.564,1790302865.914
20481,1851.632,1790302866.021
20482,1851.696,1790302866.123
20483,1851.896,1790302866.503
20484,1852.028,1790302866.778
20485,1852.092,1790302866.853
20486,1852.160,1790302866.983
20487,1852.224,1790302867.107
20488,1852.292,1790302867.191
20489,1852.424,1790302867.434
20490,1852.488,1790302867.510
20491,1852.556,1790302867.641
20492,1852.620,1790302867.745
20493,1852.820,1790302868.061
20494,1852.884,1790302868.144
20495,1852.952,1790302868.227
20496,1853.016,1790302868.360
20497,1853.084,1790302868.444
20498,1853.148,1790302868.529
20499,1853.280,1790302868.741
20500,1853.412,1790302868.965
20501,1853.544,1790302869.147
20502,1853.612,1790302869.269
20503,1853.676,1790302869.353
20504,1853.744,1790302869.438
20505,1853.808,1790302869.567
20506,1854.008,1790302869.870
20507,1854.072,1790302869.954
20508,1854.140,1790302870.053
20509,1854.204,1790302870.202
20510,1854.272,1790302870.292
20511,1854.336,1790302870.401
20512,1854.404,1790302870.538
20513,1854.468,1790302870.622
20514,1854.536,1790302870.720
20515,1854.600,1790302870.790
20516,1854.668,1790302870.928
20517,1854.732,1790302871.058
20518,1854.800,1790302871.134
20519,1854.864,1790302871.276
20520,1854.932,1790302871.383
20521,1854.996,1790302871.454
20522,1855.064,1790302871.589
20523,1855.128,1790302871.689
20524,1855.196,1790302871.770
20525,1855.260,1790302871.907
20526,1855.328,1790302872.012
20527,1855.392,1790302872.094
20528,1855.460,1790302872.233
20529,1855.656,1790302872.561
20530,1855.724,1790302872.688
20531,1855.788,1790302872.769
20532,1855.856,1790302872.915
20533,1855.920,1790302873.022
20534,1855.988,1790302873.091
20535,1856.052,1790302873.179
20536,1856.184,1790302873.387
20537,1856.252,1790302873.465
20538,1856.316,1790302873.597
20539,1856.384,1790302873.682
20540,1856.448,1790302873.765
20541,1856.516,1790302873.891
20542,1856.580,1790302873.970
20543,1856.648,1790302874.049
20544,1856.712,1790302874.169
20545,1856.780,1790302874.252
20546,1856.844,1790302874.342
20547,1856.976,1790302874.545
20548,1857.176,1790302874.838
20549,1857.240,1790302874.922
20550,1857.308,1790302875.045
20551,1857.372,1790302875.131
20552,1857.440,1790302875.234
20553,1857.504,1790302875.373
20554,1857.572,1790302875.475
20555,1857.636,1790302875.558
20556,1857.768,1790302875.771
20557,1857.836,1790302875.873
20558,1857.900,1790302875.943
20559,1857.968,1790302876.082
20560,1858.032,1790302876.174
20561,1858.100,1790302876.246
20562,1858.164,1790302876.380
20563,1858.232,1790302876.482
20564,1858.296,1790302876.553
20565,1858.364,1790302876.689
20566,1858.428,1790302876.799
20567,1858.560,1790302877.026
20568,1858.628,1790302877.125
20569,1858.760,1790302877.339
20570,1858.892,1790302877.514
20571,1858.956,1790302877.647
20572,1859.024,1790302877.749
20573,1859.088,1790302877.817
20574,1859.156,1790302877.950
20575,1859.220,1790302878.050
20576,1859.288,1790302878.123
20577,1859.352,1790302878.215
20578,1859.420,1790302878.331
20579,1859.484,1790302878.408
20580,1859.552,1790302878.486
20581,1859.616,1790302878.604
20582,1859.684,1790302878.677
20583,1859.748,1790302878.760
20584,1859.816,1790302878.886
20585,1859.880,1790302878.961
20586,1859.948,1790302879.045
20587,1860.012,1790302879.170
20588,1860.080,1790302879.251
20589,1860.144,1790302879.337
20590,1860.212,1790302879.461
20591,1860.276,1790302879.535
20592,1860.344,1790302879.624
20593,1860.408,1790302879.749
20594,1860.476,1790302879.835
20595,1860.540,1790302879.921
20596,1860.608,1790302880.043
20597,1860.740,1790302880.215
20598,1860.872,1790302880.419
20599,1860.936,1790302880.510
20600,1861.004,1790302880.635
20601,1861.136,1790302880.826
20602,1861.200,1790302880.901
20603,1861.268,1790302881.012
20604,1861.332,1790302881.109
20605,1861.400,1790302881.177
20606,1861.464,1790302881.291
20607,1861.532,1790302881.383
20608,1861.596,1790302881.462
20609,1861.664,1790302881.593
20610,1861.728,1790302881.693
20611,1861.796,1790302881.760
20612,1861.928,1790302881.987
20613,1861.992,1790302882.057
20614,1862.060,1790302882.184
20615,1862.192,1790302882.351
20616,1862.256,1790302882.477
20617,1862.324,1790302882.589
20618,1862.388,1790302882.657
20619,1862.456,1790302882.782
20620,1862.520,1790302882.887
20621,1862.588,1790302882.961
20622,1862.720,1790302883.164
20623,1862.784,1790302883.237
20624,1862.852,1790302883.318
20625,1862.916,1790302883.439
20626,1862.984,1790302883.512
20627,1863.048,1790302883.591
20628,1863.116,1790302883.712
20629,1863.180,1790302883.788
20630,1863.248,1790302883.871
20631,1863.312,1790302883.991
20632,1863.380,1790302884.078
20633,1863.444,1790302884.153
20634,1863.512,1790302884.278
20635,1863.576,1790302884.360
20636,1863.644,1790302884.444
20637,1863.840,1790302884.737
20638,1863.972,1790302884.944
20639,1864.040,1790302885.034
20640,1864.104,1790302885.164
20641,1864.172,1790302885.261
20642,1864.304,1790302885.469
20643,1864.368,1790302885.559
20644,1864.436,1790302885.650
20645,1864.500,1790302885.724
20646,1864.568,1790302885.839
20647,1864.632,1790302885.932
20648,1864.700,1790302886.004
20649,1864.764,1790302886.122
20650,1864.832,1790302886.214
20651,1864.896,1790302886.274
20652,1864.964,1790302886.400
20653,1865.028,1790302886.493
20654,1865.096,1790302886.555
20655,1865.160,1790302886.671
20656,1865.228,1790302886.769
20657,1865.292,1790302886.831
20658,1865.360,1790302886.952
20659,1865.492,1790302887.117
20660,1865.556,1790302887.238
20661,1865.624,1790302887.337
20662,1865.688,1790302887.407
20663,1865.756,1790302887.521
20664,1865.820,1790302887.628
20665,1865.888,1790302887.713
20666,1865.952,1790302887.813
20667,1866.020,1790302887.971
20668,1866.084,1790302888.041
20669,1866.152,1790302888.127
20670,1866.216,1790302888.260
20671,1866.284,1790302888.332
20672,1866.348,1790302888.412
20673,1866.416,1790302888.531
20674,1866.548,1790302888.684
20675,1866.612,1790302888.810
20676,1866.680,1790302888.899
20677,1866.744,1790302888.989
20678,1866.812,1790302889.121
20679,1866.876,1790302889.199
20680,1866.944,1790302889.292
20681,1867.008,1790302889.423
20682,1867.076,1790302889.504
20683,1867.208,1790302889.720
20684,1867.272,1790302889.810
20685,1867.404,1790302890.053
20686,1867.472,1790302890.141
20687,1867.536,1790302890.223
20688,1867.604,1790302890.345
20689,1867.668,1790302890.435
20690,1867.736,1790302890.521
20691,1867.800,1790302890.582
20692,1867.868,1790302890.710
20693,1867.932,1790302890.800
20694,1868.000,1790302890.875
20695,1868.064,1790302890.997
20696,1868.132,1790302891.094
20697,1868.196,1790302891.161
20698,1868.264,1790302891.294
20699,1868.328,1790302891.394
20700,1868.396,1790302891.468
20701,1868.460,1790302891.600
20702,1868.528,1790302891.699
20703,1868.592,1790302891.767
20704,1868.660,1790302891.905
20705,1868.724,1790302892.016
20706,1868.792,1790302892.101
20707,1868.856,1790302892.234
20708,1868.924,1790302892.338
20709,1868.988,1790302892.408
20710,1869.120,1790302892.634
20711,1869.188,1790302892.705
20712,1869.252,1790302892.787
20713,1869.320,1790302892.917
20714,1869.384,1790302892.994
20715,1869.452,1790302893.081
20716,1869.516,1790302893.205
20717,1869.584,1790302893.284
20718,1869.648,1790302893.368
20719,1869.716,1790302893.489
20720,1869.780,1790302893.565
20721,1869.848,1790302893.644
20722,1869.912,1790302893.774
20723,1869.980,1790302893.853
20724,1870.044,1790302893.934
20725,1870.112,1790302894.051
20726,1870.176,1790302894.130
20727,1870.244,1790302894.225
20728,1870.308,1790302894.342
20729,1870.376,1790302894.432
20730,1870.440,1790302894.514
20731,1870.508,1790302894.639
20732,1870.572,1790302894.723
20733,1870.704,1790302894.931
20734,1870.772,1790302895.020
20735,1870.836,1790302895.112
20736,1870.904,1790302895.237
20737,1870.968,1790302895.331
20738,1871.036,1790302895.423
20739,1871.100,1790302895.488
20740,1871.168,1790302895.610
20741,1871.232,1790302895.707
20742,1871.300,1790302895.770
20743,1871.364,1790302895.896
20744,1871.432,1790302896.000
20745,1871.496,1790302896.068
20746,1871.564,1790302896.193
20747,1871.628,1790302896.292
20748,1871.696,1790302896.358
20749,1871.760,1790302896.477
20750,1871.892,1790302896.644
20751,1871.960,1790302896.766
20752,1872.024,1790302896.868
20753,1872.092,1790302896.933
20754,1872.156,1790302897.054
20755,1872.224,1790302897.156
20756,1872.288,1790302897.236
20757,1872.420,1790302897.462
20758,1872.488,1790302897.540
20759,1872.552,1790302897.623
20760,1872.620,1790302897.741
20761,1872.684,1790302897.820
20762,1872.752,1790302897.903
20763,1872.816,1790302898.034
20764,1872.884,1790302898.122
20765,1872.948,1790302898.203
20766,1873.080,1790302898.409
20767,1873.148,1790302898.500
20768,1873.212,1790302898.619
20769,1873.280,1790302898.698
20770,1873.344,1790302898.781
20771,1873.412,1790302898.907
20772,1873.544,1790302899.076
20773,1873.608,1790302899.211
20774,1873.676,1790302899.299
20775,1873.740,1790302899.384
20776,1873.808,1790302899.517
20777,1873.872,1790302899.599
20778,1874.004,1790302899.816
20779,1874.072,1790302899.900
20780,1874.136,1790302899.991
20781,1874.204,1790302900.122
20782,1874.268,1790302900.210
20783,1874.336,1790302900.311
20784,1874.400,1790302900.371
20785,1874.468,1790302900.489
20786,1874.532,1790302900.583
20787,1874.600,1790302900.657
20788,1874.664,1790302900.782
20789,1874.732,1790302900.882
20790,1874.796,1790302900.943
20791,1874.864,1790302901.074
20792,1874.928,1790302901.176
20793,1874.996,1790302901.258
20794,1875.128,1790302901.488
20795,1875.192,1790302901.549
20796,1875.260,1790302901.684
20797,1875.324,1790302901.782
20798,1875.392,1790302901.850
20799,1875.456,1790302901.970
20800,1875.524,1790302902.072
20801,1875.588,1790302902.136
20802,1875.656,1790302902.257
20803,1875.720,1790302902.356
20804,1875.788,1790302902.436
20805,1875.852,1790302902.518
20806,1875.920,1790302902.645
20807,1875.984,1790302902.721
20808,1876.052,1790302902.805
20809,1876.116,1790302902.926
20810,1876.184,1790302902.997
20811,1876.316,1790302903.181
20812,1876.380,1790302903.254
20813,1876.448,1790302903.332
20814,1876.512,1790302903.450
20815,1876.644,1790302903.593
20816,1876.776,1790302903.791
20817,1876.844,1790302903.871
20818,1876.908,1790302904.004
20819,1876.976,1790302904.083
20820,1877.040,1790302904.178
20821,1877.108,1790302904.299
20822,1877.172,1790302904.391
20823,1877.240,1790302904.475
20824,1877.304,1790302904.596
20825,1877.372,1790302904.677
20826,1877.436,1790302904.753
20827,1877.504,1790302904.869
20828,1877.636,1790302905.035
20829,1877.700,1790302905.096
20830,1877.768,1790302905.213
20831,1877.832,1790302905.295
20832,1877.900,1790302905.359
20833,1877.964,1790302905.471
20834,1878.032,1790302905.555
20835,1878.096,1790302905.615
20836,1878.164,1790302905.724
20837,1878.228,1790302905.813
20838,1878.296,1790302905.877
20839,1878.360,1790302905.991
20840,1878.428,1790302906.082
20841,1878.492,1790302906.144
20842,1878.560,1790302906.244
20843,1878.624,1790302906.332
20844,1878.692,1790302906.400
20845,1878.888,1790302906.672
20846,1878.956,1790302906.780
20847,1879.020,1790302906.874
20848,1879.088,1790302906.943
20849,1879.152,1790302907.016
20850,1879.220,1790302907.120
20851,1879.284,1790302907.187
20852,1879.352,1790302907.265
20853,1879.416,1790302907.372
20854,1879.484,1790302907.446
20855,1879.548,1790302907.526
20856,1879.616,1790302907.641
20857,1879.680,1790302907.711
20858,1879.748,1790302907.782
20859,1879.812,1790302907.896
20860,1879.880,1790302907.978
20861,1879.944,1790302908.056
20862,1880.012,1790302908.181
20863,1880.076,1790302908.253
20864,1880.144,1790302908.330
20865,1880.208,1790302908.468
20866,1880.276,1790302908.546
20867,1880.340,1790302908.621
20868,1880.408,1790302908.738
20869,1880.472,1790302908.822
20870,1880.604,1790302909.015
20871,1880.736,1790302909.173
20872,1880.804,1790302909.290
20873,1880.868,1790302909.371
20874,1880.936,1790302909.453
20875,1881.000,1790302909.519
20876,1881.068,1790302909.620
20877,1881.132,1790302909.707
20878,1881.200,1790302909.770
20879,1881.264,1790302909.875
20880,1881.396,1790302910.031
20881,1881.464,1790302910.144
20882,1881.528,1790302910.230
20883,1881.596,1790302910.297
20884,1881.660,1790302910.417
20885,1881.728,1790302910.506
20886,1881.792,1790302910.569
20887,1881.860,1790302910.693
20888,1881.924,1790302910.792
20889,1881.992,1790302910.854
20890,1882.056,1790302910.964
20891,1882.124,1790302911.064
20892,1882.188,1790302911.130
20893,1882.256,1790302911.239
20894,1882.320,1790302911.338
20895,1882.388,1790302911.408
20896,1882.452,1790302911.496
20897,1882.520,1790302911.621
20898,1882.584,1790302911.688
20899,1882.652,1790302911.775
20900,1882.716,1790302911.883
20901,1882.784,1790302911.957
20902,1882.848,1790302912.028
20903,1882.916,1790302912.145
20904,1882.980,1790302912.225
20905,1883.048,1790302912.302
20906,1883.112,1790302912.425
20907,1883.180,1790302912.501
20908,1883.244,1790302912.583
20909,1883.312,1790302912.702
20910,1883.376,1790302912.785
20911,1883.444,1790302912.868
20912,1883.508,1790302912.976
20913,1883.576,1790302913.054
20914,1883.640,1790302913.144
20915,1883.708,1790302913.262
20916,1883.772,1790302913.339
20917,1883.840,1790302913.417
20918,1883.904,1790302913.527
20919,1883.972,1790302913.613
20920,1884.036,1790302913.705
20921,1884.104,1790302913.820
20922,1884.168,1790302913.907
20923,1884.236,1790302913.999
20924,1884.368,1790302914.167
20925,1884.432,1790302914.258
20926,1884.500,1790302914.324
20927,1884.564,1790302914.424
20928,1884.632,1790302914.513
20929,1884.696,1790302914.574
20930,1884.764,1790302914.685
20931,1884.828,1790302914.775
20932,1884.896,1790302914.844
20933,1884.960,1790302914.954
20934,1885.028,1790302915.054
20935,1885.092,1790302915.121
20936,1885.160,1790302915.226
20937,1885.224,1790302915.325
20938,1885.292,1790302915.391
20939,1885.356,1790302915.498
20940,1885.424,1790302915.601
20941,1885.488,1790302915.691
20942,1885.620,1790302915.895
20943,1885.688,1790302915.973
20944,1885.752,1790302916.067
20945,1885.820,1790302916.176
20946,1885.884,1790302916.243
20947,1885.952,1790302916.320
20948,1886.016,1790302916.424
20949,1886.084,1790302916.494
20950,1886.148,1790302916.575
20951,1886.216,1790302916.694
20952,1886.280,1790302916.765
20953,1886.412,1790302916.959
20954,1886.480,1790302917.038
20955,1886.544,1790302917.114
20956,1886.612,1790302917.229
20957,1886.676,1790302917.306
20958,1886.744,1790302917.386
20959,1886.808,1790302917.501
20960,1886.876,1790302917.580
20961,1886.940,1790302917.655
20962,1887.008,1790302917.770
20963,1887.072,1790302917.845
20964,1887.140,1790302917.929
20965,1887.204,1790302918.040
20966,1887.272,1790302918.124
20967,1887.336,1790302918.199
20968,1887.404,1790302918.313
20969,1887.468,1790302918.391
20970,1887.536,1790302918.488
20971,1887.600,1790302918.549
20972,1887.668,1790302918.650
20973,1887.732,1790302918.741
20974,1887.800,1790302918.811
20975,1887.864,1790302918.918
20976,1887.932,1790302919.009
20977,1887.996,1790302919.069
20978,1888.064,1790302919.184
20979,1888.128,1790302919.280
20980,1888.196,1790302919.348
20981,1888.260,1790302919.458
20982,1888.328,1790302919.559
20983,1888.392,1790302919.620
20984,1888.460,1790302919.740
20985,1888.524,1790302919.839
20986,1888.592,1790302919.908
20987,1888.656,1790302920.013
20988,1888.724,1790302920.102
20989,1888.788,1790302920.173
20990,1888.920,1790302920.379
20991,1888.988,1790302920.441
20992,1889.052,1790302920.519
20993,1889.120,1790302920.626
20994,1889.184,1790302920.695
20995,1889.252,1790302920.769
20996,1889.316,1790302920.888
20997,1889.384,1790302920.963
20998,1889.448,1790302921.040
20999,1889.516,1790302921.154
21000,1889.580,1790302921.235
21001,1889.648,1790302921.320
21002,1889.712,1790302921.432
21003,1889.780,1790302921.511
21004,1889.844,1790302921.599
21005,1889.912,1790302921.715
21006,1889.976,1790302921.801
21007,1890.044,1790302921.885
21008,1890.108,1790302922.005
21009,1890.176,1790302922.082
21010,1890.240,1790302922.165
21011,1890.308,1790302922.276
21012,1890.372,1790302922.356
21013,1890.440,1790302922.438
21014,1890.504,1790302922.547
21015,1890.572,1790302922.631
21016,1890.704,1790302922.830
21017,1890.768,1790302922.913
21018,1890.836,1790302922.989
21019,1890.900,1790302923.051
21020,1890.968,1790302923.161
21021,1891.100,1790302923.313
21022,1891.232,1790302923.509
21023,1891.296,1790302923.571
21024,1891.364,1790302923.685
21025,1891.428,1790302923.781
21026,1891.496,1790302923.845
21027,1891.560,1790302923.964
21028,1891.628,1790302924.054
21029,1891.692,1790302924.114
21030,1891.824,1790302924.321
21031,1891.892,1790302924.391
21032,1891.956,1790302924.496
21033,1892.088,1790302924.651
21034,1892.220,1790302924.866
21035,1892.288,1790302924.934
21036,1892.352,1790302925.022
21037,1892.484,1790302925.198
21038,1892.552,1790302925.275
21039,1892.616,1790302925.380
21040,1892.684,1790302925.456
21041,1892.748,1790302925.538
21042,1892.816,1790302925.657
21043,1892.880,1790302925.732
21044,1892.948,1790302925.809
21045,1893.012,1790302925.919
21046,1893.080,1790302926.002
21047,1893.144,1790302926.085
21048,1893.212,1790302926.198
21049,1893.276,1790302926.275
21050,1893.344,1790302926.352
21051,1893.408,1790302926.471
21052,1893.476,1790302926.560
21053,1893.540,1790302926.640
21054,1893.608,1790302926.751
21055,1893.672,1790302926.828
21056,1893.804,1790302927.022
21057,1893.872,1790302927.105
21058,1893.936,1790302927.189
21059,1894.004,1790302927.304
21060,1894.068,1790302927.391
21061,1894.136,1790302927.469
21062,1894.200,1790302927.529
21063,1894.268,1790302927.640
21064,1894.332,1790302927.727
21065,1894.400,1790302927.792
21066,1894.464,1790302927.894
21067,1894.532,1790302927.984
21068,1894.596,1790302928.047
21069,1894.664,1790302928.170
21070,1894.728,1790302928.262
21071,1894.796,1790302928.327
21072,1894.860,1790302928.431
21073,1894.928,1790302928.523
21074,1894.992,1790302928.582
21075,1895.060,1790302928.687
21076,1895.192,1790302928.859
21077,1895.256,1790302928.960
21078,1895.324,1790302929.052
21079,1895.388,1790302929.135
21080,1895.456,1790302929.239
21081,1895.520,1790302929.335
21082,1895.588,1790302929.405
21083,1895.652,1790302929.478
21084,1895.720,1790302929.593
21085,1895.784,1790302929.657
21086,1895.852,1790302929.730
21087,1895.984,1790302929.908
21088,1896.048,1790302929.979
21089,1896.116,1790302930.101
21090,1896.180,1790302930.174
21091,1896.248,1790302930.252
21092,1896.312,1790302930.367
21093,1896.380,1790302930.446
21094,1896.444,1790302930.520
21095,1896.512,1790302930.631
21096,1896.576,1790302930.710
21097,1896.644,1790302930.789
21098,1896.708,1790302930.900
21099,1896.776,1790302930.984
21100,1896.840,1790302931.068
21101,1896.908,1790302931.186
21102,1896.972,1790302931.269
21103,1897.040,1790302931.361
21104,1897.104,1790302931.490
21105,1897.172,1790302931.571
21106,1897.236,1790302931.663
21107,1897.304,1790302931.776
21108,1897.368,1790302931.865
21109,1897.436,1790302931.954
21110,1897.500,1790302932.020
21111,1897.568,1790302932.141
21112,1897.632,1790302932.237
21113,1897.700,1790302932.302
21114,1897.764,1790302932.430
21115,1897.832,1790302932.542
21116,1897.896,1790302932.611
21117,1897.964,1790302932.742
21118,1898.028,1790302932.839
21119,1898.228,1790302933.141
21120,1898.292,1790302933.218
21121,1898.360,1790302933.366
21122,1898.424,1790302933.465
21123,1898.556,1790302933.671
21124,1898.688,1790302933.842
21125,1898.756,1790302933.971
21126,1898.820,1790302934.075
21127,1898.888,1790302934.157
21128,1898.952,1790302934.236
21129,1899.020,1790302934.375
21130,1899.084,1790302934.450
21131,1899.152,1790302934.528
21132,1899.216,1790302934.648
21133,1899.284,1790302934.732
21134,1899.348,1790302934.814
21135,1899.416,1790302934.939
21136,1899.480,1790302935.015
21137,1899.548,1790302935.110
21138,1899.612,1790302935.241
21139,1899.680,1790302935.328
21140,1899.744,1790302935.420
21141,1899.812,1790302935.558
21142,1899.944,1790302935.742
21143,1900.008,1790302935.871
21144,1900.076,1790302935.957
21145,1900.140,1790302936.042
21146,1900.208,1790302936.178
21147,1900.272,1790302936.259
21148,1900.340,1790302936.361
21149,1900.404,1790302936.486
21150,1900.472,1790302936.578
21151,1900.604,1790302936.802
21152,1900.668,1790302936.887
21153,1900.736,1790302936.986
21154,1900.868,1790302937.190
21155,1900.932,1790302937.282
21156,1901.000,1790302937.353
21157,1901.132,1790302937.553
21158,1901.196,1790302937.613
21159,1901.264,1790302937.722
21160,1901.328,1790302937.806
21161,1901.396,1790302937.870
21162,1901.460,1790302937.986
21163,1901.528,1790302938.091
21164,1901.592,1790302938.157
21165,1901.660,1790302938.264
21166,1901.724,1790302938.361
21167,1901.856,1790302938.548
21168,1901.988,1790302938.731
21169,1902.056,1790302938.877
21170,1902.120,1790302938.986
21171,1902.188,1790302939.058
21172,1902.252,1790302939.147
21173,1902.320,1790302939.279
21174,1902.384,1790302939.357
21175,1902.516,1790302939.568
21176,1902.584,1790302939.640
21177,1902.648,1790302939.718
21178,1902.716,1790302939.838
21179,1902.780,1790302939.911
21180,1902.848,1790302939.989
21181,1902.980,1790302940.189
21182,1903.044,1790302940.266
21183,1903.112,1790302940.384
21184,1903.176,1790302940.456
21185,1903.244,1790302940.548
21186,1903.308,1790302940.670
21187,1903.376,1790302940.748
21188,1903.508,1790302940.934
21189,1903.640,1790302941.093
21190,1903.704,1790302941.212
21191,1903.772,1790302941.302
21192,1903.836,1790302941.379
21193,1903.904,1790302941.501
21194,1903.968,1790302941.576
21195,1904.036,1790302941.669
21196,1904.100,1790302941.731
21197,1904.168,1790302941.845
21198,1904.232,1790302941.936
21199,1904.300,1790302942.005
21200,1904.364,1790302942.122
21201,1904.432,1790302942.223
21202,1904.496,1790302942.285
21203,1904.564,1790302942.391
21204,1904.628,1790302942.483
21205,1904.696,1790302942.554
21206,1904.760,1790302942.665
21207,1904.828,1790302942.756
21208,1904.960,1790302942.928
21209,1905.024,1790302943.023
21210,1905.092,1790302943.091
21211,1905.156,1790302943.202
21212,1905.224,1790302943.289
21213,1905.288,1790302943.352
21214,1905.356,1790302943.466
21215,1905.420,1790302943.562
21216,1905.488,1790302943.633
21217,1905.552,1790302943.710
21218,1905.684,1790302943.885
21219,1905.752,1790302943.962
21220,1905.816,1790302944.082
21221,1905.884,1790302944.155
21222,1905.948,1790302944.236
21223,1906.080,1790302944.432
21224,1906.148,1790302944.505
21225,1906.212,1790302944.626
21226,1906.280,1790302944.698
21227,1906.412,1790302944.897
21228,1906.476,1790302944.973
21229,1906.544,1790302945.065
21230,1906.608,1790302945.182
21231,1906.676,1790302945.262
21232,1906.740,1790302945.343
21233,1906.808,1790302945.454
21234,1906.872,1790302945.532
21235,1906.940,1790302945.611
21236,1907.004,1790302945.729
21237,1907.072,1790302945.813
21238,1907.136,1790302945.894
21239,1907.204,1790302946.007
21240,1907.268,1790302946.088
21241,1907.336,1790302946.182
21242,1907.400,1790302946.242
21243,1907.532,1790302946.435
21244,1907.600,1790302946.501
21245,1907.664,1790302946.603
21246,1907.796,1790302946.754
21247,1907.864,1790302946.868
21248,1907.928,1790302946.955
21249,1907.996,1790302947.026
21250,1908.128,1790302947.246
21251,1908.392,1790302947.584
21252,1908.456,1790302947.701
21253,1908.524,1790302947.809
21254,1908.588,1790302947.868
21255,1908.656,1790302947.975
21256,1908.720,1790302948.075
21257,1908.920,1790302948.334
21258,1908.984,1790302948.397
21259,1909.052,1790302948.473
21260,1909.184,1790302948.649
21261,1909.248,1790302948.729
21262,1909.316,1790302948.850
21263,1909.380,1790302948.924
21264,1909.448,1790302948.995
21265,1909.512,1790302949.112
21266,1909.580,1790302949.183
21267,1909.644,1790302949.264
21268,1909.776,1790302949.453
21269,1909.844,1790302949.533
21270,1909.908,1790302949.652
21271,1909.976,1790302949.734
21272,1910.040,1790302949.817
21273,1910.172,1790302950.016
21274,1910.240,1790302950.099
21275,1910.304,1790302950.214
21276,1910.436,1790302950.379
21277,1910.504,1790302950.496
21278,1910.568,1790302950.582
21279,1910.636,1790302950.669
21280,1910.768,1790302950.858
21281,1910.832,1790302950.942
21282,1910.900,1790302951.008
21283,1910.964,1790302951.122
21284,1911.032,1790302951.208
21285,1911.096,1790302951.270
21286,1911.164,1790302951.386
21287,1911.228,1790302951.474
21288,1911.296,1790302951.538
21289,1911.360,1790302951.644
21290,1911.428,1790302951.741
21291,1911.492,1790302951.801
21292,1911.560,1790302951.935
21293,1911.692,1790302952.091
21294,1911.756,1790302952.211
21295,1911.824,1790302952.314
21296,1911.888,1790302952.379
21297,1911.956,1790302952.491
21298,1912.020,1790302952.589
21299,1912.088,1790302952.661
21300,1912.152,1790302952.737
21301,1912.284,1790302952.935
21302,1912.416,1790302953.128
21303,1912.484,1790302953.197
21304,1912.680,1790302953.457
21305,1912.748,1790302953.541
21306,1912.812,1790302953.662
21307,1912.880,1790302953.733
21308,1912.944,1790302953.814
21309,1913.012,1790302953.939
21310,1913.144,1790302954.102
21311,1913.208,1790302954.218
21312,1913.276,1790302954.296
21313,1913.408,1790302954.499
21314,1913.472,1790302954.571
21315,1913.540,1790302954.655
21316,1913.604,1790302954.771
21317,1913.672,1790302954.853
21318,1913.736,1790302954.937
21319,1913.804,1790302955.050
21320,1913.868,1790302955.133
21321,1913.936,1790302955.225
21322,1914.000,1790302955.287
21323,1914.068,1790302955.410
21324,1914.132,1790302955.492
21325,1914.200,1790302955.558
21326,1914.264,1790302955.669
21327,1914.332,1790302955.758
21328,1914.396,1790302955.823
21329,1914.464,1790302955.940
21330,1914.528,1790302956.032
21331,1914.596,1790302956.099
21332,1914.660,1790302956.214
21333,1914.728,1790302956.311
21334,1914.792,1790302956.375
21335,1914.860,1790302956.484
21336,1914.924,1790302956.578
21337,1914.992,1790302956.645
21338,1915.056,1790302956.763
21339,1915.124,1790302956.859
21340,1915.188,1790302956.925
21341,1915.256,1790302957.036
21342,1915.320,1790302957.133
21343,1915.388,1790302957.203
21344,1915.452,1790302957.278
21345,1915.584,1790302957.452
21346,1915.716,1790302957.627
21347,1915.784,1790302957.703
21348,1915.848,1790302957.781
21349,1915.916,1790302957.895
21350,1916.048,1790302958.036
21351,1916.112,1790302958.160
21352,1916.180,1790302958.238
21353,1916.244,1790302958.316
21354,1916.312,1790302958.431
21355,1916.376,1790302958.498
21356,1916.444,1790302958.582
21357,1916.508,1790302958.696
21358,1916.576,1790302958.780
21359,1916.640,1790302958.856
21360,1916.708,1790302958.967
21361,1916.772,1790302959.041
21362,1916.840,1790302959.130
21363,1916.904,1790302959.247
21364,1916.972,1790302959.331
21365,1917.036,1790302959.409
21366,1917.104,1790302959.520
21367,1917.168,1790302959.599
21368,1917.236,1790302959.686
21369,1917.300,1790302959.748
21370,1917.368,1790302959.858
21371,1917.432,1790302959.942
21372,1917.564,1790302960.123
21373,1917.632,1790302960.210
21374,1917.696,1790302960.270
21375,1917.764,1790302960.389
21376,1917.828,1790302960.487
21377,1918.028,1790302960.759
21378,1918.092,1790302960.822
21379,1918.160,1790302960.938
21380,1918.224,1790302961.030
21381,1918.292,1790302961.101
21382,1918.356,1790302961.227
21383,1918.488,1790302961.390
21384,1918.556,1790302961.497
21385,1918.620,1790302961.593
21386,1918.688,1790302961.661
21387,1918.752,1790302961.732
21388,1918.820,1790302961.838
21389,1918.884,1790302961.904
21390,1918.952,1790302961.980
21391,1919.016,1790302962.087
21392,1919.084,1790302962.169
21393,1919.148,1790302962.261
21394,1919.280,1790302962.445
21395,1919.348,1790302962.515
21396,1919.412,1790302962.633
21397,1919.480,1790302962.712
21398,1919.544,1790302962.789
21399,1919.612,1790302962.905
21400,1919.676,1790302962.980
21401,1919.744,1790302963.072
21402,1919.808,1790302963.201
21403,1919.876,1790302963.290
21404,1919.940,1790302963.371
21405,1920.008,1790302963.489
21406,1920.072,1790302963.565
21407,1920.140,1790302963.644
21408,1920.204,1790302963.759
21409,1920.272,1790302963.848
21410,1920.468,1790302964.130
21411,1920.536,1790302964.219
21412,1920.600,1790302964.286
21413,1920.732,1790302964.489
21414,1920.800,1790302964.552
21415,1920.864,1790302964.663
21416,1920.932,1790302964.751
21417,1920.996,1790302964.810
21418,1921.064,1790302964.939
21419,1921.128,1790302965.036
21420,1921.196,1790302965.098
21421,1921.260,1790302965.213
21422,1921.328,1790302965.304
21423,1921.392,1790302965.375
21424,1921.460,1790302965.492
21425,1921.524,1790302965.584
21426,1921.592,1790302965.648
21427,1921.656,1790302965.766
21428,1921.724,1790302965.867
21429,1921.788,1790302965.930
21430,1921.856,1790302966.049
21431,1921.920,1790302966.150
21432,1921.988,1790302966.212
21433,1922.120,1790302966.415
21434,1922.184,1790302966.477
21435,1922.252,1790302966.555
21436,1922.316,1790302966.667
21437,1922.384,1790302966.734
21438,1922.516,1790302966.939
21439,1922.580,1790302967.011
21440,1922.648,1790302967.098
21441,1922.712,1790302967.224
21442,1922.780,1790302967.304
21443,1922.844,1790302967.392
21444,1922.912,1790302967.512
21445,1923.044,1790302967.683
21446,1923.108,1790302967.795
21447,1923.176,1790302967.871
21448,1923.240,1790302967.945
21449,1923.308,1790302968.058
21450,1923.440,1790302968.217
21451,1923.504,1790302968.331
21452,1923.572,1790302968.418
21453,1923.636,1790302968.498
21454,1923.704,1790302968.609
21455,1923.768,1790302968.689
21456,1923.900,1790302968.837
21457,1923.968,1790302968.945
21458,1924.032,1790302969.022
21459,1924.164,1790302969.192
21460,1924.232,1790302969.277
21461,1924.364,1790302969.454
21462,1924.428,1790302969.538
21463,1924.496,1790302969.603
21464,1924.560,1790302969.718
21465,1924.628,1790302969.831
21466,1924.692,1790302969.904
21467,1924.760,1790302970.012
21468,1924.824,1790302970.104
21469,1924.892,1790302970.174
21470,1924.956,1790302970.276
21471,1925.024,1790302970.375
21472,1925.088,1790302970.442
21473,1925.156,1790302970.560
21474,1925.220,1790302970.655
21475,1925.288,1790302970.723
21476,1925.352,1790302970.799
21477,1925.420,1790302970.908
21478,1925.484,1790302970.973
21479,1925.552,1790302971.050
21480,1925.616,1790302971.155
21481,1925.684,1790302971.223
21482,1925.748,1790302971.302
21483,1925.816,1790302971.420
21484,1925.880,1790302971.486
21485,1925.948,1790302971.565
21486,1926.012,1790302971.683
21487,1926.080,1790302971.760
21488,1926.144,1790302971.832
21489,1926.212,1790302971.951
21490,1926.276,1790302972.026
21491,1926.408,1790302972.219
21492,1926.476,1790302972.291
21493,1926.608,1790302972.486
21494,1926.672,1790302972.565
21495,1926.804,1790302972.759
21496,1926.872,1790302972.841
21497,1926.936,1790302972.926
