[0m[INFO] [1790337695.269332057] [sih_mission_follower]: plan /home/prince/avian_rev_c/SIH_AVIAN_FINAL/mission/gazebo_mission_plan_v5.json: 1162 waypoints, home [20.0, -30.0, 0.24], geodesy k_east=0.997068 k_north=1.000147[0m
[0m[INFO] [1790337695.366448988] [sih_mission_follower]: phase WAIT -> ARM[0m
[0m[INFO] [1790337699.387413540] [sih_mission_follower]: phase ARM -> TAKEOFF[0m
[0m[INFO] [1790337721.665368883] [sih_mission_follower]: takeoff reached at [20.09, -30.04, 4.86][0m
[0m[INFO] [1790337721.671376813] [sih_mission_follower]: phase TAKEOFF -> BRAKE_OUT[0m
[0m[INFO] [1790337735.380134786] [sih_mission_follower]: phase BRAKE_OUT -> BRAKE_RUN[0m
[0m[INFO] [1790337743.095932135] [sih_mission_follower]: BRAKE TEST: {'speed_at_cmd_mps': 1.943, 'stop_dist_m': 1.132, 'stop_time_s': 1.5, 'implied_decel_mps2': 1.668, 'budget_stop_dist_m': 1.445, 'note': 'measured from the instant zero velocity was commanded; excludes sensing latency (budgeted separately in t_lat)'}[0m
[0m[INFO] [1790337743.097175851] [sih_mission_follower]: phase BRAKE_RUN -> BRAKE_BACK[0m
[0m[INFO] [1790337761.131232181] [sih_mission_follower]: phase BRAKE_BACK -> MISSION[0m
[0m[INFO] [1790337813.355725638] [sih_mission_follower]: V5_0001 reached: ekf err 0.107 m, leg 42.1 m in 25.1 s, min sensed 3.512[0m
[0m[INFO] [1790337821.846988696] [sih_mission_follower]: V5_0002 reached: ekf err 0.075 m, leg 3.6 m in 4.3 s, min sensed 7.183[0m
[0m[INFO] [1790337837.219816554] [sih_mission_follower]: V5_0003 reached: ekf err 0.113 m, leg 4.9 m in 7.7 s, min sensed 4.432[0m
[0m[INFO] [1790337853.205502103] [sih_mission_follower]: V5_0004 reached: ekf err 0.128 m, leg 11.7 m in 8.3 s, min sensed 4.431[0m
[0m[INFO] [1790337868.339604111] [sih_mission_follower]: V5_0005 reached: ekf err 0.114 m, leg 10.1 m in 7.7 s, min sensed 4.1[0m
[0m[INFO] [1790337883.428020039] [sih_mission_follower]: V5_0006 reached: ekf err 0.066 m, leg 5.7 m in 7.8 s, min sensed 4.439[0m
[0m[INFO] [1790337900.148173213] [sih_mission_follower]: V5_0007 reached: ekf err 0.099 m, leg 8.0 m in 8.8 s, min sensed 4.229[0m
[0m[INFO] [1790337995.909721050] [sih_mission_follower]: V5_0008 reached: ekf err 0.055 m, leg 41.9 m in 47.2 s, min sensed 3.443[0m
[0m[INFO] [1790338014.140466168] [sih_mission_follower]: V5_0009 reached: ekf err 0.106 m, leg 7.9 m in 9.4 s, min sensed 4.341[0m
[0m[INFO] [1790338041.510479292] [sih_mission_follower]: V5_0010 reached: ekf err 0.102 m, leg 13.3 m in 14.0 s, min sensed 2.391[0m
[0m[INFO] [1790338058.658988005] [sih_mission_follower]: V5_0011 reached: ekf err 0.163 m, leg 13.3 m in 9.2 s, min sensed 4.161[0m
[0m[INFO] [1790338079.869121575] [sih_mission_follower]: V5_0012 reached: ekf err 0.077 m, leg 15.6 m in 10.9 s, min sensed 3.596[0m
[0m[INFO] [1790338093.667105391] [sih_mission_follower]: V5_0013 reached: ekf err 0.059 m, leg 4.4 m in 7.3 s, min sensed 4.107[0m
[0m[INFO] [1790338103.041843593] [sih_mission_follower]: V5_0014 reached: ekf err 0.076 m, leg 5.1 m in 5.2 s, min sensed 5.032[0m
[0m[INFO] [1790338115.163463287] [sih_mission_follower]: V5_0015 reached: ekf err 0.091 m, leg 6.9 m in 6.0 s, min sensed 5.032[0m
[0m[INFO] [1790338131.002430243] [sih_mission_follower]: V5_0016 reached: ekf err 0.108 m, leg 6.5 m in 8.3 s, min sensed 3.877[0m
[0m[INFO] [1790338139.111681516] [sih_mission_follower]: V5_0017 reached: ekf err 0.074 m, leg 2.5 m in 4.3 s, min sensed 3.883[0m
[0m[INFO] [1790338148.185816326] [sih_mission_follower]: V5_0018 reached: ekf err 0.109 m, leg 4.3 m in 4.5 s, min sensed 4.993[0m
[0m[INFO] [1790338159.260843463] [sih_mission_follower]: V5_0019 reached: ekf err 0.103 m, leg 6.7 m in 5.8 s, min sensed 4.966[0m
[0m[INFO] [1790338173.168544196] [sih_mission_follower]: V5_0020 reached: ekf err 0.075 m, leg 4.9 m in 7.4 s, min sensed 5.462[0m
[0m[INFO] [1790338191.937537785] [sih_mission_follower]: V5_0021 reached: ekf err 0.104 m, leg 14.8 m in 9.9 s, min sensed 3.606[0m
[0m[INFO] [1790338204.748207172] [sih_mission_follower]: V5_0022 reached: ekf err 0.122 m, leg 4.3 m in 6.5 s, min sensed 3.631[0m
[0m[INFO] [1790338214.601046078] [sih_mission_follower]: V5_0023 reached: ekf err 0.097 m, leg 4.1 m in 4.6 s, min sensed 4.162[0m
[0m[INFO] [1790338225.100867823] [sih_mission_follower]: V5_0024 reached: ekf err 0.114 m, leg 5.3 m in 5.2 s, min sensed 5.03[0m
[0m[INFO] [1790338233.233443309] [sih_mission_follower]: V5_0025 reached: ekf err 0.038 m, leg 2.2 m in 4.2 s, min sensed 5.044[0m
[0m[INFO] [1790338240.497058721] [sih_mission_follower]: V5_0026 reached: ekf err 0.109 m, leg 2.7 m in 4.0 s, min sensed 5.05[0m
[0m[INFO] [1790338250.486206878] [sih_mission_follower]: V5_0027 reached: ekf err 0.103 m, leg 5.5 m in 5.3 s, min sensed 4.269[0m
[0m[INFO] [1790338261.047057806] [sih_mission_follower]: V5_0028 reached: ekf err 0.096 m, leg 3.0 m in 5.7 s, min sensed 3.741[0m
[0m[INFO] [1790338274.002314041] [sih_mission_follower]: V5_0029 reached: ekf err 0.114 m, leg 4.7 m in 6.8 s, min sensed 3.75[0m
[0m[INFO] [1790338295.072643975] [sih_mission_follower]: V5_0030 reached: ekf err 0.061 m, leg 11.8 m in 9.7 s, min sensed 5.742[0m
[0m[INFO] [1790338309.570279931] [sih_mission_follower]: V5_0031 reached: ekf err 0.153 m, leg 6.0 m in 6.9 s, min sensed 7.213[0m
[0m[INFO] [1790338322.151142583] [sih_mission_follower]: V5_0032 reached: ekf err 0.150 m, leg 7.2 m in 6.2 s, min sensed 4.984[0m
[0m[INFO] [1790338336.582321541] [sih_mission_follower]: V5_0033 reached: ekf err 0.073 m, leg 6.3 m in 7.5 s, min sensed 5.084[0m
[0m[INFO] [1790338349.238337177] [sih_mission_follower]: V5_0034 reached: ekf err 0.143 m, leg 8.2 m in 6.7 s, min sensed 5.741[0m
[0m[INFO] [1790338356.364792027] [sih_mission_follower]: V5_0035 reached: ekf err 0.052 m, leg 1.5 m in 3.4 s, min sensed 5.775[0m
[0m[INFO] [1790338369.425805407] [sih_mission_follower]: V5_0036 reached: ekf err 0.092 m, leg 6.2 m in 5.8 s, min sensed 6.01[0m
[0m[INFO] [1790338380.255580663] [sih_mission_follower]: V5_0037 reached: ekf err 0.066 m, leg 2.7 m in 5.4 s, min sensed 5.039[0m
[0m[INFO] [1790338394.420189145] [sih_mission_follower]: V5_0038 reached: ekf err 0.057 m, leg 4.0 m in 7.3 s, min sensed 4.175[0m
[0m[INFO] [1790338404.405902346] [sih_mission_follower]: V5_0039 reached: ekf err 0.062 m, leg 2.6 m in 5.2 s, min sensed 3.988[0m
[0m[INFO] [1790338412.111006568] [sih_mission_follower]: V5_0040 reached: ekf err 0.051 m, leg 2.0 m in 4.0 s, min sensed 3.62[0m
[0m[INFO] [1790338418.534461851] [sih_mission_follower]: V5_0041 reached: ekf err 0.114 m, leg 1.9 m in 3.4 s, min sensed 3.628[0m
[0m[INFO] [1790338425.027230034] [sih_mission_follower]: V5_0042 reached: ekf err 0.057 m, leg 1.4 m in 3.4 s, min sensed 3.721[0m
[0m[INFO] [1790338433.277016631] [sih_mission_follower]: V5_0043 reached: ekf err 0.044 m, leg 2.5 m in 4.3 s, min sensed 3.984[0m
[0m[INFO] [1790338440.189948101] [sih_mission_follower]: V5_0044 reached: ekf err 0.058 m, leg 0.9 m in 3.6 s, min sensed 3.559[0m
[0m[INFO] [1790338450.638306066] [sih_mission_follower]: V5_0045 reached: ekf err 0.061 m, leg 1.7 m in 4.8 s, min sensed 3.511[0m
[0m[INFO] [1790338465.213233597] [sih_mission_follower]: V5_0046 reached: ekf err 0.050 m, leg 4.2 m in 7.4 s, min sensed 3.556[0m
[0m[INFO] [1790338482.173981846] [sih_mission_follower]: V5_0047 reached: ekf err 0.100 m, leg 6.7 m in 8.4 s, min sensed 3.55[0m
[0m[INFO] [1790338492.997215797] [sih_mission_follower]: V5_0048 reached: ekf err 0.089 m, leg 2.9 m in 5.5 s, min sensed 4.716[0m
[0m[INFO] [1790338506.286431964] [sih_mission_follower]: V5_0049 reached: ekf err 0.112 m, leg 3.9 m in 6.6 s, min sensed 4.119[0m
[0m[INFO] [1790338513.665340689] [sih_mission_follower]: V5_0050 reached: ekf err 0.083 m, leg 2.4 m in 3.8 s, min sensed 3.834[0m
[0m[INFO] [1790338521.076355213] [sih_mission_follower]: V5_0051 reached: ekf err 0.084 m, leg 2.0 m in 4.0 s, min sensed 3.843[0m
[0m[INFO] [1790338528.554311683] [sih_mission_follower]: V5_0052 reached: ekf err 0.055 m, leg 2.1 m in 4.0 s, min sensed 3.83[0m
[0m[INFO] [1790338574.441916647] [sih_mission_follower]: V5_0053 reached: ekf err 0.071 m, leg 30.4 m in 22.9 s, min sensed 3.781[0m
[0m[INFO] [1790338611.177852879] [sih_mission_follower]: V5_0054 reached: ekf err 0.072 m, leg 31.5 m in 18.5 s, min sensed 4.169[0m
[0m[INFO] [1790338625.957894042] [sih_mission_follower]: V5_0055 reached: ekf err 0.100 m, leg 4.9 m in 7.9 s, min sensed 5.009[0m
[0m[INFO] [1790338634.349154366] [sih_mission_follower]: V5_0056 reached: ekf err 0.044 m, leg 1.1 m in 4.3 s, min sensed 4.992[0m
[0m[INFO] [1790338645.598472302] [sih_mission_follower]: V5_0057 reached: ekf err 0.118 m, leg 5.8 m in 5.5 s, min sensed 4.996[0m
[0m[INFO] [1790338661.969273845] [sih_mission_follower]: V5_0058 reached: ekf err 0.109 m, leg 7.5 m in 8.4 s, min sensed 4.879[0m
[0m[INFO] [1790338676.410029085] [sih_mission_follower]: V5_0059 reached: ekf err 0.083 m, leg 5.9 m in 7.7 s, min sensed 4.876[0m
[0m[INFO] [1790338691.750760322] [sih_mission_follower]: V5_0060 reached: ekf err 0.157 m, leg 9.1 m in 7.3 s, min sensed 4.9[0m
[0m[INFO] [1790338699.589521828] [sih_mission_follower]: V5_0061 reached: ekf err 0.051 m, leg 2.0 m in 3.9 s, min sensed 4.876[0m
[0m[INFO] [1790338709.741309992] [sih_mission_follower]: V5_0062 reached: ekf err 0.098 m, leg 4.6 m in 4.8 s, min sensed 4.269[0m
[0m[INFO] [1790338721.395042398] [sih_mission_follower]: V5_0063 reached: ekf err 0.057 m, leg 2.8 m in 5.8 s, min sensed 4.267[0m
[0m[INFO] [1790338732.760723473] [sih_mission_follower]: V5_0064 reached: ekf err 0.043 m, leg 3.5 m in 5.6 s, min sensed 5.048[0m
[0m[INFO] [1790338741.168534798] [sih_mission_follower]: V5_0065 reached: ekf err 0.045 m, leg 2.9 m in 4.2 s, min sensed 4.56[0m
[0m[INFO] [1790338750.725162889] [sih_mission_follower]: V5_0066 reached: ekf err 0.114 m, leg 5.0 m in 5.1 s, min sensed 4.55[0m
[0m[INFO] [1790338758.949274395] [sih_mission_follower]: V5_0067 reached: ekf err 0.056 m, leg 1.9 m in 4.2 s, min sensed 4.538[0m
[0m[INFO] [1790338768.321689843] [sih_mission_follower]: V5_0068 reached: ekf err 0.087 m, leg 4.5 m in 4.8 s, min sensed 4.536[0m
[0m[INFO] [1790338783.486934695] [sih_mission_follower]: V5_0069 reached: ekf err 0.135 m, leg 6.1 m in 6.8 s, min sensed 5.76[0m
[0m[INFO] [1790338793.838605927] [sih_mission_follower]: V5_0070 reached: ekf err 0.069 m, leg 2.3 m in 5.3 s, min sensed 4.41[0m
[0m[INFO] [1790338812.151807667] [sih_mission_follower]: V5_0071 reached: ekf err 0.078 m, leg 7.6 m in 9.8 s, min sensed 4.408[0m
[0m[INFO] [1790338827.596027699] [sih_mission_follower]: V5_0072 reached: ekf err 0.127 m, leg 7.7 m in 8.3 s, min sensed 6.944[0m
[0m[INFO] [1790338836.679008176] [sih_mission_follower]: V5_0073 reached: ekf err 0.134 m, leg 4.7 m in 4.8 s, min sensed 4.63[0m
[0m[INFO] [1790338845.919870281] [sih_mission_follower]: V5_0074 reached: ekf err 0.103 m, leg 4.7 m in 4.9 s, min sensed 4.643[0m
[0m[INFO] [1790338879.697213754] [sih_mission_follower]: V5_0075 reached: ekf err 0.112 m, leg 26.6 m in 17.7 s, min sensed 3.493[0m
[0m[INFO] [1790338891.281506167] [sih_mission_follower]: V5_0076 reached: ekf err 0.134 m, leg 7.4 m in 6.2 s, min sensed 5.026[0m
[0m[INFO] [1790338900.986181127] [sih_mission_follower]: V5_0077 reached: ekf err 0.149 m, leg 4.5 m in 4.8 s, min sensed 5.024[0m
[0m[INFO] [1790338914.447893248] [sih_mission_follower]: V5_0078 reached: ekf err 0.139 m, leg 9.1 m in 7.1 s, min sensed 5.152[0m
[0m[INFO] [1790338925.606359940] [sih_mission_follower]: V5_0079 reached: ekf err 0.130 m, leg 6.9 m in 6.0 s, min sensed 5.719[0m
[0m[INFO] [1790338935.301799979] [sih_mission_follower]: V5_0080 reached: ekf err 0.184 m, leg 5.3 m in 5.2 s, min sensed 4.994[0m
[0m[INFO] [1790338943.831083574] [sih_mission_follower]: V5_0081 reached: ekf err 0.101 m, leg 4.1 m in 4.5 s, min sensed 4.958[0m
[0m[INFO] [1790338951.267441577] [sih_mission_follower]: V5_0082 reached: ekf err 0.090 m, leg 1.7 m in 3.8 s, min sensed 4.955[0m
[0m[INFO] [1790338965.134841671] [sih_mission_follower]: V5_0083 reached: ekf err 0.102 m, leg 6.2 m in 7.3 s, min sensed 4.981[0m
[0m[INFO] [1790338979.894614057] [sih_mission_follower]: V5_0084 reached: ekf err 0.071 m, leg 4.4 m in 7.2 s, min sensed 5.101[0m
[0m[INFO] [1790338986.969535732] [sih_mission_follower]: V5_0085 reached: ekf err 0.072 m, leg 2.7 m in 3.8 s, min sensed 5.003[0m
[0m[INFO] [1790338994.111570528] [sih_mission_follower]: V5_0086 reached: ekf err 0.053 m, leg 1.9 m in 3.8 s, min sensed 5.044[0m
[0m[INFO] [1790339010.015762380] [sih_mission_follower]: V5_0087 reached: ekf err 0.108 m, leg 10.8 m in 8.0 s, min sensed 5.051[0m
[0m[INFO] [1790339021.460343742] [sih_mission_follower]: V5_0088 reached: ekf err 0.150 m, leg 7.2 m in 6.1 s, min sensed 5.042[0m
[0m[INFO] [1790339033.888388934] [sih_mission_follower]: V5_0089 reached: ekf err 0.143 m, leg 8.2 m in 6.6 s, min sensed 5.842[0m
[0m[INFO] [1790339041.849673289] [sih_mission_follower]: V5_0090 reached: ekf err 0.074 m, leg 3.2 m in 4.0 s, min sensed 5.041[0m
[0m[INFO] [1790339052.837807220] [sih_mission_follower]: V5_0091 reached: ekf err 0.138 m, leg 5.8 m in 5.4 s, min sensed 5.001[0m
[0m[INFO] [1790339069.619498330] [sih_mission_follower]: V5_0092 reached: ekf err 0.121 m, leg 12.4 m in 8.8 s, min sensed 6.591[0m
[0m[INFO] [1790339079.038395988] [sih_mission_follower]: V5_0093 reached: ekf err 0.125 m, leg 5.2 m in 5.1 s, min sensed 5.018[0m
[0m[INFO] [1790339091.533216333] [sih_mission_follower]: V5_0094 reached: ekf err 0.109 m, leg 7.5 m in 6.3 s, min sensed 4.995[0m
[0m[INFO] [1790339109.876031643] [sih_mission_follower]: V5_0095 reached: ekf err 0.106 m, leg 8.5 m in 9.2 s, min sensed 4.398[0m
[0m[INFO] [1790339134.362064537] [sih_mission_follower]: V5_0096 reached: ekf err 0.147 m, leg 8.0 m in 8.8 s, min sensed 4.398[0m
[0m[INFO] [1790339148.781380780] [sih_mission_follower]: V5_0097 reached: ekf err 0.083 m, leg 2.0 m in 5.3 s, min sensed 5.422[0m
[0m[INFO] [1790339160.061611987] [sih_mission_follower]: V5_0098 reached: ekf err 0.068 m, leg 1.8 m in 4.2 s, min sensed 4.908[0m
[0m[INFO] [1790339170.364905808] [sih_mission_follower]: V5_0099 reached: ekf err 0.076 m, leg 2.7 m in 3.9 s, min sensed 4.852[0m
[0m[INFO] [1790339181.729452105] [sih_mission_follower]: V5_0100 reached: ekf err 0.081 m, leg 2.1 m in 4.0 s, min sensed 4.973[0m
[0m[INFO] [1790339192.787514988] [sih_mission_follower]: V5_0101 reached: ekf err 0.089 m, leg 2.7 m in 4.0 s, min sensed 4.981[0m
[0m[INFO] [1790339206.619659794] [sih_mission_follower]: V5_0102 reached: ekf err 0.126 m, leg 4.4 m in 4.7 s, min sensed 5.008[0m
[0m[INFO] [1790339217.152147474] [sih_mission_follower]: V5_0103 reached: ekf err 0.053 m, leg 1.9 m in 3.8 s, min sensed 5.182[0m
[0m[INFO] [1790339237.766389175] [sih_mission_follower]: V5_0104 reached: ekf err 0.078 m, leg 5.5 m in 7.7 s, min sensed 4.886[0m
[0m[INFO] [1790339252.930987916] [sih_mission_follower]: V5_0105 reached: ekf err 0.109 m, leg 5.5 m in 5.2 s, min sensed 4.522[0m
[0m[INFO] [1790339274.634114163] [sih_mission_follower]: V5_0106 reached: ekf err 0.097 m, leg 6.0 m in 7.9 s, min sensed 4.521[0m
[0m[INFO] [1790339288.023303030] [sih_mission_follower]: V5_0107 reached: ekf err 0.101 m, leg 4.2 m in 4.7 s, min sensed 7.149[0m
[0m[INFO] [1790339303.583676279] [sih_mission_follower]: V5_0108 reached: ekf err 0.148 m, leg 6.0 m in 5.5 s, min sensed 4.796[0m
[0m[INFO] [1790339314.213506640] [sih_mission_follower]: V5_0109 reached: ekf err 0.038 m, leg 2.0 m in 3.9 s, min sensed 4.807[0m
[0m[INFO] [1790339336.121419231] [sih_mission_follower]: V5_0110 reached: ekf err 0.110 m, leg 7.0 m in 7.2 s, min sensed 4.236[0m
[0m[INFO] [1790339358.425066914] [sih_mission_follower]: V5_0111 reached: ekf err 0.077 m, leg 5.8 m in 8.0 s, min sensed 4.264[0m
[0m[INFO] [1790339375.011680586] [sih_mission_follower]: V5_0112 reached: ekf err 0.121 m, leg 5.7 m in 5.4 s, min sensed 4.997[0m
[0m[INFO] [1790339388.898085232] [sih_mission_follower]: V5_0113 reached: ekf err 0.106 m, leg 4.5 m in 4.8 s, min sensed 5.996[0m
[0m[INFO] [1790339411.364094048] [sih_mission_follower]: V5_0114 reached: ekf err 0.047 m, leg 6.4 m in 8.2 s, min sensed 6.22[0m
[0m[INFO] [1790339436.210794306] [sih_mission_follower]: V5_0115 reached: ekf err 0.116 m, leg 9.0 m in 8.7 s, min sensed 3.839[0m
[0m[INFO] [1790339456.666980413] [sih_mission_follower]: V5_0116 reached: ekf err 0.045 m, leg 5.9 m in 6.8 s, min sensed 3.962[0m
[0m[INFO] [1790339483.163748787] [sih_mission_follower]: V5_0117 reached: ekf err 0.135 m, leg 9.4 m in 8.8 s, min sensed 5.094[0m
[0m[INFO] [1790339508.212184116] [sih_mission_follower]: V5_0118 reached: ekf err 0.134 m, leg 12.4 m in 8.7 s, min sensed 5.652[0m
[0m[INFO] [1790339524.116877027] [sih_mission_follower]: V5_0119 reached: ekf err 0.092 m, leg 6.2 m in 5.7 s, min sensed 5.785[0m
[0m[INFO] [1790339544.084090619] [sih_mission_follower]: V5_0120 reached: ekf err 0.160 m, leg 9.2 m in 7.1 s, min sensed 5.696[0m
[0m[INFO] [1790339554.965572754] [sih_mission_follower]: V5_0121 reached: ekf err 0.042 m, leg 1.6 m in 3.5 s, min sensed 6.062[0m
[0m[INFO] [1790339570.745248805] [sih_mission_follower]: V5_0122 reached: ekf err 0.113 m, leg 4.8 m in 5.0 s, min sensed 6.029[0m
[0m[INFO] [1790339589.430700463] [sih_mission_follower]: V5_0123 reached: ekf err 0.055 m, leg 2.3 m in 6.0 s, min sensed 5.031[0m
[0m[INFO] [1790339615.986303404] [sih_mission_follower]: V5_0124 reached: ekf err 0.101 m, leg 9.9 m in 9.2 s, min sensed 5.021[0m
[0m[INFO] [1790339640.942596045] [sih_mission_follower]: V5_0125 reached: ekf err 0.150 m, leg 8.6 m in 8.9 s, min sensed 4.837[0m
[0m[INFO] [1790339671.962127495] [sih_mission_follower]: V5_0126 reached: ekf err 0.127 m, leg 11.5 m in 10.2 s, min sensed 4.95[0m
[0m[INFO] [1790339681.584486206] [sih_mission_follower]: V5_0127 reached: ekf err 0.082 m, leg 0.9 m in 3.2 s, min sensed 5.041[0m
[0m[INFO] [1790339693.137633407] [sih_mission_follower]: V5_0128 reached: ekf err 0.100 m, leg 1.8 m in 3.7 s, min sensed 5.014[0m
[0m[INFO] [1790339717.642761198] [sih_mission_follower]: V5_0129 reached: ekf err 0.121 m, leg 10.3 m in 7.7 s, min sensed 4.902[0m
[0m[INFO] [1790339732.264325972] [sih_mission_follower]: V5_0130 reached: ekf err 0.144 m, leg 4.3 m in 4.6 s, min sensed 5.004[0m
[0m[INFO] [1790339752.308946582] [sih_mission_follower]: V5_0131 reached: ekf err 0.112 m, leg 8.0 m in 6.5 s, min sensed 3.73[0m
[0m[INFO] [1790339780.285155917] [sih_mission_follower]: V5_0132 reached: ekf err 0.055 m, leg 6.5 m in 8.9 s, min sensed 3.761[0m
[0m[INFO] [1790339806.891551730] [sih_mission_follower]: V5_0133 reached: ekf err 0.073 m, leg 6.7 m in 8.7 s, min sensed 4.55[0m
[0m[INFO] [1790339822.708982693] [sih_mission_follower]: V5_0134 reached: ekf err 0.130 m, leg 5.0 m in 5.1 s, min sensed 4.898[0m
[0m[INFO] [1790339846.556021970] [sih_mission_follower]: V5_0135 reached: ekf err 0.117 m, leg 7.7 m in 8.0 s, min sensed 4.884[0m
[0m[INFO] [1790339865.651258290] [sih_mission_follower]: V5_0136 reached: ekf err 0.115 m, leg 6.8 m in 6.0 s, min sensed 5.993[0m
[0m[INFO] [1790339891.510385340] [sih_mission_follower]: V5_0137 reached: ekf err 0.096 m, leg 8.2 m in 7.9 s, min sensed 4.481[0m
[0m[INFO] [1790339920.234210586] [sih_mission_follower]: V5_0138 reached: ekf err 0.115 m, leg 6.3 m in 8.8 s, min sensed 4.491[0m
[0m[INFO] [1790339937.591532453] [sih_mission_follower]: V5_0139 reached: ekf err 0.111 m, leg 5.3 m in 5.2 s, min sensed 4.727[0m
[0m[INFO] [1790339954.445801855] [sih_mission_follower]: V5_0140 reached: ekf err 0.115 m, leg 5.7 m in 5.3 s, min sensed 4.919[0m
[0m[INFO] [1790339972.164197231] [sih_mission_follower]: V5_0141 reached: ekf err 0.127 m, leg 6.5 m in 5.9 s, min sensed 6.262[0m
[0m[INFO] [1790339994.706548173] [sih_mission_follower]: V5_0142 reached: ekf err 0.094 m, leg 4.9 m in 7.5 s, min sensed 6.916[0m
[0m[INFO] [1790340016.568762540] [sih_mission_follower]: V5_0143 reached: ekf err 0.129 m, leg 9.1 m in 7.1 s, min sensed 5.625[0m
[0m[INFO] [1790340044.662114570] [sih_mission_follower]: V5_0144 reached: ekf err 0.071 m, leg 8.4 m in 8.9 s, min sensed 4.184[0m
[0m[INFO] [1790340076.027438182] [sih_mission_follower]: V5_0145 reached: ekf err 0.058 m, leg 7.0 m in 10.2 s, min sensed 4.133[0m
[0m[INFO] [1790340089.615401226] [sih_mission_follower]: V5_0146 reached: ekf err 0.083 m, leg 3.5 m in 4.3 s, min sensed 5.752[0m
[0m[INFO] [1790340110.294358094] [sih_mission_follower]: V5_0147 reached: ekf err 0.113 m, leg 7.4 m in 6.2 s, min sensed 5.176[0m
[0m[INFO] [1790340127.631760382] [sih_mission_follower]: V5_0148 reached: ekf err 0.081 m, leg 2.4 m in 5.5 s, min sensed 4.034[0m
[0m[INFO] [1790340141.275261322] [sih_mission_follower]: V5_0149 reached: ekf err 0.110 m, leg 3.8 m in 4.4 s, min sensed 3.916[0m
[0m[INFO] [1790340156.162492919] [sih_mission_follower]: V5_0150 reached: ekf err 0.061 m, leg 4.0 m in 4.5 s, min sensed 4.511[0m
[0m[INFO] [1790340169.744433222] [sih_mission_follower]: V5_0151 reached: ekf err 0.047 m, leg 0.2 m in 4.2 s, min sensed 5.073[0m
[0m[INFO] [1790340186.366713607] [sih_mission_follower]: V5_0152 reached: ekf err 0.077 m, leg 3.3 m in 5.6 s, min sensed 4.572[0m
[0m[INFO] [1790340205.734356699] [sih_mission_follower]: V5_0153 reached: ekf err 0.038 m, leg 5.1 m in 6.4 s, min sensed 4.608[0m
[0m[INFO] [1790340216.950218022] [sih_mission_follower]: V5_0154 reached: ekf err 0.075 m, leg 2.6 m in 3.9 s, min sensed 4.638[0m
[0m[INFO] [1790340232.893196358] [sih_mission_follower]: V5_0155 reached: ekf err 0.085 m, leg 5.5 m in 5.2 s, min sensed 3.723[0m
[0m[INFO] [1790340259.942477816] [sih_mission_follower]: V5_0156 reached: ekf err 0.080 m, leg 6.4 m in 8.7 s, min sensed 4.46[0m
[0m[INFO] [1790340276.769937345] [sih_mission_follower]: V5_0157 reached: ekf err 0.122 m, leg 5.5 m in 5.3 s, min sensed 4.493[0m
[0m[INFO] [1790340296.215277840] [sih_mission_follower]: V5_0158 reached: ekf err 0.071 m, leg 3.2 m in 6.5 s, min sensed 4.894[0m
[0m[INFO] [1790340311.462993884] [sih_mission_follower]: V5_0159 reached: ekf err 0.120 m, leg 3.9 m in 4.5 s, min sensed 5.011[0m
[0m[INFO] [1790340322.972274542] [sih_mission_follower]: V5_0160 reached: ekf err 0.072 m, leg 2.3 m in 3.7 s, min sensed 4.662[0m
[0m[INFO] [1790340343.231421115] [sih_mission_follower]: V5_0161 reached: ekf err 0.055 m, leg 4.2 m in 6.4 s, min sensed 4.614[0m
[0m[INFO] [1790340361.319021568] [sih_mission_follower]: V5_0162 reached: ekf err 0.074 m, leg 2.7 m in 6.2 s, min sensed 5.138[0m
[0m[INFO] [1790340372.674200617] [sih_mission_follower]: V5_0163 reached: ekf err 0.094 m, leg 2.6 m in 3.9 s, min sensed 4.953[0m
[0m[INFO] [1790340385.222128617] [sih_mission_follower]: V5_0164 reached: ekf err 0.078 m, leg 3.5 m in 4.2 s, min sensed 4.414[0m
[0m[INFO] [1790340399.259863790] [sih_mission_follower]: V5_0165 reached: ekf err 0.140 m, leg 4.3 m in 4.7 s, min sensed 4.367[0m
[0m[INFO] [1790340435.711540690] [sih_mission_follower]: V5_0166 reached: ekf err 0.081 m, leg 12.7 m in 11.6 s, min sensed 4.328[0m
[0m[INFO] [1790340456.819394790] [sih_mission_follower]: V5_0167 reached: ekf err 0.095 m, leg 4.6 m in 6.9 s, min sensed 3.368[0m
[0m[INFO] [1790340469.169674919] [sih_mission_follower]: V5_0168 reached: ekf err 0.086 m, leg 1.7 m in 4.2 s, min sensed 3.305[0m
[0m[INFO] [1790340518.655747461] [sih_mission_follower]: V5_0169 reached: ekf err 0.145 m, leg 21.3 m in 16.6 s, min sensed 3.747[0m
[0m[INFO] [1790340536.127922519] [sih_mission_follower]: V5_0170 reached: ekf err 0.086 m, leg 6.1 m in 5.7 s, min sensed 4.488[0m
[0m[INFO] [1790340574.105318387] [sih_mission_follower]: V5_0171 reached: ekf err 0.051 m, leg 16.0 m in 12.7 s, min sensed 4.461[0m
[0m[INFO] [1790340603.370378577] [sih_mission_follower]: V5_0172 reached: ekf err 0.112 m, leg 8.6 m in 9.8 s, min sensed 4.132[0m
[0m[INFO] [1790340616.327857930] [sih_mission_follower]: V5_0173 reached: ekf err 0.092 m, leg 3.0 m in 4.2 s, min sensed 3.84[0m
[0m[INFO] [1790340631.105452703] [sih_mission_follower]: V5_0174 reached: ekf err 0.095 m, leg 4.7 m in 4.9 s, min sensed 3.841[0m
[0m[INFO] [1790340643.478445154] [sih_mission_follower]: V5_0175 reached: ekf err 0.098 m, leg 2.7 m in 4.0 s, min sensed 4.042[0m
[0m[INFO] [1790340655.106183161] [sih_mission_follower]: V5_0176 reached: ekf err 0.084 m, leg 2.6 m in 3.8 s, min sensed 3.906[0m
[0m[INFO] [1790340673.680107880] [sih_mission_follower]: V5_0177 reached: ekf err 0.078 m, leg 4.6 m in 6.4 s, min sensed 4.663[0m
[0m[INFO] [1790340687.579054341] [sih_mission_follower]: V5_0178 reached: ekf err 0.108 m, leg 4.4 m in 4.7 s, min sensed 4.888[0m
[0m[INFO] [1790340706.275162349] [sih_mission_follower]: V5_0179 reached: ekf err 0.148 m, leg 7.8 m in 6.4 s, min sensed 4.39[0m
[0m[INFO] [1790340730.915567817] [sih_mission_follower]: V5_0180 reached: ekf err 0.092 m, leg 11.4 m in 8.3 s, min sensed 3.844[0m
[0m[INFO] [1790340755.313796131] [sih_mission_follower]: V5_0181 reached: ekf err 0.092 m, leg 5.8 m in 8.2 s, min sensed 4.431[0m
[0m[INFO] [1790340784.287957711] [sih_mission_follower]: V5_0182 reached: ekf err 0.105 m, leg 10.7 m in 9.9 s, min sensed 4.32[0m
[0m[INFO] [1790340801.694345716] [sih_mission_follower]: V5_0183 reached: ekf err 0.158 m, leg 6.3 m in 5.7 s, min sensed 4.427[0m
[0m[INFO] [1790340818.653073905] [sih_mission_follower]: V5_0184 reached: ekf err 0.118 m, leg 5.9 m in 5.5 s, min sensed 3.638[0m
[0m[INFO] [1790340832.196503348] [sih_mission_follower]: V5_0185 reached: ekf err 0.227 m, leg 3.4 m in 4.7 s, min sensed 4.603[0m
[0m[INFO] [1790340855.323499095] [sih_mission_follower]: V5_0186 reached: ekf err 0.099 m, leg 7.3 m in 7.9 s, min sensed 4.561[0m
[0m[INFO] [1790340869.112409343] [sih_mission_follower]: V5_0187 reached: ekf err 0.089 m, leg 3.7 m in 4.4 s, min sensed 4.478[0m
[0m[INFO] [1790340885.274473274] [sih_mission_follower]: V5_0188 reached: ekf err 0.141 m, leg 5.4 m in 5.2 s, min sensed 4.467[0m
[0m[INFO] [1790340896.947456338] [sih_mission_follower]: V5_0189 reached: ekf err 0.036 m, leg 2.4 m in 3.9 s, min sensed 6.004[0m
[0m[INFO] [1790340923.442869173] [sih_mission_follower]: V5_0190 reached: ekf err 0.111 m, leg 12.4 m in 8.8 s, min sensed 4.476[0m
[0m[INFO] [1790340941.228813931] [sih_mission_follower]: V5_0191 reached: ekf err 0.046 m, leg 3.4 m in 6.0 s, min sensed 3.9[0m
[0m[INFO] [1790340972.882863599] [sih_mission_follower]: V5_0192 reached: ekf err 0.103 m, leg 9.4 m in 10.7 s, min sensed 4.178[0m
[0m[INFO] [1790340996.328072802] [sih_mission_follower]: V5_0193 reached: ekf err 0.143 m, leg 10.6 m in 7.9 s, min sensed 6.224[0m
[0m[INFO] [1790341024.111378777] [sih_mission_follower]: V5_0194 reached: ekf err 0.133 m, leg 8.3 m in 9.6 s, min sensed 4.124[0m
[0m[INFO] [1790341052.197305263] [sih_mission_follower]: V5_0195 reached: ekf err 0.056 m, leg 9.6 m in 9.5 s, min sensed 3.474[0m
[0m[INFO] [1790341065.788615025] [sih_mission_follower]: V5_0196 reached: ekf err 0.073 m, leg 1.7 m in 4.3 s, min sensed 5.003[0m
[0m[INFO] [1790341078.928423377] [sih_mission_follower]: V5_0197 reached: ekf err 0.050 m, leg 0.9 m in 4.2 s, min sensed 6.539[0m
[0m[INFO] [1790341091.871001282] [sih_mission_follower]: V5_0198 reached: ekf err 0.054 m, leg 3.1 m in 4.2 s, min sensed 6.417[0m
[0m[INFO] [1790341119.660223580] [sih_mission_follower]: V5_0199 reached: ekf err 0.144 m, leg 8.9 m in 9.2 s, min sensed 4.427[0m
[0m[INFO] [1790341142.372750740] [sih_mission_follower]: V5_0200 reached: ekf err 0.145 m, leg 5.0 m in 7.6 s, min sensed 3.951[0m
[0m[INFO] [1790341161.252787170] [sih_mission_follower]: V5_0201 reached: ekf err 0.118 m, leg 6.8 m in 5.9 s, min sensed 3.855[0m
[0m[INFO] [1790341175.451963970] [sih_mission_follower]: V5_0202 reached: ekf err 0.088 m, leg 4.4 m in 4.7 s, min sensed 3.612[0m
[0m[INFO] [1790341205.638629312] [sih_mission_follower]: V5_0203 reached: ekf err 0.067 m, leg 7.4 m in 9.7 s, min sensed 3.638[0m
[0m[INFO] [1790341239.341104960] [sih_mission_follower]: V5_0204 reached: ekf err 0.064 m, leg 11.2 m in 11.3 s, min sensed 3.637[0m
[0m[INFO] [1790341259.715957576] [sih_mission_follower]: V5_0205 reached: ekf err 0.159 m, leg 8.6 m in 6.8 s, min sensed 6.333[0m
[0m[INFO] [1790341288.955542789] [sih_mission_follower]: V5_0206 reached: ekf err 0.085 m, leg 8.8 m in 9.8 s, min sensed 4.147[0m
[0m[INFO] [1790341312.667637013] [sih_mission_follower]: V5_0207 reached: ekf err 0.121 m, leg 7.6 m in 7.8 s, min sensed 3.783[0m
[0m[INFO] [1790341332.403490978] [sih_mission_follower]: V5_0208 reached: ekf err 0.097 m, leg 4.7 m in 6.8 s, min sensed 4.955[0m
[0m[INFO] [1790341357.838154970] [sih_mission_follower]: V5_0209 reached: ekf err 0.099 m, leg 6.8 m in 8.4 s, min sensed 4.951[0m
[0m[INFO] [1790341375.283200507] [sih_mission_follower]: V5_0210 reached: ekf err 0.130 m, leg 6.8 m in 5.8 s, min sensed 6.113[0m
[0m[INFO] [1790341397.819534208] [sih_mission_follower]: V5_0211 reached: ekf err 0.087 m, leg 5.0 m in 7.3 s, min sensed 3.589[0m
[0m[INFO] [1790341414.850663942] [sih_mission_follower]: V5_0212 reached: ekf err 0.077 m, leg 3.5 m in 5.4 s, min sensed 3.851[0m
[0m[INFO] [1790341431.600718936] [sih_mission_follower]: V5_0213 reached: ekf err 0.099 m, leg 3.2 m in 5.5 s, min sensed 4.64[0m
[0m[INFO] [1790341446.218652414] [sih_mission_follower]: V5_0214 reached: ekf err 0.133 m, leg 4.6 m in 4.9 s, min sensed 4.48[0m
[0m[INFO] [1790341466.832508408] [sih_mission_follower]: V5_0215 reached: ekf err 0.135 m, leg 8.6 m in 6.8 s, min sensed 4.384[0m
[0m[INFO] [1790341479.743901040] [sih_mission_follower]: V5_0216 reached: ekf err 0.098 m, leg 3.8 m in 4.4 s, min sensed 4.59[0m
[0m[INFO] [1790341491.950857115] [sih_mission_follower]: V5_0217 reached: ekf err 0.130 m, leg 2.7 m in 4.0 s, min sensed 4.515[0m
[0m[INFO] [1790341504.454707689] [sih_mission_follower]: V5_0218 reached: ekf err 0.099 m, leg 3.7 m in 4.4 s, min sensed 4.552[0m
[0m[INFO] [1790341518.684074154] [sih_mission_follower]: V5_0219 reached: ekf err 0.107 m, leg 3.7 m in 4.4 s, min sensed 5.304[0m
[0m[INFO] [1790341529.423844809] [sih_mission_follower]: V5_0220 reached: ekf err 0.055 m, leg 0.5 m in 3.2 s, min sensed 6.492[0m
[0m[INFO] [1790341540.897348885] [sih_mission_follower]: V5_0221 reached: ekf err 0.172 m, leg 2.1 m in 3.8 s, min sensed 5.129[0m
[0m[INFO] [1790341578.537182680] [sih_mission_follower]: V5_0222 reached: ekf err 0.081 m, leg 11.6 m in 12.4 s, min sensed 3.759[0m
[0m[INFO] [1790341600.412304248] [sih_mission_follower]: V5_0223 reached: ekf err 0.127 m, leg 5.8 m in 7.3 s, min sensed 4.531[0m
[0m[INFO] [1790341625.473424184] [sih_mission_follower]: V5_0224 reached: ekf err 0.151 m, leg 10.8 m in 8.0 s, min sensed 4.598[0m
[0m[INFO] [1790341649.864840942] [sih_mission_follower]: V5_0225 reached: ekf err 0.081 m, leg 4.9 m in 7.5 s, min sensed 5.276[0m
[0m[INFO] [1790341668.699906009] [sih_mission_follower]: V5_0226 reached: ekf err 0.092 m, leg 3.1 m in 6.2 s, min sensed 5.44[0m
[0m[INFO] [1790341680.171051016] [sih_mission_follower]: V5_0227 reached: ekf err 0.044 m, leg 1.6 m in 3.7 s, min sensed 5.507[0m
[0m[INFO] [1790341693.226578229] [sih_mission_follower]: V5_0228 reached: ekf err 0.111 m, leg 3.7 m in 4.3 s, min sensed 5.584[0m
[0m[INFO] [1790341711.956162998] [sih_mission_follower]: V5_0229 reached: ekf err 0.085 m, leg 2.6 m in 6.0 s, min sensed 5.585[0m
[0m[INFO] [1790341725.448755023] [sih_mission_follower]: V5_0230 reached: ekf err 0.074 m, leg 2.0 m in 4.7 s, min sensed 6.086[0m
[0m[INFO] [1790341744.321101170] [sih_mission_follower]: V5_0231 reached: ekf err 0.043 m, leg 7.3 m in 6.2 s, min sensed 3.899[0m
[0m[INFO] [1790341767.359014173] [sih_mission_follower]: V5_0232 reached: ekf err 0.038 m, leg 5.3 m in 7.8 s, min sensed 4.391[0m
[0m[INFO] [1790341798.332961666] [sih_mission_follower]: V5_0233 reached: ekf err 0.074 m, leg 9.1 m in 10.2 s, min sensed 4.626[0m
[0m[INFO] [1790341810.733510367] [sih_mission_follower]: V5_0234 reached: ekf err 0.080 m, leg 2.8 m in 3.9 s, min sensed 6.448[0m
[0m[INFO] [1790341857.836495954] [sih_mission_follower]: V5_0235 reached: ekf err 0.146 m, leg 19.1 m in 15.2 s, min sensed 3.881[0m
[0m[INFO] [1790341880.414642300] [sih_mission_follower]: V5_0236 reached: ekf err 0.044 m, leg 5.2 m in 7.7 s, min sensed 4.501[0m
[0m[INFO] [1790341921.616973839] [sih_mission_follower]: V5_0237 reached: ekf err 0.089 m, leg 15.9 m in 14.6 s, min sensed 3.545[0m
[0m[INFO] [1790341952.961500194] [sih_mission_follower]: V5_0238 reached: ekf err 0.114 m, leg 9.4 m in 10.7 s, min sensed 4.235[0m
[0m[INFO] [1790342000.115101258] [sih_mission_follower]: V5_0239 reached: ekf err 0.065 m, leg 25.5 m in 15.6 s, min sensed 6.273[0m
[0m[INFO] [1790342057.736031840] [sih_mission_follower]: V5_0240 reached: ekf err 0.081 m, leg 35.4 m in 20.6 s, min sensed 3.212[0m
[0m[INFO] [1790342075.945941656] [sih_mission_follower]: V5_0241 reached: ekf err 0.084 m, leg 7.2 m in 9.0 s, min sensed 4.222[0m
[0m[INFO] [1790342091.839407932] [sih_mission_follower]: V5_0242 reached: ekf err 0.125 m, leg 5.0 m in 7.4 s, min sensed 3.687[0m
[0m[INFO] [1790342106.272623187] [sih_mission_follower]: V5_0243 reached: ekf err 0.065 m, leg 3.6 m in 6.7 s, min sensed 3.691[0m
[0m[INFO] [1790342115.433969361] [sih_mission_follower]: V5_0244 reached: ekf err 0.120 m, leg 3.8 m in 4.5 s, min sensed 4.344[0m
[0m[INFO] [1790342127.046139279] [sih_mission_follower]: V5_0245 reached: ekf err 0.093 m, leg 3.5 m in 5.7 s, min sensed 4.591[0m
[0m[INFO] [1790342139.935863351] [sih_mission_follower]: V5_0246 reached: ekf err 0.068 m, leg 3.6 m in 6.6 s, min sensed 4.587[0m
[0m[INFO] [1790342148.194174249] [sih_mission_follower]: V5_0247 reached: ekf err 0.040 m, leg 1.6 m in 4.2 s, min sensed 5.619[0m
[0m[INFO] [1790342156.629125138] [sih_mission_follower]: V5_0248 reached: ekf err 0.094 m, leg 1.9 m in 4.2 s, min sensed 5.581[0m
[0m[INFO] [1790342168.870502700] [sih_mission_follower]: V5_0249 reached: ekf err 0.067 m, leg 3.3 m in 6.0 s, min sensed 4.312[0m
[0m[INFO] [1790342182.521182883] [sih_mission_follower]: V5_0250 reached: ekf err 0.077 m, leg 4.1 m in 6.4 s, min sensed 4.323[0m
[0m[INFO] [1790342191.214681390] [sih_mission_follower]: V5_0251 reached: ekf err 0.094 m, leg 3.4 m in 4.3 s, min sensed 4.939[0m
[0m[INFO] [1790342207.922589773] [sih_mission_follower]: V5_0252 reached: ekf err 0.088 m, leg 7.2 m in 8.7 s, min sensed 4.075[0m
[0m[INFO] [1790342232.104108854] [sih_mission_follower]: V5_0253 reached: ekf err 0.075 m, leg 14.0 m in 12.6 s, min sensed 3.421[0m
[0m[INFO] [1790342248.496096566] [sih_mission_follower]: V5_0254 reached: ekf err 0.078 m, leg 5.8 m in 8.7 s, min sensed 3.409[0m
[0m[INFO] [1790342259.435757384] [sih_mission_follower]: V5_0255 reached: ekf err 0.158 m, leg 6.1 m in 5.6 s, min sensed 3.919[0m
[0m[INFO] [1790342268.356653798] [sih_mission_follower]: V5_0256 reached: ekf err 0.040 m, leg 1.7 m in 4.6 s, min sensed 3.917[0m
[0m[INFO] [1790342278.164917553] [sih_mission_follower]: V5_0257 reached: ekf err 0.102 m, leg 3.3 m in 4.9 s, min sensed 3.696[0m
[0m[INFO] [1790342285.385817486] [sih_mission_follower]: V5_0258 reached: ekf err 0.039 m, leg 2.4 m in 3.7 s, min sensed 3.71[0m
[0m[INFO] [1790342298.974164758] [sih_mission_follower]: V5_0259 reached: ekf err 0.039 m, leg 4.0 m in 6.4 s, min sensed 4.07[0m
[0m[INFO] [1790342315.363963589] [sih_mission_follower]: V5_0260 reached: ekf err 0.118 m, leg 8.2 m in 8.7 s, min sensed 4.068[0m
[0m[INFO] [1790342322.551896359] [sih_mission_follower]: V5_0261 reached: ekf err 0.064 m, leg 1.9 m in 3.8 s, min sensed 4.73[0m
[0m[INFO] [1790342331.779312908] [sih_mission_follower]: V5_0262 reached: ekf err 0.115 m, leg 4.5 m in 4.8 s, min sensed 5.066[0m
[0m[INFO] [1790342345.506509988] [sih_mission_follower]: V5_0263 reached: ekf err 0.061 m, leg 4.5 m in 7.0 s, min sensed 5.431[0m
[0m[INFO] [1790342360.786761763] [sih_mission_follower]: V5_0264 reached: ekf err 0.149 m, leg 5.4 m in 7.5 s, min sensed 4.096[0m
[0m[INFO] [1790342376.255789039] [sih_mission_follower]: V5_0265 reached: ekf err 0.053 m, leg 6.1 m in 8.0 s, min sensed 3.403[0m
[0m[INFO] [1790342403.950936573] [sih_mission_follower]: V5_0266 reached: ekf err 0.105 m, leg 18.2 m in 14.2 s, min sensed 3.579[0m
[0m[INFO] [1790342419.337534090] [sih_mission_follower]: V5_0267 reached: ekf err 0.148 m, leg 7.6 m in 7.8 s, min sensed 3.687[0m
[0m[INFO] [1790342427.315853149] [sih_mission_follower]: V5_0268 reached: ekf err 0.070 m, leg 2.4 m in 4.2 s, min sensed 5.865[0m
[0m[INFO] [1790342442.188413005] [sih_mission_follower]: V5_0269 reached: ekf err 0.094 m, leg 4.0 m in 7.3 s, min sensed 5.046[0m
[0m[INFO] [1790342453.964191514] [sih_mission_follower]: V5_0270 reached: ekf err 0.124 m, leg 6.2 m in 5.7 s, min sensed 4.958[0m
[0m[INFO] [1790342464.353444501] [sih_mission_follower]: V5_0271 reached: ekf err 0.101 m, leg 6.0 m in 5.6 s, min sensed 5.114[0m
[0m[INFO] [1790342472.705052344] [sih_mission_follower]: V5_0272 reached: ekf err 0.075 m, leg 4.1 m in 4.6 s, min sensed 5.783[0m
[0m[INFO] [1790342490.504446810] [sih_mission_follower]: V5_0273 reached: ekf err 0.071 m, leg 10.9 m in 9.6 s, min sensed 5.645[0m
[0m[INFO] [1790342501.528857359] [sih_mission_follower]: V5_0274 reached: ekf err 0.152 m, leg 6.7 m in 5.9 s, min sensed 5.034[0m
[0m[INFO] [1790342515.318070875] [sih_mission_follower]: V5_0275 reached: ekf err 0.111 m, leg 8.9 m in 7.0 s, min sensed 5.021[0m
[0m[INFO] [1790342531.886001382] [sih_mission_follower]: V5_0276 reached: ekf err 0.124 m, leg 11.6 m in 8.4 s, min sensed 4.415[0m
[0m[INFO] [1790342546.758404414] [sih_mission_follower]: V5_0277 reached: ekf err 0.099 m, leg 8.4 m in 7.7 s, min sensed 7.607[0m
[0m[INFO] [1790342558.105128200] [sih_mission_follower]: V5_0278 reached: ekf err 0.156 m, leg 7.0 m in 6.0 s, min sensed 5.733[0m
[0m[INFO] [1790342578.992423855] [sih_mission_follower]: V5_0279 reached: ekf err 0.132 m, leg 11.5 m in 10.9 s, min sensed 4.493[0m
[0m[INFO] [1790342593.926936374] [sih_mission_follower]: V5_0280 reached: ekf err 0.115 m, leg 7.6 m in 8.2 s, min sensed 4.495[0m
[0m[INFO] [1790342610.131544444] [sih_mission_follower]: V5_0281 reached: ekf err 0.105 m, leg 7.0 m in 8.6 s, min sensed 5.012[0m
[0m[INFO] [1790342617.712402631] [sih_mission_follower]: V5_0282 reached: ekf err 0.060 m, leg 1.9 m in 3.8 s, min sensed 5.043[0m
[0m[INFO] [1790342631.037416203] [sih_mission_follower]: V5_0283 reached: ekf err 0.153 m, leg 8.0 m in 6.5 s, min sensed 5.013[0m
[0m[INFO] [1790342638.654381321] [sih_mission_follower]: V5_0284 reached: ekf err 0.074 m, leg 1.7 m in 3.7 s, min sensed 5.011[0m
[0m[INFO] [1790342646.209093403] [sih_mission_follower]: V5_0285 reached: ekf err 0.099 m, leg 2.7 m in 4.0 s, min sensed 4.979[0m
[0m[INFO] [1790342657.386407604] [sih_mission_follower]: V5_0286 reached: ekf err 0.130 m, leg 5.9 m in 5.5 s, min sensed 4.963[0m
[0m[INFO] [1790342667.749331387] [sih_mission_follower]: V5_0287 reached: ekf err 0.117 m, leg 6.1 m in 5.5 s, min sensed 5.002[0m
[0m[INFO] [1790342696.516664857] [sih_mission_follower]: V5_0288 reached: ekf err 0.064 m, leg 25.5 m in 15.4 s, min sensed 5.015[0m
[0m[INFO] [1790342704.178846711] [sih_mission_follower]: V5_0289 reached: ekf err 0.083 m, leg 2.7 m in 4.0 s, min sensed 5.017[0m
[0m[INFO] [1790342711.662349561] [sih_mission_follower]: V5_0290 reached: ekf err 0.029 m, leg 1.9 m in 3.9 s, min sensed 5.002[0m
[0m[INFO] [1790342719.724850673] [sih_mission_follower]: V5_0291 reached: ekf err 0.041 m, leg 2.0 m in 4.2 s, min sensed 4.731[0m
[0m[INFO] [1790342729.223298429] [sih_mission_follower]: V5_0292 reached: ekf err 0.094 m, leg 3.0 m in 4.8 s, min sensed 4.718[0m
[0m[INFO] [1790342740.474630920] [sih_mission_follower]: V5_0293 reached: ekf err 0.084 m, leg 3.6 m in 5.5 s, min sensed 4.986[0m
[0m[INFO] [1790342755.006390253] [sih_mission_follower]: V5_0294 reached: ekf err 0.110 m, leg 5.4 m in 7.2 s, min sensed 5.072[0m
[0m[INFO] [1790342762.836476588] [sih_mission_follower]: V5_0295 reached: ekf err 0.089 m, leg 2.6 m in 3.9 s, min sensed 5.005[0m
[0m[INFO] [1790342775.851888793] [sih_mission_follower]: V5_0296 reached: ekf err 0.066 m, leg 4.6 m in 6.7 s, min sensed 5.226[0m
[0m[INFO] [1790342793.155526638] [sih_mission_follower]: V5_0297 reached: ekf err 0.114 m, leg 8.0 m in 9.1 s, min sensed 5.662[0m
[0m[INFO] [1790342804.130394058] [sih_mission_follower]: V5_0298 reached: ekf err 0.139 m, leg 6.1 m in 5.5 s, min sensed 5.219[0m
[0m[INFO] [1790342812.799250277] [sih_mission_follower]: V5_0299 reached: ekf err 0.080 m, leg 4.1 m in 4.5 s, min sensed 4.97[0m
[0m[INFO] [1790342822.910203018] [sih_mission_follower]: V5_0300 reached: ekf err 0.098 m, leg 5.1 m in 5.2 s, min sensed 4.977[0m
[0m[INFO] [1790342832.364810041] [sih_mission_follower]: V5_0301 reached: ekf err 0.095 m, leg 4.9 m in 5.0 s, min sensed 4.981[0m
[0m[INFO] [1790342840.809096824] [sih_mission_follower]: V5_0302 reached: ekf err 0.048 m, leg 3.7 m in 4.4 s, min sensed 4.952[0m
[0m[INFO] [1790342853.921545283] [sih_mission_follower]: V5_0303 reached: ekf err 0.056 m, leg 4.8 m in 6.8 s, min sensed 4.512[0m
[0m[INFO] [1790342864.157232719] [sih_mission_follower]: V5_0304 reached: ekf err 0.108 m, leg 5.5 m in 5.2 s, min sensed 4.506[0m
[0m[INFO] [1790342879.876360098] [sih_mission_follower]: V5_0305 reached: ekf err 0.057 m, leg 5.5 m in 7.8 s, min sensed 4.864[0m
[0m[INFO] [1790342887.599870439] [sih_mission_follower]: V5_0306 reached: ekf err 0.092 m, leg 3.0 m in 4.0 s, min sensed 5.319[0m
[0m[INFO] [1790342896.747756405] [sih_mission_follower]: V5_0307 reached: ekf err 0.124 m, leg 4.5 m in 4.8 s, min sensed 6.321[0m
[0m[INFO] [1790342907.317917914] [sih_mission_follower]: V5_0308 reached: ekf err 0.152 m, leg 5.9 m in 5.5 s, min sensed 7.151[0m
[0m[INFO] [1790342923.792454975] [sih_mission_follower]: V5_0309 reached: ekf err 0.117 m, leg 8.7 m in 8.9 s, min sensed 7.151[0m
[0m[INFO] [1790342937.889000645] [sih_mission_follower]: V5_0310 reached: ekf err 0.089 m, leg 6.9 m in 7.4 s, min sensed 6.534[0m
[0m[INFO] [1790342946.594048969] [sih_mission_follower]: V5_0311 reached: ekf err 0.104 m, leg 4.6 m in 4.8 s, min sensed 6.166[0m
[0m[INFO] [1790342959.450727738] [sih_mission_follower]: V5_0312 reached: ekf err 0.142 m, leg 7.7 m in 6.3 s, min sensed 4.988[0m
[0m[INFO] [1790342966.058891021] [sih_mission_follower]: V5_0313 reached: ekf err 0.074 m, leg 1.7 m in 3.5 s, min sensed 5.016[0m
[0m[INFO] [1790342979.537259091] [sih_mission_follower]: V5_0314 reached: ekf err 0.067 m, leg 4.7 m in 6.8 s, min sensed 5.055[0m
[0m[INFO] [1790342989.686539468] [sih_mission_follower]: V5_0315 reached: ekf err 0.104 m, leg 5.2 m in 5.2 s, min sensed 5.725[0m
[0m[INFO] [1790343004.653502122] [sih_mission_follower]: V5_0316 reached: ekf err 0.074 m, leg 4.6 m in 7.6 s, min sensed 5.084[0m
[0m[INFO] [1790343014.215962378] [sih_mission_follower]: V5_0317 reached: ekf err 0.112 m, leg 5.3 m in 5.2 s, min sensed 4.724[0m
[0m[INFO] [1790343029.833670243] [sih_mission_follower]: V5_0318 reached: ekf err 0.106 m, leg 6.3 m in 8.2 s, min sensed 4.422[0m
[0m[INFO] [1790343042.939602408] [sih_mission_follower]: V5_0319 reached: ekf err 0.107 m, leg 8.1 m in 6.7 s, min sensed 4.418[0m
[0m[INFO] [1790343055.351783721] [sih_mission_follower]: V5_0320 reached: ekf err 0.044 m, leg 2.3 m in 6.2 s, min sensed 5.011[0m
[0m[INFO] [1790343065.284034875] [sih_mission_follower]: V5_0321 reached: ekf err 0.103 m, leg 5.3 m in 5.4 s, min sensed 5.008[0m
[0m[INFO] [1790343076.489197469] [sih_mission_follower]: V5_0322 reached: ekf err 0.094 m, leg 6.6 m in 5.8 s, min sensed 5.336[0m
[0m[INFO] [1790343086.865653457] [sih_mission_follower]: V5_0323 reached: ekf err 0.131 m, leg 6.3 m in 5.7 s, min sensed 5.725[0m
[0m[INFO] [1790343099.306175747] [sih_mission_follower]: V5_0324 reached: ekf err 0.116 m, leg 8.1 m in 6.6 s, min sensed 6.567[0m
[0m[INFO] [1790343112.743187950] [sih_mission_follower]: V5_0325 reached: ekf err 0.141 m, leg 5.0 m in 7.2 s, min sensed 5.463[0m
[0m[INFO] [1790343128.672069448] [sih_mission_follower]: V5_0326 reached: ekf err 0.134 m, leg 11.6 m in 8.4 s, min sensed 7.925[0m
[0m[INFO] [1790343142.510592705] [sih_mission_follower]: V5_0327 reached: ekf err 0.100 m, leg 6.9 m in 7.5 s, min sensed 6.498[0m
[0m[INFO] [1790343151.554763428] [sih_mission_follower]: V5_0328 reached: ekf err 0.101 m, leg 4.1 m in 4.6 s, min sensed 5.008[0m
[0m[INFO] [1790343160.844706400] [sih_mission_follower]: V5_0329 reached: ekf err 0.131 m, leg 4.8 m in 4.9 s, min sensed 4.993[0m
[0m[INFO] [1790343172.305138423] [sih_mission_follower]: V5_0330 reached: ekf err 0.188 m, leg 7.3 m in 6.2 s, min sensed 4.149[0m
[0m[INFO] [1790343188.610880666] [sih_mission_follower]: V5_0331 reached: ekf err 0.106 m, leg 6.3 m in 8.7 s, min sensed 4.145[0m
[0m[INFO] [1790343202.962409130] [sih_mission_follower]: V5_0332 reached: ekf err 0.078 m, leg 4.3 m in 7.2 s, min sensed 4.363[0m
[0m[INFO] [1790343211.238797787] [sih_mission_follower]: V5_0333 reached: ekf err 0.113 m, leg 3.5 m in 4.3 s, min sensed 5.003[0m
[0m[INFO] [1790343224.300728929] [sih_mission_follower]: V5_0334 reached: ekf err 0.110 m, leg 5.9 m in 6.5 s, min sensed 5.088[0m
[0m[INFO] [1790343240.772122574] [sih_mission_follower]: V5_0335 reached: ekf err 0.126 m, leg 7.3 m in 8.9 s, min sensed 4.797[0m
[0m[INFO] [1790343259.614880426] [sih_mission_follower]: V5_0336 reached: ekf err 0.069 m, leg 10.8 m in 10.1 s, min sensed 5.214[0m
[0m[INFO] [1790343273.930730372] [sih_mission_follower]: V5_0337 reached: ekf err 0.078 m, leg 5.8 m in 7.7 s, min sensed 7.151[0m
[0m[INFO] [1790343287.603144336] [sih_mission_follower]: V5_0338 reached: ekf err 0.095 m, leg 6.0 m in 7.2 s, min sensed 5.188[0m
[0m[INFO] [1790343293.694423132] [sih_mission_follower]: V5_0339 reached: ekf err 0.086 m, leg 1.9 m in 3.3 s, min sensed 4.943[0m
[0m[INFO] [1790343308.817683661] [sih_mission_follower]: V5_0340 reached: ekf err 0.082 m, leg 6.4 m in 8.2 s, min sensed 4.326[0m
[0m[INFO] [1790343318.951140473] [sih_mission_follower]: V5_0341 reached: ekf err 0.107 m, leg 5.7 m in 5.3 s, min sensed 4.341[0m
[0m[INFO] [1790343330.966279330] [sih_mission_follower]: V5_0342 reached: ekf err 0.067 m, leg 5.0 m in 6.0 s, min sensed 5.41[0m
[0m[INFO] [1790343344.231208791] [sih_mission_follower]: V5_0343 reached: ekf err 0.061 m, leg 4.0 m in 6.5 s, min sensed 4.027[0m
[0m[INFO] [1790343353.427196474] [sih_mission_follower]: V5_0344 reached: ekf err 0.104 m, leg 4.0 m in 4.5 s, min sensed 4.03[0m
[0m[INFO] [1790343366.542114787] [sih_mission_follower]: V5_0345 reached: ekf err 0.128 m, leg 8.1 m in 6.7 s, min sensed 4.997[0m
[0m[INFO] [1790343381.290095571] [sih_mission_follower]: V5_0346 reached: ekf err 0.119 m, leg 6.1 m in 7.8 s, min sensed 4.388[0m
[0m[INFO] [1790343395.734320383] [sih_mission_follower]: V5_0347 reached: ekf err 0.054 m, leg 4.7 m in 7.2 s, min sensed 4.388[0m
[0m[INFO] [1790343405.084824646] [sih_mission_follower]: V5_0348 reached: ekf err 0.106 m, leg 4.8 m in 5.0 s, min sensed 4.883[0m
[0m[INFO] [1790343412.509323521] [sih_mission_follower]: V5_0349 reached: ekf err 0.050 m, leg 1.9 m in 3.8 s, min sensed 4.876[0m
[0m[INFO] [1790343421.396812367] [sih_mission_follower]: V5_0350 reached: ekf err 0.118 m, leg 4.2 m in 4.7 s, min sensed 5.01[0m
[0m[INFO] [1790343429.024249259] [sih_mission_follower]: V5_0351 reached: ekf err 0.080 m, leg 2.9 m in 4.0 s, min sensed 4.74[0m
[0m[INFO] [1790343436.091434579] [sih_mission_follower]: V5_0352 reached: ekf err 0.018 m, leg 0.9 m in 3.7 s, min sensed 4.782[0m
[0m[INFO] [1790343444.859627689] [sih_mission_follower]: V5_0353 reached: ekf err 0.093 m, leg 3.5 m in 4.2 s, min sensed 4.315[0m
[0m[INFO] [1790343453.855793712] [sih_mission_follower]: V5_0354 reached: ekf err 0.081 m, leg 3.6 m in 4.5 s, min sensed 4.313[0m
[0m[INFO] [1790343466.616592246] [sih_mission_follower]: V5_0355 reached: ekf err 0.105 m, leg 5.7 m in 6.4 s, min sensed 5.011[0m
[0m[INFO] [1790343479.885907303] [sih_mission_follower]: V5_0356 reached: ekf err 0.097 m, leg 4.4 m in 7.0 s, min sensed 6.075[0m
[0m[INFO] [1790343491.488286219] [sih_mission_follower]: V5_0357 reached: ekf err 0.135 m, leg 6.9 m in 6.0 s, min sensed 5.75[0m
[0m[INFO] [1790343502.714103029] [sih_mission_follower]: V5_0358 reached: ekf err 0.101 m, leg 6.8 m in 6.0 s, min sensed 4.981[0m
[0m[INFO] [1790343510.353085869] [sih_mission_follower]: V5_0359 reached: ekf err 0.069 m, leg 2.6 m in 4.0 s, min sensed 4.961[0m
[0m[INFO] [1790343523.929039168] [sih_mission_follower]: V5_0360 reached: ekf err 0.124 m, leg 6.6 m in 7.4 s, min sensed 5.009[0m
[0m[INFO] [1790343542.948457903] [sih_mission_follower]: V5_0361 reached: ekf err 0.089 m, leg 10.6 m in 10.1 s, min sensed 5.137[0m
[0m[INFO] [1790343553.180289001] [sih_mission_follower]: V5_0362 reached: ekf err 0.130 m, leg 5.6 m in 5.3 s, min sensed 5.088[0m
[0m[INFO] [1790343567.843793683] [sih_mission_follower]: V5_0363 reached: ekf err 0.069 m, leg 10.0 m in 7.3 s, min sensed 6.071[0m
[0m[INFO] [1790343581.596514812] [sih_mission_follower]: V5_0364 reached: ekf err 0.095 m, leg 4.0 m in 7.2 s, min sensed 5.083[0m
[0m[INFO] [1790343592.363262047] [sih_mission_follower]: V5_0365 reached: ekf err 0.045 m, leg 3.2 m in 5.8 s, min sensed 3.678[0m
[0m[INFO] [1790343604.873550019] [sih_mission_follower]: V5_0366 reached: ekf err 0.115 m, leg 6.1 m in 6.8 s, min sensed 3.706[0m
[0m[INFO] [1790343613.873482623] [sih_mission_follower]: V5_0367 reached: ekf err 0.120 m, leg 4.0 m in 4.5 s, min sensed 3.518[0m
[0m[INFO] [1790343621.838628379] [sih_mission_follower]: V5_0368 reached: ekf err 0.073 m, leg 2.7 m in 4.0 s, min sensed 3.53[0m
[0m[INFO] [1790343629.595012616] [sih_mission_follower]: V5_0369 reached: ekf err 0.058 m, leg 2.1 m in 3.8 s, min sensed 4.989[0m
[0m[INFO] [1790343640.384488264] [sih_mission_follower]: V5_0370 reached: ekf err 0.052 m, leg 4.1 m in 5.8 s, min sensed 5.089[0m
[0m[INFO] [1790343652.355461609] [sih_mission_follower]: V5_0371 reached: ekf err 0.077 m, leg 5.0 m in 6.3 s, min sensed 4.232[0m
[0m[INFO] [1790343667.938613204] [sih_mission_follower]: V5_0372 reached: ekf err 0.074 m, leg 5.5 m in 7.8 s, min sensed 4.361[0m
[0m[INFO] [1790343679.641648901] [sih_mission_follower]: V5_0373 reached: ekf err 0.096 m, leg 6.0 m in 5.8 s, min sensed 3.59[0m
[0m[INFO] [1790343687.456049590] [sih_mission_follower]: V5_0374 reached: ekf err 0.079 m, leg 3.1 m in 4.0 s, min sensed 3.595[0m
[0m[INFO] [1790343697.908811217] [sih_mission_follower]: V5_0375 reached: ekf err 0.094 m, leg 3.1 m in 5.7 s, min sensed 3.697[0m
[0m[INFO] [1790343717.263158830] [sih_mission_follower]: V5_0376 reached: ekf err 0.087 m, leg 7.3 m in 9.6 s, min sensed 3.681[0m
[0m[INFO] [1790343726.792832586] [sih_mission_follower]: V5_0377 reached: ekf err 0.094 m, leg 5.1 m in 5.0 s, min sensed 4.105[0m
[0m[INFO] [1790343741.575031274] [sih_mission_follower]: V5_0378 reached: ekf err 0.129 m, leg 10.7 m in 7.9 s, min sensed 4.099[0m
[0m[INFO] [1790343759.698017213] [sih_mission_follower]: V5_0379 reached: ekf err 0.129 m, leg 9.1 m in 9.8 s, min sensed 4.408[0m
[0m[INFO] [1790343803.564102781] [sih_mission_follower]: V5_0380 reached: ekf err 0.106 m, leg 25.9 m in 23.1 s, min sensed 3.585[0m
[0m[INFO] [1790343811.425257248] [sih_mission_follower]: V5_0381 reached: ekf err 0.041 m, leg 0.9 m in 4.1 s, min sensed 3.932[0m
[0m[INFO] [1790343818.799418466] [sih_mission_follower]: V5_0382 reached: ekf err 0.080 m, leg 1.3 m in 3.9 s, min sensed 4.259[0m
[0m[INFO] [1790343830.088135122] [sih_mission_follower]: V5_0383 reached: ekf err 0.066 m, leg 3.0 m in 5.7 s, min sensed 4.528[0m
[0m[INFO] [1790343842.652467735] [sih_mission_follower]: V5_0384 reached: ekf err 0.081 m, leg 3.9 m in 6.7 s, min sensed 4.133[0m
[0m[INFO] [1790343857.006201807] [sih_mission_follower]: V5_0385 reached: ekf err 0.089 m, leg 4.4 m in 7.7 s, min sensed 4.149[0m
[0m[INFO] [1790343864.724674878] [sih_mission_follower]: V5_0386 reached: ekf err 0.073 m, leg 1.7 m in 4.0 s, min sensed 6.011[0m
[0m[INFO] [1790343871.816846541] [sih_mission_follower]: V5_0387 reached: ekf err 0.067 m, leg 2.2 m in 3.8 s, min sensed 5.901[0m
[0m[INFO] [1790343881.523155654] [sih_mission_follower]: V5_0388 reached: ekf err 0.066 m, leg 2.9 m in 5.1 s, min sensed 4.723[0m
[0m[INFO] [1790343893.034353815] [sih_mission_follower]: V5_0389 reached: ekf err 0.073 m, leg 3.2 m in 5.7 s, min sensed 4.195[0m
[0m[INFO] [1790343903.779076340] [sih_mission_follower]: V5_0390 reached: ekf err 0.160 m, leg 6.3 m in 5.7 s, min sensed 4.212[0m
[0m[INFO] [1790343910.995080717] [sih_mission_follower]: V5_0391 reached: ekf err 0.049 m, leg 1.3 m in 3.8 s, min sensed 4.586[0m
[0m[INFO] [1790343919.358288112] [sih_mission_follower]: V5_0392 reached: ekf err 0.100 m, leg 3.2 m in 4.1 s, min sensed 4.673[0m
[0m[INFO] [1790343927.665372162] [sih_mission_follower]: V5_0393 reached: ekf err 0.064 m, leg 2.0 m in 4.2 s, min sensed 4.566[0m
[0m[INFO] [1790343935.023811773] [sih_mission_follower]: V5_0394 reached: ekf err 0.049 m, leg 1.4 m in 3.8 s, min sensed 4.22[0m
[0m[INFO] [1790343940.984603278] [sih_mission_follower]: V5_0395 reached: ekf err 0.091 m, leg 0.7 m in 3.2 s, min sensed 3.848[0m
[0m[INFO] [1790343988.366419464] [sih_mission_follower]: V5_0396 reached: ekf err 0.104 m, leg 27.9 m in 24.6 s, min sensed 3.701[0m
[0m[INFO] [1790344009.460650623] [sih_mission_follower]: V5_0397 reached: ekf err 0.092 m, leg 9.2 m in 11.2 s, min sensed 4.38[0m
[0m[INFO] [1790344020.193394013] [sih_mission_follower]: V5_0398 reached: ekf err 0.144 m, leg 5.9 m in 5.5 s, min sensed 4.358[0m
[0m[INFO] [1790344038.756733664] [sih_mission_follower]: V5_0399 reached: ekf err 0.157 m, leg 10.5 m in 9.9 s, min sensed 4.358[0m
[0m[INFO] [1790344068.941082649] [sih_mission_follower]: V5_0400 reached: ekf err 0.093 m, leg 23.3 m in 15.2 s, min sensed 3.562[0m
[0m[INFO] [1790344077.485923048] [sih_mission_follower]: V5_0401 reached: ekf err 0.065 m, leg 2.0 m in 4.3 s, min sensed 5.439[0m
[0m[INFO] [1790344089.508820294] [sih_mission_follower]: V5_0402 reached: ekf err 0.091 m, leg 5.8 m in 6.5 s, min sensed 4.411[0m
[0m[INFO] [1790344120.138520611] [sih_mission_follower]: V5_0403 reached: ekf err 0.045 m, leg 19.5 m in 15.8 s, min sensed 3.637[0m
[0m[INFO] [1790344151.387573277] [sih_mission_follower]: V5_0404 reached: ekf err 0.118 m, leg 25.3 m in 16.1 s, min sensed 3.585[0m
[0m[INFO] [1790344166.254397444] [sih_mission_follower]: V5_0405 reached: ekf err 0.058 m, leg 6.2 m in 8.1 s, min sensed 5.594[0m
[0m[INFO] [1790344179.823295479] [sih_mission_follower]: V5_0406 reached: ekf err 0.098 m, leg 5.7 m in 7.3 s, min sensed 7.992[0m
[0m[INFO] [1790344201.235061633] [sih_mission_follower]: V5_0407 reached: ekf err 0.109 m, leg 11.3 m in 11.2 s, min sensed 7.991[0m
[0m[INFO] [1790344223.270905100] [sih_mission_follower]: V5_0408 reached: ekf err 0.118 m, leg 17.3 m in 11.3 s, min sensed 4.579[0m
[0m[INFO] [1790344239.685347012] [sih_mission_follower]: V5_0409 reached: ekf err 0.124 m, leg 8.5 m in 8.8 s, min sensed 6.628[0m
[0m[INFO] [1790344260.627179952] [sih_mission_follower]: V5_0410 reached: ekf err 0.142 m, leg 12.5 m in 11.1 s, min sensed 6.428[0m
[0m[INFO] [1790344279.819379832] [sih_mission_follower]: V5_0411 reached: ekf err 0.072 m, leg 12.9 m in 9.5 s, min sensed 6.268[0m
[0m[INFO] [1790344311.547160536] [sih_mission_follower]: V5_0412 reached: ekf err 0.093 m, leg 19.0 m in 16.2 s, min sensed 5.858[0m
[0m[INFO] [1790344326.549019958] [sih_mission_follower]: V5_0413 reached: ekf err 0.107 m, leg 5.7 m in 8.0 s, min sensed 5.742[0m
[0m[INFO] [1790344345.320032726] [sih_mission_follower]: V5_0414 reached: ekf err 0.100 m, leg 7.3 m in 9.3 s, min sensed 5.39[0m
[0m[INFO] [1790344363.014479674] [sih_mission_follower]: V5_0415 reached: ekf err 0.066 m, leg 11.3 m in 9.2 s, min sensed 5.441[0m
[0m[INFO] [1790344374.674617671] [sih_mission_follower]: V5_0416 reached: ekf err 0.146 m, leg 7.3 m in 6.2 s, min sensed 7.923[0m
[0m[INFO] [1790344403.834655317] [sih_mission_follower]: V5_0417 reached: ekf err 0.135 m, leg 17.8 m in 15.8 s, min sensed 7.933[0m
[0m[INFO] [1790344425.648792178] [sih_mission_follower]: V5_0418 reached: ekf err 0.158 m, leg 13.2 m in 11.7 s, min sensed 8.252[0m
[0m[INFO] [1790344438.226684286] [sih_mission_follower]: V5_0419 reached: ekf err 0.093 m, leg 7.8 m in 6.5 s, min sensed 5.56[0m
[0m[INFO] [1790344450.433885965] [sih_mission_follower]: V5_0420 reached: ekf err 0.126 m, leg 7.9 m in 6.5 s, min sensed 5.593[0m
[0m[INFO] [1790344466.211731688] [sih_mission_follower]: V5_0421 reached: ekf err 0.122 m, leg 5.6 m in 8.0 s, min sensed 7.038[0m
[0m[INFO] [1790344480.641841687] [sih_mission_follower]: V5_0422 reached: ekf err 0.121 m, leg 9.9 m in 7.5 s, min sensed 6.806[0m
[0m[INFO] [1790344494.668518761] [sih_mission_follower]: V5_0423 reached: ekf err 0.150 m, leg 10.3 m in 7.6 s, min sensed 7.381[0m
[0m[INFO] [1790344506.229346379] [sih_mission_follower]: V5_0424 reached: ekf err 0.134 m, leg 7.3 m in 6.2 s, min sensed 7.903[0m
[0m[INFO] [1790344524.506077403] [sih_mission_follower]: V5_0425 reached: ekf err 0.116 m, leg 10.2 m in 9.9 s, min sensed 3.515[0m
[0m[INFO] [1790344550.772417838] [sih_mission_follower]: V5_0426 reached: ekf err 0.070 m, leg 15.3 m in 14.1 s, min sensed 3.924[0m
[0m[INFO] [1790344569.593600960] [sih_mission_follower]: V5_0427 reached: ekf err 0.106 m, leg 10.9 m in 10.0 s, min sensed 8.186[0m
[0m[INFO] [1790344596.688491370] [sih_mission_follower]: V5_0428 reached: ekf err 0.079 m, leg 24.0 m in 14.7 s, min sensed 5.908[0m
[0m[INFO] [1790344609.517399398] [sih_mission_follower]: V5_0429 reached: ekf err 0.066 m, leg 3.9 m in 7.0 s, min sensed 6.904[0m
[0m[INFO] [1790344624.644048052] [sih_mission_follower]: V5_0430 reached: ekf err 0.087 m, leg 10.5 m in 8.1 s, min sensed 3.548[0m
[0m[INFO] [1790344643.054005448] [sih_mission_follower]: V5_0431 reached: ekf err 0.092 m, leg 7.7 m in 9.8 s, min sensed 3.996[0m
[0m[INFO] [1790344660.431912298] [sih_mission_follower]: V5_0432 reached: ekf err 0.049 m, leg 11.1 m in 9.0 s, min sensed 5.64[0m
[0m[INFO] [1790344673.876344636] [sih_mission_follower]: V5_0433 reached: ekf err 0.165 m, leg 9.2 m in 7.0 s, min sensed 5.262[0m
[0m[INFO] [1790344686.732371692] [sih_mission_follower]: V5_0434 reached: ekf err 0.023 m, leg 3.0 m in 6.8 s, min sensed 6.011[0m
[0m[INFO] [1790344705.927554743] [sih_mission_follower]: V5_0435 reached: ekf err 0.123 m, leg 11.3 m in 10.2 s, min sensed 5.395[0m
[0m[INFO] [1790344728.027000653] [sih_mission_follower]: V5_0436 reached: ekf err 0.063 m, leg 11.6 m in 11.6 s, min sensed 3.587[0m
[0m[INFO] [1790344739.415231097] [sih_mission_follower]: V5_0437 reached: ekf err 0.140 m, leg 7.0 m in 6.1 s, min sensed 3.613[0m
[0m[INFO] [1790344755.188973582] [sih_mission_follower]: V5_0438 reached: ekf err 0.100 m, leg 6.6 m in 8.4 s, min sensed 3.918[0m
[0m[INFO] [1790344777.976691976] [sih_mission_follower]: V5_0439 reached: ekf err 0.134 m, leg 12.0 m in 12.3 s, min sensed 6.004[0m
[0m[INFO] [1790344806.196715529] [sih_mission_follower]: V5_0440 reached: ekf err 0.152 m, leg 18.1 m in 14.8 s, min sensed 7.946[0m
[0m[INFO] [1790344817.842591107] [sih_mission_follower]: V5_0441 reached: ekf err 0.101 m, leg 7.2 m in 6.2 s, min sensed 7.944[0m
[0m[INFO] [1790344828.463027193] [sih_mission_follower]: V5_0442 reached: ekf err 0.132 m, leg 6.2 m in 5.7 s, min sensed 7.921[0m
[0m[INFO] [1790344844.171972057] [sih_mission_follower]: V5_0443 reached: ekf err 0.101 m, leg 6.0 m in 8.0 s, min sensed 5.665[0m
[0m[INFO] [1790344860.736248739] [sih_mission_follower]: V5_0444 reached: ekf err 0.108 m, leg 6.5 m in 8.7 s, min sensed 5.631[0m
[0m[INFO] [1790344880.525019135] [sih_mission_follower]: V5_0445 reached: ekf err 0.131 m, leg 11.3 m in 10.6 s, min sensed 4.135[0m
[0m[INFO] [1790344903.618191159] [sih_mission_follower]: V5_0446 reached: ekf err 0.157 m, leg 12.0 m in 12.3 s, min sensed 5.981[0m
[0m[INFO] [1790344923.798635316] [sih_mission_follower]: V5_0447 reached: ekf err 0.079 m, leg 16.0 m in 10.8 s, min sensed 8.284[0m
[0m[INFO] [1790344948.773505745] [sih_mission_follower]: V5_0448 reached: ekf err 0.147 m, leg 16.0 m in 13.2 s, min sensed 5.539[0m
[0m[INFO] [1790344968.732256506] [sih_mission_follower]: V5_0449 reached: ekf err 0.058 m, leg 9.2 m in 10.6 s, min sensed 3.592[0m
[0m[INFO] [1790344985.200103278] [sih_mission_follower]: V5_0450 reached: ekf err 0.096 m, leg 6.7 m in 8.6 s, min sensed 3.821[0m
[0m[INFO] [1790344998.864620116] [sih_mission_follower]: V5_0451 reached: ekf err 0.046 m, leg 3.6 m in 7.2 s, min sensed 4.325[0m
[0m[INFO] [1790345017.483648660] [sih_mission_follower]: V5_0452 reached: ekf err 0.143 m, leg 10.1 m in 9.2 s, min sensed 5.094[0m
[0m[INFO] [1790345026.775355159] [sih_mission_follower]: V5_0453 reached: ekf err 0.114 m, leg 4.7 m in 4.8 s, min sensed 5.47[0m
[0m[INFO] [1790345046.261646177] [sih_mission_follower]: V5_0454 reached: ekf err 0.104 m, leg 15.7 m in 10.4 s, min sensed 3.925[0m
[0m[INFO] [1790345058.636191101] [sih_mission_follower]: V5_0455 reached: ekf err 0.027 m, leg 7.2 m in 6.5 s, min sensed 3.57[0m
[0m[INFO] [1790345075.321204953] [sih_mission_follower]: V5_0456 reached: ekf err 0.136 m, leg 12.4 m in 8.8 s, min sensed 6.197[0m
[0m[INFO] [1790345093.539117733] [sih_mission_follower]: V5_0457 reached: ekf err 0.125 m, leg 10.5 m in 9.6 s, min sensed 5.551[0m
[0m[INFO] [1790345113.452158690] [sih_mission_follower]: V5_0458 reached: ekf err 0.122 m, leg 10.8 m in 10.2 s, min sensed 5.957[0m
[0m[INFO] [1790345126.933394686] [sih_mission_follower]: V5_0459 reached: ekf err 0.054 m, leg 4.8 m in 6.7 s, min sensed 5.125[0m
[0m[INFO] [1790345147.577878207] [sih_mission_follower]: V5_0460 reached: ekf err 0.067 m, leg 11.3 m in 10.6 s, min sensed 3.822[0m
[0m[INFO] [1790345159.113858885] [sih_mission_follower]: V5_0461 reached: ekf err 0.109 m, leg 6.7 m in 6.0 s, min sensed 3.711[0m
[0m[INFO] [1790345184.650017032] [sih_mission_follower]: V5_0462 reached: ekf err 0.143 m, leg 16.5 m in 13.3 s, min sensed 6.43[0m
[0m[INFO] [1790345207.649512372] [sih_mission_follower]: V5_0463 reached: ekf err 0.081 m, leg 11.4 m in 12.2 s, min sensed 4.665[0m
[0m[INFO] [1790345221.403324940] [sih_mission_follower]: V5_0464 reached: ekf err 0.129 m, leg 8.3 m in 6.7 s, min sensed 5.448[0m
[0m[INFO] [1790345236.583796774] [sih_mission_follower]: V5_0465 reached: ekf err 0.122 m, leg 5.7 m in 8.0 s, min sensed 5.588[0m
[0m[INFO] [1790345246.086807581] [sih_mission_follower]: V5_0466 reached: ekf err 0.111 m, leg 4.5 m in 5.0 s, min sensed 7.174[0m
[0m[INFO] [1790345258.751947460] [sih_mission_follower]: V5_0467 reached: ekf err 0.157 m, leg 8.2 m in 6.8 s, min sensed 7.728[0m
[0m[INFO] [1790345275.681503040] [sih_mission_follower]: V5_0468 reached: ekf err 0.105 m, leg 12.4 m in 8.7 s, min sensed 7.209[0m
[0m[INFO] [1790345293.643959483] [sih_mission_follower]: V5_0469 reached: ekf err 0.100 m, leg 8.5 m in 9.3 s, min sensed 3.563[0m
[0m[INFO] [1790345314.772873417] [sih_mission_follower]: V5_0470 reached: ekf err 0.083 m, leg 11.7 m in 11.1 s, min sensed 3.559[0m
[0m[INFO] [1790345339.679455826] [sih_mission_follower]: V5_0471 reached: ekf err 0.094 m, leg 13.7 m in 13.1 s, min sensed 3.77[0m
[0m[INFO] [1790345364.417104821] [sih_mission_follower]: V5_0472 reached: ekf err 0.108 m, leg 12.5 m in 12.8 s, min sensed 6.407[0m
[0m[INFO] [1790345382.625210073] [sih_mission_follower]: V5_0473 reached: ekf err 0.114 m, leg 9.6 m in 9.8 s, min sensed 5.232[0m
[0m[INFO] [1790345472.226486085] [sih_mission_follower]: V5_0474 reached: ekf err 0.073 m, leg 41.2 m in 46.2 s, min sensed 3.466[0m
[0m[INFO] [1790345491.166900808] [sih_mission_follower]: V5_0475 reached: ekf err 0.128 m, leg 9.7 m in 9.8 s, min sensed 6.124[0m
[0m[INFO] [1790345499.970003077] [sih_mission_follower]: V5_0476 reached: ekf err 0.104 m, leg 4.1 m in 4.6 s, min sensed 6.288[0m
[0m[INFO] [1790345513.295511452] [sih_mission_follower]: V5_0477 reached: ekf err 0.091 m, leg 8.3 m in 6.8 s, min sensed 5.443[0m
[0m[INFO] [1790345530.787881647] [sih_mission_follower]: V5_0478 reached: ekf err 0.087 m, leg 7.8 m in 9.2 s, min sensed 3.61[0m
[0m[INFO] [1790345558.252828978] [sih_mission_follower]: V5_0479 reached: ekf err 0.096 m, leg 12.9 m in 14.1 s, min sensed 3.605[0m
[0m[INFO] [1790345570.272974423] [sih_mission_follower]: V5_0480 reached: ekf err 0.116 m, leg 4.7 m in 6.2 s, min sensed 8.027[0m
[0m[INFO] [1790345589.446940532] [sih_mission_follower]: V5_0481 reached: ekf err 0.105 m, leg 10.9 m in 10.0 s, min sensed 6.413[0m
[0m[INFO] [1790345602.680187203] [sih_mission_follower]: V5_0482 reached: ekf err 0.126 m, leg 5.4 m in 7.0 s, min sensed 2.928[0m
[0m[INFO] [1790345614.132813033] [sih_mission_follower]: V5_0483 reached: ekf err 0.051 m, leg 4.9 m in 5.8 s, min sensed 2.918[0m
[0m[INFO] [1790345629.372096335] [sih_mission_follower]: V5_0484 reached: ekf err 0.093 m, leg 5.8 m in 8.1 s, min sensed 3.498[0m
[0m[INFO] [1790345638.857998108] [sih_mission_follower]: V5_0485 reached: ekf err 0.126 m, leg 4.7 m in 4.8 s, min sensed 4.524[0m
[0m[INFO] [1790345647.927424495] [sih_mission_follower]: V5_0486 reached: ekf err 0.096 m, leg 2.7 m in 4.7 s, min sensed 3.691[0m
[0m[INFO] [1790345665.698057228] [sih_mission_follower]: V5_0487 reached: ekf err 0.105 m, leg 6.8 m in 9.0 s, min sensed 3.673[0m
[0m[INFO] [1790345677.582725901] [sih_mission_follower]: V5_0488 reached: ekf err 0.058 m, leg 3.1 m in 6.0 s, min sensed 3.541[0m
[0m[INFO] [1790345677.597189999] [sih_mission_follower]: V5_0489 not attempted: no position with >=3.2 m clearance and line of sight to its target (see plan)[0m
[0m[INFO] [1790345701.209858948] [sih_mission_follower]: V5_0490 reached: ekf err 0.043 m, leg 10.5 m in 12.3 s, min sensed 3.538[0m
[0m[INFO] [1790345711.091800600] [sih_mission_follower]: V5_0491 reached: ekf err 0.036 m, leg 2.0 m in 5.2 s, min sensed 5.261[0m
[0m[INFO] [1790345722.740718146] [sih_mission_follower]: V5_0492 reached: ekf err 0.081 m, leg 4.0 m in 6.0 s, min sensed 3.622[0m
[0m[INFO] [1790345734.554304788] [sih_mission_follower]: V5_0493 reached: ekf err 0.068 m, leg 4.0 m in 6.0 s, min sensed 3.525[0m
[0m[INFO] [1790345744.227928358] [sih_mission_follower]: V5_0494 reached: ekf err 0.114 m, leg 4.5 m in 4.8 s, min sensed 3.662[0m
[0m[INFO] [1790345759.481000721] [sih_mission_follower]: V5_0495 reached: ekf err 0.098 m, leg 5.5 m in 7.5 s, min sensed 6.965[0m
[0m[INFO] [1790345787.096992730] [sih_mission_follower]: V5_0496 reached: ekf err 0.089 m, leg 14.3 m in 13.6 s, min sensed 6.814[0m
[0m[INFO] [1790345802.376987816] [sih_mission_follower]: V5_0497 reached: ekf err 0.118 m, leg 7.8 m in 7.5 s, min sensed 4.633[0m
[0m[INFO] [1790345815.334483235] [sih_mission_follower]: V5_0498 reached: ekf err 0.106 m, leg 7.4 m in 6.3 s, min sensed 4.566[0m
[0m[INFO] [1790345822.767192429] [sih_mission_follower]: V5_0499 reached: ekf err 0.046 m, leg 2.0 m in 3.8 s, min sensed 4.77[0m
[0m[INFO] [1790345830.875507519] [sih_mission_follower]: V5_0500 reached: ekf err 0.066 m, leg 1.9 m in 4.0 s, min sensed 4.876[0m
[0m[INFO] [1790345848.938377286] [sih_mission_follower]: V5_0501 reached: ekf err 0.109 m, leg 9.8 m in 9.4 s, min sensed 4.82[0m
[0m[INFO] [1790345863.057100784] [sih_mission_follower]: V5_0502 reached: ekf err 0.089 m, leg 4.9 m in 7.0 s, min sensed 4.634[0m
[0m[INFO] [1790345873.722369577] [sih_mission_follower]: V5_0503 reached: ekf err 0.097 m, leg 5.7 m in 5.3 s, min sensed 3.953[0m
[0m[INFO] [1790345879.790510380] [sih_mission_follower]: V5_0504 reached: ekf err 0.067 m, leg 1.3 m in 3.1 s, min sensed 3.952[0m
[0m[INFO] [1790345887.201805719] [sih_mission_follower]: V5_0505 reached: ekf err 0.049 m, leg 2.2 m in 3.9 s, min sensed 3.953[0m
[0m[INFO] [1790345895.279046824] [sih_mission_follower]: V5_0506 reached: ekf err 0.088 m, leg 3.2 m in 4.2 s, min sensed 3.934[0m
[0m[INFO] [1790345910.104196964] [sih_mission_follower]: V5_0507 reached: ekf err 0.124 m, leg 4.9 m in 7.3 s, min sensed 3.933[0m
[0m[INFO] [1790345916.531751996] [sih_mission_follower]: V5_0508 reached: ekf err 0.053 m, leg 1.0 m in 3.1 s, min sensed 4.932[0m
[0m[INFO] [1790345937.518720352] [sih_mission_follower]: V5_0509 reached: ekf err 0.087 m, leg 15.8 m in 10.6 s, min sensed 4.642[0m
[0m[INFO] [1790345944.199899308] [sih_mission_follower]: V5_0510 reached: ekf err 0.039 m, leg 1.5 m in 3.4 s, min sensed 4.616[0m
[0m[INFO] [1790345950.033864610] [sih_mission_follower]: V5_0511 reached: ekf err 0.166 m, leg 1.9 m in 3.0 s, min sensed 4.016[0m
[0m[INFO] [1790345959.117678637] [sih_mission_follower]: V5_0512 reached: ekf err 0.128 m, leg 4.0 m in 4.6 s, min sensed 3.654[0m
[0m[INFO] [1790345968.533786693] [sih_mission_follower]: V5_0513 reached: ekf err 0.107 m, leg 4.3 m in 4.7 s, min sensed 3.608[0m
[0m[INFO] [1790345978.274102159] [sih_mission_follower]: V5_0514 reached: ekf err 0.078 m, leg 2.9 m in 5.2 s, min sensed 3.607[0m
[0m[INFO] [1790345990.066758409] [sih_mission_follower]: V5_0515 reached: ekf err 0.061 m, leg 3.2 m in 5.9 s, min sensed 4.811[0m
[0m[INFO] [1790346005.265960492] [sih_mission_follower]: V5_0516 reached: ekf err 0.092 m, leg 7.1 m in 7.1 s, min sensed 4.369[0m
[0m[INFO] [1790346019.761977624] [sih_mission_follower]: V5_0517 reached: ekf err 0.065 m, leg 4.0 m in 7.2 s, min sensed 4.808[0m
[0m[INFO] [1790346031.976089340] [sih_mission_follower]: V5_0518 reached: ekf err 0.070 m, leg 4.0 m in 6.3 s, min sensed 3.985[0m
[0m[INFO] [1790346045.668331888] [sih_mission_follower]: V5_0519 reached: ekf err 0.079 m, leg 3.8 m in 6.5 s, min sensed 3.984[0m
[0m[INFO] [1790346057.403079464] [sih_mission_follower]: V5_0520 reached: ekf err 0.101 m, leg 4.9 m in 5.8 s, min sensed 3.834[0m
[0m[INFO] [1790346064.037734798] [sih_mission_follower]: V5_0521 reached: ekf err 0.085 m, leg 1.5 m in 3.5 s, min sensed 3.9[0m
[0m[INFO] [1790346079.474536513] [sih_mission_follower]: V5_0522 reached: ekf err 0.129 m, leg 4.7 m in 7.5 s, min sensed 3.909[0m
[0m[INFO] [1790346097.080729301] [sih_mission_follower]: V5_0523 reached: ekf err 0.122 m, leg 8.9 m in 8.9 s, min sensed 4.62[0m
[0m[INFO] [1790346108.001267753] [sih_mission_follower]: V5_0524 reached: ekf err 0.140 m, leg 6.3 m in 5.7 s, min sensed 7.182[0m
[0m[INFO] [1790346124.152267948] [sih_mission_follower]: V5_0525 reached: ekf err 0.141 m, leg 8.4 m in 7.8 s, min sensed 4.5[0m
[0m[INFO] [1790346131.328438058] [sih_mission_follower]: V5_0526 reached: ekf err 0.095 m, leg 2.4 m in 3.4 s, min sensed 3.798[0m
[0m[INFO] [1790346145.936441056] [sih_mission_follower]: V5_0527 reached: ekf err 0.144 m, leg 8.3 m in 6.6 s, min sensed 3.782[0m
[0m[INFO] [1790346153.090462489] [sih_mission_follower]: V5_0528 reached: ekf err 0.025 m, leg 1.4 m in 3.2 s, min sensed 4.626[0m
[0m[INFO] [1790346162.536181059] [sih_mission_follower]: V5_0529 reached: ekf err 0.135 m, leg 4.2 m in 4.4 s, min sensed 4.015[0m
[0m[INFO] [1790346169.636096407] [sih_mission_follower]: V5_0530 reached: ekf err 0.071 m, leg 1.2 m in 3.2 s, min sensed 3.934[0m
[0m[INFO] [1790346180.672411480] [sih_mission_follower]: V5_0531 reached: ekf err 0.116 m, leg 4.8 m in 5.0 s, min sensed 3.926[0m
[0m[INFO] [1790346188.347708561] [sih_mission_follower]: V5_0532 reached: ekf err 0.063 m, leg 1.6 m in 3.7 s, min sensed 3.639[0m
[0m[INFO] [1790346205.036199246] [sih_mission_follower]: V5_0533 reached: ekf err 0.083 m, leg 5.0 m in 8.0 s, min sensed 3.639[0m
[0m[INFO] [1790346215.733375572] [sih_mission_follower]: V5_0534 reached: ekf err 0.062 m, leg 3.5 m in 5.2 s, min sensed 4.771[0m
[0m[INFO] [1790346224.469994821] [sih_mission_follower]: V5_0535 reached: ekf err 0.048 m, leg 3.3 m in 4.1 s, min sensed 4.799[0m
[0m[INFO] [1790346238.498298803] [sih_mission_follower]: V5_0536 reached: ekf err 0.098 m, leg 3.6 m in 6.8 s, min sensed 4.855[0m
[0m[INFO] [1790346250.323978090] [sih_mission_follower]: V5_0537 reached: ekf err 0.083 m, leg 4.6 m in 5.8 s, min sensed 4.76[0m
[0m[INFO] [1790346260.192154514] [sih_mission_follower]: V5_0538 reached: ekf err 0.053 m, leg 4.0 m in 4.5 s, min sensed 4.83[0m
[0m[INFO] [1790346268.330619211] [sih_mission_follower]: V5_0539 reached: ekf err 0.039 m, leg 1.8 m in 3.8 s, min sensed 4.829[0m
[0m[INFO] [1790346280.798560815] [sih_mission_follower]: V5_0540 reached: ekf err 0.051 m, leg 3.4 m in 6.1 s, min sensed 4.841[0m
[0m[INFO] [1790346289.606996915] [sih_mission_follower]: V5_0541 reached: ekf err 0.063 m, leg 1.9 m in 4.2 s, min sensed 5.956[0m
[0m[INFO] [1790346304.300846309] [sih_mission_follower]: V5_0542 reached: ekf err 0.066 m, leg 4.8 m in 7.1 s, min sensed 3.963[0m
[0m[INFO] [1790346311.285966907] [sih_mission_follower]: V5_0543 reached: ekf err 0.069 m, leg 1.5 m in 3.4 s, min sensed 3.928[0m
[0m[INFO] [1790346320.967377331] [sih_mission_follower]: V5_0544 reached: ekf err 0.115 m, leg 4.1 m in 4.7 s, min sensed 3.689[0m
[0m[INFO] [1790346333.323407007] [sih_mission_follower]: V5_0545 reached: ekf err 0.064 m, leg 2.7 m in 5.1 s, min sensed 3.685[0m
[0m[INFO] [1790346340.307980057] [sih_mission_follower]: V5_0546 reached: ekf err 0.060 m, leg 1.5 m in 3.4 s, min sensed 4.596[0m
[0m[INFO] [1790346353.176826696] [sih_mission_follower]: V5_0547 reached: ekf err 0.128 m, leg 7.6 m in 6.3 s, min sensed 4.58[0m
[0m[INFO] [1790346370.109973427] [sih_mission_follower]: V5_0548 reached: ekf err 0.119 m, leg 10.6 m in 8.5 s, min sensed 6.618[0m
[0m[INFO] [1790346383.002796442] [sih_mission_follower]: V5_0549 reached: ekf err 0.108 m, leg 7.9 m in 6.5 s, min sensed 7.369[0m
[0m[INFO] [1790346403.763384058] [sih_mission_follower]: V5_0550 reached: ekf err 0.117 m, leg 9.9 m in 7.5 s, min sensed 4.683[0m
[0m[INFO] [1790346413.137114326] [sih_mission_follower]: V5_0551 reached: ekf err 0.099 m, leg 3.2 m in 3.8 s, min sensed 4.022[0m
[0m[INFO] [1790346421.274711318] [sih_mission_follower]: V5_0552 reached: ekf err 0.093 m, leg 3.3 m in 4.2 s, min sensed 3.937[0m
[0m[INFO] [1790346431.194263248] [sih_mission_follower]: V5_0553 reached: ekf err 0.120 m, leg 2.4 m in 3.8 s, min sensed 3.621[0m
[0m[INFO] [1790346442.582380488] [sih_mission_follower]: V5_0554 reached: ekf err 0.094 m, leg 4.3 m in 4.8 s, min sensed 3.659[0m
[0m[INFO] [1790346452.512844972] [sih_mission_follower]: V5_0555 reached: ekf err 0.092 m, leg 2.6 m in 3.8 s, min sensed 3.66[0m
[0m[INFO] [1790346461.060284608] [sih_mission_follower]: V5_0556 reached: ekf err 0.070 m, leg 2.4 m in 3.8 s, min sensed 3.89[0m
[0m[INFO] [1790346475.409054676] [sih_mission_follower]: V5_0557 reached: ekf err 0.096 m, leg 3.5 m in 6.9 s, min sensed 3.89[0m
[0m[INFO] [1790346487.444297622] [sih_mission_follower]: V5_0558 reached: ekf err 0.139 m, leg 6.7 m in 5.9 s, min sensed 4.542[0m
[0m[INFO] [1790346504.959971577] [sih_mission_follower]: V5_0559 reached: ekf err 0.142 m, leg 12.2 m in 8.7 s, min sensed 7.46[0m
[0m[INFO] [1790346521.213414983] [sih_mission_follower]: V5_0560 reached: ekf err 0.092 m, leg 6.6 m in 6.2 s, min sensed 3.955[0m
[0m[INFO] [1790346533.217236019] [sih_mission_follower]: V5_0561 reached: ekf err 0.108 m, leg 2.6 m in 3.8 s, min sensed 3.72[0m
[0m[INFO] [1790346549.682010505] [sih_mission_follower]: V5_0562 reached: ekf err 0.068 m, leg 2.4 m in 5.5 s, min sensed 3.784[0m
[0m[INFO] [1790346563.354798545] [sih_mission_follower]: V5_0563 reached: ekf err 0.116 m, leg 4.5 m in 4.9 s, min sensed 4.776[0m
[0m[INFO] [1790346587.336225684] [sih_mission_follower]: V5_0564 reached: ekf err 0.075 m, leg 11.9 m in 11.2 s, min sensed 1.944[0m
[0m[INFO] [1790346598.456570448] [sih_mission_follower]: V5_0565 reached: ekf err 0.087 m, leg 3.9 m in 4.5 s, min sensed 3.93[0m
[0m[INFO] [1790346612.249325650] [sih_mission_follower]: V5_0566 reached: ekf err 0.095 m, leg 2.0 m in 4.8 s, min sensed 3.924[0m
[0m[INFO] [1790346625.084615223] [sih_mission_follower]: V5_0567 reached: ekf err 0.058 m, leg 1.4 m in 4.3 s, min sensed 4.61[0m
[0m[INFO] [1790346636.671757331] [sih_mission_follower]: V5_0568 reached: ekf err 0.078 m, leg 2.1 m in 4.0 s, min sensed 4.536[0m
[0m[INFO] [1790346659.703827201] [sih_mission_follower]: V5_0569 reached: ekf err 0.057 m, leg 5.2 m in 7.3 s, min sensed 2.814[0m
[0m[INFO] [1790346680.685401139] [sih_mission_follower]: V5_0570 reached: ekf err 0.101 m, leg 7.0 m in 6.6 s, min sensed 3.974[0m
[0m[INFO] [1790346695.280898923] [sih_mission_follower]: V5_0571 reached: ekf err 0.122 m, leg 3.6 m in 4.4 s, min sensed 5.897[0m
[0m[INFO] [1790346719.849158404] [sih_mission_follower]: V5_0572 reached: ekf err 0.115 m, leg 7.2 m in 7.6 s, min sensed 3.993[0m
[0m[INFO] [1790346739.966497934] [sih_mission_follower]: V5_0573 reached: ekf err 0.071 m, leg 3.4 m in 6.7 s, min sensed 4.021[0m
[0m[INFO] [1790346751.538277356] [sih_mission_follower]: V5_0574 reached: ekf err 0.068 m, leg 2.2 m in 3.8 s, min sensed 4.567[0m
[0m[INFO] [1790346767.307996389] [sih_mission_follower]: V5_0575 reached: ekf err 0.074 m, leg 2.2 m in 4.5 s, min sensed 3.751[0m
[0m[INFO] [1790346780.664398288] [sih_mission_follower]: V5_0576 reached: ekf err 0.090 m, leg 3.4 m in 4.2 s, min sensed 3.751[0m
[0m[INFO] [1790346803.196548504] [sih_mission_follower]: V5_0577 reached: ekf err 0.087 m, leg 5.8 m in 7.5 s, min sensed 3.947[0m
[0m[INFO] [1790346816.164880263] [sih_mission_follower]: V5_0578 reached: ekf err 0.051 m, leg 2.0 m in 4.2 s, min sensed 5.44[0m
[0m[INFO] [1790346838.659825839] [sih_mission_follower]: V5_0579 reached: ekf err 0.111 m, leg 3.8 m in 6.8 s, min sensed 5.437[0m
[0m[INFO] [1790346862.509383147] [sih_mission_follower]: V5_0580 reached: ekf err 0.109 m, leg 5.4 m in 7.5 s, min sensed 3.667[0m
[0m[INFO] [1790346874.044937677] [sih_mission_follower]: V5_0581 reached: ekf err 0.032 m, leg 1.6 m in 3.5 s, min sensed 3.665[0m
[0m[INFO] [1790346888.539756836] [sih_mission_follower]: V5_0582 reached: ekf err 0.104 m, leg 4.1 m in 4.5 s, min sensed 3.688[0m
[0m[INFO] [1790346913.304055220] [sih_mission_follower]: V5_0583 reached: ekf err 0.104 m, leg 4.0 m in 7.1 s, min sensed 3.681[0m
[0m[INFO] [1790346927.160235949] [sih_mission_follower]: V5_0584 reached: ekf err 0.103 m, leg 3.3 m in 3.9 s, min sensed 3.959[0m
[0m[INFO] [1790346949.350843372] [sih_mission_follower]: V5_0585 reached: ekf err 0.145 m, leg 7.9 m in 6.5 s, min sensed 3.73[0m
[0m[INFO] [1790346966.965802810] [sih_mission_follower]: V5_0586 reached: ekf err 0.081 m, leg 2.3 m in 4.9 s, min sensed 3.945[0m
[0m[INFO] [1790346978.152958601] [sih_mission_follower]: V5_0587 reached: ekf err 0.058 m, leg 1.5 m in 3.4 s, min sensed 4.585[0m
[0m[INFO] [1790346993.300745489] [sih_mission_follower]: V5_0588 reached: ekf err 0.105 m, leg 4.5 m in 4.7 s, min sensed 4.007[0m
[0m[INFO] [1790347021.598559905] [sih_mission_follower]: V5_0589 reached: ekf err 0.062 m, leg 5.5 m in 8.6 s, min sensed 4.015[0m
[0m[INFO] [1790347035.959820383] [sih_mission_follower]: V5_0590 reached: ekf err 0.085 m, leg 0.9 m in 4.2 s, min sensed 6.46[0m
[0m[INFO] [1790347063.975490026] [sih_mission_follower]: V5_0591 reached: ekf err 0.138 m, leg 11.3 m in 8.2 s, min sensed 6.168[0m
[0m[INFO] [1790347088.493276128] [sih_mission_follower]: V5_0592 reached: ekf err 0.131 m, leg 5.6 m in 6.9 s, min sensed 6.456[0m
[0m[INFO] [1790347141.839380259] [sih_mission_follower]: V5_0593 reached: ekf err 0.088 m, leg 14.4 m in 16.0 s, min sensed 4.662[0m
[0m[INFO] [1790347161.543687134] [sih_mission_follower]: V5_0594 reached: ekf err 0.098 m, leg 6.6 m in 6.2 s, min sensed 6.794[0m
[0m[INFO] [1790347293.237822363] [sih_mission_follower]: V5_0595 reached: ekf err 0.093 m, leg 41.9 m in 39.1 s, min sensed 3.269[0m
[0m[INFO] [1790347314.968317992] [sih_mission_follower]: V5_0596 reached: ekf err 0.132 m, leg 6.7 m in 6.0 s, min sensed 6.928[0m
[0m[INFO] [1790347363.498475249] [sih_mission_follower]: V5_0597 reached: ekf err 0.095 m, leg 22.5 m in 14.2 s, min sensed 7.818[0m
[0m[INFO] [1790347399.614138012] [sih_mission_follower]: V5_0598 reached: ekf err 0.110 m, leg 15.5 m in 10.6 s, min sensed 6.915[0m
[0m[INFO] [1790347419.309344388] [sih_mission_follower]: V5_0599 reached: ekf err 0.070 m, leg 6.6 m in 6.0 s, min sensed 6.935[0m
[0m[INFO] [1790347460.628310257] [sih_mission_follower]: V5_0600 reached: ekf err 0.090 m, leg 13.1 m in 12.2 s, min sensed 6.831[0m
[0m[INFO] [1790347484.449261571] [sih_mission_follower]: V5_0601 reached: ekf err 0.131 m, leg 8.6 m in 6.8 s, min sensed 4.355[0m
[0m[INFO] [1790347499.179075498] [sih_mission_follower]: V5_0602 reached: ekf err 0.132 m, leg 2.3 m in 4.2 s, min sensed 4.553[0m
[0m[INFO] [1790347510.053805034] [sih_mission_follower]: V5_0603 reached: ekf err 0.049 m, leg 0.9 m in 3.1 s, min sensed 4.564[0m
[0m[INFO] [1790347531.446172299] [sih_mission_follower]: V5_0604 reached: ekf err 0.078 m, leg 7.3 m in 6.2 s, min sensed 3.754[0m
[0m[INFO] [1790347550.956086495] [sih_mission_follower]: V5_0605 reached: ekf err 0.042 m, leg 2.8 m in 5.5 s, min sensed 3.754[0m
[0m[INFO] [1790347562.153999411] [sih_mission_follower]: V5_0606 reached: ekf err 0.085 m, leg 1.2 m in 3.1 s, min sensed 4.574[0m
[0m[INFO] [1790347576.582467185] [sih_mission_follower]: V5_0607 reached: ekf err 0.074 m, leg 2.8 m in 4.0 s, min sensed 4.55[0m
[0m[INFO] [1790347591.327402676] [sih_mission_follower]: V5_0608 reached: ekf err 0.090 m, leg 2.7 m in 4.3 s, min sensed 4.582[0m
[0m[INFO] [1790347609.485048597] [sih_mission_follower]: V5_0609 reached: ekf err 0.096 m, leg 5.7 m in 5.4 s, min sensed 3.933[0m
[0m[INFO] [1790347628.774939206] [sih_mission_follower]: V5_0610 reached: ekf err 0.087 m, leg 2.6 m in 5.4 s, min sensed 3.933[0m
[0m[INFO] [1790347639.780798976] [sih_mission_follower]: V5_0611 reached: ekf err 0.063 m, leg 1.3 m in 3.2 s, min sensed 4.519[0m
[0m[INFO] [1790347670.362063520] [sih_mission_follower]: V5_0612 reached: ekf err 0.118 m, leg 13.1 m in 9.0 s, min sensed 4.558[0m
[0m[INFO] [1790347728.422870035] [sih_mission_follower]: V5_0613 reached: ekf err 0.101 m, leg 19.7 m in 20.0 s, min sensed 4.098[0m
[0m[INFO] [1790347877.084995062] [sih_mission_follower]: V5_0614 reached: ekf err 0.041 m, leg 44.8 m in 49.8 s, min sensed 3.364[0m
[0m[INFO] [1790347894.147136497] [sih_mission_follower]: V5_0615 reached: ekf err 0.078 m, leg 6.6 m in 6.0 s, min sensed 6.698[0m
[0m[INFO] [1790347923.846047651] [sih_mission_follower]: V5_0616 reached: ekf err 0.102 m, leg 15.5 m in 10.4 s, min sensed 6.64[0m
[0m[INFO] [1790347980.579187937] [sih_mission_follower]: V5_0617 reached: ekf err 0.088 m, leg 34.7 m in 20.6 s, min sensed 8.238[0m
[0m[INFO] [1790348007.266944008] [sih_mission_follower]: V5_0618 reached: ekf err 0.107 m, leg 9.8 m in 9.4 s, min sensed 3.433[0m
[0m[INFO] [1790348023.633096693] [sih_mission_follower]: V5_0619 reached: ekf err 0.048 m, leg 3.4 m in 5.8 s, min sensed 3.372[0m
[0m[INFO] [1790348056.322916307] [sih_mission_follower]: V5_0620 reached: ekf err 0.097 m, leg 11.7 m in 11.8 s, min sensed 3.573[0m
[0m[INFO] [1790348081.073618645] [sih_mission_follower]: V5_0621 reached: ekf err 0.104 m, leg 6.1 m in 8.2 s, min sensed 4.11[0m
[0m[INFO] [1790348113.175493677] [sih_mission_follower]: V5_0622 reached: ekf err 0.116 m, leg 12.5 m in 11.0 s, min sensed 4.639[0m
[0m[INFO] [1790348133.037626014] [sih_mission_follower]: V5_0623 reached: ekf err 0.055 m, leg 4.5 m in 7.0 s, min sensed 5.977[0m
[0m[INFO] [1790348146.192825643] [sih_mission_follower]: V5_0624 reached: ekf err 0.063 m, leg 2.4 m in 4.3 s, min sensed 4.895[0m
[0m[INFO] [1790348168.957485880] [sih_mission_follower]: V5_0625 reached: ekf err 0.040 m, leg 5.7 m in 8.0 s, min sensed 5.08[0m
[0m[INFO] [1790348184.240752709] [sih_mission_follower]: V5_0626 reached: ekf err 0.112 m, leg 2.9 m in 5.0 s, min sensed 3.435[0m
[0m[INFO] [1790348208.432540742] [sih_mission_follower]: V5_0627 reached: ekf err 0.128 m, leg 5.4 m in 7.9 s, min sensed 3.448[0m
[0m[INFO] [1790348218.152170154] [sih_mission_follower]: V5_0628 reached: ekf err 0.034 m, leg 0.9 m in 3.5 s, min sensed 3.452[0m
[0m[INFO] [1790348235.499176053] [sih_mission_follower]: V5_0629 reached: ekf err 0.081 m, leg 3.9 m in 6.0 s, min sensed 3.487[0m
[0m[INFO] [1790348249.132007070] [sih_mission_follower]: V5_0630 reached: ekf err 0.109 m, leg 3.9 m in 4.5 s, min sensed 3.807[0m
[0m[INFO] [1790348260.314602172] [sih_mission_follower]: V5_0631 reached: ekf err 0.073 m, leg 2.3 m in 3.8 s, min sensed 3.697[0m
[0m[INFO] [1790348286.685864262] [sih_mission_follower]: V5_0632 reached: ekf err 0.120 m, leg 8.3 m in 9.0 s, min sensed 3.447[0m
[0m[INFO] [1790348301.941338577] [sih_mission_follower]: V5_0633 reached: ekf err 0.066 m, leg 2.4 m in 5.3 s, min sensed 3.439[0m
[0m[INFO] [1790348324.976586680] [sih_mission_follower]: V5_0634 reached: ekf err 0.080 m, leg 6.2 m in 7.4 s, min sensed 3.43[0m
[0m[INFO] [1790348349.445101797] [sih_mission_follower]: V5_0635 reached: ekf err 0.047 m, leg 6.4 m in 8.6 s, min sensed 3.659[0m
[0m[INFO] [1790348369.683978739] [sih_mission_follower]: V5_0636 reached: ekf err 0.076 m, leg 5.3 m in 7.2 s, min sensed 3.632[0m
[0m[INFO] [1790348396.469347479] [sih_mission_follower]: V5_0637 reached: ekf err 0.129 m, leg 9.5 m in 9.3 s, min sensed 3.632[0m
[0m[INFO] [1790348434.454245033] [sih_mission_follower]: V5_0638 reached: ekf err 0.147 m, leg 16.1 m in 13.6 s, min sensed 3.898[0m
[0m[INFO] [1790348459.811897750] [sih_mission_follower]: V5_0639 reached: ekf err 0.099 m, leg 6.4 m in 8.3 s, min sensed 4.041[0m
[0m[INFO] [1790348506.337751438] [sih_mission_follower]: V5_0640 reached: ekf err 0.115 m, leg 21.3 m in 15.9 s, min sensed 4.624[0m
[0m[INFO] [1790348524.380164544] [sih_mission_follower]: V5_0641 reached: ekf err 0.142 m, leg 7.3 m in 6.3 s, min sensed 7.942[0m
[0m[INFO] [1790348548.745990677] [sih_mission_follower]: V5_0642 reached: ekf err 0.095 m, leg 7.7 m in 8.6 s, min sensed 5.665[0m
[0m[INFO] [1790348573.143899010] [sih_mission_follower]: V5_0643 reached: ekf err 0.130 m, leg 11.8 m in 8.4 s, min sensed 5.61[0m
[0m[INFO] [1790348600.381532614] [sih_mission_follower]: V5_0644 reached: ekf err 0.056 m, leg 6.7 m in 9.8 s, min sensed 3.837[0m
[0m[INFO] [1790348631.815902864] [sih_mission_follower]: V5_0645 reached: ekf err 0.147 m, leg 15.8 m in 10.6 s, min sensed 3.839[0m
[0m[INFO] [1790348659.444445706] [sih_mission_follower]: V5_0646 reached: ekf err 0.126 m, leg 9.5 m in 9.8 s, min sensed 6.304[0m
[0m[INFO] [1790348694.274223226] [sih_mission_follower]: V5_0647 reached: ekf err 0.156 m, leg 13.9 m in 11.9 s, min sensed 6.026[0m
[0m[INFO] [1790348711.496880000] [sih_mission_follower]: V5_0648 reached: ekf err 0.134 m, leg 7.0 m in 6.1 s, min sensed 7.932[0m
[0m[INFO] [1790348727.407628736] [sih_mission_follower]: V5_0649 reached: ekf err 0.132 m, leg 6.2 m in 5.6 s, min sensed 7.948[0m
[0m[INFO] [1790348746.243896255] [sih_mission_follower]: V5_0650 reached: ekf err 0.173 m, leg 8.2 m in 6.7 s, min sensed 7.784[0m
[0m[INFO] [1790348781.436848151] [sih_mission_follower]: V5_0651 reached: ekf err 0.042 m, leg 11.7 m in 12.3 s, min sensed 3.911[0m
[0m[INFO] [1790348815.043451755] [sih_mission_follower]: V5_0652 reached: ekf err 0.193 m, leg 11.0 m in 12.2 s, min sensed 3.765[0m
[0m[INFO] [1790348850.581448629] [sih_mission_follower]: V5_0653 reached: ekf err 0.132 m, leg 14.8 m in 12.3 s, min sensed 6.331[0m
[0m[INFO] [1790348886.669551999] [sih_mission_follower]: V5_0654 reached: ekf err 0.084 m, leg 20.4 m in 12.7 s, min sensed 5.755[0m
[0m[INFO] [1790348915.091104842] [sih_mission_follower]: V5_0655 reached: ekf err 0.076 m, leg 10.5 m in 9.8 s, min sensed 5.596[0m
[0m[INFO] [1790348946.885686895] [sih_mission_follower]: V5_0656 reached: ekf err 0.088 m, leg 10.9 m in 11.1 s, min sensed 4.08[0m
[0m[INFO] [1790348974.076575702] [sih_mission_follower]: V5_0657 reached: ekf err 0.138 m, leg 8.8 m in 9.4 s, min sensed 4.077[0m
[0m[INFO] [1790348992.004060958] [sih_mission_follower]: V5_0658 reached: ekf err 0.138 m, leg 6.9 m in 6.0 s, min sensed 6.478[0m
[0m[INFO] [1790349018.987453075] [sih_mission_follower]: V5_0659 reached: ekf err 0.135 m, leg 12.4 m in 8.7 s, min sensed 6.473[0m
[0m[INFO] [1790349038.330815426] [sih_mission_follower]: V5_0660 reached: ekf err 0.183 m, leg 7.2 m in 6.0 s, min sensed 7.903[0m
[0m[INFO] [1790349068.419835378] [sih_mission_follower]: V5_0661 reached: ekf err 0.110 m, leg 8.5 m in 9.8 s, min sensed 3.966[0m
[0m[INFO] [1790349084.605668542] [sih_mission_follower]: V5_0662 reached: ekf err 0.123 m, leg 6.2 m in 5.7 s, min sensed 3.948[0m
[0m[INFO] [1790349122.027813169] [sih_mission_follower]: V5_0663 reached: ekf err 0.135 m, leg 13.9 m in 12.6 s, min sensed 6.892[0m
[0m[INFO] [1790349159.583142105] [sih_mission_follower]: V5_0664 reached: ekf err 0.147 m, leg 14.1 m in 12.4 s, min sensed 5.929[0m
[0m[INFO] [1790349193.746191229] [sih_mission_follower]: V5_0665 reached: ekf err 0.161 m, leg 11.3 m in 10.5 s, min sensed 5.892[0m
[0m[INFO] [1790349340.311951392] [sih_mission_follower]: V5_0666 reached: ekf err 0.170 m, leg 9.7 m in 39.5 s, min sensed 6.847[0m
[0m[INFO] [1790349409.314447022] [sih_mission_follower]: V5_0667 reached: ekf err 0.156 m, leg 12.5 m in 18.2 s, min sensed 3.564[0m
[0m[INFO] [1790349439.857584625] [sih_mission_follower]: V5_0668 reached: ekf err 0.162 m, leg 7.1 m in 8.3 s, min sensed 3.578[0m
[0m[INFO] [1790349470.095112226] [sih_mission_follower]: V5_0669 reached: ekf err 0.109 m, leg 14.0 m in 9.4 s, min sensed 8.289[0m
[0m[INFO] [1790349503.083545832] [sih_mission_follower]: V5_0670 reached: ekf err 0.090 m, leg 9.6 m in 9.8 s, min sensed 6.18[0m
[0m[INFO] [1790349534.958709439] [sih_mission_follower]: V5_0671 reached: ekf err 0.133 m, leg 9.3 m in 9.3 s, min sensed 5.661[0m
[0m[INFO] [1790349568.429583977] [sih_mission_follower]: V5_0672 reached: ekf err 0.146 m, leg 10.5 m in 9.9 s, min sensed 5.871[0m
[0m[INFO] [1790349581.209249490] [sih_mission_follower]: V5_0673 reached: ekf err 0.137 m, leg 2.2 m in 4.1 s, min sensed 8.17[0m
[0m[INFO] [1790349608.661125879] [sih_mission_follower]: V5_0674 reached: ekf err 0.146 m, leg 7.2 m in 7.8 s, min sensed 7.053[0m
[0m[INFO] [1790349635.385013113] [sih_mission_follower]: V5_0675 reached: ekf err 0.118 m, leg 9.8 m in 7.5 s, min sensed 5.671[0m
[0m[INFO] [1790349659.395793683] [sih_mission_follower]: V5_0676 reached: ekf err 0.103 m, leg 6.8 m in 7.1 s, min sensed 5.5[0m
[0m[INFO] [1790349680.360079880] [sih_mission_follower]: V5_0677 reached: ekf err 0.094 m, leg 2.7 m in 6.0 s, min sensed 6.415[0m
[0m[INFO] [1790349724.817060144] [sih_mission_follower]: V5_0678 reached: ekf err 0.148 m, leg 15.0 m in 13.1 s, min sensed 4.566[0m
[0m[INFO] [1790349754.453582616] [sih_mission_follower]: V5_0679 reached: ekf err 0.083 m, leg 12.5 m in 8.6 s, min sensed 3.597[0m
[0m[INFO] [1790349786.615934353] [sih_mission_follower]: V5_0680 reached: ekf err 0.102 m, leg 8.3 m in 9.2 s, min sensed 3.596[0m
[0m[INFO] [1790349802.370338511] [sih_mission_follower]: V5_0681 reached: ekf err 0.095 m, leg 4.2 m in 4.7 s, min sensed 4.151[0m
[0m[INFO] [1790349833.018038376] [sih_mission_follower]: V5_0682 reached: ekf err 0.121 m, leg 7.7 m in 8.8 s, min sensed 5.533[0m
[0m[INFO] [1790349856.678598615] [sih_mission_follower]: V5_0683 reached: ekf err 0.101 m, leg 5.1 m in 6.8 s, min sensed 3.88[0m
[0m[INFO] [1790349902.119891281] [sih_mission_follower]: V5_0684 reached: ekf err 0.118 m, leg 10.6 m in 12.6 s, min sensed 3.348[0m
[0m[INFO] [1790349931.601405276] [sih_mission_follower]: V5_0685 reached: ekf err 0.110 m, leg 11.7 m in 8.3 s, min sensed 4.208[0m
[0m[INFO] [1790349955.013339805] [sih_mission_follower]: V5_0686 reached: ekf err 0.046 m, leg 8.2 m in 6.8 s, min sensed 5.609[0m
[0m[INFO] [1790349977.841198012] [sih_mission_follower]: V5_0687 reached: ekf err 0.036 m, leg 2.8 m in 6.7 s, min sensed 5.604[0m
[0m[INFO] [1790349999.737275208] [sih_mission_follower]: V5_0688 reached: ekf err 0.114 m, leg 7.3 m in 6.3 s, min sensed 8.052[0m
[0m[INFO] [1790350050.928216863] [sih_mission_follower]: V5_0689 reached: ekf err 0.135 m, leg 24.2 m in 14.9 s, min sensed 7.583[0m
[0m[INFO] [1790350113.067602451] [sih_mission_follower]: V5_0690 reached: ekf err 0.072 m, leg 18.8 m in 18.1 s, min sensed 7.601[0m
[0m[INFO] [1790350147.253019388] [sih_mission_follower]: V5_0691 reached: ekf err 0.127 m, leg 14.3 m in 9.8 s, min sensed 8.27[0m
[0m[INFO] [1790350180.517570608] [sih_mission_follower]: V5_0692 reached: ekf err 0.150 m, leg 10.4 m in 9.8 s, min sensed 4.539[0m
[0m[INFO] [1790350206.394355876] [sih_mission_follower]: V5_0693 reached: ekf err 0.089 m, leg 5.7 m in 7.5 s, min sensed 4.758[0m
[0m[INFO] [1790350251.872053453] [sih_mission_follower]: V5_0694 reached: ekf err 0.068 m, leg 16.5 m in 13.1 s, min sensed 7.539[0m
[0m[INFO] [1790350282.812609295] [sih_mission_follower]: V5_0695 reached: ekf err 0.178 m, leg 12.5 m in 8.8 s, min sensed 7.471[0m
[0m[INFO] [1790350302.620444967] [sih_mission_follower]: V5_0696 reached: ekf err 0.140 m, leg 7.2 m in 6.1 s, min sensed 7.938[0m
[0m[INFO] [1790350345.812416240] [sih_mission_follower]: V5_0697 reached: ekf err 0.053 m, leg 12.8 m in 12.2 s, min sensed 3.657[0m
[0m[INFO] [1790350374.871145212] [sih_mission_follower]: V5_0698 reached: ekf err 0.075 m, leg 6.6 m in 8.4 s, min sensed 4.453[0m
[0m[INFO] [1790350424.616137599] [sih_mission_follower]: V5_0699 reached: ekf err 0.156 m, leg 12.9 m in 13.8 s, min sensed 3.888[0m
[0m[INFO] [1790350464.974149314] [sih_mission_follower]: V5_0700 reached: ekf err 0.107 m, leg 12.9 m in 11.7 s, min sensed 8.255[0m
[0m[INFO] [1790350509.119151630] [sih_mission_follower]: V5_0701 reached: ekf err 0.197 m, leg 12.2 m in 12.1 s, min sensed 4.378[0m
[0m[INFO] [1790350541.585214277] [sih_mission_follower]: V5_0702 reached: ekf err 0.189 m, leg 9.2 m in 9.2 s, min sensed 3.71[0m
[0m[INFO] [1790350573.843425337] [sih_mission_follower]: V5_0703 reached: ekf err 0.079 m, leg 7.1 m in 9.1 s, min sensed 4.906[0m
[0m[INFO] [1790350620.727424807] [sih_mission_follower]: V5_0704 reached: ekf err 0.105 m, leg 16.5 m in 13.4 s, min sensed 4.864[0m
[0m[INFO] [1790350692.588507255] [sih_mission_follower]: V5_0705 reached: ekf err 0.063 m, leg 34.7 m in 20.4 s, min sensed 6.147[0m
[0m[INFO] [1790350721.880614831] [sih_mission_follower]: V5_0706 reached: ekf err 0.087 m, leg 11.1 m in 8.2 s, min sensed 5.547[0m
[0m[INFO] [1790350745.552163635] [sih_mission_follower]: V5_0707 reached: ekf err 0.175 m, leg 9.5 m in 7.2 s, min sensed 5.789[0m
[0m[INFO] [1790350764.742603218] [sih_mission_follower]: V5_0708 reached: ekf err 0.132 m, leg 5.3 m in 5.3 s, min sensed 5.607[0m
[0m[INFO] [1790350801.874632281] [sih_mission_follower]: V5_0709 reached: ekf err 0.085 m, leg 10.0 m in 10.4 s, min sensed 4.928[0m
[0m[INFO] [1790350850.106276458] [sih_mission_follower]: V5_0710 reached: ekf err 0.154 m, leg 13.9 m in 13.9 s, min sensed 5.323[0m
[0m[INFO] [1790350881.523851747] [sih_mission_follower]: V5_0711 reached: ekf err 0.143 m, leg 12.3 m in 10.8 s, min sensed 5.022[0m
[0m[INFO] [1790350896.570863509] [sih_mission_follower]: V5_0712 reached: ekf err 0.149 m, leg 8.6 m in 6.8 s, min sensed 5.04[0m
[0m[INFO] [1790350911.521128604] [sih_mission_follower]: V5_0713 reached: ekf err 0.090 m, leg 3.3 m in 6.2 s, min sensed 3.488[0m
[0m[INFO] [1790350932.110872060] [sih_mission_follower]: V5_0714 reached: ekf err 0.096 m, leg 7.0 m in 8.7 s, min sensed 3.488[0m
[0m[INFO] [1790350957.283017991] [sih_mission_follower]: V5_0715 reached: ekf err 0.103 m, leg 8.2 m in 9.0 s, min sensed 6.071[0m
[0m[INFO] [1790350981.176442589] [sih_mission_follower]: V5_0716 reached: ekf err 0.092 m, leg 13.5 m in 9.5 s, min sensed 5.587[0m
[0m[INFO] [1790351021.368830459] [sih_mission_follower]: V5_0717 reached: ekf err 0.118 m, leg 22.5 m in 17.1 s, min sensed 3.943[0m
[0m[INFO] [1790351049.224807657] [sih_mission_follower]: V5_0718 reached: ekf err 0.154 m, leg 10.4 m in 9.8 s, min sensed 3.47[0m
[0m[INFO] [1790351078.165901413] [sih_mission_follower]: V5_0719 reached: ekf err 0.137 m, leg 11.8 m in 10.6 s, min sensed 4.968[0m
[0m[INFO] [1790351092.782883413] [sih_mission_follower]: V5_0720 reached: ekf err 0.073 m, leg 3.2 m in 5.8 s, min sensed 4.377[0m
[0m[INFO] [1790351113.888967851] [sih_mission_follower]: V5_0721 reached: ekf err 0.150 m, leg 12.8 m in 8.8 s, min sensed 4.435[0m
[0m[INFO] [1790351127.478422984] [sih_mission_follower]: V5_0722 reached: ekf err 0.165 m, leg 5.3 m in 6.7 s, min sensed 4.059[0m
[0m[INFO] [1790351140.326572508] [sih_mission_follower]: V5_0723 reached: ekf err 0.090 m, leg 4.1 m in 6.3 s, min sensed 3.66[0m
[0m[INFO] [1790351162.546331246] [sih_mission_follower]: V5_0724 reached: ekf err 0.056 m, leg 11.8 m in 11.0 s, min sensed 3.504[0m
[0m[INFO] [1790351176.329293829] [sih_mission_follower]: V5_0725 reached: ekf err 0.106 m, leg 3.8 m in 6.8 s, min sensed 3.472[0m
[0m[INFO] [1790351199.517247654] [sih_mission_follower]: V5_0726 reached: ekf err 0.047 m, leg 14.1 m in 11.4 s, min sensed 4.085[0m
[0m[INFO] [1790351216.819255679] [sih_mission_follower]: V5_0727 reached: ekf err 0.113 m, leg 6.6 m in 7.8 s, min sensed 5.158[0m
[0m[INFO] [1790351236.270088143] [sih_mission_follower]: V5_0728 reached: ekf err 0.080 m, leg 10.6 m in 8.5 s, min sensed 7.181[0m
[0m[INFO] [1790351248.330085390] [sih_mission_follower]: V5_0729 reached: ekf err 0.108 m, leg 2.4 m in 5.7 s, min sensed 6.659[0m
[0m[INFO] [1790351267.888380023] [sih_mission_follower]: V5_0730 reached: ekf err 0.093 m, leg 12.5 m in 9.4 s, min sensed 3.67[0m
[0m[INFO] [1790351287.471004441] [sih_mission_follower]: V5_0731 reached: ekf err 0.148 m, leg 9.0 m in 9.5 s, min sensed 3.658[0m
[0m[INFO] [1790351297.450451361] [sih_mission_follower]: V5_0732 reached: ekf err 0.127 m, leg 2.5 m in 4.5 s, min sensed 3.936[0m
[0m[INFO] [1790351316.356551827] [sih_mission_follower]: V5_0733 reached: ekf err 0.102 m, leg 12.3 m in 8.7 s, min sensed 3.564[0m
[0m[INFO] [1790351326.038299277] [sih_mission_follower]: V5_0734 reached: ekf err 0.127 m, leg 4.5 m in 4.7 s, min sensed 3.733[0m
[0m[INFO] [1790351339.331325893] [sih_mission_follower]: V5_0735 reached: ekf err 0.138 m, leg 7.3 m in 6.2 s, min sensed 4.316[0m
[0m[INFO] [1790351357.934935684] [sih_mission_follower]: V5_0736 reached: ekf err 0.145 m, leg 12.3 m in 8.6 s, min sensed 7.497[0m
[0m[INFO] [1790351382.328717013] [sih_mission_follower]: V5_0737 reached: ekf err 0.156 m, leg 12.2 m in 12.5 s, min sensed 5.935[0m
[0m[INFO] [1790351399.306034153] [sih_mission_follower]: V5_0738 reached: ekf err 0.131 m, leg 7.1 m in 8.4 s, min sensed 6.732[0m
[0m[INFO] [1790351416.603408990] [sih_mission_follower]: V5_0739 reached: ekf err 0.102 m, leg 8.0 m in 8.7 s, min sensed 4.307[0m
[0m[INFO] [1790351434.527973564] [sih_mission_follower]: V5_0740 reached: ekf err 0.093 m, leg 8.2 m in 9.0 s, min sensed 5.517[0m
[0m[INFO] [1790351450.118162333] [sih_mission_follower]: V5_0741 reached: ekf err 0.103 m, leg 6.9 m in 7.6 s, min sensed 6.571[0m
[0m[INFO] [1790351460.328254160] [sih_mission_follower]: V5_0742 reached: ekf err 0.155 m, leg 5.8 m in 5.3 s, min sensed 5.849[0m
[0m[INFO] [1790351484.303312734] [sih_mission_follower]: V5_0743 reached: ekf err 0.126 m, leg 11.5 m in 12.7 s, min sensed 6.116[0m
[0m[INFO] [1790351498.192963604] [sih_mission_follower]: V5_0744 reached: ekf err 0.117 m, leg 5.7 m in 7.5 s, min sensed 7.067[0m
[0m[INFO] [1790351534.046970399] [sih_mission_follower]: V5_0745 reached: ekf err 0.079 m, leg 27.6 m in 16.6 s, min sensed 4.325[0m
[0m[INFO] [1790351547.563625980] [sih_mission_follower]: V5_0746 reached: ekf err 0.154 m, leg 8.4 m in 6.7 s, min sensed 3.567[0m
[0m[INFO] [1790351568.167777992] [sih_mission_follower]: V5_0747 reached: ekf err 0.128 m, leg 10.9 m in 10.3 s, min sensed 3.558[0m
[0m[INFO] [1790351587.089230451] [sih_mission_follower]: V5_0748 reached: ekf err 0.098 m, leg 7.0 m in 8.7 s, min sensed 4.147[0m
[0m[INFO] [1790351597.563931436] [sih_mission_follower]: V5_0749 reached: ekf err 0.146 m, leg 6.0 m in 5.5 s, min sensed 4.06[0m
[0m[INFO] [1790351617.125657900] [sih_mission_follower]: V5_0750 reached: ekf err 0.149 m, leg 10.8 m in 10.4 s, min sensed 3.617[0m
[0m[INFO] [1790351639.111817148] [sih_mission_follower]: V5_0751 reached: ekf err 0.121 m, leg 11.0 m in 10.6 s, min sensed 3.642[0m
[0m[INFO] [1790351654.725131036] [sih_mission_follower]: V5_0752 reached: ekf err 0.162 m, leg 6.6 m in 7.7 s, min sensed 6.035[0m
[0m[INFO] [1790351668.085804975] [sih_mission_follower]: V5_0753 reached: ekf err 0.090 m, leg 7.0 m in 6.2 s, min sensed 4.17[0m
[0m[INFO] [1790351677.764344250] [sih_mission_follower]: V5_0754 reached: ekf err 0.065 m, leg 4.1 m in 4.7 s, min sensed 3.869[0m
[0m[INFO] [1790351688.632127528] [sih_mission_follower]: V5_0755 reached: ekf err 0.108 m, leg 6.3 m in 5.7 s, min sensed 4.357[0m
[0m[INFO] [1790351704.881944668] [sih_mission_follower]: V5_0756 reached: ekf err 0.153 m, leg 8.1 m in 8.2 s, min sensed 7.636[0m
[0m[INFO] [1790351718.607639555] [sih_mission_follower]: V5_0757 reached: ekf err 0.135 m, leg 7.7 m in 6.5 s, min sensed 4.566[0m
[0m[INFO] [1790351740.416855382] [sih_mission_follower]: V5_0758 reached: ekf err 0.109 m, leg 11.9 m in 10.6 s, min sensed 4.521[0m
[0m[INFO] [1790351751.547401160] [sih_mission_follower]: V5_0759 reached: ekf err 0.107 m, leg 2.8 m in 5.3 s, min sensed 5.213[0m
[0m[INFO] [1790351763.914639283] [sih_mission_follower]: V5_0760 reached: ekf err 0.112 m, leg 3.2 m in 5.8 s, min sensed 5.9[0m
[0m[INFO] [1790351788.361896116] [sih_mission_follower]: V5_0761 reached: ekf err 0.071 m, leg 12.3 m in 12.1 s, min sensed 4.216[0m
[0m[INFO] [1790351805.306776449] [sih_mission_follower]: V5_0762 reached: ekf err 0.061 m, leg 6.7 m in 8.7 s, min sensed 3.686[0m
[0m[INFO] [1790351816.615662728] [sih_mission_follower]: V5_0763 reached: ekf err 0.164 m, leg 6.3 m in 5.7 s, min sensed 3.629[0m
[0m[INFO] [1790351829.679208678] [sih_mission_follower]: V5_0764 reached: ekf err 0.092 m, leg 4.3 m in 6.6 s, min sensed 3.714[0m
[0m[INFO] [1790351853.312695324] [sih_mission_follower]: V5_0765 reached: ekf err 0.059 m, leg 13.7 m in 10.3 s, min sensed 3.906[0m
[0m[INFO] [1790351868.826381086] [sih_mission_follower]: V5_0766 reached: ekf err 0.110 m, leg 6.6 m in 7.8 s, min sensed 5.066[0m
[0m[INFO] [1790351885.491313479] [sih_mission_follower]: V5_0767 reached: ekf err 0.126 m, leg 7.9 m in 8.4 s, min sensed 7.118[0m
[0m[INFO] [1790351906.327429815] [sih_mission_follower]: V5_0768 reached: ekf err 0.109 m, leg 17.1 m in 11.1 s, min sensed 4.088[0m
[0m[INFO] [1790351923.390570881] [sih_mission_follower]: V5_0769 reached: ekf err 0.046 m, leg 7.3 m in 8.8 s, min sensed 4.313[0m
[0m[INFO] [1790351940.958229291] [sih_mission_follower]: V5_0770 reached: ekf err 0.144 m, leg 8.5 m in 9.2 s, min sensed 3.736[0m
[0m[INFO] [1790351961.805157140] [sih_mission_follower]: V5_0771 reached: ekf err 0.067 m, leg 9.6 m in 10.3 s, min sensed 3.703[0m
[0m[INFO] [1790351980.782433765] [sih_mission_follower]: V5_0772 reached: ekf err 0.132 m, leg 6.6 m in 7.7 s, min sensed 5.106[0m
[0m[INFO] [1790352000.453291684] [sih_mission_follower]: V5_0773 reached: ekf err 0.114 m, leg 7.6 m in 8.0 s, min sensed 6.373[0m
[0m[INFO] [1790352018.188620962] [sih_mission_follower]: V5_0774 reached: ekf err 0.119 m, leg 5.6 m in 7.1 s, min sensed 4.234[0m
[0m[INFO] [1790352038.151965426] [sih_mission_follower]: V5_0775 reached: ekf err 0.121 m, leg 8.4 m in 8.9 s, min sensed 4.988[0m
[0m[INFO] [1790352052.172981837] [sih_mission_follower]: V5_0776 reached: ekf err 0.078 m, leg 5.8 m in 6.5 s, min sensed 6.433[0m
[0m[INFO] [1790352075.060291538] [sih_mission_follower]: V5_0777 reached: ekf err 0.167 m, leg 11.3 m in 11.2 s, min sensed 5.873[0m
[0m[INFO] [1790352116.513365586] [sih_mission_follower]: V5_0778 reached: ekf err 0.100 m, leg 22.0 m in 18.8 s, min sensed 3.572[0m
[0m[INFO] [1790352144.834731261] [sih_mission_follower]: V5_0779 reached: ekf err 0.144 m, leg 4.7 m in 4.8 s, min sensed 3.736[0m
[0m[INFO] [1790352213.539035684] [sih_mission_follower]: V5_0780 reached: ekf err 0.105 m, leg 14.1 m in 12.8 s, min sensed 3.58[0m
[0m[INFO] [1790352257.553967584] [sih_mission_follower]: V5_0781 reached: ekf err 0.087 m, leg 7.1 m in 8.3 s, min sensed 6.032[0m
[0m[INFO] [1790352281.229330801] [sih_mission_follower]: V5_0782 reached: ekf err 0.068 m, leg 2.5 m in 4.0 s, min sensed 4.96[0m
[0m[INFO] [1790352320.035267863] [sih_mission_follower]: V5_0783 reached: ekf err 0.092 m, leg 5.6 m in 7.3 s, min sensed 4.226[0m
[0m[INFO] [1790352360.765606779] [sih_mission_follower]: V5_0784 reached: ekf err 0.082 m, leg 12.2 m in 11.6 s, min sensed 4.249[0m
[0m[INFO] [1790352426.322969808] [sih_mission_follower]: V5_0785 reached: ekf err 0.124 m, leg 8.9 m in 9.3 s, min sensed 5.992[0m
[0m[INFO] [1790352540.795525139] [sih_mission_follower]: V5_0786 reached: ekf err 0.057 m, leg 29.9 m in 17.9 s, min sensed 4.734[0m
[0m[INFO] [1790352603.913578445] [sih_mission_follower]: V5_0787 reached: ekf err 0.113 m, leg 10.8 m in 10.4 s, min sensed 3.336[0m
[0m[INFO] [1790352672.687262214] [sih_mission_follower]: V5_0788 reached: ekf err 0.066 m, leg 8.7 m in 9.6 s, min sensed 4.281[0m
[0m[INFO] [1790352714.630334533] [sih_mission_follower]: V5_0789 reached: ekf err 0.148 m, leg 7.4 m in 8.4 s, min sensed 3.551[0m
[0m[INFO] [1790352770.968724881] [sih_mission_follower]: V5_0790 reached: ekf err 0.123 m, leg 7.7 m in 9.8 s, min sensed 3.929[0m
[0m[INFO] [1790352797.902838375] [sih_mission_follower]: V5_0791 reached: ekf err 0.060 m, leg 2.4 m in 5.1 s, min sensed 5.382[0m
[0m[INFO] [1790352827.893812844] [sih_mission_follower]: V5_0792 reached: ekf err 0.112 m, leg 9.7 m in 9.1 s, min sensed 3.374[0m
[0m[INFO] [1790352850.332277718] [sih_mission_follower]: V5_0793 reached: ekf err 0.072 m, leg 6.1 m in 8.0 s, min sensed 4.682[0m
[0m[INFO] [1790352886.004936919] [sih_mission_follower]: V5_0794 reached: ekf err 0.068 m, leg 7.3 m in 9.0 s, min sensed 6.052[0m
[0m[INFO] [1790352920.778165458] [sih_mission_follower]: V5_0795 reached: ekf err 0.109 m, leg 14.2 m in 9.7 s, min sensed 5.389[0m
[0m[INFO] [1790352961.265769443] [sih_mission_follower]: V5_0796 reached: ekf err 0.081 m, leg 14.2 m in 9.8 s, min sensed 5.142[0m
[0m[INFO] [1790353012.695911422] [sih_mission_follower]: V5_0797 reached: ekf err 0.074 m, leg 14.1 m in 9.8 s, min sensed 5.476[0m
[0m[INFO] [1790353035.576519443] [sih_mission_follower]: V5_0798 reached: ekf err 0.017 m, leg 1.7 m in 3.6 s, min sensed 5.629[0m
[0m[INFO] [1790353067.785298464] [sih_mission_follower]: V5_0799 reached: ekf err 0.092 m, leg 11.7 m in 8.5 s, min sensed 3.735[0m
[0m[INFO] [1790353080.564592902] [sih_mission_follower]: V5_0800 reached: ekf err 0.049 m, leg 3.9 m in 4.5 s, min sensed 3.672[0m
[0m[INFO] [1790353116.307090780] [sih_mission_follower]: V5_0801 reached: ekf err 0.101 m, leg 14.3 m in 9.8 s, min sensed 5.806[0m
[0m[INFO] [1790353147.920054746] [sih_mission_follower]: V5_0802 reached: ekf err 0.092 m, leg 3.7 m in 5.8 s, min sensed 6.141[0m
[0m[INFO] [1790353177.552244465] [sih_mission_follower]: V5_0803 reached: ekf err 0.095 m, leg 14.3 m in 9.8 s, min sensed 5.19[0m
[0m[INFO] [1790353203.985709904] [sih_mission_follower]: V5_0804 reached: ekf err 0.108 m, leg 5.9 m in 8.7 s, min sensed 5.493[0m
[0m[INFO] [1790353232.590105526] [sih_mission_follower]: V5_0805 reached: ekf err 0.130 m, leg 10.4 m in 9.7 s, min sensed 3.625[0m
[0m[INFO] [1790353246.378652166] [sih_mission_follower]: V5_0806 reached: ekf err 0.036 m, leg 3.5 m in 4.5 s, min sensed 3.626[0m
[0m[INFO] [1790353263.368958560] [sih_mission_follower]: V5_0807 reached: ekf err 0.093 m, leg 5.4 m in 5.3 s, min sensed 3.91[0m
[0m[INFO] [1790353275.802285278] [sih_mission_follower]: V5_0808 reached: ekf err 0.109 m, leg 1.9 m in 4.0 s, min sensed 3.697[0m
[0m[INFO] [1790353287.568154182] [sih_mission_follower]: V5_0809 reached: ekf err 0.055 m, leg 2.2 m in 3.8 s, min sensed 3.657[0m
[0m[INFO] [1790353309.140973680] [sih_mission_follower]: V5_0810 reached: ekf err 0.097 m, leg 5.4 m in 7.4 s, min sensed 3.658[0m
[0m[INFO] [1790353320.146026693] [sih_mission_follower]: V5_0811 reached: ekf err 0.101 m, leg 3.3 m in 3.8 s, min sensed 3.669[0m
[0m[INFO] [1790353333.502263162] [sih_mission_follower]: V5_0812 reached: ekf err 0.021 m, leg 2.8 m in 4.3 s, min sensed 3.647[0m
[0m[INFO] [1790353353.427729969] [sih_mission_follower]: V5_0813 reached: ekf err 0.065 m, leg 3.0 m in 6.8 s, min sensed 3.646[0m
[0m[INFO] [1790353366.188766369] [sih_mission_follower]: V5_0814 reached: ekf err 0.079 m, leg 4.0 m in 4.5 s, min sensed 3.662[0m
[0m[INFO] [1790353380.814977639] [sih_mission_follower]: V5_0815 reached: ekf err 0.077 m, leg 4.6 m in 4.8 s, min sensed 3.657[0m
[0m[INFO] [1790353394.117688217] [sih_mission_follower]: V5_0816 reached: ekf err 0.126 m, leg 3.6 m in 4.3 s, min sensed 3.9[0m
[0m[INFO] [1790353411.022357866] [sih_mission_follower]: V5_0817 reached: ekf err 0.132 m, leg 6.3 m in 5.8 s, min sensed 3.839[0m
[0m[INFO] [1790353425.526684551] [sih_mission_follower]: V5_0818 reached: ekf err 0.118 m, leg 4.6 m in 5.0 s, min sensed 3.81[0m
[0m[INFO] [1790353438.738092353] [sih_mission_follower]: V5_0819 reached: ekf err 0.139 m, leg 4.2 m in 4.7 s, min sensed 3.94[0m
[0m[INFO] [1790353457.290123912] [sih_mission_follower]: V5_0820 reached: ekf err 0.121 m, leg 3.3 m in 3.8 s, min sensed 3.739[0m
[0m[INFO] [1790353477.843105860] [sih_mission_follower]: V5_0821 reached: ekf err 0.112 m, leg 6.4 m in 5.8 s, min sensed 3.643[0m
[0m[INFO] [1790353500.975536910] [sih_mission_follower]: V5_0822 reached: ekf err 0.059 m, leg 1.8 m in 4.2 s, min sensed 3.635[0m
[0m[INFO] [1790353515.627262183] [sih_mission_follower]: V5_0823 reached: ekf err 0.041 m, leg 1.7 m in 5.1 s, min sensed 3.643[0m
[0m[INFO] [1790353534.569614399] [sih_mission_follower]: V5_0824 reached: ekf err 0.149 m, leg 4.1 m in 4.7 s, min sensed 4.209[0m
[0m[INFO] [1790353555.426901299] [sih_mission_follower]: V5_0825 reached: ekf err 0.102 m, leg 6.0 m in 5.6 s, min sensed 3.507[0m
[0m[INFO] [1790353580.891476525] [sih_mission_follower]: V5_0826 reached: ekf err 0.051 m, leg 1.8 m in 4.2 s, min sensed 3.652[0m
[0m[INFO] [1790353595.171972027] [sih_mission_follower]: V5_0827 reached: ekf err 0.065 m, leg 1.7 m in 5.0 s, min sensed 3.685[0m
[0m[INFO] [1790353608.856321645] [sih_mission_follower]: V5_0828 reached: ekf err 0.099 m, leg 4.2 m in 4.7 s, min sensed 4.199[0m
[0m[INFO] [1790353621.705855102] [sih_mission_follower]: V5_0829 reached: ekf err 0.110 m, leg 3.9 m in 4.4 s, min sensed 3.637[0m
[0m[INFO] [1790353640.483197313] [sih_mission_follower]: V5_0830 reached: ekf err 0.099 m, leg 3.5 m in 6.4 s, min sensed 3.66[0m
[0m[INFO] [1790353676.135974929] [sih_mission_follower]: V5_0831 reached: ekf err 0.084 m, leg 12.1 m in 12.1 s, min sensed 4.358[0m
[0m[INFO] [1790353704.807638837] [sih_mission_follower]: V5_0832 reached: ekf err 0.114 m, leg 8.6 m in 9.9 s, min sensed 4.441[0m
[0m[INFO] [1790353750.428244198] [sih_mission_follower]: V5_0833 reached: ekf err 0.127 m, leg 16.3 m in 15.4 s, min sensed 6.355[0m
[0m[INFO] [1790353779.268066680] [sih_mission_follower]: V5_0834 reached: ekf err 0.111 m, leg 9.3 m in 9.9 s, min sensed 6.212[0m
[0m[INFO] [1790353805.859208065] [sih_mission_follower]: V5_0835 reached: ekf err 0.115 m, leg 7.6 m in 9.1 s, min sensed 4.509[0m
[0m[INFO] [1790353822.703084213] [sih_mission_follower]: V5_0836 reached: ekf err 0.116 m, leg 6.6 m in 5.8 s, min sensed 3.579[0m
[0m[INFO] [1790353855.818870467] [sih_mission_follower]: V5_0837 reached: ekf err 0.085 m, leg 11.8 m in 11.3 s, min sensed 3.561[0m
[0m[INFO] [1790353878.758289400] [sih_mission_follower]: V5_0838 reached: ekf err 0.110 m, leg 6.3 m in 8.0 s, min sensed 6.303[0m
[0m[INFO] [1790353911.590354307] [sih_mission_follower]: V5_0839 reached: ekf err 0.108 m, leg 11.2 m in 11.3 s, min sensed 4.603[0m
[0m[INFO] [1790353935.669506351] [sih_mission_follower]: V5_0840 reached: ekf err 0.081 m, leg 6.8 m in 8.3 s, min sensed 6.475[0m
[0m[INFO] [1790353963.248918242] [sih_mission_follower]: V5_0841 reached: ekf err 0.121 m, leg 9.3 m in 9.6 s, min sensed 7.209[0m
[0m[INFO] [1790353991.106522909] [sih_mission_follower]: V5_0842 reached: ekf err 0.068 m, leg 12.3 m in 9.7 s, min sensed 6.039[0m
[0m[INFO] [1790354010.646816516] [sih_mission_follower]: V5_0843 reached: ekf err 0.124 m, leg 8.2 m in 6.8 s, min sensed 6.337[0m
[0m[INFO] [1790354046.887926423] [sih_mission_follower]: V5_0844 reached: ekf err 0.135 m, leg 15.9 m in 12.9 s, min sensed 4.493[0m
[0m[INFO] [1790354079.949244085] [sih_mission_follower]: V5_0845 reached: ekf err 0.107 m, leg 18.7 m in 11.8 s, min sensed 3.627[0m
[0m[INFO] [1790354104.350211944] [sih_mission_follower]: V5_0846 reached: ekf err 0.097 m, leg 7.8 m in 8.8 s, min sensed 3.657[0m
[0m[INFO] [1790354123.872574356] [sih_mission_follower]: V5_0847 reached: ekf err 0.120 m, leg 5.3 m in 6.7 s, min sensed 4.275[0m
[0m[INFO] [1790354151.962067635] [sih_mission_follower]: V5_0848 reached: ekf err 0.098 m, leg 7.7 m in 9.2 s, min sensed 4.553[0m
[0m[INFO] [1790354168.203880394] [sih_mission_follower]: V5_0849 reached: ekf err 0.128 m, leg 6.4 m in 5.7 s, min sensed 5.358[0m
[0m[INFO] [1790354193.081009080] [sih_mission_follower]: V5_0850 reached: ekf err 0.120 m, leg 8.3 m in 8.9 s, min sensed 3.54[0m
[0m[INFO] [1790354203.848952628] [sih_mission_follower]: V5_0851 reached: ekf err 0.061 m, leg 1.9 m in 3.9 s, min sensed 3.555[0m
[0m[INFO] [1790354216.357619331] [sih_mission_follower]: V5_0852 reached: ekf err 0.225 m, leg 4.6 m in 4.7 s, min sensed 4.167[0m
[0m[INFO] [1790354226.693384860] [sih_mission_follower]: V5_0853 reached: ekf err 0.067 m, leg 2.3 m in 3.8 s, min sensed 6.417[0m
[0m[INFO] [1790354274.305670972] [sih_mission_follower]: V5_0854 reached: ekf err 0.053 m, leg 20.8 m in 17.1 s, min sensed 3.775[0m
[0m[INFO] [1790354298.736585734] [sih_mission_follower]: V5_0855 reached: ekf err 0.090 m, leg 7.5 m in 8.5 s, min sensed 5.987[0m
[0m[INFO] [1790354324.732944428] [sih_mission_follower]: V5_0856 reached: ekf err 0.124 m, leg 8.4 m in 8.9 s, min sensed 3.579[0m
[0m[INFO] [1790354357.087566033] [sih_mission_follower]: V5_0857 reached: ekf err 0.118 m, leg 13.2 m in 11.4 s, min sensed 3.579[0m
[0m[INFO] [1790354386.746312300] [sih_mission_follower]: V5_0858 reached: ekf err 0.067 m, leg 10.5 m in 10.3 s, min sensed 5.792[0m
[0m[INFO] [1790354401.781970084] [sih_mission_follower]: V5_0859 reached: ekf err 0.137 m, leg 5.7 m in 5.3 s, min sensed 3.7[0m
[0m[INFO] [1790354433.969439023] [sih_mission_follower]: V5_0860 reached: ekf err 0.102 m, leg 12.8 m in 11.2 s, min sensed 3.596[0m
[0m[INFO] [1790354456.367138007] [sih_mission_follower]: V5_0861 reached: ekf err 0.083 m, leg 6.5 m in 7.8 s, min sensed 5.007[0m
[0m[INFO] [1790354487.186904519] [sih_mission_follower]: V5_0862 reached: ekf err 0.100 m, leg 8.8 m in 10.9 s, min sensed 5.913[0m
[0m[INFO] [1790354527.502135632] [sih_mission_follower]: V5_0863 reached: ekf err 0.095 m, leg 18.3 m in 14.0 s, min sensed 6.505[0m
[0m[INFO] [1790354544.495393749] [sih_mission_follower]: V5_0864 reached: ekf err 0.070 m, leg 4.0 m in 6.2 s, min sensed 6.343[0m
[0m[INFO] [1790354560.392259574] [sih_mission_follower]: V5_0865 reached: ekf err 0.119 m, leg 6.1 m in 5.6 s, min sensed 4.253[0m
[0m[INFO] [1790354581.495524210] [sih_mission_follower]: V5_0866 reached: ekf err 0.086 m, leg 9.6 m in 7.5 s, min sensed 3.533[0m
[0m[INFO] [1790354603.698770073] [sih_mission_follower]: V5_0867 reached: ekf err 0.112 m, leg 6.3 m in 7.9 s, min sensed 3.752[0m
[0m[INFO] [1790354624.228808266] [sih_mission_follower]: V5_0868 reached: ekf err 0.122 m, leg 6.7 m in 7.6 s, min sensed 5.049[0m
[0m[INFO] [1790354642.176929512] [sih_mission_follower]: V5_0869 reached: ekf err 0.144 m, leg 8.3 m in 6.7 s, min sensed 8.351[0m
[0m[INFO] [1790354657.914138263] [sih_mission_follower]: V5_0870 reached: ekf err 0.125 m, leg 6.4 m in 5.7 s, min sensed 4.276[0m
[0m[INFO] [1790354682.703246114] [sih_mission_follower]: V5_0871 reached: ekf err 0.092 m, leg 6.8 m in 8.8 s, min sensed 4.54[0m
[0m[INFO] [1790354717.815041698] [sih_mission_follower]: V5_0872 reached: ekf err 0.085 m, leg 13.2 m in 12.4 s, min sensed 4.72[0m
[0m[INFO] [1790354732.273234522] [sih_mission_follower]: V5_0873 reached: ekf err 0.134 m, leg 5.4 m in 5.2 s, min sensed 4.706[0m
[0m[INFO] [1790354747.435246626] [sih_mission_follower]: V5_0874 reached: ekf err 0.093 m, leg 5.0 m in 5.0 s, min sensed 6.685[0m
[0m[INFO] [1790354771.808189458] [sih_mission_follower]: V5_0875 reached: ekf err 0.132 m, leg 7.0 m in 8.5 s, min sensed 4.265[0m
[0m[INFO] [1790354792.804150226] [sih_mission_follower]: V5_0876 reached: ekf err 0.094 m, leg 8.1 m in 6.9 s, min sensed 3.928[0m
[0m[INFO] [1790354806.685758841] [sih_mission_follower]: V5_0877 reached: ekf err 0.131 m, leg 4.7 m in 4.9 s, min sensed 5.855[0m
[0m[INFO] [1790354840.886726129] [sih_mission_follower]: V5_0878 reached: ekf err 0.074 m, leg 10.6 m in 12.1 s, min sensed 5.898[0m
[0m[INFO] [1790354857.619156002] [sih_mission_follower]: V5_0879 reached: ekf err 0.114 m, leg 6.8 m in 6.0 s, min sensed 5.82[0m
[0m[INFO] [1790354885.011359259] [sih_mission_follower]: V5_0880 reached: ekf err 0.099 m, leg 11.0 m in 9.9 s, min sensed 7.225[0m
[0m[INFO] [1790354901.712849593] [sih_mission_follower]: V5_0881 reached: ekf err 0.143 m, leg 7.1 m in 6.0 s, min sensed 3.556[0m
[0m[INFO] [1790354930.410334502] [sih_mission_follower]: V5_0882 reached: ekf err 0.105 m, leg 7.5 m in 9.4 s, min sensed 3.545[0m
[0m[INFO] [1790354955.511377599] [sih_mission_follower]: V5_0883 reached: ekf err 0.108 m, leg 12.6 m in 8.9 s, min sensed 5.027[0m
[0m[INFO] [1790354980.324719591] [sih_mission_follower]: V5_0884 reached: ekf err 0.104 m, leg 7.2 m in 8.8 s, min sensed 3.586[0m
[0m[INFO] [1790355003.037602709] [sih_mission_follower]: V5_0885 reached: ekf err 0.098 m, leg 7.1 m in 8.3 s, min sensed 3.586[0m
[0m[INFO] [1790355025.148881358] [sih_mission_follower]: V5_0886 reached: ekf err 0.118 m, leg 6.3 m in 7.8 s, min sensed 4.227[0m
[0m[INFO] [1790355046.299369252] [sih_mission_follower]: V5_0887 reached: ekf err 0.072 m, leg 8.7 m in 7.0 s, min sensed 4.283[0m
[0m[INFO] [1790355062.000137143] [sih_mission_follower]: V5_0888 reached: ekf err 0.125 m, leg 5.6 m in 5.5 s, min sensed 5.775[0m
[0m[INFO] [1790355098.340396819] [sih_mission_follower]: V5_0889 reached: ekf err 0.052 m, leg 11.2 m in 13.4 s, min sensed 5.919[0m
[0m[INFO] [1790355123.225151940] [sih_mission_follower]: V5_0890 reached: ekf err 0.145 m, leg 8.5 m in 9.0 s, min sensed 6.357[0m
[0m[INFO] [1790355151.740545615] [sih_mission_follower]: V5_0891 reached: ekf err 0.099 m, leg 15.3 m in 10.2 s, min sensed 4.257[0m
[0m[INFO] [1790355175.395055172] [sih_mission_follower]: V5_0892 reached: ekf err 0.052 m, leg 7.5 m in 8.5 s, min sensed 4.327[0m
[0m[INFO] [1790355203.475674497] [sih_mission_follower]: V5_0893 reached: ekf err 0.111 m, leg 8.9 m in 9.9 s, min sensed 5.015[0m
[0m[INFO] [1790355247.333025513] [sih_mission_follower]: V5_0894 reached: ekf err 0.103 m, leg 21.7 m in 15.9 s, min sensed 8.178[0m
[0m[INFO] [1790355268.934292102] [sih_mission_follower]: V5_0895 reached: ekf err 0.089 m, leg 6.5 m in 7.9 s, min sensed 6.04[0m
[0m[INFO] [1790355295.417546470] [sih_mission_follower]: V5_0896 reached: ekf err 0.111 m, leg 13.0 m in 9.1 s, min sensed 5.928[0m
[0m[INFO] [1790355315.992722326] [sih_mission_follower]: V5_0897 reached: ekf err 0.064 m, leg 4.8 m in 7.3 s, min sensed 3.817[0m
[0m[INFO] [1790355343.555423224] [sih_mission_follower]: V5_0898 reached: ekf err 0.087 m, leg 8.9 m in 10.0 s, min sensed 3.62[0m
[0m[INFO] [1790355367.349951903] [sih_mission_follower]: V5_0899 reached: ekf err 0.101 m, leg 6.8 m in 8.4 s, min sensed 3.484[0m
[0m[INFO] [1790355403.392703145] [sih_mission_follower]: V5_0900 reached: ekf err 0.066 m, leg 15.1 m in 12.0 s, min sensed 3.475[0m
[0m[INFO] [1790355416.172771734] [sih_mission_follower]: V5_0901 reached: ekf err 0.065 m, leg 3.6 m in 4.5 s, min sensed 3.703[0m
[0m[INFO] [1790355444.419598209] [sih_mission_follower]: V5_0902 reached: ekf err 0.088 m, leg 7.9 m in 9.1 s, min sensed 4.582[0m
[0m[INFO] [1790355474.528732252] [sih_mission_follower]: V5_0903 reached: ekf err 0.103 m, leg 10.6 m in 10.4 s, min sensed 4.551[0m
[0m[INFO] [1790355494.455493320] [sih_mission_follower]: V5_0904 reached: ekf err 0.148 m, leg 8.8 m in 7.0 s, min sensed 4.283[0m
[0m[INFO] [1790355512.167638097] [sih_mission_follower]: V5_0905 reached: ekf err 0.088 m, leg 6.7 m in 5.9 s, min sensed 4.211[0m
[0m[INFO] [1790355536.150553142] [sih_mission_follower]: V5_0906 reached: ekf err 0.073 m, leg 6.1 m in 8.1 s, min sensed 3.421[0m
[0m[INFO] [1790355553.776835208] [sih_mission_follower]: V5_0907 reached: ekf err 0.117 m, leg 6.6 m in 7.7 s, min sensed 4.133[0m
[0m[INFO] [1790355575.886713374] [sih_mission_follower]: V5_0908 reached: ekf err 0.088 m, leg 10.2 m in 10.1 s, min sensed 3.728[0m
[0m[INFO] [1790355592.828624490] [sih_mission_follower]: V5_0909 reached: ekf err 0.124 m, leg 6.9 m in 8.6 s, min sensed 3.785[0m
[0m[INFO] [1790355607.849172357] [sih_mission_follower]: V5_0910 reached: ekf err 0.093 m, leg 6.0 m in 7.7 s, min sensed 7.553[0m
[0m[INFO] [1790355624.738409115] [sih_mission_follower]: V5_0911 reached: ekf err 0.145 m, leg 8.1 m in 8.8 s, min sensed 7.625[0m
[0m[INFO] [1790355640.507664128] [sih_mission_follower]: V5_0912 reached: ekf err 0.143 m, leg 6.6 m in 7.7 s, min sensed 5.979[0m
[0m[INFO] [1790355651.791081654] [sih_mission_follower]: V5_0913 reached: ekf err 0.116 m, leg 5.5 m in 5.3 s, min sensed 5.872[0m
[0m[INFO] [1790355666.827404072] [sih_mission_follower]: V5_0914 reached: ekf err 0.132 m, leg 9.1 m in 7.0 s, min sensed 4.257[0m
[0m[INFO] [1790355683.335493385] [sih_mission_follower]: V5_0915 reached: ekf err 0.036 m, leg 7.2 m in 8.4 s, min sensed 3.895[0m
[0m[INFO] [1790355696.583846204] [sih_mission_follower]: V5_0916 reached: ekf err 0.036 m, leg 5.1 m in 7.0 s, min sensed 3.665[0m
[0m[INFO] [1790355718.731607785] [sih_mission_follower]: V5_0917 reached: ekf err 0.123 m, leg 13.2 m in 11.5 s, min sensed 3.653[0m
[0m[INFO] [1790355734.747289968] [sih_mission_follower]: V5_0918 reached: ekf err 0.129 m, leg 7.6 m in 8.2 s, min sensed 5.894[0m
[0m[INFO] [1790355750.375687028] [sih_mission_follower]: V5_0919 reached: ekf err 0.078 m, leg 6.2 m in 8.3 s, min sensed 5.894[0m
[0m[INFO] [1790355761.431967151] [sih_mission_follower]: V5_0920 reached: ekf err 0.045 m, leg 4.0 m in 5.7 s, min sensed 5.25[0m
[0m[INFO] [1790355774.703449291] [sih_mission_follower]: V5_0921 reached: ekf err 0.098 m, leg 8.7 m in 6.9 s, min sensed 4.237[0m
[0m[INFO] [1790355805.109082346] [sih_mission_follower]: V5_0922 reached: ekf err 0.084 m, leg 16.8 m in 15.2 s, min sensed 3.688[0m
[0m[INFO] [1790355822.699823762] [sih_mission_follower]: V5_0923 reached: ekf err 0.127 m, leg 7.7 m in 9.2 s, min sensed 3.625[0m
[0m[INFO] [1790355840.577383056] [sih_mission_follower]: V5_0924 reached: ekf err 0.075 m, leg 7.4 m in 8.7 s, min sensed 3.393[0m
[0m[INFO] [1790355903.422551864] [sih_mission_follower]: V5_0925 reached: ekf err 0.055 m, leg 19.6 m in 28.9 s, min sensed 3.591[0m
[0m[INFO] [1790355925.663166576] [sih_mission_follower]: V5_0926 reached: ekf err 0.109 m, leg 6.1 m in 8.2 s, min sensed 4.5[0m
[0m[INFO] [1790355954.745037898] [sih_mission_follower]: V5_0927 reached: ekf err 0.104 m, leg 11.5 m in 10.2 s, min sensed 3.838[0m
[0m[INFO] [1790355967.419455765] [sih_mission_follower]: V5_0928 reached: ekf err 0.091 m, leg 3.7 m in 4.4 s, min sensed 4.444[0m
[0m[INFO] [1790355998.538132374] [sih_mission_follower]: V5_0929 reached: ekf err 0.063 m, leg 14.5 m in 13.4 s, min sensed 4.463[0m
[0m[INFO] [1790356031.135078224] [sih_mission_follower]: V5_0930 reached: ekf err 0.120 m, leg 17.7 m in 15.4 s, min sensed 6.377[0m
[0m[INFO] [1790356047.454598228] [sih_mission_follower]: V5_0931 reached: ekf err 0.087 m, leg 6.7 m in 8.5 s, min sensed 5.48[0m
[0m[INFO] [1790356056.982983147] [sih_mission_follower]: V5_0932 reached: ekf err 0.106 m, leg 5.0 m in 5.0 s, min sensed 4.564[0m
[0m[INFO] [1790356064.491864038] [sih_mission_follower]: V5_0933 reached: ekf err 0.058 m, leg 2.7 m in 3.9 s, min sensed 4.938[0m
[0m[INFO] [1790356081.422082983] [sih_mission_follower]: V5_0934 reached: ekf err 0.102 m, leg 6.9 m in 8.8 s, min sensed 5.542[0m
[0m[INFO] [1790356101.314758791] [sih_mission_follower]: V5_0935 reached: ekf err 0.084 m, leg 8.7 m in 11.0 s, min sensed 7.197[0m
[0m[INFO] [1790356107.576525261] [sih_mission_follower]: V5_0936 reached: ekf err 0.080 m, leg 1.9 m in 3.4 s, min sensed 6.568[0m
[0m[INFO] [1790356119.705886194] [sih_mission_follower]: V5_0937 reached: ekf err 0.101 m, leg 6.1 m in 6.1 s, min sensed 5.237[0m
[0m[INFO] [1790356142.525971442] [sih_mission_follower]: V5_0938 reached: ekf err 0.129 m, leg 13.4 m in 12.0 s, min sensed 4.858[0m
[0m[INFO] [1790356156.840506512] [sih_mission_follower]: V5_0939 reached: ekf err 0.115 m, leg 6.0 m in 7.5 s, min sensed 6.069[0m
[0m[INFO] [1790356176.591007530] [sih_mission_follower]: V5_0940 reached: ekf err 0.063 m, leg 7.5 m in 10.6 s, min sensed 6.206[0m
[0m[INFO] [1790356192.095237848] [sih_mission_follower]: V5_0941 reached: ekf err 0.091 m, leg 6.1 m in 8.3 s, min sensed 4.478[0m
[0m[INFO] [1790356208.091782752] [sih_mission_follower]: V5_0942 reached: ekf err 0.124 m, leg 7.9 m in 8.9 s, min sensed 3.889[0m
[0m[INFO] [1790356222.594620322] [sih_mission_follower]: V5_0943 reached: ekf err 0.103 m, leg 7.1 m in 8.1 s, min sensed 3.857[0m
[0m[INFO] [1790356244.447972703] [sih_mission_follower]: V5_0944 reached: ekf err 0.113 m, leg 13.3 m in 12.1 s, min sensed 4.168[0m
[0m[INFO] [1790356268.264646682] [sih_mission_follower]: V5_0945 reached: ekf err 0.108 m, leg 16.4 m in 12.4 s, min sensed 3.517[0m
[0m[INFO] [1790356282.300774637] [sih_mission_follower]: V5_0946 reached: ekf err 0.075 m, leg 4.9 m in 7.5 s, min sensed 4.493[0m
[0m[INFO] [1790356300.272364918] [sih_mission_follower]: V5_0947 reached: ekf err 0.084 m, leg 8.3 m in 9.7 s, min sensed 4.938[0m
[0m[INFO] [1790356313.123822006] [sih_mission_follower]: V5_0948 reached: ekf err 0.116 m, leg 3.9 m in 7.0 s, min sensed 4.364[0m
[0m[INFO] [1790356324.842497535] [sih_mission_follower]: V5_0949 reached: ekf err 0.082 m, leg 5.9 m in 6.7 s, min sensed 4.48[0m
[0m[INFO] [1790356340.946608129] [sih_mission_follower]: V5_0950 reached: ekf err 0.094 m, leg 6.3 m in 8.7 s, min sensed 6.476[0m
[0m[INFO] [1790356352.311625151] [sih_mission_follower]: V5_0951 reached: ekf err 0.116 m, leg 7.1 m in 6.2 s, min sensed 5.644[0m
[0m[INFO] [1790356371.685733173] [sih_mission_follower]: V5_0952 reached: ekf err 0.029 m, leg 9.4 m in 10.5 s, min sensed 5.644[0m
[0m[INFO] [1790356385.688022382] [sih_mission_follower]: V5_0953 reached: ekf err 0.118 m, leg 7.0 m in 7.6 s, min sensed 6.24[0m
[0m[INFO] [1790356401.744938206] [sih_mission_follower]: V5_0954 reached: ekf err 0.118 m, leg 8.0 m in 8.8 s, min sensed 6.857[0m
[0m[INFO] [1790356417.849243243] [sih_mission_follower]: V5_0955 reached: ekf err 0.120 m, leg 12.4 m in 8.8 s, min sensed 6.779[0m
[0m[INFO] [1790356432.523930994] [sih_mission_follower]: V5_0956 reached: ekf err 0.160 m, leg 8.1 m in 8.1 s, min sensed 7.26[0m
[0m[INFO] [1790356442.491325037] [sih_mission_follower]: V5_0957 reached: ekf err 0.044 m, leg 3.2 m in 5.3 s, min sensed 6.586[0m
[0m[INFO] [1790356462.289966551] [sih_mission_follower]: V5_0958 reached: ekf err 0.112 m, leg 11.2 m in 10.7 s, min sensed 5.139[0m
[0m[INFO] [1790356473.849392686] [sih_mission_follower]: V5_0959 reached: ekf err 0.133 m, leg 7.6 m in 6.3 s, min sensed 6.011[0m
[0m[INFO] [1790356491.584952710] [sih_mission_follower]: V5_0960 reached: ekf err 0.089 m, leg 9.1 m in 9.6 s, min sensed 4.448[0m
[0m[INFO] [1790356524.293238844] [sih_mission_follower]: V5_0961 reached: ekf err 0.137 m, leg 16.7 m in 17.8 s, min sensed 4.434[0m
[0m[INFO] [1790356542.807709178] [sih_mission_follower]: V5_0962 reached: ekf err 0.103 m, leg 14.9 m in 10.0 s, min sensed 4.457[0m
[0m[INFO] [1790356560.870664467] [sih_mission_follower]: V5_0963 reached: ekf err 0.122 m, leg 9.9 m in 9.8 s, min sensed 3.792[0m
[0m[INFO] [1790356577.304644898] [sih_mission_follower]: V5_0964 reached: ekf err 0.097 m, leg 7.3 m in 8.8 s, min sensed 4.556[0m
[0m[INFO] [1790356591.608052372] [sih_mission_follower]: V5_0965 reached: ekf err 0.076 m, leg 5.4 m in 8.0 s, min sensed 7.642[0m
[0m[INFO] [1790356612.567137397] [sih_mission_follower]: V5_0966 reached: ekf err 0.145 m, leg 13.4 m in 11.4 s, min sensed 6.305[0m
[0m[INFO] [1790356639.981924466] [sih_mission_follower]: V5_0967 reached: ekf err 0.085 m, leg 21.7 m in 14.3 s, min sensed 3.866[0m
[0m[INFO] [1790356647.033699595] [sih_mission_follower]: V5_0968 reached: ekf err 0.111 m, leg 1.9 m in 3.8 s, min sensed 6.251[0m
[0m[INFO] [1790356667.622361439] [sih_mission_follower]: V5_0969 reached: ekf err 0.103 m, leg 11.3 m in 10.9 s, min sensed 5.509[0m
[0m[INFO] [1790356692.627663312] [sih_mission_follower]: V5_0970 reached: ekf err 0.117 m, leg 15.4 m in 13.7 s, min sensed 4.752[0m
[0m[INFO] [1790356726.025683864] [sih_mission_follower]: V5_0971 reached: ekf err 0.099 m, leg 23.4 m in 18.5 s, min sensed 7.67[0m
[0m[INFO] [1790356734.536198502] [sih_mission_follower]: V5_0972 reached: ekf err 0.049 m, leg 4.1 m in 4.7 s, min sensed 7.757[0m
[0m[INFO] [1790356746.902852314] [sih_mission_follower]: V5_0973 reached: ekf err 0.097 m, leg 5.5 m in 6.5 s, min sensed 7.742[0m
[0m[INFO] [1790356765.755014736] [sih_mission_follower]: V5_0974 reached: ekf err 0.101 m, leg 14.1 m in 9.7 s, min sensed 6.584[0m
[0m[INFO] [1790356784.978039464] [sih_mission_follower]: V5_0975 reached: ekf err 0.115 m, leg 8.7 m in 9.8 s, min sensed 4.456[0m
[0m[INFO] [1790356798.304064226] [sih_mission_follower]: V5_0976 reached: ekf err 0.103 m, leg 7.7 m in 6.5 s, min sensed 4.413[0m
[0m[INFO] [1790356807.937061270] [sih_mission_follower]: V5_0977 reached: ekf err 0.147 m, leg 2.7 m in 5.2 s, min sensed 6.452[0m
[0m[INFO] [1790356820.486485132] [sih_mission_follower]: V5_0978 reached: ekf err 0.112 m, leg 8.6 m in 6.8 s, min sensed 6.346[0m
[0m[INFO] [1790356830.651256403] [sih_mission_follower]: V5_0979 reached: ekf err 0.067 m, leg 5.8 m in 5.5 s, min sensed 6.607[0m
[0m[INFO] [1790356848.454135778] [sih_mission_follower]: V5_0980 reached: ekf err 0.078 m, leg 7.4 m in 9.7 s, min sensed 7.665[0m
[0m[INFO] [1790356859.736511862] [sih_mission_follower]: V5_0981 reached: ekf err 0.083 m, leg 3.2 m in 6.2 s, min sensed 7.258[0m
[0m[INFO] [1790356873.342743452] [sih_mission_follower]: V5_0982 reached: ekf err 0.097 m, leg 5.5 m in 7.4 s, min sensed 4.652[0m
[0m[INFO] [1790356885.604538191] [sih_mission_follower]: V5_0983 reached: ekf err 0.122 m, leg 8.4 m in 6.7 s, min sensed 3.273[0m
[0m[INFO] [1790356909.328763057] [sih_mission_follower]: V5_0984 reached: ekf err 0.108 m, leg 16.4 m in 12.3 s, min sensed 3.578[0m
[0m[INFO] [1790356926.924281727] [sih_mission_follower]: V5_0985 reached: ekf err 0.090 m, leg 10.4 m in 9.3 s, min sensed 3.849[0m
[0m[INFO] [1790356940.317337818] [sih_mission_follower]: V5_0986 reached: ekf err 0.101 m, leg 6.0 m in 7.5 s, min sensed 5.727[0m
[0m[INFO] [1790356966.050019145] [sih_mission_follower]: V5_0987 reached: ekf err 0.122 m, leg 12.6 m in 13.9 s, min sensed 6.204[0m
[0m[INFO] [1790356993.005898674] [sih_mission_follower]: V5_0988 reached: ekf err 0.117 m, leg 17.4 m in 14.1 s, min sensed 5.293[0m
[0m[INFO] [1790357004.139293274] [sih_mission_follower]: V5_0989 reached: ekf err 0.078 m, leg 3.1 m in 6.0 s, min sensed 6.837[0m
[0m[INFO] [1790357021.918407373] [sih_mission_follower]: V5_0990 reached: ekf err 0.079 m, leg 8.3 m in 9.8 s, min sensed 6.578[0m
[0m[INFO] [1790357039.756501639] [sih_mission_follower]: V5_0991 reached: ekf err 0.129 m, leg 9.9 m in 9.7 s, min sensed 5.157[0m
[0m[INFO] [1790357064.491649661] [sih_mission_follower]: V5_0992 reached: ekf err 0.130 m, leg 12.9 m in 13.3 s, min sensed 7.525[0m
[0m[INFO] [1790357079.259686268] [sih_mission_follower]: V5_0993 reached: ekf err 0.048 m, leg 10.6 m in 7.9 s, min sensed 7.183[0m
[0m[INFO] [1790357094.485175008] [sih_mission_follower]: V5_0994 reached: ekf err 0.077 m, leg 5.8 m in 8.4 s, min sensed 6.901[0m
[0m[INFO] [1790357108.320783989] [sih_mission_follower]: V5_0995 reached: ekf err 0.066 m, leg 5.0 m in 7.5 s, min sensed 6.297[0m
[0m[INFO] [1790357124.237003896] [sih_mission_follower]: V5_0996 reached: ekf err 0.136 m, leg 12.2 m in 8.7 s, min sensed 8.336[0m
[0m[INFO] [1790357145.559915076] [sih_mission_follower]: V5_0997 reached: ekf err 0.138 m, leg 17.7 m in 11.3 s, min sensed 4.052[0m
[0m[INFO] [1790357167.903255330] [sih_mission_follower]: V5_0998 reached: ekf err 0.071 m, leg 9.1 m in 11.9 s, min sensed 4.147[0m
[0m[INFO] [1790357185.800163147] [sih_mission_follower]: V5_0999 reached: ekf err 0.095 m, leg 10.5 m in 9.3 s, min sensed 3.839[0m
[0m[INFO] [1790357196.700257947] [sih_mission_follower]: V5_1000 reached: ekf err 0.038 m, leg 3.1 m in 6.0 s, min sensed 5.687[0m
[0m[INFO] [1790357213.872209671] [sih_mission_follower]: V5_1001 reached: ekf err 0.131 m, leg 9.0 m in 9.4 s, min sensed 6.453[0m
[0m[INFO] [1790357238.674488277] [sih_mission_follower]: V5_1002 reached: ekf err 0.082 m, leg 13.6 m in 12.9 s, min sensed 7.253[0m
[0m[INFO] [1790357297.718041548] [sih_mission_follower]: V5_1003 reached: ekf err 0.051 m, leg 27.7 m in 30.0 s, min sensed 3.619[0m
[0m[INFO] [1790357322.399275937] [sih_mission_follower]: V5_1004 reached: ekf err 0.127 m, leg 13.9 m in 12.9 s, min sensed 4.68[0m
[0m[INFO] [1790357341.877533509] [sih_mission_follower]: V5_1005 reached: ekf err 0.106 m, leg 8.6 m in 10.6 s, min sensed 4.586[0m
[0m[INFO] [1790357355.337090549] [sih_mission_follower]: V5_1006 reached: ekf err 0.033 m, leg 9.3 m in 7.0 s, min sensed 3.41[0m
[0m[INFO] [1790357372.069302482] [sih_mission_follower]: V5_1007 reached: ekf err 0.105 m, leg 7.4 m in 8.9 s, min sensed 4.585[0m
[0m[INFO] [1790357389.540366507] [sih_mission_follower]: V5_1008 reached: ekf err 0.099 m, leg 10.0 m in 9.4 s, min sensed 6.781[0m
[0m[INFO] [1790357405.888414056] [sih_mission_follower]: V5_1009 reached: ekf err 0.158 m, leg 12.4 m in 8.8 s, min sensed 6.887[0m
[0m[INFO] [1790357426.375810044] [sih_mission_follower]: V5_1010 reached: ekf err 0.136 m, leg 12.7 m in 11.1 s, min sensed 7.488[0m
[0m[INFO] [1790357443.689031881] [sih_mission_follower]: V5_1011 reached: ekf err 0.125 m, leg 9.5 m in 9.4 s, min sensed 7.046[0m
[0m[INFO] [1790357458.593001361] [sih_mission_follower]: V5_1012 reached: ekf err 0.058 m, leg 5.9 m in 8.2 s, min sensed 6.264[0m
[0m[INFO] [1790357471.808593333] [sih_mission_follower]: V5_1013 reached: ekf err 0.096 m, leg 5.1 m in 7.3 s, min sensed 6.482[0m
[0m[INFO] [1790357490.814081520] [sih_mission_follower]: V5_1014 reached: ekf err 0.114 m, leg 15.5 m in 10.3 s, min sensed 3.887[0m
[0m[INFO] [1790357499.331076068] [sih_mission_follower]: V5_1015 reached: ekf err 0.084 m, leg 2.2 m in 4.3 s, min sensed 3.963[0m
[0m[INFO] [1790357520.287838715] [sih_mission_follower]: V5_1016 reached: ekf err 0.023 m, leg 9.3 m in 11.2 s, min sensed 4.556[0m
[0m[INFO] [1790357538.484616471] [sih_mission_follower]: V5_1017 reached: ekf err 0.141 m, leg 8.5 m in 9.2 s, min sensed 4.619[0m
[0m[INFO] [1790357560.055573624] [sih_mission_follower]: V5_1018 reached: ekf err 0.128 m, leg 12.0 m in 11.5 s, min sensed 4.419[0m
[0m[INFO] [1790357571.767287825] [sih_mission_follower]: V5_1019 reached: ekf err 0.086 m, leg 4.5 m in 6.5 s, min sensed 4.345[0m
[0m[INFO] [1790357584.405720196] [sih_mission_follower]: V5_1020 reached: ekf err 0.091 m, leg 4.8 m in 6.8 s, min sensed 5.735[0m
[0m[INFO] [1790357604.347407874] [sih_mission_follower]: V5_1021 reached: ekf err 0.083 m, leg 11.0 m in 10.8 s, min sensed 7.243[0m
[0m[INFO] [1790357623.053105454] [sih_mission_follower]: V5_1022 reached: ekf err 0.073 m, leg 10.3 m in 9.9 s, min sensed 4.964[0m
[0m[INFO] [1790357636.080692229] [sih_mission_follower]: V5_1023 reached: ekf err 0.048 m, leg 4.4 m in 6.6 s, min sensed 4.613[0m
[0m[INFO] [1790357650.784426323] [sih_mission_follower]: V5_1024 reached: ekf err 0.093 m, leg 6.4 m in 7.8 s, min sensed 3.706[0m
[0m[INFO] [1790357666.872848187] [sih_mission_follower]: V5_1025 reached: ekf err 0.106 m, leg 9.8 m in 8.5 s, min sensed 3.619[0m
[0m[INFO] [1790357697.175080673] [sih_mission_follower]: V5_1026 reached: ekf err 0.114 m, leg 14.2 m in 16.2 s, min sensed 3.899[0m
[0m[INFO] [1790357709.777120832] [sih_mission_follower]: V5_1027 reached: ekf err 0.050 m, leg 3.5 m in 6.5 s, min sensed 5.604[0m
[0m[INFO] [1790357727.958982406] [sih_mission_follower]: V5_1028 reached: ekf err 0.106 m, leg 8.4 m in 9.2 s, min sensed 5.273[0m
[0m[INFO] [1790357740.877296352] [sih_mission_follower]: V5_1029 reached: ekf err 0.059 m, leg 3.5 m in 6.3 s, min sensed 4.198[0m
[0m[INFO] [1790357759.016597655] [sih_mission_follower]: V5_1030 reached: ekf err 0.093 m, leg 10.6 m in 9.5 s, min sensed 4.12[0m
[0m[INFO] [1790357771.362295153] [sih_mission_follower]: V5_1031 reached: ekf err 0.082 m, leg 4.4 m in 6.7 s, min sensed 4.335[0m
[0m[INFO] [1790357780.561709489] [sih_mission_follower]: V5_1032 reached: ekf err 0.131 m, leg 4.8 m in 4.8 s, min sensed 5.727[0m
[0m[INFO] [1790357795.629234996] [sih_mission_follower]: V5_1033 reached: ekf err 0.115 m, leg 10.1 m in 7.5 s, min sensed 3.478[0m
[0m[INFO] [1790357816.890995564] [sih_mission_follower]: V5_1034 reached: ekf err 0.100 m, leg 9.0 m in 11.2 s, min sensed 3.489[0m
[0m[INFO] [1790357829.487381818] [sih_mission_follower]: V5_1035 reached: ekf err 0.160 m, leg 8.4 m in 6.8 s, min sensed 7.728[0m
[0m[INFO] [1790357841.464955129] [sih_mission_follower]: V5_1036 reached: ekf err 0.102 m, leg 8.1 m in 6.6 s, min sensed 7.721[0m
[0m[INFO] [1790357866.831053918] [sih_mission_follower]: V5_1037 reached: ekf err 0.068 m, leg 14.0 m in 13.2 s, min sensed 7.557[0m
[0m[INFO] [1790357890.018227109] [sih_mission_follower]: V5_1038 reached: ekf err 0.024 m, leg 18.3 m in 12.1 s, min sensed 6.711[0m
[0m[INFO] [1790357907.215184329] [sih_mission_follower]: V5_1039 reached: ekf err 0.063 m, leg 6.5 m in 8.9 s, min sensed 7.193[0m
[0m[INFO] [1790357923.568671602] [sih_mission_follower]: V5_1040 reached: ekf err 0.123 m, leg 12.2 m in 8.7 s, min sensed 7.475[0m
[0m[INFO] [1790357938.233462381] [sih_mission_follower]: V5_1041 reached: ekf err 0.128 m, leg 10.4 m in 7.8 s, min sensed 7.059[0m
[0m[INFO] [1790357945.606295932] [sih_mission_follower]: V5_1042 reached: ekf err 0.062 m, leg 2.9 m in 4.0 s, min sensed 6.844[0m
[0m[INFO] [1790357958.035460808] [sih_mission_follower]: V5_1043 reached: ekf err 0.138 m, leg 8.2 m in 6.7 s, min sensed 7.721[0m
[0m[INFO] [1790357970.110758504] [sih_mission_follower]: V5_1044 reached: ekf err 0.082 m, leg 8.1 m in 6.7 s, min sensed 7.731[0m
[0m[INFO] [1790357986.747615501] [sih_mission_follower]: V5_1045 reached: ekf err 0.093 m, leg 7.3 m in 8.8 s, min sensed 5.74[0m
[0m[INFO] [1790358013.129212443] [sih_mission_follower]: V5_1046 reached: ekf err 0.118 m, leg 17.6 m in 14.2 s, min sensed 3.741[0m
[0m[INFO] [1790358023.742563007] [sih_mission_follower]: V5_1047 reached: ekf err 0.112 m, leg 6.3 m in 5.7 s, min sensed 6.079[0m
[0m[INFO] [1790358040.228853087] [sih_mission_follower]: V5_1048 reached: ekf err 0.105 m, leg 12.8 m in 8.9 s, min sensed 6.418[0m
[0m[INFO] [1790358047.871329940] [sih_mission_follower]: V5_1049 reached: ekf err 0.096 m, leg 3.0 m in 4.1 s, min sensed 6.513[0m
[0m[INFO] [1790358064.724203319] [sih_mission_follower]: V5_1050 reached: ekf err 0.132 m, leg 12.9 m in 9.1 s, min sensed 6.338[0m
[0m[INFO] [1790358073.795302406] [sih_mission_follower]: V5_1051 reached: ekf err 0.121 m, leg 4.4 m in 4.8 s, min sensed 6.202[0m
[0m[INFO] [1790358094.991160162] [sih_mission_follower]: V5_1052 reached: ekf err 0.150 m, leg 12.3 m in 11.1 s, min sensed 6.986[0m
[0m[INFO] [1790358122.004822846] [sih_mission_follower]: V5_1053 reached: ekf err 0.053 m, leg 12.0 m in 14.4 s, min sensed 3.906[0m
[0m[INFO] [1790358141.639575831] [sih_mission_follower]: V5_1054 reached: ekf err 0.146 m, leg 11.0 m in 10.5 s, min sensed 3.903[0m
[0m[INFO] [1790358152.762803436] [sih_mission_follower]: V5_1055 reached: ekf err 0.121 m, leg 7.0 m in 6.1 s, min sensed 6.368[0m
[0m[INFO] [1790358164.741842254] [sih_mission_follower]: V5_1056 reached: ekf err 0.111 m, leg 8.2 m in 6.7 s, min sensed 5.978[0m
[0m[INFO] [1790358191.708795347] [sih_mission_follower]: V5_1057 reached: ekf err 0.124 m, leg 16.0 m in 14.2 s, min sensed 6.517[0m
[0m[INFO] [1790358272.375453024] [sih_mission_follower]: V5_1058 reached: ekf err 0.079 m, leg 78.2 m in 43.3 s, min sensed 4.672[0m
[0m[INFO] [1790358282.893339990] [sih_mission_follower]: V5_1059 reached: ekf err 0.092 m, leg 2.5 m in 5.7 s, min sensed 4.613[0m
[0m[INFO] [1790358298.253063127] [sih_mission_follower]: V5_1060 reached: ekf err 0.086 m, leg 7.8 m in 8.3 s, min sensed 6.516[0m
[0m[INFO] [1790358319.712287942] [sih_mission_follower]: V5_1061 reached: ekf err 0.133 m, leg 12.5 m in 11.5 s, min sensed 5.468[0m
[0m[INFO] [1790358343.148172157] [sih_mission_follower]: V5_1062 reached: ekf err 0.080 m, leg 12.4 m in 12.6 s, min sensed 4.655[0m
[0m[INFO] [1790358356.953880972] [sih_mission_follower]: V5_1063 reached: ekf err 0.036 m, leg 9.4 m in 7.1 s, min sensed 3.347[0m
[0m[INFO] [1790358372.855692569] [sih_mission_follower]: V5_1064 reached: ekf err 0.095 m, leg 6.6 m in 8.3 s, min sensed 4.604[0m
[0m[INFO] [1790358397.807658468] [sih_mission_follower]: V5_1065 reached: ekf err 0.123 m, leg 12.2 m in 12.8 s, min sensed 4.71[0m
[0m[INFO] [1790358422.814101920] [sih_mission_follower]: V5_1066 reached: ekf err 0.109 m, leg 16.4 m in 13.3 s, min sensed 3.769[0m
[0m[INFO] [1790358439.359217878] [sih_mission_follower]: V5_1067 reached: ekf err 0.114 m, leg 7.4 m in 8.8 s, min sensed 6.347[0m
[0m[INFO] [1790358466.045174657] [sih_mission_follower]: V5_1068 reached: ekf err 0.125 m, leg 18.1 m in 14.6 s, min sensed 7.784[0m
[0m[INFO] [1790358481.468913957] [sih_mission_follower]: V5_1069 reached: ekf err 0.139 m, leg 7.3 m in 8.4 s, min sensed 6.126[0m
[0m[INFO] [1790358493.875873565] [sih_mission_follower]: V5_1070 reached: ekf err 0.119 m, leg 7.9 m in 6.6 s, min sensed 6.03[0m
[0m[INFO] [1790358504.092089023] [sih_mission_follower]: V5_1071 reached: ekf err 0.057 m, leg 3.2 m in 5.4 s, min sensed 7.195[0m
[0m[INFO] [1790358520.701242415] [sih_mission_follower]: V5_1072 reached: ekf err 0.102 m, leg 12.7 m in 8.9 s, min sensed 7.701[0m
[0m[INFO] [1790358536.657683239] [sih_mission_follower]: V5_1073 reached: ekf err 0.094 m, leg 6.7 m in 8.7 s, min sensed 6.914[0m
[0m[INFO] [1790358555.934110708] [sih_mission_follower]: V5_1074 reached: ekf err 0.113 m, leg 10.9 m in 10.2 s, min sensed 5.726[0m
[0m[INFO] [1790358574.211600225] [sih_mission_follower]: V5_1075 reached: ekf err 0.103 m, leg 9.9 m in 9.9 s, min sensed 4.171[0m
[0m[INFO] [1790358601.670371670] [sih_mission_follower]: V5_1076 reached: ekf err 0.109 m, leg 16.9 m in 15.0 s, min sensed 4.174[0m
[0m[INFO] [1790358609.712167512] [sih_mission_follower]: V5_1077 reached: ekf err 0.066 m, leg 2.1 m in 4.3 s, min sensed 6.67[0m
[0m[INFO] [1790358625.517002508] [sih_mission_follower]: V5_1078 reached: ekf err 0.134 m, leg 7.8 m in 8.9 s, min sensed 6.884[0m
[0m[INFO] [1790358640.084089610] [sih_mission_follower]: V5_1079 reached: ekf err 0.084 m, leg 5.5 m in 8.0 s, min sensed 6.272[0m
[0m[INFO] [1790358656.849825551] [sih_mission_follower]: V5_1080 reached: ekf err 0.135 m, leg 12.9 m in 9.1 s, min sensed 6.379[0m
[0m[INFO] [1790358677.071052899] [sih_mission_follower]: V5_1081 reached: ekf err 0.138 m, leg 10.9 m in 10.6 s, min sensed 4.339[0m
[0m[INFO] [1790358708.350612680] [sih_mission_follower]: V5_1082 reached: ekf err 0.024 m, leg 28.0 m in 17.1 s, min sensed 6.499[0m
[0m[INFO] [1790358719.212771835] [sih_mission_follower]: V5_1083 reached: ekf err 0.114 m, leg 5.8 m in 5.7 s, min sensed 5.165[0m
[0m[INFO] [1790358738.215789561] [sih_mission_follower]: V5_1084 reached: ekf err 0.072 m, leg 7.9 m in 10.2 s, min sensed 4.619[0m
[0m[INFO] [1790358751.577557177] [sih_mission_follower]: V5_1085 reached: ekf err 0.117 m, leg 8.6 m in 7.0 s, min sensed 3.047[0m
[0m[INFO] [1790358770.477853205] [sih_mission_follower]: V5_1086 reached: ekf err 0.055 m, leg 7.1 m in 9.6 s, min sensed 4.629[0m
[0m[INFO] [1790358782.771870021] [sih_mission_follower]: V5_1087 reached: ekf err 0.080 m, leg 4.6 m in 6.8 s, min sensed 4.598[0m
[0m[INFO] [1790358795.255342959] [sih_mission_follower]: V5_1088 reached: ekf err 0.131 m, leg 5.2 m in 6.7 s, min sensed 4.959[0m
[0m[INFO] [1790358805.455544167] [sih_mission_follower]: V5_1089 reached: ekf err 0.046 m, leg 2.4 m in 5.6 s, min sensed 4.191[0m
[0m[INFO] [1790358821.659557646] [sih_mission_follower]: V5_1090 reached: ekf err 0.066 m, leg 6.1 m in 8.9 s, min sensed 4.286[0m
[0m[INFO] [1790358835.142742289] [sih_mission_follower]: V5_1091 reached: ekf err 0.092 m, leg 4.3 m in 7.3 s, min sensed 3.964[0m
[0m[INFO] [1790358843.259617380] [sih_mission_follower]: V5_1092 reached: ekf err 0.079 m, leg 2.1 m in 4.1 s, min sensed 3.963[0m
[0m[INFO] [1790358852.546261680] [sih_mission_follower]: V5_1093 reached: ekf err 0.075 m, leg 3.6 m in 5.2 s, min sensed 3.731[0m
[0m[INFO] [1790358868.953815559] [sih_mission_follower]: V5_1094 reached: ekf err 0.031 m, leg 5.5 m in 8.9 s, min sensed 3.586[0m
[0m[INFO] [1790358882.524696769] [sih_mission_follower]: V5_1095 reached: ekf err 0.159 m, leg 5.8 m in 6.8 s, min sensed 3.741[0m
[0m[INFO] [1790358903.609346118] [sih_mission_follower]: V5_1096 reached: ekf err 0.196 m, leg 10.9 m in 11.4 s, min sensed 4.163[0m
[0m[INFO] [1790358914.724220472] [sih_mission_follower]: V5_1097 reached: ekf err 0.087 m, leg 2.8 m in 6.0 s, min sensed 4.975[0m
[0m[INFO] [1790358925.354998055] [sih_mission_follower]: V5_1098 reached: ekf err 0.056 m, leg 2.3 m in 5.6 s, min sensed 4.202[0m
[0m[INFO] [1790358936.607929294] [sih_mission_follower]: V5_1099 reached: ekf err 0.144 m, leg 7.5 m in 6.2 s, min sensed 4.162[0m
[0m[INFO] [1790358949.213071175] [sih_mission_follower]: V5_1100 reached: ekf err 0.104 m, leg 5.0 m in 6.5 s, min sensed 5.316[0m
[0m[INFO] [1790358970.776051099] [sih_mission_follower]: V5_1101 reached: ekf err 0.108 m, leg 10.1 m in 11.4 s, min sensed 5.377[0m
[0m[INFO] [1790358984.878638263] [sih_mission_follower]: V5_1102 reached: ekf err 0.060 m, leg 5.6 m in 7.6 s, min sensed 4.626[0m
[0m[INFO] [1790359002.199024588] [sih_mission_follower]: V5_1103 reached: ekf err 0.106 m, leg 9.1 m in 9.1 s, min sensed 4.054[0m
[0m[INFO] [1790359018.670396305] [sih_mission_follower]: V5_1104 reached: ekf err 0.118 m, leg 8.2 m in 9.1 s, min sensed 5.679[0m
[0m[INFO] [1790359032.796692562] [sih_mission_follower]: V5_1105 reached: ekf err 0.103 m, leg 6.2 m in 7.6 s, min sensed 6.496[0m
[0m[INFO] [1790359049.216554310] [sih_mission_follower]: V5_1106 reached: ekf err 0.102 m, leg 7.8 m in 8.8 s, min sensed 6.495[0m
[0m[INFO] [1790359069.740125499] [sih_mission_follower]: V5_1107 reached: ekf err 0.124 m, leg 13.7 m in 11.1 s, min sensed 4.31[0m
[0m[INFO] [1790359085.509316180] [sih_mission_follower]: V5_1108 reached: ekf err 0.046 m, leg 5.3 m in 8.4 s, min sensed 4.471[0m
[0m[INFO] [1790359102.270243170] [sih_mission_follower]: V5_1109 reached: ekf err 0.127 m, leg 7.6 m in 9.2 s, min sensed 6.917[0m
[0m[INFO] [1790359130.461778309] [sih_mission_follower]: V5_1110 reached: ekf err 0.097 m, leg 14.6 m in 15.3 s, min sensed 6.435[0m
[0m[INFO] [1790359147.163769909] [sih_mission_follower]: V5_1111 reached: ekf err 0.150 m, leg 10.1 m in 9.0 s, min sensed 6.403[0m
[0m[INFO] [1790359168.849308517] [sih_mission_follower]: V5_1112 reached: ekf err 0.094 m, leg 18.2 m in 11.7 s, min sensed 6.003[0m
[0m[INFO] [1790359192.671264260] [sih_mission_follower]: V5_1113 reached: ekf err 0.127 m, leg 15.9 m in 13.1 s, min sensed 4.4[0m
[0m[INFO] [1790359213.860104280] [sih_mission_follower]: V5_1114 reached: ekf err 0.103 m, leg 9.7 m in 11.7 s, min sensed 4.413[0m
[0m[INFO] [1790359234.489737482] [sih_mission_follower]: V5_1115 reached: ekf err 0.095 m, leg 9.9 m in 11.3 s, min sensed 4.6[0m
[0m[INFO] [1790359247.234366942] [sih_mission_follower]: V5_1116 reached: ekf err 0.091 m, leg 8.5 m in 6.8 s, min sensed 3.199[0m
[0m[INFO] [1790359264.010900634] [sih_mission_follower]: V5_1117 reached: ekf err 0.107 m, leg 10.6 m in 8.8 s, min sensed 3.734[0m
[0m[INFO] [1790359273.613548695] [sih_mission_follower]: V5_1118 reached: ekf err 0.122 m, leg 5.1 m in 5.1 s, min sensed 4.53[0m
[0m[INFO] [1790359288.591644009] [sih_mission_follower]: V5_1119 reached: ekf err 0.088 m, leg 7.4 m in 8.3 s, min sensed 4.528[0m
[0m[INFO] [1790359312.159392595] [sih_mission_follower]: V5_1120 reached: ekf err 0.080 m, leg 13.5 m in 12.7 s, min sensed 7.154[0m
[0m[INFO] [1790359349.916243869] [sih_mission_follower]: V5_1121 reached: ekf err 0.130 m, leg 22.2 m in 20.1 s, min sensed 5.681[0m
[0m[INFO] [1790359367.880716187] [sih_mission_follower]: V5_1122 reached: ekf err 0.104 m, leg 9.6 m in 9.6 s, min sensed 5.697[0m
[0m[INFO] [1790359382.367525951] [sih_mission_follower]: V5_1123 reached: ekf err 0.147 m, leg 5.9 m in 7.5 s, min sensed 6.625[0m
[0m[INFO] [1790359392.972404278] [sih_mission_follower]: V5_1124 reached: ekf err 0.114 m, leg 6.6 m in 5.8 s, min sensed 6.61[0m
[0m[INFO] [1790359411.126348147] [sih_mission_follower]: V5_1125 reached: ekf err 0.117 m, leg 9.6 m in 9.9 s, min sensed 4.922[0m
[0m[INFO] [1790359430.742210669] [sih_mission_follower]: V5_1126 reached: ekf err 0.142 m, leg 10.9 m in 10.6 s, min sensed 6.538[0m
[0m[INFO] [1790359449.856631105] [sih_mission_follower]: V5_1127 reached: ekf err 0.168 m, leg 10.7 m in 10.2 s, min sensed 7.075[0m
[0m[INFO] [1790359464.199853622] [sih_mission_follower]: V5_1128 reached: ekf err 0.046 m, leg 5.4 m in 7.8 s, min sensed 4.435[0m
[0m[INFO] [1790359477.693689997] [sih_mission_follower]: V5_1129 reached: ekf err 0.102 m, leg 7.2 m in 7.4 s, min sensed 4.472[0m
[0m[INFO] [1790359493.266607801] [sih_mission_follower]: V5_1130 reached: ekf err 0.102 m, leg 7.0 m in 8.6 s, min sensed 6.306[0m
[0m[INFO] [1790359516.386266283] [sih_mission_follower]: V5_1131 reached: ekf err 0.138 m, leg 15.6 m in 12.6 s, min sensed 6.718[0m
[0m[INFO] [1790359541.533456669] [sih_mission_follower]: V5_1132 reached: ekf err 0.138 m, leg 13.9 m in 13.8 s, min sensed 7.514[0m
[0m[INFO] [1790359562.085742604] [sih_mission_follower]: V5_1133 reached: ekf err 0.128 m, leg 10.0 m in 11.2 s, min sensed 4.538[0m
[0m[INFO] [1790359574.641558879] [sih_mission_follower]: V5_1134 reached: ekf err 0.099 m, leg 8.4 m in 6.8 s, min sensed 3.186[0m
[0m[INFO] [1790359590.897638640] [sih_mission_follower]: V5_1135 reached: ekf err 0.096 m, leg 10.5 m in 8.7 s, min sensed 3.738[0m
[0m[INFO] [1790359600.387782493] [sih_mission_follower]: V5_1136 reached: ekf err 0.151 m, leg 5.1 m in 5.1 s, min sensed 4.536[0m
[0m[INFO] [1790359615.628422647] [sih_mission_follower]: V5_1137 reached: ekf err 0.074 m, leg 7.5 m in 8.3 s, min sensed 4.536[0m
[0m[INFO] [1790359638.544917403] [sih_mission_follower]: V5_1138 reached: ekf err 0.071 m, leg 13.4 m in 12.6 s, min sensed 7.2[0m
[0m[INFO] [1790359658.767964573] [sih_mission_follower]: V5_1139 reached: ekf err 0.151 m, leg 12.4 m in 11.1 s, min sensed 6.586[0m
[0m[INFO] [1790359672.418125906] [sih_mission_follower]: V5_1140 reached: ekf err 0.065 m, leg 5.3 m in 7.3 s, min sensed 6.573[0m
[0m[INFO] [1790359683.615704480] [sih_mission_follower]: V5_1141 reached: ekf err 0.107 m, leg 6.7 m in 5.9 s, min sensed 6.614[0m
[0m[INFO] [1790359697.203554889] [sih_mission_follower]: V5_1142 reached: ekf err 0.102 m, leg 5.8 m in 7.2 s, min sensed 6.644[0m
[0m[INFO] [1790359714.366191230] [sih_mission_follower]: V5_1143 reached: ekf err 0.148 m, leg 10.2 m in 9.2 s, min sensed 5.158[0m
[0m[INFO] [1790359732.111989114] [sih_mission_follower]: V5_1144 reached: ekf err 0.122 m, leg 13.6 m in 9.3 s, min sensed 5.676[0m
[0m[INFO] [1790359746.156174893] [sih_mission_follower]: V5_1145 reached: ekf err 0.069 m, leg 5.0 m in 7.8 s, min sensed 6.532[0m
[0m[INFO] [1790359763.120058236] [sih_mission_follower]: V5_1146 reached: ekf err 0.136 m, leg 13.2 m in 9.2 s, min sensed 6.598[0m
[0m[INFO] [1790359780.026758206] [sih_mission_follower]: V5_1147 reached: ekf err 0.131 m, leg 8.8 m in 9.2 s, min sensed 6.258[0m
[0m[INFO] [1790359793.401582367] [sih_mission_follower]: V5_1148 reached: ekf err 0.172 m, leg 9.6 m in 7.3 s, min sensed 8.187[0m
[0m[INFO] [1790359813.538360698] [sih_mission_follower]: V5_1149 reached: ekf err 0.096 m, leg 9.4 m in 11.0 s, min sensed 7.602[0m
[0m[INFO] [1790359823.037893644] [sih_mission_follower]: V5_1150 reached: ekf err 0.107 m, leg 4.5 m in 4.8 s, min sensed 5.522[0m
[0m[INFO] [1790359838.358704537] [sih_mission_follower]: V5_1151 reached: ekf err 0.066 m, leg 6.4 m in 8.2 s, min sensed 4.394[0m
[0m[INFO] [1790359851.188801212] [sih_mission_follower]: V5_1152 reached: ekf err 0.127 m, leg 8.6 m in 6.9 s, min sensed 3.079[0m
[0m[INFO] [1790359865.199427395] [sih_mission_follower]: V5_1153 reached: ekf err 0.065 m, leg 9.4 m in 7.5 s, min sensed 3.585[0m
[0m[INFO] [1790359885.333393132] [sih_mission_follower]: V5_1154 reached: ekf err 0.122 m, leg 10.4 m in 10.4 s, min sensed 4.599[0m
[0m[INFO] [1790359905.200280970] [sih_mission_follower]: V5_1155 reached: ekf err 0.088 m, leg 9.2 m in 10.0 s, min sensed 3.987[0m
[0m[INFO] [1790359923.132924946] [sih_mission_follower]: V5_1156 reached: ekf err 0.102 m, leg 8.4 m in 9.6 s, min sensed 3.956[0m
[0m[INFO] [1790359932.217846227] [sih_mission_follower]: V5_1157 reached: ekf err 0.096 m, leg 5.0 m in 5.0 s, min sensed 4.53[0m
[0m[INFO] [1790359942.373023467] [sih_mission_follower]: V5_1158 reached: ekf err 0.077 m, leg 3.0 m in 5.6 s, min sensed 4.978[0m
[0m[INFO] [1790359964.335112502] [sih_mission_follower]: V5_1159 reached: ekf err 0.064 m, leg 8.3 m in 11.1 s, min sensed 4.942[0m
[0m[INFO] [1790359973.539302828] [sih_mission_follower]: V5_1160 reached: ekf err 0.060 m, leg 4.3 m in 4.8 s, min sensed 5.695[0m
[0m[INFO] [1790359995.635630409] [sih_mission_follower]: V5_1161 reached: ekf err 0.134 m, leg 14.3 m in 12.2 s, min sensed 5.693[0m
[0m[INFO] [1790360040.882313052] [sih_mission_follower]: V5_1162 reached: ekf err 0.065 m, leg 24.0 m in 24.3 s, min sensed 3.707[0m
[0m[INFO] [1790360040.914282157] [sih_mission_follower]: phase MISSION -> RTH[0m
[0m[INFO] [1790360118.934766058] [sih_mission_follower]: RTH reached at [20.04, -30.05, 5.0][0m
[0m[INFO] [1790360118.935423373] [sih_mission_follower]: phase RTH -> LAND[0m
[0m[INFO] [1790360144.337607199] [sih_mission_follower]: landed=True, disarmed[0m
[0m[INFO] [1790360144.404806216] [sih_mission_follower]: SUMMARY {'waypoints_in_plan': 1162, 'attempted': 1161, 'reached': 1161, 'results': {'not_attempted_unreachable_in_plan': 1, 'reached': 1161}, 'ekf_err_m': {'mean': 0.0992, 'max': 0.2266, 'p95': 0.1502}, 'mission_time_sim_s': 9374.9, 'mission_time_wall_s': 22445.0, 'distance_ekf_m': 9162.4}[0m
[0m[INFO] [1790360145.048294821] [sih_mission_follower]: phase LAND -> DONE[0m
